Sample	0	1	2	3	4	5	6	7	8	9	10	11	12	13	14	15	16	17	18	19	20	21	22	23	24	25	26	27	28	29	30	31	32	33	34	35	36	37	38	39	40	41	42	43	44	45	46	47	48	49	50	51	52	53	54	55	56	57
SRR29920099_1	(1, 33.03870770068768)	(2, 33.44185333968816)	(3, 33.0829475045959)	(4, 33.58665826921767)	(5, 33.452287737454895)	(6, 36.797167563151085)	(7, 36.866259276911556)	(8, 36.84438619187036)	(9, 36.88608973922516)	(10, 37.157060665895)	(15, 37.379042690815005)	(20, 38.10779601007694)	(25, 37.54414107714305)	(30, 38.165251583032614)	(35, 37.68385306733846)	(40, 37.52983250493634)	(45, 37.70526996663716)	(50, 37.43569483216451)	(55, 36.68494587049772)	(60, 37.49018519779397)	(65, 37.0589705181453)	(70, 37.02239054946551)	(75, 37.1881187444679)	(80, 36.45230816368217)	(85, 37.165197113093214)	(90, 37.214036222509705)	(95, 36.960928031592566)	(100, 36.25727854565262)	(105, 36.83369987063389)	(110, 36.35983522843331)	(115, 36.486682099816164)	(120, 36.999125076598354)	(125, 37.15547763328114)	(130, 37.315033703275006)	(135, 36.92829372914822)	(140, 36.2015898413563)	(145, 35.94831143187854)	(150, 35.670296861169746)	(155, 35.037131476816235)	(160, 35.1979539729012)	(165, 35.579417171648394)	(170, 35.5710662490638)	(175, 35.23601143868727)	(180, 35.045111322938645)	(185, 34.20768026145571)	(190, 34.95254306529584)	(195, 34.92334377340505)	(200, 34.86242255055491)	(205, 34.6543099339552)	(210, 34.411125485122895)	(215, 34.109140736705925)	(220, 34.09448491863553)	(225, 34.30361884659903)	(230, 34.4779635051406)	(235, 34.21601756655546)	(240, 33.90236944236399)	(245, 34.19890719684074)	(250, 32.694764077074964)
SRR29920099_2	(1, 31.81910873561653)	(2, 30.843586164635393)	(3, 31.13777490297542)	(4, 30.63157894736842)	(5, 30.769796418601484)	(6, 32.19278954177163)	(7, 35.309304146524134)	(8, 33.75626404303125)	(9, 32.899979573772725)	(10, 33.83116361408048)	(15, 36.672516511200385)	(20, 36.40620957309185)	(25, 37.89675563423435)	(30, 37.34619731735548)	(35, 37.355011234425)	(40, 36.58929665690747)	(45, 37.12742221011779)	(50, 37.367311227616256)	(55, 37.40614489003881)	(60, 38.07302376251106)	(65, 38.23791448219514)	(70, 37.16060461632736)	(75, 36.722142030366996)	(80, 36.524742969973445)	(85, 36.59232654728672)	(90, 36.40308436031865)	(95, 36.92511064206441)	(100, 36.858190917137605)	(105, 36.42420507932185)	(110, 36.506914277932864)	(115, 36.76922448423776)	(120, 36.63342752093688)	(125, 36.12433784979914)	(130, 36.19192142711241)	(135, 36.55388779192483)	(140, 34.95691427793287)	(145, 36.060805474228914)	(150, 36.06442091645673)	(155, 36.48347858650507)	(160, 36.168761489752846)	(165, 36.180343160618236)	(170, 35.52860352692858)	(175, 34.86931640226051)	(180, 34.28827194117247)	(185, 33.96899979573773)	(190, 33.87497787158712)	(195, 34.41354258868387)	(200, 34.32312589364744)	(205, 34.22169946210935)	(210, 34.01184040307756)	(215, 33.87709879485259)	(220, 34.07613535779942)	(225, 33.80125280860625)	(230, 32.80151154081841)	(235, 33.066946959896505)	(240, 33.73323687614897)	(245, 32.50444951317492)	(250, 27.922908013889835)
SRR29920100_1	(1, 33.09091047898249)	(2, 33.466004000427525)	(3, 33.148519689127085)	(4, 33.584444139068296)	(5, 33.49136548944162)	(6, 36.81245323927748)	(7, 36.86161879895561)	(8, 36.82912677690746)	(9, 36.87591040263845)	(10, 37.162197486754316)	(15, 37.346739346189665)	(20, 38.04038599544989)	(25, 37.81814239689738)	(30, 38.14273281114012)	(35, 37.709507886339)	(40, 37.89356419770051)	(45, 37.8458247446292)	(50, 37.64833188279663)	(55, 36.806669415051985)	(60, 37.290150092376294)	(65, 37.268498923549075)	(70, 37.45708701693311)	(75, 37.49853266761333)	(80, 37.113651840654725)	(85, 37.239356877834275)	(90, 37.53972180233002)	(95, 37.32829462690669)	(100, 36.8982547753195)	(105, 36.93133922709298)	(110, 36.69763486174095)	(115, 36.32264516818591)	(120, 37.05160246133174)	(125, 37.50678698486861)	(130, 37.711996701937615)	(135, 37.3319194417724)	(140, 36.587781900355765)	(145, 36.388194158154306)	(150, 35.91785076267693)	(155, 35.63491670865589)	(160, 35.39723939963049)	(165, 35.688061319530334)	(170, 36.01262119615837)	(175, 35.947469195181164)	(180, 35.2613286916159)	(185, 34.636678729024474)	(190, 34.77734719741041)	(195, 35.270059395660596)	(200, 35.153167514085474)	(205, 34.892806864855785)	(210, 34.77272074878231)	(215, 34.51686134396042)	(220, 34.577701433741005)	(225, 34.50633197440948)	(230, 34.40961324110974)	(235, 34.32125570671675)	(240, 34.46619027987724)	(245, 34.47669827309789)	(250, 33.34883117279709)
SRR29920100_2	(1, 29.234773181866764)	(2, 31.647061518024827)	(3, 31.118058418456933)	(4, 30.20124288091857)	(5, 30.80904829523766)	(6, 32.90171468706579)	(7, 34.80910937046707)	(8, 33.43792466370452)	(9, 32.822836028277834)	(10, 33.690079855862464)	(15, 36.68991189898158)	(20, 36.62771899286946)	(25, 37.8662360862993)	(30, 37.281846914937475)	(35, 37.28073229200067)	(40, 36.53421587039836)	(45, 37.113279281755304)	(50, 37.42209396424045)	(55, 37.41543676423434)	(60, 38.051706289221755)	(65, 38.219418869192125)	(70, 37.493826821187)	(75, 36.8295084970913)	(80, 36.71231429313056)	(85, 36.239054555448675)	(90, 36.7503824836242)	(95, 36.96062174583543)	(100, 37.32628525185898)	(105, 36.573951414655006)	(110, 36.699268624127775)	(115, 36.91387781900356)	(120, 37.060809552165885)	(125, 36.704282900462644)	(130, 36.36399309849908)	(135, 36.73612752507901)	(140, 35.99660727100606)	(145, 35.96687279556594)	(150, 36.47250240483716)	(155, 36.97710595025423)	(160, 36.59345578916831)	(165, 36.13109492617532)	(170, 36.151356633533354)	(175, 35.34722184050204)	(180, 34.660910326294406)	(185, 33.80959186477944)	(190, 34.01221809964424)	(195, 34.6091063167056)	(200, 34.6429389400394)	(205, 34.58838349136549)	(210, 34.389678286229056)	(215, 34.01373887285664)	(220, 33.600229032110306)	(225, 34.39417036935245)	(230, 33.6837402470493)	(235, 32.52565312323454)	(240, 33.921570244148235)	(245, 33.38326844090208)	(250, 28.11888293405402)
SRR29920101_1	(1, 32.820273198304285)	(2, 33.35658973151201)	(3, 33.08209138012247)	(4, 33.5627131417805)	(5, 33.422213848327836)	(6, 36.81959491285916)	(7, 36.87259538389072)	(8, 36.85880357983985)	(9, 36.883278379651436)	(10, 37.17265002355158)	(15, 37.38936599152144)	(20, 38.10290720678285)	(25, 37.553021196420154)	(30, 38.19799152143193)	(35, 37.7472972209138)	(40, 37.75369571361281)	(45, 37.756250588789456)	(50, 37.45768817710787)	(55, 36.771964201601506)	(60, 37.454462552991046)	(65, 37.1257315120113)	(70, 37.034558643429115)	(75, 37.16467263306642)	(80, 36.6937465850212)	(85, 37.17841921808761)	(90, 37.36513989637306)	(95, 37.15130287329251)	(100, 36.54656994818653)	(105, 36.901626000942066)	(110, 36.44320678285445)	(115, 36.51637494112106)	(120, 37.066762129062646)	(125, 37.26126801695713)	(130, 37.405637305699486)	(135, 37.05845313235987)	(140, 36.381445124823365)	(145, 36.02435798398492)	(150, 35.800301460197836)	(155, 35.29667074894017)	(160, 35.32354215732454)	(165, 35.692638718794164)	(170, 35.68276212906265)	(175, 35.4393179463024)	(180, 35.18716910032972)	(185, 34.45204710315591)	(190, 35.0632199717381)	(195, 35.104693358455016)	(200, 34.97998681111635)	(205, 34.821234102684876)	(210, 34.68310880829016)	(215, 34.39777296278851)	(220, 34.369183231276494)	(225, 34.45109373528027)	(230, 34.63815355628827)	(235, 34.44556570890249)	(240, 34.24442016015073)	(245, 34.34741026848799)	(250, 32.52868582195007)
SRR29920101_2	(1, 29.60246820536976)	(2, 29.127235044747998)	(3, 31.70411681582666)	(4, 30.538841262364578)	(5, 30.841620348563353)	(6, 32.75911446066886)	(7, 35.230711257654264)	(8, 33.361959491285916)	(9, 33.06769665567593)	(10, 34.16223080546397)	(15, 36.78958455016486)	(20, 36.856478568064055)	(25, 37.98658125294395)	(30, 37.50837494112106)	(35, 37.659606217616584)	(40, 36.75909938765897)	(45, 37.162049929345265)	(50, 37.42248893075837)	(55, 37.48966556759303)	(60, 38.10579368817711)	(65, 38.29108243052284)	(70, 37.30251907677815)	(75, 36.80988412623646)	(80, 36.666189354686765)	(85, 36.59989072067829)	(90, 36.48656052755534)	(95, 36.96036552048987)	(100, 36.8823099387659)	(105, 36.55849646726331)	(110, 36.56603297220913)	(115, 36.70563542157325)	(120, 36.74827319830429)	(125, 36.288512482336316)	(130, 36.23613754121526)	(135, 36.56489119170984)	(140, 35.32593876589731)	(145, 36.018901554404145)	(150, 36.14817522373999)	(155, 36.578407913330196)	(160, 36.273699481865286)	(165, 36.20682807348093)	(170, 35.784327837965144)	(175, 35.047095619406505)	(180, 34.44250965614696)	(185, 34.016934526613284)	(190, 34.00302967498823)	(195, 34.40874234573717)	(200, 34.44225718323128)	(205, 34.367585492227974)	(210, 34.179628827131424)	(215, 33.93527272727273)	(220, 33.91179274611399)	(225, 33.97633160621761)	(230, 33.04403203014601)	(235, 33.13956853509185)	(240, 33.83739236928874)	(245, 32.97197550635893)	(250, 27.867414036740463)
SRR29920102_1	(1, 33.05712875224552)	(2, 33.45099625632516)	(3, 33.15265416946642)	(4, 33.591500623945805)	(5, 33.48807646421568)	(6, 36.81239115231134)	(7, 36.868916528392965)	(8, 36.83557999533755)	(9, 36.88321928609629)	(10, 37.1700615717949)	(15, 37.36739026096019)	(20, 38.06014563306501)	(25, 37.79275674341429)	(30, 38.17218984408211)	(35, 37.82379770442796)	(40, 37.89952689823512)	(45, 37.818243901101155)	(50, 37.607111610877226)	(55, 36.78138584534372)	(60, 37.341442343293615)	(65, 37.186451462501545)	(70, 37.36349025684626)	(75, 37.38299027741591)	(80, 36.99211771320434)	(85, 37.23932367017265)	(90, 37.484124350342135)	(95, 37.28064945216187)	(100, 36.76275249235495)	(105, 36.93240267131083)	(110, 36.6152105645681)	(115, 36.3733033473664)	(120, 37.06210934821661)	(125, 37.41400929747816)	(130, 37.60704030278513)	(135, 37.242055318623756)	(140, 36.504216776599975)	(145, 36.285440807427015)	(150, 35.88716042949412)	(155, 35.56115080290169)	(160, 35.36330101614031)	(165, 35.6837211853599)	(170, 35.90297985546398)	(175, 35.80558945737285)	(180, 35.27110513829656)	(185, 34.56683625193697)	(190, 34.77747212813516)	(195, 35.20939621244326)	(200, 35.033813748748685)	(205, 34.84152325055195)	(210, 34.753356279911685)	(215, 34.42918695061914)	(220, 34.514671639948986)	(225, 34.46074352399106)	(230, 34.468400916034724)	(235, 34.33504107071843)	(240, 34.370014947273155)	(245, 34.304576059679384)	(250, 32.98224154244888)
SRR29920102_2	(1, 30.1341277786158)	(2, 32.015824911207716)	(3, 31.852309970791108)	(4, 32.1197153161554)	(5, 31.53090245875787)	(6, 33.069182562428864)	(7, 34.93804423844329)	(8, 33.79577088161486)	(9, 33.01113503284286)	(10, 33.95550923576924)	(15, 36.83744771882671)	(20, 36.98459470948809)	(25, 37.992238388437116)	(30, 37.50486677728563)	(35, 37.673716111514885)	(40, 36.77098583437324)	(45, 37.194898728796126)	(50, 37.48847140134114)	(55, 37.47694417399175)	(60, 38.10599125104562)	(65, 38.274782990277416)	(70, 37.490862965045324)	(75, 36.814812884823716)	(80, 36.712315730290854)	(85, 36.302464243105746)	(90, 36.716819110568686)	(95, 36.86669226444332)	(100, 37.21441794769826)	(105, 36.56819384830575)	(110, 36.65666250702796)	(115, 36.90448281063588)	(120, 37.00626414162885)	(125, 36.611848113763834)	(130, 36.330924399709275)	(135, 36.675465902390194)	(140, 35.86651125159415)	(145, 35.968830135896766)	(150, 36.41159579282257)	(155, 36.89817204448528)	(160, 36.5326549922521)	(165, 36.143877788900625)	(170, 36.06251799843671)	(175, 35.31716468055346)	(180, 34.688726464901336)	(185, 34.16158413669213)	(190, 34.11845096883013)	(195, 34.5786322559412)	(200, 34.57206368361148)	(205, 34.56241240760802)	(210, 34.39948987287961)	(215, 34.14821935466177)	(220, 33.80967047433595)	(225, 34.334786007158236)	(230, 33.620789051465245)	(235, 32.94509825432306)	(240, 33.89895643349835)	(245, 33.29493301153271)	(250, 27.746019774282463)
SRR29920103_1	(1, 33.12722773735529)	(2, 33.41585412554865)	(3, 33.17782130968863)	(4, 33.59206999145727)	(5, 33.49020532005774)	(6, 36.83995640262763)	(7, 36.889887177070136)	(8, 36.85683565558076)	(9, 36.884084013314876)	(10, 37.15652929566677)	(15, 37.378572480631576)	(20, 38.11736825050814)	(25, 37.54693198220756)	(30, 38.19458273190562)	(35, 37.767419801455205)	(40, 37.784988364214804)	(45, 37.87198868824933)	(50, 37.432335699767286)	(55, 36.67413909918402)	(60, 37.33353757327599)	(65, 36.96396441511768)	(70, 37.04604530591804)	(75, 37.16984711461985)	(80, 36.652900108993435)	(85, 36.974262821456975)	(90, 37.256791469054704)	(95, 37.13261849353404)	(100, 36.56976463310455)	(105, 36.76985595192507)	(110, 36.40156714879076)	(115, 36.35133296020267)	(120, 36.90707278993726)	(125, 37.237281644917076)	(130, 37.396503372904824)	(135, 37.02888915073497)	(140, 36.33578814033641)	(145, 36.064818687954755)	(150, 35.71455798745103)	(155, 35.20144048074941)	(160, 35.146498954252216)	(165, 35.52694199782013)	(170, 35.575093528146816)	(175, 35.375149497746484)	(180, 35.024499955813475)	(185, 34.407744425133295)	(190, 34.81780127846348)	(195, 35.04254573305447)	(200, 34.90948537425988)	(205, 34.71145314755354)	(210, 34.53728459068547)	(215, 34.304350899932246)	(220, 34.24341178896515)	(225, 34.23930538781041)	(230, 34.459637081332666)	(235, 34.22379591716499)	(240, 34.1764397443073)	(245, 34.13207647214775)	(250, 32.00860164373877)
SRR29920103_2	(1, 29.879444428079065)	(2, 31.903069490676643)	(3, 31.944884673166996)	(4, 31.390874009485373)	(5, 31.044613662473857)	(6, 32.72230241258432)	(7, 35.23608860871358)	(8, 33.68452293280702)	(9, 32.804415706837126)	(10, 34.07689928417828)	(15, 36.70046248563938)	(20, 36.811037794208616)	(25, 37.90721713258903)	(30, 37.40382949892479)	(35, 37.6039944619554)	(40, 36.649521312634405)	(45, 37.06367572981412)	(50, 37.3196453294842)	(55, 37.40968863227973)	(60, 38.05617874922674)	(65, 38.23085103249183)	(70, 37.06580552036999)	(75, 36.66617963295725)	(80, 36.55451144431025)	(85, 36.30473384982473)	(90, 36.25693286593808)	(95, 36.763534332930746)	(100, 36.64527940613309)	(105, 36.21651103190267)	(110, 36.28124429257372)	(115, 36.42309187851651)	(120, 36.51370960615077)	(125, 36.049312163077744)	(130, 36.02267947093999)	(135, 36.329510707868145)	(140, 35.25976669514243)	(145, 35.79551654048959)	(150, 35.89660942056735)	(155, 36.31473178778684)	(160, 36.03663063009986)	(165, 35.97149379915752)	(170, 35.58452587857543)	(175, 34.77640439508646)	(180, 34.23065072024038)	(185, 33.85890358500014)	(190, 33.8300409461808)	(195, 34.19064718531829)	(200, 34.25275871211006)	(205, 34.10457183256252)	(210, 33.900963266268)	(215, 33.643146669808814)	(220, 33.546705158040474)	(225, 33.77009750493416)	(230, 32.82451468465549)	(235, 32.673249477126106)	(240, 33.43658938934221)	(245, 32.85883288655846)	(250, 27.6775561905323)
SRR29920104_1	(1, 33.10898253219431)	(2, 33.38202856049981)	(3, 33.14586255259467)	(4, 33.56913808491649)	(5, 33.45758957031748)	(6, 36.84820859365039)	(7, 36.89300969016958)	(8, 36.8621063368609)	(9, 36.88486548514599)	(10, 37.15828445747801)	(15, 37.38596519189086)	(20, 38.095993242381745)	(25, 37.51375430320031)	(30, 38.24826915721025)	(35, 37.861175570572485)	(40, 37.96719048833354)	(45, 37.77830868290195)	(50, 37.38874155297718)	(55, 36.735059926048706)	(60, 37.215736962896855)	(65, 36.79962705597348)	(70, 36.80346487313527)	(75, 36.737339028433)	(80, 36.67364847634833)	(85, 37.017818436822644)	(90, 37.296417187300776)	(95, 37.203563687364536)	(100, 36.50114433252581)	(105, 36.61396468188193)	(110, 36.170900803264054)	(115, 36.146487313527984)	(120, 36.87503825066939)	(125, 37.134747545582044)	(130, 37.258035828127)	(135, 36.89039270687236)	(140, 36.24712801224022)	(145, 35.9693325258192)	(150, 35.69206617365804)	(155, 35.22999489991075)	(160, 35.10970929491266)	(165, 35.43605444345276)	(170, 35.46071975009562)	(175, 35.39109078158867)	(180, 35.067053423434906)	(185, 34.37480555909728)	(190, 34.758791278847376)	(195, 34.845926303710314)	(200, 34.5683475710825)	(205, 34.544351651153896)	(210, 34.52933826341961)	(215, 34.22148093841643)	(220, 34.22222363891368)	(225, 34.148310595435426)	(230, 34.326581027667984)	(235, 34.25368162692847)	(240, 34.21511538951932)	(245, 33.98486229759021)	(250, 32.34914892260615)
SRR29920104_2	(1, 28.916501976284586)	(2, 29.702473543287006)	(3, 30.79198010965192)	(4, 31.87072867525182)	(5, 30.60794657656509)	(6, 32.37895256916996)	(7, 34.9927004972587)	(8, 33.596869820221855)	(9, 32.76486994772409)	(10, 33.836079943899016)	(15, 36.49818628075991)	(20, 36.87089124059671)	(25, 37.631623740915465)	(30, 37.135305367843934)	(35, 37.42879956649241)	(40, 36.43214331250797)	(45, 36.91848782353691)	(50, 37.15327361978835)	(55, 37.331850057376)	(60, 37.896516001530024)	(65, 38.18460729312763)	(70, 36.94619724595181)	(75, 36.25899846997322)	(80, 36.28533724340176)	(85, 35.678267244676775)	(90, 36.0264885885503)	(95, 36.09617493306133)	(100, 36.233137829912025)	(105, 35.90689787071274)	(110, 35.873176718092566)	(115, 36.116310722937655)	(120, 36.320161290322574)	(125, 35.68090654086446)	(130, 35.56749330613286)	(135, 35.75663011602703)	(140, 35.033096391686854)	(145, 35.277008160142806)	(150, 35.45974435802627)	(155, 36.00396531939309)	(160, 35.701297335203364)	(165, 35.46154851459901)	(170, 35.45004143822517)	(175, 34.540848527349226)	(180, 33.854561392324364)	(185, 33.19926367461431)	(190, 33.26910939691444)	(195, 33.77521356623741)	(200, 33.86256534489353)	(205, 33.81198520974117)	(210, 33.59023651663904)	(215, 33.07325640698712)	(220, 32.584565854902465)	(225, 33.55068532449318)	(230, 32.4465574397552)	(235, 32.1403703939819)	(240, 32.93817098049216)	(245, 32.7621955884228)	(250, 25.86935802626546)
SRR29920105_1	(1, 33.149944945839884)	(2, 33.40225298562945)	(3, 33.16501190487394)	(4, 33.57017287947374)	(5, 33.4750656414986)	(6, 36.84613068069528)	(7, 36.8899387346013)	(8, 36.86111294102147)	(9, 36.88304049539333)	(10, 37.16687527644717)	(15, 37.37795951401764)	(20, 38.065564328668636)	(25, 37.56410092321592)	(30, 38.2746120328631)	(35, 37.79125721115388)	(40, 38.02871286196934)	(45, 37.83003792619919)	(50, 37.408629857235624)	(55, 36.636729124121246)	(60, 37.04776066027348)	(65, 36.81395270047714)	(70, 36.881941294384475)	(75, 36.883217421583105)	(80, 36.761100706763656)	(85, 36.99441929624784)	(90, 37.34877422147771)	(95, 37.37966478133617)	(100, 36.67266208038849)	(105, 36.59039704872058)	(110, 36.340731608616686)	(115, 36.1458737612814)	(120, 36.86403598753988)	(125, 37.301804082477716)	(130, 37.44658240713728)	(135, 37.08706462511411)	(140, 36.41832315380345)	(145, 36.11536340451162)	(150, 35.79450211276222)	(155, 35.33553863672724)	(160, 35.136278338776016)	(165, 35.3808731495685)	(170, 35.5262707158923)	(175, 35.52443181283468)	(180, 35.156423455895506)	(185, 34.53087832560065)	(190, 34.75285105261672)	(195, 35.066115811366565)	(200, 34.74704448564357)	(205, 34.62032204330927)	(210, 34.61644848906916)	(215, 34.25023198034991)	(220, 34.33999002437441)	(225, 34.13486857583828)	(230, 34.175747936645365)	(235, 34.15370368627599)	(240, 34.309263215351166)	(245, 34.053958723496365)	(250, 31.319558813841653)
SRR29920105_2	(1, 28.66644707742403)	(2, 28.315803837792565)	(3, 29.399373229561732)	(4, 31.486020007716995)	(5, 30.97732897919235)	(6, 33.01515165774193)	(7, 35.262782446663344)	(8, 33.71264551708561)	(9, 32.93820758712203)	(10, 34.07343189753338)	(15, 36.748945501086965)	(20, 37.27436358332)	(25, 37.79052503787915)	(30, 37.36641790342465)	(35, 37.79260109731881)	(40, 36.7783604212349)	(45, 37.160965188831064)	(50, 37.411138821182206)	(55, 37.45940955589644)	(60, 38.06038829652077)	(65, 38.31792506987643)	(70, 37.233024967296885)	(75, 36.52822819714095)	(80, 36.421140797485386)	(85, 36.20950131282997)	(90, 36.48614611468205)	(95, 36.447869827496966)	(100, 36.56139056456394)	(105, 36.2129494913372)	(110, 36.09328151027207)	(115, 36.32301640331642)	(120, 36.720095238991526)	(125, 36.12316509660358)	(130, 35.80676083908187)	(135, 36.37670409094759)	(140, 35.6606913296756)	(145, 35.59760773205093)	(150, 35.95212452592251)	(155, 36.4387073094985)	(160, 36.096921672517155)	(165, 35.775249155365664)	(170, 35.738727072530324)	(175, 34.92829219172023)	(180, 34.40790709492843)	(185, 33.738085244543996)	(190, 33.823318495374515)	(195, 34.344320951637044)	(200, 34.37732521480534)	(205, 34.34280766805635)	(210, 34.14955721397717)	(215, 33.593805701164136)	(220, 33.020743654655135)	(225, 34.238502150406084)	(230, 33.207206918943335)	(235, 32.515576092378055)	(240, 33.36616380730103)	(245, 32.84198985497699)	(250, 28.098852803056683)
SRR29920106_1	(1, 33.12712495767017)	(2, 33.39694096399142)	(3, 33.14045603341235)	(4, 33.56864205892313)	(5, 33.476408172479964)	(6, 36.83741957331527)	(7, 36.89619595891184)	(8, 36.86256913872898)	(9, 36.884151710125295)	(10, 37.149578959250476)	(15, 37.34891296986116)	(20, 38.10924032057794)	(25, 37.45599954848177)	(30, 38.356076306580874)	(35, 37.73541257478271)	(40, 38.15793430409754)	(45, 37.92602776837115)	(50, 37.11277345072808)	(55, 36.309330624223946)	(60, 36.68936223050006)	(65, 36.47638333897731)	(70, 36.41459758437746)	(75, 36.43149339654589)	(80, 36.52712044248786)	(85, 36.71473981261993)	(90, 37.1404718365504)	(95, 37.3999909696354)	(100, 36.897819166948864)	(105, 36.32703465402416)	(110, 36.14485382097302)	(115, 35.95785980358957)	(120, 36.49839711028333)	(125, 37.03366519923242)	(130, 37.261679647815775)	(135, 36.92414493735184)	(140, 36.270737103510555)	(145, 35.7930172705723)	(150, 35.52079918726719)	(155, 35.256234337961395)	(160, 34.88168190540693)	(165, 35.0413884185574)	(170, 35.20119652330963)	(175, 35.35312563494751)	(180, 34.9432396433006)	(185, 34.39692516085337)	(190, 34.51356360763066)	(195, 34.83890055310984)	(200, 34.500647928660115)	(205, 34.369669262896494)	(210, 34.49563381871543)	(215, 34.08376340444745)	(220, 33.95013432667344)	(225, 33.66329156789705)	(230, 34.09184332317417)	(235, 33.953459758437745)	(240, 34.36628739135343)	(245, 33.88621740602777)	(250, 31.029597019979683)
SRR29920106_2	(1, 29.61768822666215)	(2, 29.82789253866125)	(3, 31.765413703578282)	(4, 30.393723896602324)	(5, 30.60520374760131)	(6, 32.79872446100011)	(7, 34.83622305000564)	(8, 33.55283892087143)	(9, 33.08377920758551)	(10, 33.76161192008127)	(15, 36.436523309628626)	(20, 37.159489784400044)	(25, 37.439539451405345)	(30, 37.011100575685745)	(35, 37.42756518794447)	(40, 36.50126876622644)	(45, 37.01024269104865)	(50, 37.18278812507055)	(55, 37.387955751213454)	(60, 37.8855040072243)	(65, 38.22997403770177)	(70, 36.72557399254995)	(75, 36.01507619370132)	(80, 36.298977311208944)	(85, 35.79489784400046)	(90, 35.816317868833956)	(95, 35.905316627158825)	(100, 36.135417089965)	(105, 35.68488542724913)	(110, 35.712687662264365)	(115, 35.4163427023366)	(120, 36.0758166835986)	(125, 35.5758257139632)	(130, 35.198602551078)	(135, 35.57776498476126)	(140, 35.382871655943106)	(145, 34.93478722203409)	(150, 35.31326560559883)	(155, 35.73724799638785)	(160, 35.71927757083192)	(165, 35.16482898747037)	(170, 35.49696353990292)	(175, 34.46473191105091)	(180, 33.81217518907326)	(185, 33.127016593294954)	(190, 33.302361440343155)	(195, 33.64981826391241)	(200, 34.029452534146074)	(205, 33.86673439440117)	(210, 33.77941979907439)	(215, 33.17646235466757)	(220, 32.11010949317078)	(225, 33.80987018850886)	(230, 32.81944914775934)	(235, 32.12177672423524)	(240, 32.913529743763405)	(245, 32.68742973247545)	(250, 27.88531436956767)
SRR29920107_1	(1, 33.16062805303559)	(2, 33.41570132588974)	(3, 33.17243545010468)	(4, 33.58439637124913)	(5, 33.49493370551291)	(6, 36.83766922540126)	(7, 36.89236566643405)	(8, 36.86247034193999)	(9, 36.88583391486392)	(10, 37.157884159106764)	(15, 37.36255408234473)	(20, 38.068267969295185)	(25, 37.51536357292393)	(30, 38.35534403349616)	(35, 37.829926029309135)	(40, 38.10199860432658)	(45, 37.87090579204467)	(50, 37.320337752965806)	(55, 36.51107327285415)	(60, 36.924016748080945)	(65, 36.747631542219125)	(70, 36.63074668527564)	(75, 36.80056385205862)	(80, 36.6071011863224)	(85, 36.9514501046755)	(90, 37.29389532449407)	(95, 37.426718771807394)	(100, 36.77075226796929)	(105, 36.50867271458479)	(110, 36.26961060711793)	(115, 36.07976552686671)	(120, 36.65297138869505)	(125, 37.22281367759945)	(130, 37.43472714584787)	(135, 37.04278576413119)	(140, 36.34554361479414)	(145, 36.099143056524774)	(150, 35.71523796231681)	(155, 35.34171109560363)	(160, 35.05379483600838)	(165, 35.22481228192603)	(170, 35.437353803210044)	(175, 35.43760223307746)	(180, 35.07175157013259)	(185, 34.529663642707604)	(190, 34.71907885554781)	(195, 35.012480111653865)	(200, 34.57878297278437)	(205, 34.47699092812282)	(210, 34.535991625959525)	(215, 34.07867969295185)	(220, 34.18277739009072)	(225, 33.94492672714584)	(230, 34.218266573621776)	(235, 34.08739427773901)	(240, 34.23318073970691)	(245, 33.847480809490584)	(250, 30.88477320307048)
SRR29920107_2	(1, 29.75172365666434)	(2, 29.702930914166085)	(3, 30.17698534542917)	(4, 31.86506629448709)	(5, 31.097725052337754)	(6, 32.83310537334264)	(7, 34.93042568039079)	(8, 33.52294487090021)	(9, 32.73526866713189)	(10, 33.81399581297977)	(15, 36.50629727843685)	(20, 37.043988834612705)	(25, 37.412231681786466)	(30, 36.978417306350316)	(35, 37.320667131891135)	(40, 36.47075785066295)	(45, 37.04950732728541)	(50, 37.23780041870202)	(55, 37.387667829727846)	(60, 37.89893091416609)	(65, 38.26422051639916)	(70, 36.760413119330074)	(75, 36.09469364968597)	(80, 36.280212142358685)	(85, 35.77813538032101)	(90, 36.12776831821354)	(95, 36.139718073970684)	(100, 36.385267271458474)	(105, 35.903411025819956)	(110, 35.84815073272854)	(115, 35.88580600139567)	(120, 36.34806420097698)	(125, 35.73668108862526)	(130, 35.444418702023725)	(135, 35.9274277739009)	(140, 35.31258897418004)	(145, 35.22184508025122)	(150, 35.546442428471735)	(155, 35.99750732728542)	(160, 35.75666154919749)	(165, 35.399896720167476)	(170, 35.57312770411723)	(175, 34.61503977669226)	(180, 33.91655547801814)	(185, 33.253169574319614)	(190, 33.40849965108165)	(195, 33.96139009071877)	(200, 34.094085136078164)	(205, 34.03193859036985)	(210, 33.717694347522674)	(215, 33.129627355198885)	(220, 32.397306350314025)	(225, 33.907598046057224)	(230, 32.78691137473831)	(235, 32.17807676203768)	(240, 32.855983251919056)	(245, 32.60212142358689)	(250, 27.47341242149337)
SRR29920108_1	(1, 33.10534626948635)	(2, 33.37354405113823)	(3, 33.11393668359484)	(4, 33.55379115187347)	(5, 33.44470552565755)	(6, 36.83752747669219)	(7, 36.893163041006595)	(8, 36.86496626999166)	(9, 36.88534323757548)	(10, 37.1577705348796)	(15, 37.394888703605446)	(20, 38.11688774350034)	(25, 37.27040602339625)	(30, 38.36015311149852)	(35, 37.8939968164936)	(40, 38.10612698653326)	(45, 37.53712827509538)	(50, 37.35466787943101)	(55, 36.68798857980242)	(60, 37.09906768740999)	(65, 36.512317137876146)	(70, 36.707410495464764)	(75, 36.38061598322342)	(80, 36.58454483438187)	(85, 37.04856110563683)	(90, 37.44150685969832)	(95, 37.56121933348493)	(100, 36.508812754238356)	(105, 36.609462088481266)	(110, 36.106647464564546)	(115, 36.22077869577301)	(120, 36.95561282498294)	(125, 37.18648778392581)	(130, 37.37637888779403)	(135, 37.00071249905253)	(140, 36.323136006468076)	(145, 36.01432072563733)	(150, 35.733439450213496)	(155, 35.07998180853483)	(160, 35.27053487960787)	(165, 35.240551807776846)	(170, 35.4495490032593)	(175, 35.263286086055736)	(180, 35.18572980621036)	(185, 34.49020692791632)	(190, 35.09025745976402)	(195, 35.04167361479573)	(200, 34.42347709644004)	(205, 34.670176103489226)	(210, 34.74265645923343)	(215, 34.34134768437808)	(220, 34.41037671492459)	(225, 34.060034361656434)	(230, 34.35806109300387)	(235, 34.28913312615276)	(240, 33.90971222112737)	(245, 33.586864246191155)	(250, 30.88075747239698)
SRR29920108_2	(1, 29.500404254781575)	(2, 29.55943808585361)	(3, 30.159794335379875)	(4, 30.425958210161955)	(5, 30.6990828469643)	(6, 32.10237752343414)	(7, 35.24036736653276)	(8, 33.04170140731196)	(9, 32.93574875565325)	(10, 33.648654589555065)	(15, 36.42532403547336)	(20, 37.09102301725663)	(25, 37.2928952222138)	(30, 36.87323580686727)	(35, 37.23973824502893)	(40, 36.500482579145505)	(45, 37.03417974178226)	(50, 37.16023648904722)	(55, 37.43459662952576)	(60, 37.86775815457692)	(65, 38.30782990980065)	(70, 37.04123904090553)	(75, 36.62259278910533)	(80, 36.46998913565274)	(85, 35.73519037873619)	(90, 36.21931579878218)	(95, 36.149849667753095)	(100, 35.87519391596554)	(105, 36.05509487354406)	(110, 36.17916824578691)	(115, 36.399391091235245)	(120, 36.414136284393244)	(125, 35.350056848328656)	(130, 35.438960054574395)	(135, 36.02669850173071)	(140, 34.48891078602289)	(145, 35.35710351449001)	(150, 35.24954395007454)	(155, 36.03514742666566)	(160, 35.46910988150281)	(165, 35.66303342681725)	(170, 35.61341620556356)	(175, 34.587574218651305)	(180, 33.63219889335254)	(185, 33.098178326890526)	(190, 33.405298264231035)	(195, 34.110414613810356)	(200, 33.72890927006746)	(205, 33.95516561813083)	(210, 33.3995982718108)	(215, 32.582409863816665)	(220, 32.478758937820565)	(225, 33.74366456959498)	(230, 31.7937289977008)	(235, 32.611607165416004)	(240, 32.80326435736123)	(245, 32.93665074913464)	(250, 21.78095707319538)
SRR29920109_1	(1, 33.009700017963)	(2, 33.20348082949125)	(3, 33.27645051194539)	(4, 33.52845139013632)	(5, 33.59603217372213)	(6, 36.829830549068916)	(7, 36.89437758218071)	(8, 36.85789274095364)	(9, 36.8750972995629)	(10, 37.1498313474243)	(15, 37.348797477196975)	(20, 38.04772967686566)	(25, 37.526762868490906)	(30, 38.24104744226892)	(35, 37.74187972776081)	(40, 37.70865616829332)	(45, 37.78802067740455)	(50, 37.322763107997524)	(55, 36.50151887112548)	(60, 37.217831267588764)	(65, 37.088006706185254)	(70, 37.04085583697584)	(75, 37.28035047801528)	(80, 36.483052911003334)	(85, 37.08936790212163)	(90, 37.22178312675888)	(95, 37.15734387162445)	(100, 36.62563918328244)	(105, 36.82678482326407)	(110, 36.51397321517673)	(115, 36.4122667305351)	(120, 36.767934055844954)	(125, 37.28157196175878)	(130, 37.500916112807616)	(135, 37.090908728020274)	(140, 36.40669021815061)	(145, 36.172788056603395)	(150, 35.86768856156318)	(155, 35.249845318643594)	(160, 35.19148953156498)	(165, 35.54741233059896)	(170, 35.71418877113147)	(175, 35.408646188850966)	(180, 35.056922739157336)	(185, 34.36481248627827)	(190, 34.83913937289184)	(195, 35.08712452348162)	(200, 34.89560305770114)	(205, 34.58038041634234)	(210, 34.512264734646635)	(215, 33.955575514440255)	(220, 34.151575753946865)	(225, 34.18008901662575)	(230, 34.40674211125082)	(235, 34.12849929145959)	(240, 33.76983014989123)	(245, 33.95789872861904)	(250, 31.496078079156938)
SRR29920109_2	(1, 28.53338123465661)	(2, 29.552302257349858)	(3, 30.48565954134483)	(4, 31.16777438476738)	(5, 30.980719717382193)	(6, 32.809592239985626)	(7, 34.84142666107818)	(8, 33.77452447957208)	(9, 33.0314352433986)	(10, 33.805249186675454)	(15, 36.655489691236056)	(20, 36.754274195157976)	(25, 37.69484062830569)	(30, 37.22090892760912)	(35, 37.4623954653414)	(40, 36.53956050535896)	(45, 37.085835179530164)	(50, 37.422222222222224)	(55, 37.41872941740015)	(60, 37.95506456699199)	(65, 38.23176656088458)	(70, 36.86778835598667)	(75, 36.2575254974752)	(80, 36.405740175239)	(85, 36.1002774284973)	(90, 36.129860487395966)	(95, 36.51220884976947)	(100, 36.64615292497455)	(105, 36.141983513961236)	(110, 36.315130830489196)	(115, 36.40469033790392)	(120, 36.35698061992296)	(125, 35.86064307526495)	(130, 35.72516615771511)	(135, 36.362557132307444)	(140, 34.93970420932878)	(145, 35.64424884737441)	(150, 35.85578109095264)	(155, 36.2942139193262)	(160, 35.838205297088)	(165, 35.729078099115824)	(170, 35.19831946190847)	(175, 34.61302915993055)	(180, 33.92294273795981)	(185, 33.47086202423009)	(190, 33.68532822385885)	(195, 34.265497076023394)	(200, 34.143831706684225)	(205, 33.95753946869449)	(210, 33.48692493463466)	(215, 32.97558629223799)	(220, 33.30255274135281)	(225, 33.70122347963196)	(230, 32.45990060475421)	(235, 32.47458635211465)	(240, 33.09954693331737)	(245, 32.361215895255775)	(250, 27.363211783725525)
SRR29920110_1	(1, 33.0525035182092)	(2, 33.34733602514697)	(3, 33.11300356424184)	(4, 33.53257138347823)	(5, 33.426591085449736)	(6, 36.833374981915746)	(7, 36.89428274564992)	(8, 36.868820117580526)	(9, 36.883011324030356)	(10, 37.16236371049413)	(15, 37.38143437717834)	(20, 38.08611523943551)	(25, 37.34631804611156)	(30, 38.356434705982934)	(35, 37.82628858521957)	(40, 38.04239474964818)	(45, 37.533386818881276)	(50, 37.31035997527389)	(55, 36.648910341562214)	(60, 37.06063419830863)	(65, 36.47866058158958)	(70, 36.70070364183972)	(75, 36.35691870635119)	(80, 36.56521247353123)	(85, 36.96995515105284)	(90, 37.318887851327716)	(95, 37.40296187181882)	(100, 36.45015190772428)	(105, 36.52879670669314)	(110, 36.0711454236976)	(115, 36.15277839885314)	(120, 36.90573566740757)	(125, 37.13922112766825)	(130, 37.29988294556311)	(135, 36.911435823918566)	(140, 36.27343653413649)	(145, 35.95597174910894)	(150, 35.66745229045283)	(155, 35.046371970065636)	(160, 35.140762563623696)	(165, 35.20876461536438)	(170, 35.335499059618854)	(175, 35.173298436205336)	(180, 35.0886693935528)	(185, 34.378075309405126)	(190, 34.89179435245222)	(195, 34.967285257717045)	(200, 34.37475043731011)	(205, 34.53128773032762)	(210, 34.66002393697473)	(215, 34.232725264030094)	(220, 34.31009956203228)	(225, 34.04020885668065)	(230, 34.260421132929125)	(235, 34.21698473031447)	(240, 33.87150579353702)	(245, 33.53791906146016)	(250, 30.677034971657044)
SRR29920110_2	(1, 30.22442886641327)	(2, 29.756105901384924)	(3, 31.921547222916367)	(4, 31.377441374140176)	(5, 30.999592282298476)	(6, 32.91782515486697)	(7, 35.31337708626518)	(8, 33.68872726316205)	(9, 33.00044717425328)	(10, 34.010048268514986)	(15, 36.619336340799386)	(20, 37.331792774190156)	(25, 37.56439966856497)	(30, 37.144129522707246)	(35, 37.60614996120106)	(40, 36.741270237923004)	(45, 37.15971486065261)	(50, 37.30939986584773)	(55, 37.453129562163795)	(60, 37.95960701274446)	(65, 38.35022424473584)	(70, 37.19623847539884)	(75, 36.74480028408717)	(80, 36.628498152118155)	(85, 35.85567056409717)	(90, 36.34181736877409)	(95, 36.32650559625426)	(100, 36.00746517959307)	(105, 36.27425723041311)	(110, 36.28524982573356)	(115, 36.47150316310023)	(120, 36.51981639551247)	(125, 35.602049110254754)	(130, 35.65328475793406)	(135, 36.10427840542922)	(140, 34.82166164691647)	(145, 35.5045782752226)	(150, 35.46884116107479)	(155, 36.1645417121513)	(160, 35.65303486643957)	(165, 35.773814001815005)	(170, 35.6718872068707)	(175, 34.748987939447346)	(180, 34.07400996935541)	(185, 33.59582286638697)	(190, 33.64513303434035)	(195, 34.22943458761327)	(200, 33.94602606762853)	(205, 34.11864585114358)	(210, 33.71947969960412)	(215, 33.08017308274039)	(220, 32.90505438428051)	(225, 33.93531492904397)	(230, 32.30648008101745)	(235, 32.7937421908908)	(240, 33.003414306945665)	(245, 33.0733050122973)	(250, 22.64553549116831)
SRR29920111_1	(1, 33.14715122580291)	(2, 33.3951242265849)	(3, 33.16837469646458)	(4, 33.566091835754754)	(5, 33.46643618553731)	(6, 36.83834766980834)	(7, 36.88827152872096)	(8, 36.86024337709731)	(9, 36.88455364859859)	(10, 37.167502160760584)	(15, 37.38406387619871)	(20, 38.04771782524592)	(25, 37.57275658174534)	(30, 38.28644414262392)	(35, 37.77555253735029)	(40, 38.04791812432262)	(45, 37.73041939334074)	(50, 37.38857197733602)	(55, 36.65278841009179)	(60, 37.11715026546487)	(65, 36.866812089284)	(70, 36.94410558230783)	(75, 36.782818180571)	(80, 36.82830253392051)	(85, 37.093841489347106)	(90, 37.37788204305058)	(95, 37.408637554704974)	(100, 36.73039469893403)	(105, 36.68407073575613)	(110, 36.32722558340536)	(115, 36.21842202741079)	(120, 36.994517841708856)	(125, 37.310090408966815)	(130, 37.49649476615768)	(135, 37.12003951105075)	(140, 36.434448697370044)	(145, 36.10788986294604)	(150, 35.8035148372227)	(155, 35.38921403191066)	(160, 35.23860833299035)	(165, 35.411460948539606)	(170, 35.625805655019136)	(175, 35.56849268085223)	(180, 35.21210574693721)	(185, 34.57801374655307)	(190, 34.880720527911535)	(195, 35.12647651973494)	(200, 34.78729884347862)	(205, 34.7497249317474)	(210, 34.776386659532726)	(215, 34.37129961174905)	(220, 34.501343101343096)	(225, 34.22307280734247)	(230, 34.38558944176922)	(235, 34.27007175097062)	(240, 34.11699661137863)	(245, 33.9546089366314)	(250, 31.422438984236738)
SRR29920111_2	(1, 29.020427762000796)	(2, 29.209477164533343)	(3, 31.62188747582006)	(4, 30.196457724547614)	(5, 30.401832873742986)	(6, 32.82182985553772)	(7, 35.0050760724918)	(8, 33.51501557119535)	(9, 32.92818043379841)	(10, 33.808492132087636)	(15, 36.60827811389609)	(20, 37.04703461332675)	(25, 37.64694681099175)	(30, 37.19588975319313)	(35, 37.430653990204554)	(40, 36.59806286098421)	(45, 37.10278086457861)	(50, 37.3281639708606)	(55, 37.370583473954255)	(60, 38.00654676160294)	(65, 38.29455488331892)	(70, 37.247956537844175)	(75, 36.565872329917276)	(80, 36.54579577725646)	(85, 35.87866266068513)	(90, 36.27878887654169)	(95, 36.29491432412781)	(100, 36.394421807904955)	(105, 36.199547269210186)	(110, 36.260361361484954)	(115, 36.476783141951685)	(120, 36.60144325088145)	(125, 35.89103730227326)	(130, 35.78390473446653)	(135, 36.15471868955016)	(140, 35.21152680029084)	(145, 35.531503203413315)	(150, 35.70953890055013)	(155, 36.27374298610253)	(160, 35.87685722517183)	(165, 35.75205992509363)	(170, 35.71193425800167)	(175, 34.827364146465264)	(180, 34.11515001852081)	(185, 33.39450686641698)	(190, 33.63056344404659)	(195, 34.206154394918435)	(200, 34.15264435938593)	(205, 34.15191175865333)	(210, 33.87443442949061)	(215, 33.255910880629976)	(220, 32.89319943477246)	(225, 33.937679548915504)	(230, 32.6697863933819)	(235, 32.44153873592076)	(240, 33.090598290598294)	(245, 32.976523850681154)	(250, 25.271089709291957)
SRR29920112_1	(1, 33.05609605389098)	(2, 33.434326423301066)	(3, 33.10652192350098)	(4, 33.55738638428826)	(5, 33.46825060275997)	(6, 36.81442262258139)	(7, 36.8671141427481)	(8, 36.850079358348374)	(9, 36.88130171922895)	(10, 37.159484837103356)	(15, 37.36168990876819)	(20, 38.08580878878564)	(25, 37.510384433647936)	(30, 38.39591698268655)	(35, 37.798827192652986)	(40, 38.03403806777567)	(45, 37.453142227122385)	(50, 37.24482111053224)	(55, 36.62575814483202)	(60, 37.0435731853593)	(65, 36.688626918836405)	(70, 36.776539006748486)	(75, 36.424973042393106)	(80, 36.53563856209943)	(85, 36.85668245756449)	(90, 37.220659825290475)	(95, 37.39729091195464)	(100, 36.63954347747071)	(105, 36.41899269418564)	(110, 36.098246846868676)	(115, 36.08125083295977)	(120, 36.686702933229945)	(125, 37.08266837903001)	(130, 37.278362431394406)	(135, 36.89637859384277)	(140, 36.25137816979052)	(145, 35.896393132776815)	(150, 35.53354737875135)	(155, 35.07828973672414)	(160, 35.19360286901632)	(165, 35.221978021978025)	(170, 35.32431030931582)	(175, 35.171867162605864)	(180, 35.00692537892097)	(185, 34.33942595442044)	(190, 34.81928104971104)	(195, 34.859534511794706)	(200, 34.308198747228516)	(205, 34.465587554672446)	(210, 34.51708930540242)	(215, 34.18628251572022)	(220, 33.983810896931075)	(225, 33.650086627815405)	(230, 34.18498855058944)	(235, 34.06686698086919)	(240, 33.98115996462193)	(245, 33.768765523341045)	(250, 30.14867271647867)
SRR29920112_2	(1, 30.311751093448997)	(2, 30.907532379417717)	(3, 31.60210572228213)	(4, 31.396282879193574)	(5, 31.06097871257739)	(6, 32.823485224808266)	(7, 35.27701515683875)	(8, 33.66722803106486)	(9, 32.9068175484934)	(10, 33.96864436555727)	(15, 36.564205144359505)	(20, 37.25419629984128)	(25, 37.40260004603996)	(30, 36.97939590729006)	(35, 37.46081151483577)	(40, 36.66230660188764)	(45, 37.15098925330458)	(50, 37.298118419617865)	(55, 37.46579594606056)	(60, 37.89961350666974)	(65, 38.33023250178708)	(70, 36.78079406811491)	(75, 36.39590244375249)	(80, 36.35514011897694)	(85, 36.02430667458231)	(90, 35.97206586137126)	(95, 36.220979681839665)	(100, 36.18520905775592)	(105, 35.78264051273974)	(110, 35.927363485467126)	(115, 36.022300301682876)	(120, 36.37011764420805)	(125, 35.682593261204076)	(130, 35.522621369809904)	(135, 36.188308273865054)	(140, 34.96112531349577)	(145, 35.3219162315083)	(150, 35.74216169717824)	(155, 36.33699795243346)	(160, 35.67388443970583)	(165, 35.57235421689666)	(170, 35.59787246931679)	(175, 34.693279377733624)	(180, 34.158668233640675)	(185, 33.733590995553506)	(190, 33.64867635121219)	(195, 34.17975453433006)	(200, 34.072147037086395)	(205, 34.06098113573306)	(210, 33.66351817972545)	(215, 33.22379296557907)	(220, 32.82389231496178)	(225, 34.03525691508051)	(230, 32.52429577038176)	(235, 32.42506512230879)	(240, 32.8548311666283)	(245, 32.539021287422614)	(250, 25.57810436531495)
SRR29920113_1	(1, 33.03564517964867)	(2, 33.4366202526843)	(3, 33.16614182190689)	(4, 33.59598968016087)	(5, 33.492013506848274)	(6, 36.811492203209774)	(7, 36.871172743483704)	(8, 36.84408316576241)	(9, 36.87841939522708)	(10, 37.16831581742991)	(15, 37.38540046287514)	(20, 38.07917061881094)	(25, 37.52155025230489)	(30, 38.25160298971811)	(35, 37.754539591000494)	(40, 37.90431005046098)	(45, 37.82098114352924)	(50, 37.39794741434913)	(55, 36.62796221117729)	(60, 37.222779527260315)	(65, 37.06597867739121)	(70, 37.0284933793679)	(75, 37.18367416625565)	(80, 36.649334142732485)	(85, 37.10615396289411)	(90, 37.355351519520426)	(95, 37.37799066661608)	(100, 36.76825131843533)	(105, 36.7569715825018)	(110, 36.51127973593353)	(115, 36.37009902492697)	(120, 36.80499298099177)	(125, 37.33881321849983)	(130, 37.55284744090754)	(135, 37.161414425010435)	(140, 36.4462381909929)	(145, 36.1587016731798)	(150, 35.80499677505027)	(155, 35.357248548772624)	(160, 35.19526880904503)	(165, 35.45661494100239)	(170, 35.638384489888836)	(175, 35.50027696627082)	(180, 35.154695147399174)	(185, 34.54048260424176)	(190, 34.859855066965125)	(195, 35.15767727738362)	(200, 34.93102401639033)	(205, 34.662328793109985)	(210, 34.630272792806466)	(215, 34.0786128922108)	(220, 34.27184429183898)	(225, 34.146367188982055)	(230, 34.366961338543845)	(235, 34.137185567401445)	(240, 33.9264901164776)	(245, 33.91020222331828)	(250, 31.223223432105325)
SRR29920113_2	(1, 29.544333573623707)	(2, 30.31355996509466)	(3, 31.068084379861137)	(4, 31.142239253329286)	(5, 30.850836589900215)	(6, 32.50595667185188)	(7, 34.98087794513791)	(8, 33.48353378609098)	(9, 32.78994195090488)	(10, 33.94489509428236)	(15, 36.5456273475737)	(20, 36.92063967826384)	(25, 37.630970899571274)	(30, 37.182987441666356)	(35, 37.5254543385059)	(40, 36.51251659900596)	(45, 37.0316879766286)	(50, 37.27832454376447)	(55, 37.34437530826726)	(60, 37.90010243957962)	(65, 38.231061956975374)	(70, 36.81278218310126)	(75, 36.135390977728875)	(80, 36.26944644686421)	(85, 35.82451341199682)	(90, 35.973563000341464)	(95, 36.16305725234283)	(100, 36.40657130932959)	(105, 35.882148954736884)	(110, 36.05048374245931)	(115, 36.1188792351178)	(120, 36.19239291269871)	(125, 35.64606366430171)	(130, 35.41252418712296)	(135, 35.982687711044505)	(140, 34.689448723299314)	(145, 35.22782941912964)	(150, 35.538327579011266)	(155, 36.02549607314944)	(160, 35.476776567894674)	(165, 35.36438517281936)	(170, 35.10105474826422)	(175, 34.36986379329969)	(180, 33.71901961528247)	(185, 33.32428197442805)	(190, 33.38386766323937)	(195, 33.97470880600979)	(200, 33.860606290549)	(205, 33.73851348787798)	(210, 33.48836362256706)	(215, 33.033641916758356)	(220, 32.89143301589711)	(225, 33.570372197139285)	(230, 32.223879804226584)	(235, 32.10629813711727)	(240, 32.762017680312624)	(245, 31.984345714610917)	(250, 26.192946845240353)
SRR29920114_1	(1, 33.121378826594515)	(2, 33.47240843729646)	(3, 33.180439901798685)	(4, 33.589999498972894)	(5, 33.502039180319656)	(6, 36.81703492158926)	(7, 36.861957011874345)	(8, 36.84752743123403)	(9, 36.8773084823889)	(10, 37.15018588105617)	(15, 37.37252768174758)	(20, 38.06205521318703)	(25, 37.48061325717721)	(30, 38.27789568615661)	(35, 37.799206373064784)	(40, 37.8952652938524)	(45, 37.786259832656945)	(50, 37.35507189738965)	(55, 36.578858660253516)	(60, 37.11144245703692)	(65, 37.003475124004204)	(70, 36.99737662207526)	(75, 37.13907911217997)	(80, 36.58757252367353)	(85, 37.06591512600832)	(90, 37.330391302169446)	(95, 37.33899293551781)	(100, 36.71653489653791)	(105, 36.723274713161985)	(110, 36.48292599829651)	(115, 36.3100716468761)	(120, 36.745309885264795)	(125, 37.339265494263245)	(130, 37.54476877599078)	(135, 37.140199408788014)	(140, 36.44431284132472)	(145, 36.19212385390049)	(150, 35.81121699483942)	(155, 35.31097549977453)	(160, 35.13927551480535)	(165, 35.43597775439652)	(170, 35.61340147301969)	(175, 35.47785961220502)	(180, 35.097650182874894)	(185, 34.49373014680094)	(190, 34.78939425822937)	(195, 35.11615010772083)	(200, 34.892860363745676)	(205, 34.5958054010722)	(210, 34.58149606693722)	(215, 34.00926098501929)	(220, 34.221973044741716)	(225, 34.123014179067084)	(230, 34.34084272759156)	(235, 34.14516358534997)	(240, 33.987279923843886)	(245, 33.782409940377775)	(250, 31.124575379528032)
SRR29920114_2	(1, 28.257327521418908)	(2, 28.442797735357484)	(3, 30.88388195801393)	(4, 30.487549476426675)	(5, 30.625742772684003)	(6, 32.29928353123904)	(7, 35.01378826594519)	(8, 33.41911919434841)	(9, 33.02699534044792)	(10, 33.88438498922792)	(15, 36.64504233679042)	(20, 37.039749486447214)	(25, 37.66227967333033)	(30, 37.22522170449421)	(35, 37.66746630592715)	(40, 36.67524224660554)	(45, 37.13808106618568)	(50, 37.366864071346264)	(55, 37.427692770178865)	(60, 37.951346259832654)	(65, 38.26161631344255)	(70, 36.915406583496164)	(75, 36.3154546820983)	(80, 36.47971942482088)	(85, 35.9715296357533)	(90, 36.15350869282028)	(95, 36.33540357733354)	(100, 36.612868380179364)	(105, 36.144189588656744)	(110, 36.29014479683351)	(115, 36.309845182624386)	(120, 36.40187584548324)	(125, 35.81243749686858)	(130, 35.6145357983867)	(135, 36.23110977503883)	(140, 34.89833959617215)	(145, 35.43706197705296)	(150, 35.785586452227065)	(155, 36.260924896036876)	(160, 35.70760458940829)	(165, 35.617087028408235)	(170, 35.31821033117892)	(175, 34.609258980910866)	(180, 33.951442457036926)	(185, 33.41980459942883)	(190, 33.628424269753)	(195, 34.23585550378276)	(200, 34.05770830201914)	(205, 34.017129114685105)	(210, 33.69988877198257)	(215, 33.24937121098252)	(220, 33.05396663159477)	(225, 33.822133373415504)	(230, 32.51167493361391)	(235, 32.45448369156772)	(240, 33.076817475825436)	(245, 32.34910767072499)	(250, 26.54305325918132)
SRR29920115_1	(1, 33.064211737629456)	(2, 33.44754233108664)	(3, 33.158671708038796)	(4, 33.587917146144996)	(5, 33.4841689955614)	(6, 36.81533782673023)	(7, 36.868518822949206)	(8, 36.840358375801415)	(9, 36.877527535755384)	(10, 37.16503698832813)	(15, 37.37698504027618)	(20, 38.0564655597567)	(25, 37.54206805852375)	(30, 38.23587045865527)	(35, 37.70955449613678)	(40, 37.80158145651817)	(45, 37.7117836593786)	(50, 37.41475258918297)	(55, 36.647782344238045)	(60, 37.298724313661026)	(65, 37.01012329442709)	(70, 37.07544632582607)	(75, 37.204882459312834)	(80, 36.69680420844978)	(85, 37.18681242807825)	(90, 37.37303961860924)	(95, 37.359822456024986)	(100, 36.572809469012)	(105, 36.7906625020549)	(110, 36.47659049810949)	(115, 36.4262830840046)	(120, 36.978924872595755)	(125, 37.35517014630939)	(130, 37.57929639980273)	(135, 37.173190859773136)	(140, 36.42032220943614)	(145, 36.16759164885747)	(150, 35.822363965148774)	(155, 35.2586421173763)	(160, 35.31055729081046)	(165, 35.49451586388295)	(170, 35.73585401939832)	(175, 35.42466874897254)	(180, 35.18014466546112)	(185, 34.45457504520796)	(190, 34.98642117376295)	(195, 35.19438763767877)	(200, 34.77905638665132)	(205, 34.68309058030577)	(210, 34.56115403583758)	(215, 34.05192832483972)	(220, 34.26990300838402)	(225, 34.109656419529834)	(230, 34.31141870787441)	(235, 34.14541509123788)	(240, 33.69325990465231)	(245, 33.75312839059675)	(250, 30.731974354759164)
SRR29920115_2	(1, 29.904109814236396)	(2, 31.82428078250863)	(3, 31.853970080552358)	(4, 31.508811441722834)	(5, 30.960578661844483)	(6, 32.99227354923558)	(7, 35.06263356896268)	(8, 33.629705737300675)	(9, 33.03074141048825)	(10, 33.97689955614006)	(15, 36.65865198093046)	(20, 36.97587045865527)	(25, 37.70557290810456)	(30, 37.24959066250206)	(35, 37.617524247904)	(40, 36.6398783494986)	(45, 37.104629294755874)	(50, 37.33757685352622)	(55, 37.37010685517015)	(60, 37.964589840539205)	(65, 38.24371855992109)	(70, 36.938711162255466)	(75, 36.20631596251849)	(80, 36.2922965641953)	(85, 35.88201874075292)	(90, 35.9498504027618)	(95, 36.221975998684854)	(100, 36.423047838237714)	(105, 35.90321551865856)	(110, 36.05783330593457)	(115, 36.34017096827223)	(120, 36.386572414926846)	(125, 35.62591813250041)	(130, 35.49414433667598)	(135, 36.15657077100115)	(140, 34.49301331579812)	(145, 35.36467861252672)	(150, 35.57673187571921)	(155, 36.11797797139569)	(160, 35.37330593457176)	(165, 35.46533947065593)	(170, 34.986559263521286)	(175, 34.37272398487588)	(180, 33.79473614992602)	(185, 33.55952654939997)	(190, 33.50212723984876)	(195, 34.16393555811277)	(200, 33.806424461614334)	(205, 33.76907446983397)	(210, 33.44905803057702)	(215, 33.0400887719875)	(220, 33.16674338319908)	(225, 33.56526056222259)	(230, 32.06883445668255)	(235, 32.011806674338324)	(240, 32.60480683873089)	(245, 31.78783823771165)	(250, 25.410406049646557)
SRR29920116_1	(1, 33.10480475771138)	(2, 33.46889513492648)	(3, 33.16835349892035)	(4, 33.59051594146953)	(5, 33.4939985765468)	(6, 36.81335874639613)	(7, 36.87198571721534)	(8, 36.83730412439533)	(9, 36.88042993111934)	(10, 37.14988479679602)	(15, 37.363964920322815)	(20, 38.056269828823716)	(25, 37.54742391160114)	(30, 38.304932627236205)	(35, 37.67602928935908)	(40, 37.84691605245063)	(45, 37.807778327321856)	(50, 37.241480391329006)	(55, 36.487993534144785)	(60, 37.04948309347745)	(65, 36.87870972411547)	(70, 36.81245642182468)	(75, 36.969837267934906)	(80, 36.520146688058674)	(85, 36.98841695115625)	(90, 37.19989866943315)	(95, 37.26456687214254)	(100, 36.72485373415202)	(105, 36.609650530176)	(110, 36.3677479281518)	(115, 36.23588790909201)	(120, 36.633443912324935)	(125, 37.2292362811682)	(130, 37.458981627803176)	(135, 37.084555532769585)	(140, 36.35678733850441)	(145, 36.06861044428628)	(150, 35.66156796989035)	(155, 35.24033197823805)	(160, 35.03093477447917)	(165, 35.29117579647031)	(170, 35.48609237970011)	(175, 35.36756456807846)	(180, 34.98608876075129)	(185, 34.37971941083513)	(190, 34.648925775359785)	(195, 35.02498039736058)	(200, 34.7855628068567)	(205, 34.509574532250866)	(210, 34.47062740509307)	(215, 33.93590600383608)	(220, 34.08375212613243)	(225, 34.04081209211431)	(230, 34.225484637562275)	(235, 34.02736407831405)	(240, 33.95307670965174)	(245, 33.86555122622049)	(250, 31.31156736673221)
SRR29920116_2	(1, 29.18666537992931)	(2, 29.015609732559682)	(3, 31.81288828305005)	(4, 30.776312773683003)	(5, 31.07392306114817)	(6, 32.93747662762223)	(7, 35.23039434478932)	(8, 33.56983968056745)	(9, 32.881805131669424)	(10, 34.03679264629601)	(15, 36.702819161127664)	(20, 37.064868451210536)	(25, 37.68429014318974)	(30, 37.24520549597693)	(35, 37.655056274654086)	(40, 36.72824348287634)	(45, 37.1713065611542)	(50, 37.37691834445154)	(55, 37.384812478135515)	(60, 37.96487930805698)	(65, 38.26725454479655)	(70, 36.93215194759762)	(75, 36.33193239803611)	(80, 36.50254894628274)	(85, 36.220596644028134)	(90, 36.33729568018143)	(95, 36.60240298201383)	(100, 36.753137025465335)	(105, 36.337710652979)	(110, 36.38221889815072)	(115, 36.25344704874724)	(120, 36.467881829258)	(125, 36.02267633328106)	(130, 35.77604497147062)	(135, 36.44278803816785)	(140, 35.263816543421356)	(145, 35.595616246667554)	(150, 35.94145505868729)	(155, 36.36262832189344)	(160, 35.95217921034536)	(165, 35.76984933109763)	(170, 35.567299178498615)	(175, 34.77639239055696)	(180, 34.19068482574761)	(185, 33.860236196726056)	(190, 33.77670603278768)	(195, 34.330658528052886)	(200, 34.261001001242505)	(205, 34.25220213035453)	(210, 34.02041328395479)	(215, 33.56701448785843)	(220, 33.380057179391294)	(225, 34.134690037033906)	(230, 32.944169270299284)	(235, 32.77319323980362)	(240, 33.328639154613555)	(245, 32.64448653147882)	(250, 28.13572264376274)
SRR29920117_1	(1, 33.117220054675265)	(2, 33.46943758791836)	(3, 33.175412055099926)	(4, 33.60092364041723)	(5, 33.50906388512886)	(6, 36.80488096186002)	(7, 36.86165299785015)	(8, 36.84855482124373)	(9, 36.87650290628235)	(10, 37.16356132388459)	(15, 37.36999495713566)	(20, 38.09506330121825)	(25, 37.5726464421265)	(30, 38.33200626376835)	(35, 37.72033070573559)	(40, 37.79795896700905)	(45, 37.51573639090161)	(50, 37.15658359211189)	(55, 36.731509939751035)	(60, 36.912798258884735)	(65, 36.34978634180003)	(70, 36.98387345064628)	(75, 36.51386787695411)	(80, 36.64415425856623)	(85, 36.77372933089153)	(90, 37.162393502667406)	(95, 37.2167980465536)	(100, 36.84555564402686)	(105, 36.478140510125534)	(110, 36.27854924755156)	(115, 36.1493139050349)	(120, 36.68711150038486)	(125, 37.11015473631128)	(130, 37.29452981925313)	(135, 37.00493935292088)	(140, 36.348061151365556)	(145, 35.87612867266502)	(150, 35.41569657881466)	(155, 35.11141279825888)	(160, 34.96747883324044)	(165, 35.09983278923481)	(170, 35.22778087427343)	(175, 35.27745308809089)	(180, 34.97855720996895)	(185, 34.394115773548855)	(190, 34.7039944793906)	(195, 34.88537834753298)	(200, 34.638328423175935)	(205, 34.492905486105585)	(210, 34.53413753748971)	(215, 33.87625872548239)	(220, 33.828380709716804)	(225, 34.154768160947)	(230, 34.22298484486557)	(235, 33.99844732860897)	(240, 34.139910290097404)	(245, 33.75459033362529)	(250, 31.561615839902327)
SRR29920117_2	(1, 29.13926268014969)	(2, 29.951004591660695)	(3, 30.571529049552776)	(4, 30.823911139421927)	(5, 30.864081535154074)	(6, 32.92963877166441)	(7, 35.16430448284099)	(8, 33.427475648273486)	(9, 33.00176500252143)	(10, 33.9801470393078)	(15, 36.732099158637894)	(20, 37.22999708044696)	(25, 37.75674018632056)	(30, 37.14463465774876)	(35, 37.36311277437163)	(40, 36.81518698410171)	(45, 37.242458263662186)	(50, 37.421036706744175)	(55, 37.492525944209994)	(60, 37.963930249223665)	(65, 38.35702683334661)	(70, 37.23194787270749)	(75, 36.59992833824349)	(80, 36.68884730737585)	(85, 36.27143880882236)	(90, 36.646949067070096)	(95, 36.79909493855668)	(100, 36.93501074926347)	(105, 36.32844175491679)	(110, 36.53699073705444)	(115, 36.40452796135573)	(120, 36.732054038272686)	(125, 36.20285319956472)	(130, 35.77226955437004)	(135, 36.493736231653266)	(140, 35.62489317090002)	(145, 35.625001990604346)	(150, 36.1122382355283)	(155, 36.638999920375824)	(160, 36.184600684767894)	(165, 35.91896382408366)	(170, 35.99606125753112)	(175, 35.10777928178995)	(180, 34.46872627863153)	(185, 34.02346258990896)	(190, 33.912583273615205)	(195, 34.45536268811212)	(200, 34.39660801019189)	(205, 34.434182657854926)	(210, 34.28443347400271)	(215, 33.598999389548)	(220, 33.14218223319266)	(225, 34.42021923189214)	(230, 33.15751784908565)	(235, 32.454359423520984)	(240, 33.17208376463094)	(245, 32.80948854738965)	(250, 25.715569180136423)
SRR29920118_1	(1, 33.10580188898711)	(2, 33.46545386870144)	(3, 33.16372772530591)	(4, 33.5894322182416)	(5, 33.494548612726625)	(6, 36.815087082616046)	(7, 36.87233052621784)	(8, 36.84393368383505)	(9, 36.877789667953905)	(10, 37.154813194993714)	(15, 37.36226368274942)	(20, 38.06635028458878)	(25, 37.561841839978904)	(30, 38.30901844011229)	(35, 37.73524713472604)	(40, 37.91089812186914)	(45, 37.851533057274466)	(50, 37.31212332697467)	(55, 36.55209913305107)	(60, 37.14530622373176)	(65, 36.92236852308504)	(70, 36.828356519176786)	(75, 36.97967710417345)	(80, 36.59840258068519)	(85, 37.08845050326463)	(90, 37.3094123668171)	(95, 37.37892957396982)	(100, 36.73451821523287)	(105, 36.70499852665209)	(110, 36.39950061260256)	(115, 36.3185595310101)	(120, 36.7741342142403)	(125, 37.29659268909258)	(130, 37.51395648195536)	(135, 37.122424355216424)	(140, 36.41598970207354)	(145, 36.12935064129407)	(150, 35.77023527039812)	(155, 35.31491493354426)	(160, 35.17793079917492)	(165, 35.35915569410196)	(170, 35.54641666278943)	(175, 35.46215046759411)	(180, 35.114797065711315)	(185, 34.50024038834349)	(190, 34.78566044758759)	(195, 35.07057491586407)	(200, 34.71992121465904)	(205, 34.55505513422975)	(210, 34.54296437599838)	(215, 34.02126273670497)	(220, 34.1298934536826)	(225, 34.09030847252593)	(230, 34.294849485879126)	(235, 34.13294561019867)	(240, 34.04092185052498)	(245, 33.963104266505376)	(250, 31.452767567735233)
SRR29920118_2	(1, 28.48271530265668)	(2, 31.236030335458057)	(3, 31.46250717287799)	(4, 30.40093673909335)	(5, 30.900897966779883)	(6, 32.76524139642364)	(7, 35.077839296515144)	(8, 33.52099133051071)	(9, 32.91283983932753)	(10, 33.858862575412154)	(15, 36.65352750507917)	(20, 37.00624389336063)	(25, 37.638539679585605)	(30, 37.17775089564044)	(35, 37.512880162533534)	(40, 36.67984615146017)	(45, 37.17974844523023)	(50, 37.36706214426402)	(55, 37.43241985762806)	(60, 37.979782564866085)	(65, 38.283264318615366)	(70, 36.931962344329165)	(75, 36.3863428403046)	(80, 36.507520277919944)	(85, 36.26747313078677)	(90, 36.39414693155911)	(95, 36.6304874455249)	(100, 36.78387381938306)	(105, 36.40876874641356)	(110, 36.371379829091644)	(115, 36.276108500442)	(120, 36.53864669117077)	(125, 36.10009460444486)	(130, 35.795980086539814)	(135, 36.522625971246455)	(140, 35.34252082073233)	(145, 35.65239225174088)	(150, 36.019699437026006)	(155, 36.460087780517696)	(160, 36.003306502892414)	(165, 35.832668000434246)	(170, 35.65057460568557)	(175, 34.8505839110408)	(180, 34.210524356767316)	(185, 33.82030428511608)	(190, 33.799435475115935)	(195, 34.38916236293987)	(200, 34.309300702554324)	(205, 34.32781215589572)	(210, 34.07322073853503)	(215, 33.51442485150203)	(220, 33.31021572915212)	(225, 34.20270165480234)	(230, 32.93129235875246)	(235, 32.76735061027621)	(240, 33.39423688332636)	(245, 32.76142309899347)	(250, 28.223576668372647)
SRR29920119_1	(1, 33.005508240717695)	(2, 33.401279123875895)	(3, 33.14455614834374)	(4, 33.558507472377634)	(5, 33.45621002737888)	(6, 36.81504647916283)	(7, 36.87028039001375)	(8, 36.842219745257395)	(9, 36.87421948553681)	(10, 37.15816767128031)	(15, 37.37558193643339)	(20, 38.08079041631045)	(25, 37.28662980077267)	(30, 38.257867910439685)	(35, 37.71443721795968)	(40, 37.74870734901036)	(45, 37.13738786022704)	(50, 37.346449944268294)	(55, 36.72632376335126)	(60, 37.07266981938598)	(65, 36.43445626413583)	(70, 36.764496196175614)	(75, 36.51184650513489)	(80, 36.7231919659766)	(85, 36.913606112091074)	(90, 37.13675803781099)	(95, 37.37361671734825)	(100, 36.37570530371076)	(105, 36.35249494085946)	(110, 36.062027768459096)	(115, 36.067849838215714)	(120, 36.9172898157066)	(125, 37.076245306091536)	(130, 37.1253303321177)	(135, 36.776276688995424)	(140, 36.290739879013486)	(145, 35.799292261408766)	(150, 35.526760959667556)	(155, 34.896661508327284)	(160, 35.13279729890593)	(165, 35.11159111322735)	(170, 35.2404839460214)	(175, 34.989888211932)	(180, 35.008661681474344)	(185, 34.25911024056619)	(190, 34.919272349497334)	(195, 34.84941833410888)	(200, 34.33510231908838)	(205, 34.59833995260099)	(210, 34.53236226692783)	(215, 34.25044206607725)	(220, 34.516311534840426)	(225, 34.235386929561614)	(230, 34.382020842576864)	(235, 34.32705747400088)	(240, 33.95126343242394)	(245, 33.478929085458894)	(250, 30.111203696689646)
SRR29920119_2	(1, 30.53831419697642)	(2, 29.80747129546463)	(3, 31.94207148809073)	(4, 31.932689081995953)	(5, 31.57071433982274)	(6, 32.8261387124352)	(7, 35.250662828573596)	(8, 33.45494388953218)	(9, 33.031556050948524)	(10, 33.84522601101648)	(15, 36.58026339995887)	(20, 37.30932937980889)	(25, 37.574285497851896)	(30, 37.063042843074655)	(35, 37.56814527037995)	(40, 36.761931455409226)	(45, 37.21286049758135)	(50, 37.396199422121704)	(55, 37.42937006936704)	(60, 37.89650784031513)	(65, 38.35970435140196)	(70, 37.13834233337302)	(75, 36.71079247243174)	(80, 36.619046176155486)	(85, 36.02264979925763)	(90, 36.31950609802288)	(95, 36.29563344768253)	(100, 36.5345785492441)	(105, 36.231400218598154)	(110, 36.504654409298)	(115, 36.81254883288063)	(120, 36.880089170733825)	(125, 35.79080156265218)	(130, 35.755743612496886)	(135, 36.392253833584036)	(140, 34.825405001785576)	(145, 35.59585745668619)	(150, 35.93697230729274)	(155, 36.5392405337258)	(160, 35.72070730572359)	(165, 35.905550445312585)	(170, 35.85744586449079)	(175, 34.88049173763893)	(180, 34.244671940437414)	(185, 34.001707662839394)	(190, 33.84392524375859)	(195, 34.42931812525025)	(200, 34.01032172887335)	(205, 34.20477669440627)	(210, 33.75678898784723)	(215, 33.12374820089387)	(220, 33.13366086984752)	(225, 34.116281234105635)	(230, 32.42163256030388)	(235, 32.69805317778956)	(240, 32.91919010464575)	(245, 32.94705163028774)	(250, 23.90226930860216)
SRR29920120_1	(1, 33.0123981700369)	(2, 33.19758839436045)	(3, 33.281756492457355)	(4, 33.55038350992364)	(5, 33.60283338152009)	(6, 36.832973349886906)	(7, 36.90193710777394)	(8, 36.87174951954965)	(9, 36.87491283865372)	(10, 37.169111719587065)	(15, 37.39148284834776)	(20, 38.10040306807939)	(25, 37.444823891562784)	(30, 38.25369479072773)	(35, 37.81730981819419)	(40, 37.99076514906716)	(45, 37.804795999931976)	(50, 37.37693838330584)	(55, 36.631898501675195)	(60, 37.2074150920934)	(65, 37.09573632204629)	(70, 37.021037772751235)	(75, 37.1275906052824)	(80, 36.646436163880345)	(85, 37.139951359717)	(90, 37.402612289324644)	(95, 37.43568087892651)	(100, 36.86975628837225)	(105, 36.82870116838722)	(110, 36.53260089457304)	(115, 36.455313865882076)	(120, 36.883232708039245)	(125, 37.35471351553598)	(130, 37.55858092824708)	(135, 37.20630282827939)	(140, 36.50843721832004)	(145, 36.1331349172605)	(150, 35.906692290685214)	(155, 35.436476810830115)	(160, 35.31445092603616)	(165, 35.563077603360604)	(170, 35.67103522168745)	(175, 35.57040085715743)	(180, 35.23993265191585)	(185, 34.613734927464755)	(190, 34.969931461419414)	(195, 35.19115631218218)	(200, 34.973030153574044)	(205, 34.7399921767377)	(210, 34.75829861052059)	(215, 34.26974948553546)	(220, 34.399979591489654)	(225, 34.22148335856052)	(230, 34.52024694297522)	(235, 34.350308678719024)	(240, 34.13378458817327)	(245, 33.99284001428596)	(250, 31.347880065987518)
SRR29920120_2	(1, 27.79666320855797)	(2, 29.454293440364633)	(3, 31.670096430211398)	(4, 30.32304971172979)	(5, 30.938383305838535)	(6, 32.91809384513342)	(7, 35.03411622646644)	(8, 33.23803125903502)	(9, 32.93603632714842)	(10, 33.96344835796527)	(15, 36.69520910219562)	(20, 36.98164594635963)	(25, 37.71041684382387)	(30, 37.252266195003315)	(35, 37.5100460892192)	(40, 36.59598972771646)	(45, 37.16169322607527)	(50, 37.49778737733635)	(55, 37.53754655691423)	(60, 38.02625894998214)	(65, 38.325474923042904)	(70, 37.172747835847545)	(75, 36.60158846238882)	(80, 36.775996190411405)	(85, 36.23796663208558)	(90, 36.38757121719757)	(95, 36.51676389054236)	(100, 36.73242742223507)	(105, 36.33566557254376)	(110, 36.52254630180785)	(115, 36.42190853585945)	(120, 36.617143148693)	(125, 36.062718753720304)	(130, 35.89105256892124)	(135, 36.36611847140258)	(140, 35.26254187996394)	(145, 35.73812479804078)	(150, 36.03360601370772)	(155, 36.466674603309585)	(160, 35.99734689365466)	(165, 35.885246347727005)	(170, 35.61712274018266)	(175, 34.87678702018742)	(180, 34.13911801221109)	(185, 33.49527032772666)	(190, 33.88358985697036)	(195, 34.38896920015647)	(200, 34.360965322539506)	(205, 34.282912974710456)	(210, 33.881409547781416)	(215, 33.26019830269222)	(220, 33.188778720726546)	(225, 34.019183999727886)	(230, 32.81731321961258)	(235, 32.95280191839997)	(240, 33.498617323423865)	(245, 33.01079610197452)	(250, 26.653395465909284)
SRR29920121_1	(1, 32.79804049410562)	(2, 33.28204902289027)	(3, 33.205977197836084)	(4, 33.05036212091843)	(5, 33.298119790657104)	(6, 36.78389046503022)	(7, 36.85650848473101)	(8, 36.8491603376271)	(9, 36.82808507638901)	(10, 37.155590406879426)	(15, 37.349327741458)	(20, 37.96651570952792)	(25, 37.57568239087913)	(30, 38.25534194435144)	(35, 37.59447391143456)	(40, 37.776122927276255)	(45, 37.58876103543675)	(50, 37.30517189730216)	(55, 36.66466369451444)	(60, 37.1277344094169)	(65, 36.880441946113585)	(70, 36.89171967787979)	(75, 36.77471673509665)	(80, 36.81354032670179)	(85, 37.01793864209061)	(90, 37.19408271511392)	(95, 37.195742656258254)	(100, 36.61826287687889)	(105, 36.58504995682743)	(110, 36.24595323265608)	(115, 36.17429382015542)	(120, 36.94396729457788)	(125, 37.2734109852156)	(130, 37.40651289009498)	(135, 37.04629508890024)	(140, 36.37966483990907)	(145, 36.00871557208057)	(150, 35.694451003541914)	(155, 35.177955558688254)	(160, 35.071719325450665)	(165, 35.34362896262489)	(170, 35.515720100794724)	(175, 35.39672240920545)	(180, 35.070394191968134)	(185, 34.4143791080019)	(190, 34.73385610319124)	(195, 35.08507991330244)	(200, 34.7737616521877)	(205, 34.663930641949634)	(210, 34.57401540115244)	(215, 34.18913461030151)	(220, 34.34093992845689)	(225, 34.17371231211122)	(230, 34.312784366244344)	(235, 34.222199510123524)	(240, 33.90627852473172)	(245, 33.854069675236566)	(250, 31.249519815327144)
SRR29920121_2	(1, 32.14396729457788)	(2, 31.135614724488537)	(3, 31.376693862446917)	(4, 31.989004211527956)	(5, 31.346032529207562)	(6, 32.73687642072988)	(7, 34.93904738409488)	(8, 33.41778709757)	(9, 32.886288745176124)	(10, 33.789687924016285)	(15, 36.625847151491655)	(20, 36.94208179879821)	(25, 37.6812349116284)	(30, 37.291127596962056)	(35, 37.46749722462069)	(40, 36.63724118486669)	(45, 37.13335565384413)	(50, 37.398629050732175)	(55, 37.18775308816014)	(60, 37.9565560626619)	(65, 38.286845583182085)	(70, 37.198646672188055)	(75, 36.50819926342315)	(80, 36.44132583834077)	(85, 36.02447620222383)	(90, 36.18512749123333)	(95, 36.3883698391161)	(100, 36.609462721810075)	(105, 36.28991876508837)	(110, 36.425336129271)	(115, 36.59193994607834)	(120, 36.614646954131345)	(125, 35.90023084107209)	(130, 35.90370931646373)	(135, 36.337968950994735)	(140, 35.07965250488995)	(145, 35.617131579411094)	(150, 35.827873618918396)	(155, 36.27701985938078)	(160, 35.8341680029604)	(165, 35.88241907346385)	(170, 35.65816842587534)	(175, 34.79953831785582)	(180, 34.16290683536274)	(185, 33.83400588556627)	(190, 33.75717633790904)	(195, 34.31975188990114)	(200, 34.12285326613685)	(205, 34.195185818252305)	(210, 33.8698514511269)	(215, 33.337433258735835)	(220, 33.3290489700259)	(225, 33.97636962765864)	(230, 32.59159104125183)	(235, 32.50315247845778)	(240, 33.01928844561137)	(245, 32.80489171615359)	(250, 25.76910606354297)
SRR29920122_1	(1, 32.83251425201494)	(2, 33.31104928097262)	(3, 33.214997504952294)	(4, 33.07931227412257)	(5, 33.31641741392085)	(6, 36.78445812100225)	(7, 36.85806958914881)	(8, 36.852716577701834)	(9, 36.825966641968215)	(10, 37.1685472773737)	(15, 37.36103491554642)	(20, 38.03055148115105)	(25, 37.715374030333734)	(30, 38.175070693018405)	(35, 37.66556380517458)	(40, 37.834579849087426)	(45, 37.75879390905929)	(50, 37.534342441517595)	(55, 36.7914503031861)	(60, 37.37866961031891)	(65, 37.210352179764406)	(70, 37.28975215859431)	(75, 37.35813158730399)	(80, 36.92740469673829)	(85, 37.250705418033895)	(90, 37.41538461538462)	(95, 37.30634346977968)	(100, 36.78499947074745)	(105, 36.93196836581936)	(110, 36.601639170736874)	(115, 36.396803314633075)	(120, 37.0138754895586)	(125, 37.43352436829929)	(130, 37.618944216781834)	(135, 37.246465349079855)	(140, 36.516483948526414)	(145, 36.21476463383285)	(150, 35.83681480697403)	(155, 35.43852051231646)	(160, 35.29370491902436)	(165, 35.59568432353964)	(170, 35.80573709757905)	(175, 35.68195248824303)	(180, 35.22043822110659)	(185, 34.548586895707004)	(190, 34.823625833572756)	(195, 35.23148296562882)	(200, 35.017531868563914)	(205, 34.80144259122046)	(210, 34.676073248552115)	(215, 34.25104716396244)	(220, 34.396531127610345)	(225, 34.29311215617487)	(230, 34.351874310081506)	(235, 34.20661414465228)	(240, 34.02744854909196)	(245, 34.16024859748076)	(250, 32.1017677034976)
SRR29920122_2	(1, 29.65427711663214)	(2, 28.94839031619059)	(3, 29.869516565604634)	(4, 31.236288578730097)	(5, 30.959323161603486)	(6, 32.874839334049085)	(7, 35.03089322707959)	(8, 33.4679197350713)	(9, 33.00371988931061)	(10, 33.82774795481696)	(15, 36.55180172687544)	(20, 36.79819449274923)	(25, 37.797018039951006)	(30, 37.335065249277946)	(35, 37.57095159607446)	(40, 36.5266335001739)	(45, 36.941860851945385)	(50, 37.266080960517755)	(55, 37.25077497693972)	(60, 37.91667750374258)	(65, 38.17713326579062)	(70, 37.073306013821046)	(75, 36.306645899804934)	(80, 36.23386006562731)	(85, 35.94164612662745)	(90, 36.244590282923284)	(95, 36.44574858992)	(100, 36.71428830654307)	(105, 36.095183801847845)	(110, 36.245437086993995)	(115, 36.50297439929836)	(120, 36.472347310641)	(125, 35.981666691869165)	(130, 35.858728886603856)	(135, 36.38594305242624)	(140, 35.1322526500431)	(145, 35.629955694001296)	(150, 35.92688149279461)	(155, 36.318377160484495)	(160, 35.81947951792654)	(165, 35.75214952140448)	(170, 35.4432263235094)	(175, 34.68232447717409)	(180, 33.90135639866325)	(185, 33.471748499191)	(190, 33.641124434833884)	(195, 34.168386989460316)	(200, 34.03494881371823)	(205, 34.030406314738926)	(210, 33.684320515340765)	(215, 33.281444405800606)	(220, 33.23171886104852)	(225, 33.67750979117207)	(230, 32.38216872571109)	(235, 31.8562610575978)	(240, 32.893021427167284)	(245, 32.37684595726664)	(250, 26.44969832604981)
SRR29920123_1	(1, 32.831422604368015)	(2, 33.324124064076074)	(3, 33.21827856650892)	(4, 33.079073074274035)	(5, 33.32534604190273)	(6, 36.78712035370704)	(7, 36.865071430158416)	(8, 36.85575107200782)	(9, 36.84125397142794)	(10, 37.179421893399095)	(15, 37.37936412717456)	(20, 38.023588615610215)	(25, 37.718896220755845)	(30, 38.13520629207492)	(35, 37.71393721255749)	(40, 37.68423648603613)	(45, 37.735686196094115)	(50, 37.52134017640917)	(55, 36.79329911795419)	(60, 37.47754449110178)	(65, 37.23500188851119)	(70, 37.29720500344375)	(75, 37.49914239374347)	(80, 36.88270123753027)	(85, 37.307820658090606)	(90, 37.395125419360575)	(95, 37.21546579572974)	(100, 36.613550623208695)	(105, 36.97888422315537)	(110, 36.64105178964208)	(115, 36.528985314048306)	(120, 37.181488146815084)	(125, 37.398975760403474)	(130, 37.590826279188605)	(135, 37.20892488169032)	(140, 36.480752738341224)	(145, 36.1992201559688)	(150, 35.86919504987891)	(155, 35.36489813148482)	(160, 35.385958363882786)	(165, 35.71491479481881)	(170, 35.91559021529028)	(175, 35.604259148170364)	(180, 35.25267390966252)	(185, 34.47652025150525)	(190, 35.03484414228265)	(195, 35.19802483947655)	(200, 35.05201181985825)	(205, 34.87640027550046)	(210, 34.68341442822547)	(215, 34.21363282898976)	(220, 34.316692217112134)	(225, 34.32365304716835)	(230, 34.38677819991557)	(235, 34.15457130796064)	(240, 33.796582905641095)	(245, 34.07574262925193)	(250, 31.7163678375436)
SRR29920123_2	(1, 29.233164478215468)	(2, 28.739085516230087)	(3, 30.967006598680264)	(4, 30.428192139349907)	(5, 30.37385856162101)	(6, 32.823601946277414)	(7, 35.30587215890155)	(8, 33.35636206092115)	(9, 32.88531182652358)	(10, 33.96418938434535)	(15, 36.675176075895926)	(20, 36.5798551400831)	(25, 37.930644982114686)	(30, 37.38117931969162)	(35, 37.42493723477527)	(40, 36.56851518585172)	(45, 37.021844519984896)	(50, 37.353373769690506)	(55, 37.384005421138)	(60, 38.04912128685374)	(65, 38.222937634695285)	(70, 37.23816792197116)	(75, 36.38861116665556)	(80, 36.36661334399787)	(85, 36.100322157790664)	(90, 36.139825368259686)	(95, 36.57564709280366)	(100, 36.64577751116444)	(105, 36.07325423804128)	(110, 36.14282921193539)	(115, 36.57940411917616)	(120, 36.53600391032905)	(125, 35.99795374258481)	(130, 35.989857584038745)	(135, 36.42324868359661)	(140, 34.94890133084494)	(145, 35.785367370970256)	(150, 35.99741162878536)	(155, 36.377731120442576)	(160, 35.7623875224955)	(165, 35.79926903508188)	(170, 35.14286476038126)	(175, 34.615816836632675)	(180, 34.04115176964607)	(185, 33.548730253949216)	(190, 33.78520295940812)	(195, 34.2619076184763)	(200, 34.096749538981086)	(205, 33.91686329400787)	(210, 33.69546535137417)	(215, 33.348828012175346)	(220, 33.49948454753494)	(225, 33.52750116643338)	(230, 32.28204581305962)	(235, 31.735743962318644)	(240, 32.76007687351419)	(245, 32.12300650980915)	(250, 25.843198027061256)
SRR29920124_1	(1, 32.82812040972209)	(2, 33.30288489786326)	(3, 33.23108560684698)	(4, 33.04465422354531)	(5, 33.321804187312715)	(6, 36.78291780097534)	(7, 36.865880647877944)	(8, 36.84257427681702)	(9, 36.82189232064866)	(10, 37.157151530582276)	(15, 37.3619929885035)	(20, 38.066264517518945)	(25, 37.56921208797665)	(30, 38.173195714761356)	(35, 37.803188468242624)	(40, 38.11338255743355)	(45, 37.81502575451928)	(50, 37.39083805009891)	(55, 36.86928063612684)	(60, 37.29867799996083)	(65, 36.92213321843358)	(70, 36.946411014708474)	(75, 36.90866644470123)	(80, 36.881482206858735)	(85, 37.01269903445034)	(90, 37.364531228578706)	(95, 37.28967273154586)	(100, 36.732438943183375)	(105, 36.615158933782496)	(110, 36.39943986368711)	(115, 36.20134746078067)	(120, 36.996533422119505)	(125, 37.305199866820736)	(130, 37.340202510820816)	(135, 37.014011241896625)	(140, 36.44453279539356)	(145, 36.048489002918195)	(150, 35.79522904874753)	(155, 35.48453357880099)	(160, 35.06576313676335)	(165, 35.521189212479676)	(170, 35.43119528388727)	(175, 35.531702540198594)	(180, 35.148639808848586)	(185, 34.537848371491805)	(190, 34.71987700503339)	(195, 34.991527448637854)	(200, 34.83877866781567)	(205, 34.67981354903151)	(210, 34.74441724279755)	(215, 34.450361346677376)	(220, 34.421085410995126)	(225, 34.232891360974556)	(230, 34.307977046162286)	(235, 34.15716719873088)	(240, 34.28611214477369)	(245, 34.06997786874008)	(250, 31.968820384261345)
SRR29920124_2	(1, 31.667894004974638)	(2, 30.6773928200709)	(3, 30.836620380344307)	(4, 30.02060361542529)	(5, 30.28694255665015)	(6, 32.77361483773674)	(7, 34.995808770246185)	(8, 33.35502066237098)	(9, 32.87917898901271)	(10, 33.75833055876535)	(15, 36.680890734248614)	(20, 36.91543116786463)	(25, 37.7554280342349)	(30, 37.25945278990971)	(35, 37.36849527017764)	(40, 36.579788088290016)	(45, 37.09271235237666)	(50, 37.3907792945416)	(55, 37.45128968448266)	(60, 38.028053820090484)	(65, 38.2598209914021)	(70, 37.450333927417304)	(75, 36.775118980003526)	(80, 36.76624689085176)	(85, 36.0972443643628)	(90, 36.4799232260718)	(95, 36.313613662625585)	(100, 36.49183101901722)	(105, 36.32344150884271)	(110, 36.173607003662426)	(115, 36.50463581347069)	(120, 36.80550735423726)	(125, 36.18604359662351)	(130, 36.03878650188997)	(135, 36.008997434340664)	(140, 35.55647388315478)	(145, 35.59071662194716)	(150, 36.02356881255018)	(155, 36.37051646134863)	(160, 36.10583834387669)	(165, 35.85638183278168)	(170, 35.861571907009534)	(175, 35.019471591688045)	(180, 34.383971483969525)	(185, 33.49131397011301)	(190, 33.80600090091855)	(195, 34.14433106798018)	(200, 34.37614916077479)	(205, 34.21674533382949)	(210, 34.117804892379404)	(215, 33.582843377269434)	(220, 32.87291564660491)	(225, 33.862092872950896)	(230, 33.07740065414521)	(235, 32.330268904600565)	(240, 33.187590826298994)	(245, 33.11232495740222)	(250, 25.44192013161245)
SRR29920125_1	(1, 32.80733627618922)	(2, 33.29947950981684)	(3, 33.21144090130452)	(4, 33.065654236394785)	(5, 33.32064501251812)	(6, 36.780554091448145)	(7, 36.85414745025695)	(8, 36.85241797338253)	(9, 36.82609698247463)	(10, 37.15024047964159)	(15, 37.36173079457109)	(20, 38.038931348003686)	(25, 37.49986823033338)	(30, 38.22664053234945)	(35, 37.634032810646985)	(40, 37.88616418500461)	(45, 37.76636579259455)	(50, 37.26652391619449)	(55, 36.56618460930294)	(60, 37.07774080906576)	(65, 36.83514626432996)	(70, 36.84667281591777)	(75, 36.93058373962314)	(80, 36.61639214652787)	(85, 36.9735834760838)	(90, 37.17683818684939)	(95, 37.326014626433)	(100, 36.7139016998287)	(105, 36.55876268283041)	(110, 36.3318026090394)	(115, 36.21796020556068)	(120, 36.757919356964024)	(125, 37.24123731716959)	(130, 37.41683357491105)	(135, 37.055122545789956)	(140, 36.34526288048492)	(145, 35.939412307286865)	(150, 35.65885162735539)	(155, 35.23754776650415)	(160, 35.023975490842005)	(165, 35.28736987745422)	(170, 35.4105251021215)	(175, 35.34897878508367)	(180, 35.05936552905521)	(185, 34.439320068520225)	(190, 34.736704440637766)	(195, 35.08156212939782)	(200, 34.77392278297536)	(205, 34.56387864013704)	(210, 34.507922651205696)	(215, 33.98961325602846)	(220, 34.03278099881407)	(225, 33.78311371722229)	(230, 34.061137831071285)	(235, 34.01022862037159)	(240, 33.82672288839109)	(245, 33.78571287389643)	(250, 30.465212808011596)
SRR29920125_2	(1, 31.73519238371327)	(2, 30.560712873896428)	(3, 31.004694294373436)	(4, 30.304651469231782)	(5, 30.724535511925154)	(6, 32.85157794175781)	(7, 35.32334629068389)	(8, 33.58527144551324)	(9, 32.85892410067203)	(10, 33.906828962972725)	(15, 36.638078139412315)	(20, 36.88690868362103)	(25, 37.68340690473053)	(30, 37.187023982079324)	(35, 37.42744762155752)	(40, 36.58322572143893)	(45, 37.09500592963499)	(50, 37.34565160100145)	(55, 37.37594544735801)	(60, 37.98162142574779)	(65, 38.25933917512189)	(70, 37.03555145605482)	(75, 36.20732639346422)	(80, 36.314293714586896)	(85, 36.04386612201871)	(90, 36.01090723415469)	(95, 36.20305376202398)	(100, 36.387870602187384)	(105, 36.015262221636576)	(110, 35.916260376861246)	(115, 36.02016405323494)	(120, 36.370397944393204)	(125, 35.793154565818945)	(130, 35.61182632757939)	(135, 36.11908024772698)	(140, 35.1353900382132)	(145, 35.3732013440506)	(150, 35.68829555936223)	(155, 35.98865463170378)	(160, 35.61523916194491)	(165, 35.47217024640928)	(170, 35.205804453814736)	(175, 34.4990907893003)	(180, 33.94858677032547)	(185, 33.57294109895902)	(190, 33.71175056002109)	(195, 34.130643035973115)	(200, 34.13057056265647)	(205, 33.990993543286336)	(210, 33.81329555936223)	(215, 33.27377124785875)	(220, 33.01726512056924)	(225, 33.785884174463035)	(230, 32.60215113980762)	(235, 32.121923178284355)	(240, 32.749640927658454)	(245, 32.202394913690874)	(250, 27.353225062590592)
SRR29920126_1	(1, 32.750630711442504)	(2, 33.26569770701351)	(3, 33.179654650445705)	(4, 33.02599932724113)	(5, 33.2911364018613)	(6, 36.78740819644559)	(7, 36.86229466838594)	(8, 36.85506251051186)	(9, 36.82818018725122)	(10, 37.15096989404047)	(15, 37.36110612771206)	(20, 38.05043168694287)	(25, 37.37010427762516)	(30, 38.31234232213937)	(35, 37.7621376913158)	(40, 37.92717665526715)	(45, 37.62024163256153)	(50, 37.32135448786231)	(55, 36.602800358804735)	(60, 37.142812692717385)	(65, 36.432740931771036)	(70, 36.69858160004485)	(75, 36.557725514380216)	(80, 36.634335930930085)	(85, 37.064262488086555)	(90, 37.36236194427314)	(95, 37.52740931771038)	(100, 36.32362504905533)	(105, 36.63489376016146)	(110, 36.190211358412284)	(115, 36.26296742725795)	(120, 37.05788249145036)	(125, 37.19044402085552)	(130, 37.37807366709648)	(135, 36.97318775578852)	(140, 36.29741268150473)	(145, 36.028202612546956)	(150, 35.76347760273588)	(155, 34.99250714806301)	(160, 35.32264954869092)	(165, 35.33716432135449)	(170, 35.51916521836632)	(175, 35.15535684251836)	(180, 35.11838593933957)	(185, 34.300117732802605)	(190, 35.05076526321691)	(195, 35.10166227504625)	(200, 34.33627011268711)	(205, 34.58973201771598)	(210, 34.52300274709873)	(215, 34.19988507035937)	(220, 34.227291584907775)	(225, 33.81341032684868)	(230, 34.12211694791725)	(235, 34.23914896002691)	(240, 33.98447608902842)	(245, 33.47082188708864)	(250, 30.283778101698715)
SRR29920126_2	(1, 31.958078712788026)	(2, 30.73025172394461)	(3, 31.192156752817176)	(4, 30.167671133038066)	(5, 30.95453271290015)	(6, 32.43177103773056)	(7, 34.8293855468969)	(8, 33.34094859000953)	(9, 33.04112238605147)	(10, 33.63905925884397)	(15, 36.601345517744015)	(20, 37.13472837360543)	(25, 37.617570219207266)	(30, 37.08590009530751)	(35, 37.512916970342545)	(40, 36.67902674216516)	(45, 37.17114985703874)	(50, 37.35474295004765)	(55, 37.483032460615576)	(60, 37.97509110276392)	(65, 38.33303806693951)	(70, 37.13396871671245)	(75, 36.548926388966755)	(80, 36.15124740707519)	(85, 36.27463699052531)	(90, 36.28860514660538)	(95, 36.27678421259181)	(100, 36.31216572293547)	(105, 36.27264954869092)	(110, 35.71417839322756)	(115, 36.333133374446376)	(120, 36.602155631552385)	(125, 35.791767113303806)	(130, 35.42140494477771)	(135, 36.32660761338791)	(140, 35.24417222627123)	(145, 35.41672927061726)	(150, 35.62687111061277)	(155, 36.22884733979929)	(160, 35.746944553456295)	(165, 35.55678365195941)	(170, 35.40040085216124)	(175, 34.68793799405729)	(180, 33.99481695352357)	(185, 33.691915680888044)	(190, 33.61430453551606)	(195, 34.26594158210462)	(200, 34.00787408196446)	(205, 34.176781409429836)	(210, 33.9091999775747)	(215, 32.98970398609632)	(220, 32.75608846779168)	(225, 34.0970454672871)	(230, 32.42574423950216)	(235, 32.41335986993329)	(240, 32.945251443628415)	(245, 32.59150922240287)	(250, 27.198323709143914)
SRR29920127_1	(1, 32.787967695122724)	(2, 33.29492396996656)	(3, 33.20966622499842)	(4, 33.06588743769323)	(5, 33.310492775569436)	(6, 36.78189475676699)	(7, 36.852987570193704)	(8, 36.84793993311881)	(9, 36.8296107009906)	(10, 37.16083349107198)	(15, 37.34697457252824)	(20, 38.07096662249984)	(25, 37.58716322796391)	(30, 38.16861631648685)	(35, 37.71556880560287)	(40, 37.915900056785915)	(45, 37.66996340463121)	(50, 37.57444318253518)	(55, 36.85737901444885)	(60, 37.41347403621679)	(65, 37.092636759417)	(70, 37.25284560540097)	(75, 37.181878982901125)	(80, 36.924553599596194)	(85, 37.26107009905987)	(90, 37.479254211622184)	(95, 37.39548551959113)	(100, 36.72466717143037)	(105, 36.80321471386207)	(110, 36.48715691841757)	(115, 36.35252381853745)	(120, 37.06763202725724)	(125, 37.39060193072119)	(130, 37.544050097797964)	(135, 37.1970565966307)	(140, 36.44865922140198)	(145, 36.16841756577703)	(150, 35.827067953814115)	(155, 35.42657265442615)	(160, 35.32688182219698)	(165, 35.53043409678844)	(170, 35.728399268092616)	(175, 35.61982459461165)	(180, 35.22146507666099)	(185, 34.51075462174269)	(190, 34.82708057290681)	(195, 35.16456558773424)	(200, 34.86221212694807)	(205, 34.72368288220078)	(210, 34.69136538582875)	(215, 34.353574358003655)	(220, 34.46098176541107)	(225, 34.328487601741436)	(230, 34.34890213893621)	(235, 34.19629314152312)	(240, 34.10917723515679)	(245, 34.07871159063664)	(250, 31.977269859297117)
SRR29920127_2	(1, 30.19966559404379)	(2, 31.928055397816898)	(3, 31.901634172502998)	(4, 31.41893810335037)	(5, 31.046280522430436)	(6, 33.0309640986813)	(7, 34.99881696006057)	(8, 33.490488358887)	(9, 32.94930279512903)	(10, 33.9650955896271)	(15, 36.75037226323427)	(20, 36.999482617199824)	(25, 37.90802889772226)	(30, 37.42477758849138)	(35, 37.656864786421856)	(40, 36.72120954003407)	(45, 37.14983910656824)	(50, 37.43611899804404)	(55, 37.4494731528803)	(60, 38.07052179948262)	(65, 38.29505016089344)	(70, 37.44806612404568)	(75, 36.780932550949586)	(80, 36.68025111994448)	(85, 36.286816202915006)	(90, 36.67828569625844)	(95, 36.75198119755189)	(100, 37.018900246072306)	(105, 36.3816360653669)	(110, 36.5293867120954)	(115, 36.822326329736896)	(120, 36.82919427093192)	(125, 36.29768439649189)	(130, 36.17641807054073)	(135, 36.59946999810713)	(140, 35.51795381412076)	(145, 35.92636128462364)	(150, 36.251880244810394)	(155, 36.65822133888573)	(160, 36.21359391759732)	(165, 36.093333964287964)	(170, 35.9466086188403)	(175, 35.14877279323617)	(180, 34.43780995646413)	(185, 33.95912675878604)	(190, 34.045406650261846)	(195, 34.545993438071804)	(200, 34.39077544324563)	(205, 34.480162786295665)	(210, 34.14635623698656)	(215, 33.813915704460854)	(220, 33.62901444886113)	(225, 34.2275853366143)	(230, 33.08626727238311)	(235, 32.7323521988769)	(240, 33.545794687361976)	(245, 33.201738280017665)	(250, 26.336298820114834)
SRR29920128_1	(1, 32.862382804305376)	(2, 33.31196243282932)	(3, 33.23121238038374)	(4, 32.99412609530572)	(5, 33.295357356097405)	(6, 36.77280575771757)	(7, 36.855314754151266)	(8, 36.85239393890494)	(9, 36.821830269973695)	(10, 37.16652197066274)	(15, 37.34988784714938)	(20, 38.042627765495645)	(25, 37.75586502928884)	(30, 38.141302909519275)	(35, 37.70474269392761)	(40, 37.862547402733625)	(45, 37.763129952072816)	(50, 37.60764253094289)	(55, 36.85626038825864)	(60, 37.36959124723652)	(65, 37.15204053639723)	(70, 37.41682131388275)	(75, 37.38095499362585)	(80, 37.046200519614644)	(85, 37.2791137504236)	(90, 37.445438848456476)	(95, 37.35195339605287)	(100, 36.76463392986816)	(105, 36.802117187626074)	(110, 36.57782116864884)	(115, 36.29430844454485)	(120, 37.032619535574234)	(125, 37.46503574367829)	(130, 37.60324032984234)	(135, 37.259710500411494)	(140, 36.50907711920476)	(145, 36.25970081815101)	(150, 35.82896932337136)	(155, 35.52300989204279)	(160, 35.269034517258625)	(165, 35.49084865013152)	(170, 35.75932482370218)	(175, 35.77526182446062)	(180, 35.21996482112023)	(185, 34.56827123239039)	(190, 34.686307669964016)	(195, 35.182681663412346)	(200, 35.06181155093676)	(205, 34.80155238909777)	(210, 34.678139069534765)	(215, 34.37202149461828)	(220, 34.38831996643483)	(225, 34.3185108683374)	(230, 34.18581548838935)	(235, 34.09558650292888)	(240, 34.08797301876744)	(245, 34.29779405831948)	(250, 32.58606722716197)
SRR29920128_2	(1, 28.332553373460925)	(2, 29.162839484258257)	(3, 29.683761235456437)	(4, 31.528344817570076)	(5, 30.69576723845794)	(6, 32.4039600445384)	(7, 34.91847536671562)	(8, 33.13021026642353)	(9, 33.101534638286886)	(10, 33.8658103245171)	(15, 36.72485274895512)	(20, 36.701654052832865)	(25, 37.915264083654726)	(30, 37.383453016831005)	(35, 37.41186722393455)	(40, 36.582539656925235)	(45, 37.093207894269725)	(50, 37.41590795397699)	(55, 37.33069760686795)	(60, 38.084910197034006)	(65, 38.25071890784101)	(70, 37.46186318965935)	(75, 36.701315173715884)	(80, 36.57923477867966)	(85, 36.29504752376188)	(90, 36.77686907970114)	(95, 36.81463635043328)	(100, 37.19122787200052)	(105, 36.397798899449725)	(110, 36.47145185495974)	(115, 36.80692927108716)	(120, 36.8141296454679)	(125, 36.468179250915775)	(130, 36.263596314286175)	(135, 36.701095709144894)	(140, 35.73214349110039)	(145, 35.91137826978005)	(150, 36.40609014184512)	(155, 36.710865109974335)	(160, 36.352227726766614)	(165, 36.134767383691845)	(170, 35.97435814681535)	(175, 35.190382287918155)	(180, 34.494298762284366)	(185, 33.84274395262147)	(190, 34.01572399102777)	(195, 34.61374880988882)	(200, 34.539247042876276)	(205, 34.5841856412077)	(210, 34.26673336668334)	(215, 33.9035646855686)	(220, 33.64175313463183)	(225, 34.33729445367845)	(230, 33.32831577078862)	(235, 32.39274153205635)	(240, 33.604363472058616)	(245, 33.099979021768945)	(250, 27.87437267020607)
SRR29920129_1	(1, 33.30735122812731)	(2, 33.549181457219085)	(3, 33.22765133960444)	(4, 33.61780878540025)	(5, 33.52048548918421)	(6, 36.82362814234002)	(7, 36.88507834713228)	(8, 36.839673334418876)	(9, 36.887595976802736)	(10, 37.172356175708)	(15, 37.364730638676306)	(20, 38.03121359770532)	(25, 37.80114984280472)	(30, 38.165494695441964)	(35, 37.72150757167729)	(40, 37.79459899545324)	(45, 37.8140461189674)	(50, 37.51142202237058)	(55, 36.73535578741686)	(60, 37.402527650087045)	(65, 37.27630296729587)	(70, 37.349489585029495)	(75, 37.43461552914063)	(80, 36.94588975036637)	(85, 37.2700552375465)	(90, 37.41712739707154)	(95, 37.26286057842855)	(100, 36.80673622505856)	(105, 36.910116863108584)	(110, 36.6238385710886)	(115, 36.398066059596424)	(120, 37.02750103335546)	(125, 37.431351378433554)	(130, 37.61622555957764)	(135, 37.263464308528626)	(140, 36.548730538472135)	(145, 36.24625674812431)	(150, 35.898876460788856)	(155, 35.54554655109786)	(160, 35.35240803136391)	(165, 35.656151909515636)	(170, 35.86926863484349)	(175, 35.77643699036787)	(180, 35.27797637686787)	(185, 34.62768390595839)	(190, 34.90292721419893)	(195, 35.23167203176472)	(200, 35.13020779838922)	(205, 34.86449891654246)	(210, 34.74935430940542)	(215, 34.290619637511426)	(220, 34.417946566128485)	(225, 34.35933965454613)	(230, 34.44950085799817)	(235, 34.22522639878753)	(240, 34.11191552788807)	(245, 34.2865663789972)	(250, 32.4428898881471)
SRR29920129_2	(1, 29.5566967696682)	(2, 31.76604832345905)	(3, 31.209689742851058)	(4, 31.96755890126132)	(5, 31.15039392762754)	(6, 32.73554868043639)	(7, 34.92116437240878)	(8, 32.85085862444731)	(9, 32.86513771810063)	(10, 33.71177023184739)	(15, 36.567310895950506)	(20, 36.42380099452635)	(25, 37.8123175971041)	(30, 37.17206558362664)	(35, 37.162210503901704)	(40, 36.32762253090672)	(45, 36.96748124303268)	(50, 37.221493793604466)	(55, 37.220925134962485)	(60, 37.969299948645364)	(65, 38.18503701291381)	(70, 37.17264927289352)	(75, 36.33953680624272)	(80, 36.37662737828325)	(85, 36.04265941856533)	(90, 36.3146836679735)	(95, 36.565650011899244)	(100, 36.847098463118606)	(105, 36.13938900509789)	(110, 36.22126582912684)	(115, 36.48546663827549)	(120, 36.53329909690995)	(125, 36.140636546964444)	(130, 35.9489910693037)	(135, 36.38620439144758)	(140, 35.291994939689616)	(145, 35.64641206458159)	(150, 36.0071771233889)	(155, 36.426741986798106)	(160, 36.007956210779454)	(165, 35.75018349887897)	(170, 35.44915765872966)	(175, 34.77171737414983)	(180, 34.112739707153324)	(185, 33.41901624560041)	(190, 33.647366509262625)	(195, 34.2136227563661)	(200, 34.25921064168243)	(205, 34.06698147475482)	(210, 33.82370329546451)	(215, 33.456542705763)	(220, 33.29358067061638)	(225, 33.76368100003758)	(230, 32.892430827811665)	(235, 31.94307651840625)	(240, 33.08688452722423)	(245, 32.4517704823578)	(250, 27.60950436514398)
SRR29920130_1	(1, 33.31532198371577)	(2, 33.55300421587874)	(3, 33.214977633315094)	(4, 33.61976635664403)	(5, 33.520725388601036)	(6, 36.8297718276317)	(7, 36.892993917549)	(8, 36.851253499822995)	(9, 36.885237987963826)	(10, 37.16005857175039)	(15, 37.37618189424902)	(20, 38.02282689151353)	(25, 37.76221478453964)	(30, 38.180777523895344)	(35, 37.73838058764844)	(40, 37.77718919962669)	(45, 37.847626556817815)	(50, 37.52289447430245)	(55, 36.7024040163486)	(60, 37.34525472274966)	(65, 37.2429569079265)	(70, 37.32264345251504)	(75, 37.43052167476587)	(80, 36.86256878962443)	(85, 37.24326263959064)	(90, 37.37006082451003)	(95, 37.24560550960641)	(100, 36.76457696392366)	(105, 36.883538763556786)	(110, 36.63865735526019)	(115, 36.39690728285006)	(120, 36.93506581276349)	(125, 37.417729218292415)	(130, 37.63185402117594)	(135, 37.2409809159077)	(140, 36.47739194799343)	(145, 36.243159656293244)	(150, 35.84976989669487)	(155, 35.46586747336916)	(160, 35.30705113764361)	(165, 35.57512631545071)	(170, 35.851488430470184)	(175, 35.68364818331027)	(180, 35.185514755575575)	(185, 34.54965082225726)	(190, 34.82967849901844)	(195, 35.22672416567438)	(200, 35.0458854954462)	(205, 34.78447204968944)	(210, 34.644389019405914)	(215, 34.13657516171596)	(220, 34.27437646831655)	(225, 34.23353393621471)	(230, 34.34514208476812)	(235, 34.13268110578316)	(240, 33.88419850030573)	(245, 34.06108840472436)	(250, 31.79450004827342)
SRR29920130_2	(1, 31.80923953271329)	(2, 30.751906800115858)	(3, 31.491310784282174)	(4, 30.75732951436939)	(5, 30.923422263701607)	(6, 32.961992726804624)	(7, 35.075740997007046)	(8, 33.57907186303221)	(9, 32.74587262253403)	(10, 33.92193544234544)	(15, 36.70596015833682)	(20, 36.780877288964696)	(25, 37.88045570109098)	(30, 37.36620538731375)	(35, 37.57250345959515)	(40, 36.600189875454575)	(45, 37.114762012036174)	(50, 37.37658739098252)	(55, 37.320966755704305)	(60, 38.04357158948284)	(65, 38.2454574711164)	(70, 37.16277153799118)	(75, 36.35302030701895)	(80, 36.40927171499372)	(85, 36.10492388890677)	(90, 36.3369838766775)	(95, 36.62399510829338)	(100, 36.86644675441702)	(105, 36.171389952692046)	(110, 36.260283847713445)	(115, 36.52608695652174)	(120, 36.53479869983587)	(125, 36.147240369452575)	(130, 35.93605059054484)	(135, 36.518636758600714)	(140, 35.25067743700318)	(145, 35.6873298361922)	(150, 36.074624271875905)	(155, 36.47481092910244)	(160, 35.96202490908506)	(165, 35.77784571814759)	(170, 35.38985614520645)	(175, 34.766581919994856)	(180, 34.26477327583432)	(185, 33.80611463328292)	(190, 33.845521835677275)	(195, 34.33363691951212)	(200, 34.274794837962226)	(205, 34.11325588131175)	(210, 33.895842049367616)	(215, 33.608219354423454)	(220, 33.51752003346957)	(225, 33.88043317349467)	(230, 32.98199401409583)	(235, 32.185962089273644)	(240, 33.08775464229395)	(245, 32.35116338943777)	(250, 27.64277668715605)
SRR29920131_1	(1, 33.02419124904046)	(2, 33.25390941989253)	(3, 33.10882772233798)	(4, 33.40271959644698)	(5, 33.28854041013269)	(6, 36.82833644039917)	(7, 36.89873889680886)	(8, 36.852439960521984)	(9, 36.883539861826954)	(10, 37.16957122491502)	(15, 37.40537339620572)	(20, 38.08832986073035)	(25, 37.53896699199474)	(30, 38.19044193442263)	(35, 37.6307972365391)	(40, 37.60250904704463)	(45, 37.64521109770808)	(50, 37.3581489198377)	(55, 36.72043425814233)	(60, 37.34401140475929)	(65, 36.92527250795044)	(70, 36.95629345322952)	(75, 37.006070841101)	(80, 36.57243996052198)	(85, 37.047202544138614)	(90, 37.138870490185326)	(95, 36.999600833424715)	(100, 36.33181269876083)	(105, 36.67203860072376)	(110, 36.26038820046058)	(115, 36.35567496436012)	(120, 36.99538984537778)	(125, 37.184809737909866)	(130, 37.27852176773769)	(135, 36.915714442373066)	(140, 36.230740212742624)	(145, 35.94140146945937)	(150, 35.75068757539204)	(155, 35.17416822019958)	(160, 35.170242351134995)	(165, 35.49417260664546)	(170, 35.43508279416603)	(175, 35.19250795043316)	(180, 35.04142998135761)	(185, 34.308007456958)	(190, 34.86811273165917)	(195, 34.97440947472311)	(200, 34.8092027634609)	(205, 34.735001644917205)	(210, 34.45330847680667)	(215, 34.24336440399166)	(220, 34.24319333260225)	(225, 34.30910406842855)	(230, 34.53480425485251)	(235, 34.2817765105823)	(240, 33.9189384800965)	(245, 34.12284680337756)	(250, 32.38109441824761)
SRR29920131_2	(1, 27.48779471433271)	(2, 29.082201995832875)	(3, 31.532514530101984)	(4, 30.29505428226779)	(5, 30.534839346419563)	(6, 32.38703805241803)	(7, 35.30161201886172)	(8, 33.248667617063276)	(9, 32.92341265489637)	(10, 33.93023796468911)	(15, 36.655769272946586)	(20, 36.59069196183792)	(25, 37.88061410242351)	(30, 37.33767737690537)	(35, 37.43762693277772)	(40, 36.538673100120626)	(45, 37.03291150345432)	(50, 37.28326790218226)	(55, 37.271534159447306)	(60, 38.06023906130058)	(65, 38.22269547099462)	(70, 37.08729904594803)	(75, 36.506823116569805)	(80, 36.41945827393355)	(85, 36.33886610373944)	(90, 36.184059655664)	(95, 36.55792521109771)	(100, 36.663971926746356)	(105, 36.214339291588985)	(110, 36.178971378440615)	(115, 36.47559600833425)	(120, 36.45451474942428)	(125, 35.90930145849326)	(130, 35.95338085316372)	(135, 36.213690097598416)	(140, 34.93129509814673)	(145, 35.73397960302665)	(150, 35.88748327667507)	(155, 36.20773769053624)	(160, 35.98177870380524)	(165, 35.995082794166024)	(170, 35.40425046605988)	(175, 34.640890448514085)	(180, 34.024993968636906)	(185, 33.52980370654677)	(190, 33.692102204189055)	(195, 34.15367474503783)	(200, 34.14246737580876)	(205, 34.05737032569361)	(210, 33.81800636034653)	(215, 33.46056804474175)	(220, 33.52703147274921)	(225, 33.682772233797564)	(230, 32.4697357166356)	(235, 32.46273494900756)	(240, 33.24662791972804)	(245, 32.55813576050006)	(250, 27.09950652483825)
SRR29920132_1	(1, 33.27678091957854)	(2, 33.53778493787382)	(3, 33.17760124437531)	(4, 33.61265114901024)	(5, 33.50334240690332)	(6, 36.82782438012703)	(7, 36.9033201859156)	(8, 36.86208173619984)	(9, 36.89006166324093)	(10, 37.16640557006092)	(15, 37.3867599948151)	(20, 38.11904894172546)	(25, 37.433605540432936)	(30, 38.20974760661444)	(35, 37.74894357720867)	(40, 37.729329852045254)	(45, 37.648067699942594)	(50, 37.58116400940688)	(55, 36.77037201636946)	(60, 37.575490250541634)	(65, 37.0625817084236)	(70, 37.08098809325408)	(75, 37.166516674999535)	(80, 36.63245745606726)	(85, 37.368594337351624)	(90, 37.52740403310927)	(95, 37.26384089772791)	(100, 36.25741903227598)	(105, 36.95380997351999)	(110, 36.416391681943594)	(115, 36.57877154972872)	(120, 37.14835101753606)	(125, 37.25851526767032)	(130, 37.48535081384368)	(135, 37.056570931244565)	(140, 36.319152639668175)	(145, 36.1435290632002)	(150, 35.86724441234746)	(155, 35.14153658130104)	(160, 35.52192655963558)	(165, 35.66819621132159)	(170, 35.807184786030405)	(175, 35.281091791196786)	(180, 35.19600022220988)	(185, 34.38697109419847)	(190, 35.273614428828026)	(195, 35.20481825083791)	(200, 34.82062848360276)	(205, 34.859093013351114)	(210, 34.59006351498991)	(215, 34.284865655611725)	(220, 34.37185711904894)	(225, 34.36994241060681)	(230, 34.607603281299184)	(235, 34.40075551358258)	(240, 33.824650482380605)	(245, 34.017684202729484)	(250, 32.520415532470416)
SRR29920132_2	(1, 28.236709071718238)	(2, 31.053589615391736)	(3, 31.446660370720146)	(4, 30.33301853600726)	(5, 30.491694905838564)	(6, 32.99483362035443)	(7, 35.128826176323535)	(8, 33.44230876062441)	(9, 32.91170860878099)	(10, 33.93202599855563)	(15, 36.610269799825936)	(20, 36.66050774956947)	(25, 37.74272910764218)	(30, 37.23848304723812)	(35, 37.51412328944688)	(40, 36.55538766364832)	(45, 37.08970612743737)	(50, 37.26401125863378)	(55, 37.44197544580857)	(60, 38.00588115475066)	(65, 38.25500805510806)	(70, 37.031472325611546)	(75, 36.71668611003092)	(80, 36.482547265892634)	(85, 36.40525896709442)	(90, 36.31576023554247)	(95, 36.72412273392219)	(100, 36.83503138714516)	(105, 36.36294650297206)	(110, 36.48312501157343)	(115, 36.820924763439066)	(120, 36.52985945225265)	(125, 35.812269688720995)	(130, 35.996292798548225)	(135, 36.59556691294928)	(140, 34.587926596670556)	(145, 36.00399607429217)	(150, 35.9027350332389)	(155, 36.41475473584801)	(160, 35.82423569060978)	(165, 36.08221765457474)	(170, 35.42383571283077)	(175, 34.734225876340204)	(180, 33.98056033924041)	(185, 33.70137214599189)	(190, 33.78389719089681)	(195, 34.33322222839472)	(200, 34.070799770383125)	(205, 34.07012203025758)	(210, 33.61385108234728)	(215, 33.32039701498065)	(220, 33.78875247671426)	(225, 33.686839620021104)	(230, 32.24264207544026)	(235, 33.058270836805356)	(240, 33.42654667333296)	(245, 32.82040997722349)	(250, 25.48571375664315)
SRR29920133_1	(1, 33.323960573476704)	(2, 33.53338709677419)	(3, 33.240698924731184)	(4, 33.61263440860215)	(5, 33.52879928315412)	(6, 36.826415770609316)	(7, 36.89236559139785)	(8, 36.83517921146954)	(9, 36.882168458781365)	(10, 37.169211469534055)	(15, 37.34045519713262)	(20, 38.01431182795699)	(25, 37.913989247311825)	(30, 38.170050179211465)	(35, 37.736534050179216)	(40, 37.930017921146955)	(45, 37.87540143369175)	(50, 37.57058422939068)	(55, 36.72821505376344)	(60, 37.28584946236559)	(65, 37.251953405017915)	(70, 37.425279569892474)	(75, 37.39682078853046)	(80, 37.0968458781362)	(85, 37.241616487455204)	(90, 37.46279928315412)	(95, 37.31052329749103)	(100, 36.967903225806445)	(105, 36.86123655913978)	(110, 36.66839068100359)	(115, 36.270053763440856)	(120, 36.9467311827957)	(125, 37.48895698924731)	(130, 37.68793906810036)	(135, 37.31688888888889)	(140, 36.55128673835126)	(145, 36.30789247311829)	(150, 35.86200358422939)	(155, 35.64353046594982)	(160, 35.26546594982079)	(165, 35.53966308243728)	(170, 35.86856630824373)	(175, 35.936928315412196)	(180, 35.23964516129032)	(185, 34.65948745519712)	(190, 34.64975985663082)	(195, 35.22799641577061)	(200, 35.16774193548387)	(205, 34.835200716845875)	(210, 34.755795698924736)	(215, 34.361498207885305)	(220, 34.50131541218637)	(225, 34.455003584229395)	(230, 34.33306093189964)	(235, 34.18687813620072)	(240, 34.33027598566308)	(245, 34.41682795698925)	(250, 32.90485663082437)
SRR29920133_2	(1, 29.20758064516129)	(2, 31.48643369175627)	(3, 31.655663082437275)	(4, 30.988870967741935)	(5, 30.455591397849464)	(6, 32.80994623655914)	(7, 35.2263082437276)	(8, 33.489982078853046)	(9, 32.85747311827957)	(10, 33.77181003584229)	(15, 36.65218279569892)	(20, 36.75473476702509)	(25, 37.85403225806452)	(30, 37.304419354838714)	(35, 37.463419354838706)	(40, 36.45350896057347)	(45, 36.997236559139786)	(50, 37.289415770609324)	(55, 37.1359247311828)	(60, 37.961673835125445)	(65, 38.16770967741935)	(70, 37.23443010752688)	(75, 36.34381720430108)	(80, 36.39116845878136)	(85, 35.88494982078853)	(90, 36.4490394265233)	(95, 36.52042652329749)	(100, 36.94228315412186)	(105, 36.09163082437276)	(110, 36.218716845878134)	(115, 36.41431182795699)	(120, 36.61872759856631)	(125, 36.24434050179211)	(130, 35.90963440860215)	(135, 36.36097849462366)	(140, 35.63675985663083)	(145, 35.52873835125448)	(150, 36.07479569892473)	(155, 36.512129032258066)	(160, 36.144562724014335)	(165, 35.70052329749104)	(170, 35.684551971326165)	(175, 34.903444444444446)	(180, 34.25315770609319)	(185, 33.53925806451613)	(190, 33.67361290322581)	(195, 34.21344444444444)	(200, 34.29231899641577)	(205, 34.16024372759857)	(210, 33.92838709677419)	(215, 33.670630824372765)	(220, 33.18810752688172)	(225, 33.99474551971326)	(230, 33.28513978494624)	(235, 31.95460573476703)	(240, 33.17177777777778)	(245, 32.624046594982076)	(250, 28.004014336917564)
SRR29920134_1	(1, 33.28463366784879)	(2, 33.5349543499585)	(3, 33.17313061193692)	(4, 33.60267486606806)	(5, 33.503470912246286)	(6, 36.82162529238663)	(7, 36.89172262883876)	(8, 36.853561457783144)	(9, 36.892929902663546)	(10, 37.15697577906889)	(15, 37.375179204708374)	(20, 38.11738097034633)	(25, 37.48666716969743)	(30, 38.173741794310715)	(35, 37.71516260469328)	(40, 37.6819135290123)	(45, 37.69016826378933)	(50, 37.53587112351921)	(55, 36.73847808043462)	(60, 37.491692446993135)	(65, 37.06009205462914)	(70, 37.09366935788124)	(75, 37.18810835282577)	(80, 36.605877914434465)	(85, 37.22937825398024)	(90, 37.357258733871575)	(95, 37.157307779370704)	(100, 36.29412208556553)	(105, 36.788040443673125)	(110, 36.36732815211651)	(115, 36.444801177091975)	(120, 37.051626046932775)	(125, 37.222247792952544)	(130, 37.40361050328228)	(135, 37.0121557383234)	(140, 36.302252320229385)	(145, 36.06695842450766)	(150, 35.751599637817854)	(155, 35.11600392363992)	(160, 35.31151437410397)	(165, 35.57268542971403)	(170, 35.659356372142156)	(175, 35.204636686033346)	(180, 35.040364445785855)	(185, 34.35206745642496)	(190, 35.063845921678116)	(195, 35.15550441409492)	(200, 34.873628612389645)	(205, 34.760397645816035)	(210, 34.56644533313212)	(215, 34.29410699464272)	(220, 34.26479287708444)	(225, 34.35195050177318)	(230, 34.536350260318414)	(235, 34.29247340224855)	(240, 33.88316230287482)	(245, 34.115528559571416)	(250, 32.528484116803746)
SRR29920134_2	(1, 29.369048517316834)	(2, 29.995529314117558)	(3, 31.875066022787294)	(4, 30.766128423753113)	(5, 30.2446804497095)	(6, 32.57451143137403)	(7, 34.78078548253226)	(8, 33.6010714555195)	(9, 32.627499434090396)	(10, 33.856308005734554)	(15, 36.40582509620464)	(20, 36.338202671093335)	(25, 37.67219874745341)	(30, 37.093254357503966)	(35, 37.35841696219724)	(40, 36.24887195351995)	(45, 36.80170150154682)	(50, 36.99903795367087)	(55, 37.17637893307176)	(60, 37.81749037953671)	(65, 38.095842450765865)	(70, 36.56696219723836)	(75, 36.109020599109634)	(80, 35.923673885158074)	(85, 35.89706481551347)	(90, 35.74443144948314)	(95, 36.21714328831208)	(100, 36.2696144269222)	(105, 35.65294272994794)	(110, 35.77376820342564)	(115, 36.104749867954425)	(120, 35.88006111823738)	(125, 35.2995321813929)	(130, 35.456515505923186)	(135, 35.95748509771373)	(140, 34.10951105410096)	(145, 35.32617897834452)	(150, 35.26455519505018)	(155, 35.76575492341357)	(160, 35.285112804648)	(165, 35.381472119520105)	(170, 34.76585301441183)	(175, 34.02712970648155)	(180, 33.30531200482909)	(185, 33.073040066400054)	(190, 33.04340149400136)	(195, 33.63041575492342)	(200, 33.52038029125481)	(205, 33.36038632762394)	(210, 32.9697653361503)	(215, 32.71037500943182)	(220, 33.0062287783898)	(225, 32.92247038406399)	(230, 31.594401267637515)	(235, 31.806077869161697)	(240, 32.47122161020146)	(245, 31.647328906662644)	(250, 25.63114011921829)
SRR29920135_1	(1, 33.282857839551326)	(2, 33.51459471864825)	(3, 33.20959020038154)	(4, 33.612289685442576)	(5, 33.52460662392243)	(6, 36.82609693475049)	(7, 36.895950772408455)	(8, 36.850682043117175)	(9, 36.89105956940201)	(10, 37.158870863634405)	(15, 37.37473213133095)	(20, 38.087938379448346)	(25, 37.34794669879656)	(30, 38.28772609263164)	(35, 37.77688081816487)	(40, 38.0504927062266)	(45, 37.70118335556607)	(50, 37.343712437425594)	(55, 36.68568641794684)	(60, 37.08593026091197)	(65, 36.46541302695182)	(70, 36.84281882467691)	(75, 36.55396818566491)	(80, 36.71877160520389)	(85, 37.072949208944735)	(90, 37.40715463947101)	(95, 37.58572801468796)	(100, 36.551661718088845)	(105, 36.66091197268959)	(110, 36.32923677151914)	(115, 36.3232324970954)	(120, 37.061761119956394)	(125, 37.28038211627007)	(130, 37.44787067716626)	(135, 37.06248404262949)	(140, 36.36702382489206)	(145, 36.04479251832409)	(150, 35.81757964341553)	(155, 35.257641608216076)	(160, 35.358965532079694)	(165, 35.37588536511898)	(170, 35.5517678614972)	(175, 35.38941721531334)	(180, 35.24084226228897)	(185, 34.49951948592165)	(190, 35.05180945823831)	(195, 35.14246166645151)	(200, 34.57576200926603)	(205, 34.71095428661589)	(210, 34.721898532639095)	(215, 34.40310397750907)	(220, 34.32641679934592)	(225, 33.96766355408293)	(230, 34.18503664816329)	(235, 34.25703917265516)	(240, 34.287140869515326)	(245, 33.805642813087196)	(250, 30.724457449402585)
SRR29920135_2	(1, 28.73309235910897)	(2, 31.24088816214123)	(3, 31.579829883672563)	(4, 30.329933875525338)	(5, 30.743419825867434)	(6, 32.603783869070675)	(7, 35.21420887301519)	(8, 33.70675731887488)	(9, 32.86542737065565)	(10, 33.97493868066612)	(15, 36.55474274567179)	(20, 37.1685241763128)	(25, 37.60100405926818)	(30, 37.0799546738959)	(35, 37.58256953110432)	(40, 36.54278870289886)	(45, 37.07744165698467)	(50, 37.20760790051207)	(55, 37.377248016982946)	(60, 37.91463774975974)	(65, 38.26713714015233)	(70, 37.09499835047406)	(75, 36.55817375962822)	(80, 36.1248389919245)	(85, 36.112001376995565)	(90, 36.11773885852805)	(95, 36.00149174519844)	(100, 36.02393677295351)	(105, 35.95145803749445)	(110, 35.48691137025403)	(115, 35.971831834416285)	(120, 36.372580575756274)	(125, 35.607986574293214)	(130, 35.133691925929114)	(135, 35.884587690233374)	(140, 35.22164178034052)	(145, 35.07878422766326)	(150, 35.449666508885926)	(155, 36.03005866574867)	(160, 35.66135949624912)	(165, 35.372632213090064)	(170, 35.277255188834864)	(175, 34.50967769697492)	(180, 33.91358205315776)	(185, 33.25683549206076)	(190, 33.34248174763688)	(195, 33.91834703157049)	(200, 33.89183126066813)	(205, 33.932880072292264)	(210, 33.80118478993645)	(215, 32.90215585868583)	(220, 32.24474661847182)	(225, 33.86866617898074)	(230, 32.44390894616808)	(235, 32.27958173759628)	(240, 32.898214208873014)	(245, 32.514938967540196)	(250, 27.114276288423195)
SRR29920136_1	(1, 33.304672051479706)	(2, 33.53463820089151)	(3, 33.2197271843684)	(4, 33.603512417468245)	(5, 33.52466735931897)	(6, 36.82488185809565)	(7, 36.89147702517009)	(8, 36.85375540436371)	(9, 36.88933203740322)	(10, 37.17457519187586)	(15, 37.38249824043972)	(20, 38.033150115628246)	(25, 37.69989610215505)	(30, 38.27731005127861)	(35, 37.664118376512384)	(40, 37.956275764989776)	(45, 37.71728055769682)	(50, 37.367319100445755)	(55, 36.7020444414653)	(60, 37.29985253209103)	(65, 37.02183530515803)	(70, 37.1120487984717)	(75, 37.06551932164761)	(80, 36.82454670375708)	(85, 37.13801320508094)	(90, 37.28870194724671)	(95, 37.44721319167477)	(100, 36.70699467104602)	(105, 36.58557495726782)	(110, 36.37252404732379)	(115, 36.26546234541006)	(120, 36.897757817474954)	(125, 37.37584877836244)	(130, 37.53177933438349)	(135, 37.151245098367795)	(140, 36.43532861882897)	(145, 36.14048664409961)	(150, 35.76868988169052)	(155, 35.42180514126755)	(160, 35.297178000469216)	(165, 35.37791668063143)	(170, 35.57781948587325)	(175, 35.47706874015485)	(180, 35.17126721855414)	(185, 34.60851627174314)	(190, 34.882042430539265)	(195, 35.19516037135101)	(200, 34.795984851023896)	(205, 34.71556791902671)	(210, 34.695193886784864)	(215, 34.21294701209907)	(220, 34.25439554915039)	(225, 33.90189697355632)	(230, 34.229637698160005)	(235, 34.08655025639307)	(240, 33.78536716157791)	(245, 33.90916647115996)	(250, 30.42008244796729)
SRR29920136_2	(1, 28.500150819452358)	(2, 31.242484163957503)	(3, 30.724486375976138)	(4, 29.906994671046018)	(5, 29.759375942621578)	(6, 32.47377417300667)	(7, 34.863726245936256)	(8, 32.956027750779235)	(9, 32.82206656165164)	(10, 33.61621141535677)	(15, 36.35621208566545)	(20, 36.61380500720581)	(25, 37.38373160840567)	(30, 36.841813855280364)	(35, 37.02626269397057)	(40, 36.18227033548949)	(45, 36.865777390488326)	(50, 37.037326138686865)	(55, 37.10531219626638)	(60, 37.80503401816536)	(65, 38.160351241746824)	(70, 36.65040386097798)	(75, 35.82446961825921)	(80, 35.92750946811006)	(85, 35.4907229279083)	(90, 35.577966953782216)	(95, 35.84276904514529)	(100, 35.97276535844757)	(105, 35.35083285853135)	(110, 35.32787478633911)	(115, 35.74885544793377)	(120, 35.96918926165499)	(125, 35.21902671180079)	(130, 35.059466434292986)	(135, 35.727224586922276)	(140, 34.335861514227304)	(145, 34.81017528571907)	(150, 35.16710125012568)	(155, 35.668998223682)	(160, 35.02901095954687)	(165, 34.984013138050074)	(170, 34.70882461373462)	(175, 34.00196400442404)	(180, 33.2904883198713)	(185, 32.718205583671285)	(190, 33.00564399906157)	(195, 33.75488152294132)	(200, 33.57924054026879)	(205, 33.44013473204411)	(210, 33.038539397392505)	(215, 32.34026209069276)	(220, 32.16487247377417)	(225, 33.24219257968294)	(230, 31.660441733418235)	(235, 30.98692898079566)	(240, 31.832442939973856)	(245, 31.221855414418336)	(250, 25.814726681636895)
SRR29920137_1	(1, 33.2932321275447)	(2, 33.51891256709118)	(3, 33.18310731412964)	(4, 33.588512719535046)	(5, 33.50570076539524)	(6, 36.81895702988535)	(7, 36.89413091116969)	(8, 36.850716168577506)	(9, 36.88790611998603)	(10, 37.154743227363674)	(15, 37.36337853717407)	(20, 38.03611966843459)	(25, 37.66131419315907)	(30, 38.29807539619526)	(35, 37.72972337790198)	(40, 37.991367866103474)	(45, 37.65575634388796)	(50, 37.36743417918506)	(55, 36.64937275701082)	(60, 37.1994632705561)	(65, 36.98319306380411)	(70, 37.015326960332835)	(75, 36.89402293009813)	(80, 36.78960840981993)	(85, 37.106609076761835)	(90, 37.31915076063137)	(95, 37.4096770095595)	(100, 36.67581541588592)	(105, 36.62609648426335)	(110, 36.33812684599994)	(115, 36.23437926763426)	(120, 36.88959570616446)	(125, 37.27970591037571)	(130, 37.470743481436784)	(135, 37.07480865118938)	(140, 36.352790040334106)	(145, 36.063823165115764)	(150, 35.73839997459269)	(155, 35.32571855051291)	(160, 35.3017022898339)	(165, 35.40985486073618)	(170, 35.583320100358875)	(175, 35.418359958077936)	(180, 35.1276685616286)	(185, 34.4669863753295)	(190, 34.8306507447518)	(195, 35.048547019404836)	(200, 34.628179883761554)	(205, 34.631143011401534)	(210, 34.62165338076032)	(215, 34.232203766633845)	(220, 34.16149522024963)	(225, 33.82846254009591)	(230, 34.240613586559526)	(235, 34.06899037698098)	(240, 33.93934004509798)	(245, 33.920630736494424)	(250, 30.624321148410456)
SRR29920137_2	(1, 28.707625369199988)	(2, 28.975878934163305)	(3, 31.463127639978403)	(4, 30.007828627687616)	(5, 30.312398767745417)	(6, 31.716390891479023)	(7, 34.73479531235113)	(8, 33.679915520691075)	(9, 32.82997745101153)	(10, 33.57636802489917)	(15, 36.21354844856607)	(20, 36.62018610855274)	(25, 37.212452758281195)	(30, 36.746552545494964)	(35, 37.06439482961222)	(40, 36.08403150506558)	(45, 36.737841013751705)	(50, 36.913608790929594)	(55, 37.02365103058405)	(60, 37.667132467367495)	(65, 38.06314987137548)	(70, 36.40375393019342)	(75, 35.67425604217614)	(80, 35.71766760885445)	(85, 35.34853113983549)	(90, 35.34486295931654)	(95, 35.624232222822116)	(100, 35.72593133674215)	(105, 35.112220916568745)	(110, 35.15151014704481)	(115, 35.493759329247)	(120, 35.778356146981295)	(125, 34.977165179280334)	(130, 34.826925397783214)	(135, 35.43021882046559)	(140, 34.24725759837393)	(145, 34.57784164893447)	(150, 34.87411312605202)	(155, 35.464658430463366)	(160, 34.92683647219487)	(165, 34.763241972877694)	(170, 34.626356909200624)	(175, 33.81565407946137)	(180, 33.074919808174805)	(185, 32.357626957156924)	(190, 32.63108902086576)	(195, 33.34544732746848)	(200, 33.343195604535204)	(205, 33.17765744593006)	(210, 32.7709276844412)	(215, 32.0679359735764)	(220, 31.64860736176835)	(225, 32.96596373106362)	(230, 31.33794899482326)	(235, 30.78166227331915)	(240, 31.699291771207164)	(245, 31.24976021850287)	(250, 25.608139867246802)
SRR29920138_1	(1, 33.29248206037849)	(2, 33.474585056266484)	(3, 33.353494050841405)	(4, 33.63319089139474)	(5, 33.55589214342483)	(6, 36.814453057510455)	(7, 36.87404830739815)	(8, 36.85698982941522)	(9, 36.8854974141605)	(10, 37.17371773459726)	(15, 37.392503944989)	(20, 38.06366809108606)	(25, 37.6719773321508)	(30, 38.30029601815271)	(35, 37.74838687384098)	(40, 38.070611271726236)	(45, 37.8195049470738)	(50, 37.355641046314744)	(55, 36.70974786625048)	(60, 37.15848374203804)	(65, 37.02853753210702)	(70, 37.132097812690766)	(75, 37.0350844861148)	(80, 36.799891728769055)	(85, 37.06696921180848)	(90, 37.305829369147304)	(95, 37.46412190879877)	(100, 36.895744019166315)	(105, 36.59453345465854)	(110, 36.434577684608215)	(115, 36.23704258284477)	(120, 36.78536495467582)	(125, 37.38200163558668)	(130, 37.540681187297714)	(135, 37.18301984588627)	(140, 36.465957912438526)	(145, 36.15603496930396)	(150, 35.82235685736993)	(155, 35.53188587751529)	(160, 35.198901162188)	(165, 35.393333256545226)	(170, 35.516345500408896)	(175, 35.59791750653659)	(180, 35.159817551457635)	(185, 34.666867851507156)	(190, 34.706128842764834)	(195, 35.1503150232092)	(200, 34.86432232575818)	(205, 34.654746080926984)	(210, 34.712422396019306)	(215, 34.29518193022265)	(220, 34.25163616259114)	(225, 33.99436528870409)	(230, 34.31144795494074)	(235, 34.15843306188738)	(240, 34.18621039173453)	(245, 34.15516879945634)	(250, 31.068832859166772)
SRR29920138_2	(1, 32.28167797371543)	(2, 31.40400142825879)	(3, 31.88768587521165)	(4, 32.26900793605086)	(5, 31.644271415243207)	(6, 33.175929232080534)	(7, 35.258871905919214)	(8, 33.72685702438406)	(9, 33.007590504382684)	(10, 34.235494534606474)	(15, 36.86618136583006)	(20, 37.30515670532947)	(25, 37.81948882157131)	(30, 37.40281044471832)	(35, 37.70036282380585)	(40, 36.86651309045255)	(45, 37.31946693696081)	(50, 37.546032550478586)	(55, 37.53511558529815)	(60, 38.1562399935498)	(65, 38.394236284684226)	(70, 37.28086939494811)	(75, 36.694073877837795)	(80, 36.791052649765604)	(85, 36.35655098538338)	(90, 36.51627869475576)	(95, 36.60940347159031)	(100, 36.92265057187943)	(105, 36.397495939828836)	(110, 36.44906760041005)	(115, 36.51128900355913)	(120, 36.79571522362617)	(125, 36.358868450454395)	(130, 36.05144496020456)	(135, 36.53311371934715)	(140, 35.83197456777894)	(145, 35.75833630887249)	(150, 36.23525265206925)	(155, 36.58030615418284)	(160, 36.230410394038174)	(165, 35.96685518146949)	(170, 35.91079602391182)	(175, 35.17842177403564)	(180, 34.72961678895173)	(185, 34.30013245948468)	(190, 34.24608668609406)	(195, 34.61548739331252)	(200, 34.64231562215644)	(205, 34.576389960722885)	(210, 34.40338405187804)	(215, 34.069408769969705)	(220, 33.6255681360071)	(225, 34.500973289256955)	(230, 33.503311487116875)	(235, 32.6331056565959)	(240, 33.48873403287298)	(245, 33.05497183796173)	(250, 28.480701228993652)
SRR29920139_1	(1, 33.32318199773188)	(2, 33.49847729965978)	(3, 33.36436498936021)	(4, 33.6376355458148)	(5, 33.573427286280406)	(6, 36.836070796009125)	(7, 36.90082697282075)	(8, 36.855579199531086)	(9, 36.89009798799679)	(10, 37.17063163394029)	(15, 37.39236738490551)	(20, 38.065128250869655)	(25, 37.656743842301765)	(30, 38.25929994011137)	(35, 37.78496667898419)	(40, 37.94908956536143)	(45, 37.75446680003567)	(50, 37.50715223180723)	(55, 36.817008371666304)	(60, 37.30594426534487)	(65, 36.992074312873505)	(70, 37.19309624230686)	(75, 37.13398998458186)	(80, 36.95463499789753)	(85, 37.24879776755565)	(90, 37.48268453981321)	(95, 37.463239847602544)	(100, 36.76222683775278)	(105, 36.82072911224659)	(110, 36.5320506122657)	(115, 36.37626116540731)	(120, 37.048591342907024)	(125, 37.43913913276163)	(130, 37.64095363090763)	(135, 37.253122491367115)	(140, 36.52107187910141)	(145, 36.25532690273831)	(150, 35.89550325564801)	(155, 35.488173906395346)	(160, 35.396460199543824)	(165, 35.52408924680488)	(170, 35.78617719389901)	(175, 35.6748556938799)	(180, 35.30291925228405)	(185, 34.62515577415614)	(190, 34.94396207902751)	(195, 35.22786223066043)	(200, 34.907401980147554)	(205, 34.82100179665898)	(210, 34.73984123141222)	(215, 34.25692987933078)	(220, 34.41420252551637)	(225, 34.30051096471667)	(230, 34.366340040010705)	(235, 34.23268390270009)	(240, 34.034911250143345)	(245, 33.94894685202411)	(250, 31.291288115291987)
SRR29920139_2	(1, 28.95104422839231)	(2, 28.534142891728997)	(3, 30.749589062042077)	(4, 31.92069215968603)	(5, 30.8380840734464)	(6, 32.83265586972311)	(7, 35.09634424495725)	(8, 33.429465207252896)	(9, 32.940200563207995)	(10, 33.94270059506365)	(15, 36.6913569235082)	(20, 36.9338549166019)	(25, 37.732305457510925)	(30, 37.18396513717045)	(35, 37.43070375514469)	(40, 36.58859057837128)	(45, 37.123370583213344)	(50, 37.363531645408315)	(55, 37.39202844072937)	(60, 37.989987130315114)	(65, 38.28701436052957)	(70, 37.20551739955912)	(75, 36.42092279463296)	(80, 36.389067138979854)	(85, 35.92157137578205)	(90, 36.24609131105136)	(95, 36.42191923954179)	(100, 36.678270620165904)	(105, 36.116843996483134)	(110, 36.239093260617494)	(115, 36.52162744173601)	(120, 36.6376890633163)	(125, 35.92627327055645)	(130, 35.77316479567782)	(135, 36.34333515972426)	(140, 35.09758279284904)	(145, 35.523498005835954)	(150, 35.806554619707185)	(155, 36.35093464493686)	(160, 35.79124351737407)	(165, 35.72189757769594)	(170, 35.50362772206578)	(175, 34.72896443634603)	(180, 34.030798047885426)	(185, 33.43617783101212)	(190, 33.637492832477484)	(195, 34.30784795932671)	(200, 34.09771276392411)	(205, 34.11467271499383)	(210, 33.79017061889168)	(215, 33.195484142254614)	(220, 33.068155812382926)	(225, 33.91620433491762)	(230, 32.4809821735751)	(235, 31.838458695956877)	(240, 32.87187145605831)	(245, 32.54202780361625)	(250, 25.744785229169587)
SRR29920140_1	(1, 33.31669729421456)	(2, 33.498016602243204)	(3, 33.36696026867752)	(4, 33.61754007984285)	(5, 33.582244471199544)	(6, 36.82385146695393)	(7, 36.88377162410494)	(8, 36.85409036182752)	(9, 36.878626196058555)	(10, 37.15648691464419)	(15, 37.37378873328687)	(20, 38.07733096761929)	(25, 37.50559533616374)	(30, 38.27288004562449)	(35, 37.789640707179515)	(40, 37.888100880806036)	(45, 37.78744059311831)	(50, 37.35189658450035)	(55, 36.63664153095495)	(60, 37.21001457448831)	(65, 36.94444205056713)	(70, 36.99707496356378)	(75, 37.074162600595656)	(80, 36.61285089664786)	(85, 37.07807363284963)	(90, 37.316230910588686)	(95, 37.31464672707686)	(100, 36.67667701666561)	(105, 36.72405804448387)	(110, 36.44388822001141)	(115, 36.338561561371264)	(120, 36.79891008174387)	(125, 37.29629807996959)	(130, 37.50891325011089)	(135, 37.107676319624865)	(140, 36.418150941005)	(145, 36.14488308725684)	(150, 35.77991255307015)	(155, 35.31907737152271)	(160, 35.18606171978961)	(165, 35.43997718775743)	(170, 35.62182117736519)	(175, 35.445659970851025)	(180, 35.11657816361448)	(185, 34.50177301818643)	(190, 34.849487358215576)	(195, 35.11969583676573)	(200, 34.82612255243647)	(205, 34.631853494708835)	(210, 34.59964007350611)	(215, 34.09208541917495)	(220, 34.236707432989036)	(225, 34.14769659717382)	(230, 34.351366833533994)	(235, 34.131717888600214)	(240, 33.91979215512325)	(245, 33.845497750459415)	(250, 30.866396299347315)
SRR29920140_2	(1, 28.840504404030163)	(2, 29.603193713959826)	(3, 31.735897598377797)	(4, 31.826310119764273)	(5, 31.262492871174196)	(6, 32.897547683923705)	(7, 35.08881566440657)	(8, 33.38137000190102)	(9, 33.032368037513464)	(10, 33.83223623344528)	(15, 36.640991065205)	(20, 36.856921614599834)	(25, 37.6324390089348)	(30, 37.141195108041316)	(35, 37.45789747164312)	(40, 36.58983841328179)	(45, 37.1191001837653)	(50, 37.343035295608644)	(55, 37.4275064951524)	(60, 37.96177175083962)	(65, 38.26398327102212)	(70, 36.960476522400356)	(75, 36.390910588682594)	(80, 36.39628160446106)	(85, 36.00344718332171)	(90, 36.16110259172423)	(95, 36.35542487801787)	(100, 36.51469488625562)	(105, 36.08718078702237)	(110, 36.22648247893036)	(115, 36.34431278119257)	(120, 36.386926050313676)	(125, 35.817159875800016)	(130, 35.6215955896331)	(135, 36.22905012356631)	(140, 34.964947721944114)	(145, 35.485576325961596)	(150, 35.72077308155376)	(155, 36.18583613205754)	(160, 35.69997845510424)	(165, 35.641089918256135)	(170, 35.342989671123505)	(175, 34.61844750015841)	(180, 33.94840884608073)	(185, 33.49259996197959)	(190, 33.651205880489194)	(195, 34.184246879158486)	(200, 34.04679297889868)	(205, 33.99857296749256)	(210, 33.730764843799506)	(215, 33.234943286230276)	(220, 33.05731702680439)	(225, 33.752758380330775)	(230, 32.340705912172865)	(235, 32.004052975096634)	(240, 32.90496673214626)	(245, 32.405429313731695)	(250, 26.304049173056207)
SRR29920141_1	(1, 33.296980230284596)	(2, 33.4925838879782)	(3, 33.33916615645923)	(4, 33.627002152746236)	(5, 33.56089901842672)	(6, 36.82325755929927)	(7, 36.8922046886418)	(8, 36.85232950842336)	(9, 36.87709596508206)	(10, 37.170055102403566)	(15, 37.36990105267315)	(20, 38.03365789109869)	(25, 37.80389469318429)	(30, 38.2011691979539)	(35, 37.70145557245276)	(40, 37.88605849939763)	(45, 37.84309442458475)	(50, 37.48659569845753)	(55, 36.73875535717813)	(60, 37.23098769577153)	(65, 37.14471194675409)	(70, 37.35130448521715)	(75, 37.357276874765475)	(80, 36.96230521596587)	(85, 37.2081922856635)	(90, 37.35914127150277)	(95, 37.343147749491436)	(100, 36.90711986254024)	(105, 36.756909525408325)	(110, 36.602022396460804)	(115, 36.31147275492268)	(120, 36.92755317678194)	(125, 37.476961665317084)	(130, 37.6561452017459)	(135, 37.2891671439575)	(140, 36.55442497975628)	(145, 36.26865877984714)	(150, 35.854596804455596)	(155, 35.603953943080604)	(160, 35.26122489285643)	(165, 35.50844311022456)	(170, 35.78277408014536)	(175, 35.82575790492366)	(180, 35.24582781980132)	(185, 34.70067742381451)	(190, 34.72548338040408)	(195, 35.255793652361106)	(200, 35.1247842316276)	(205, 34.80092429838247)	(210, 34.76975490292892)	(215, 34.300843323524184)	(220, 34.388418620267416)	(225, 34.322094286335)	(230, 34.31445104971067)	(235, 34.1445183970928)	(240, 34.110516856595495)	(245, 34.212458278198014)	(250, 31.923923133134515)
SRR29920141_2	(1, 29.022218711117254)	(2, 29.21235162838465)	(3, 30.240317579444238)	(4, 30.19244366322359)	(5, 30.816898070428376)	(6, 32.768510655106354)	(7, 34.92526613078427)	(8, 33.69557403274544)	(9, 32.856496751130685)	(10, 33.78534947563841)	(15, 36.74570734501215)	(20, 36.76180356684376)	(25, 37.85593190211917)	(30, 37.32855647502616)	(35, 37.41730886970947)	(40, 36.644654671854326)	(45, 37.16994450259712)	(50, 37.46996227756601)	(55, 37.36478581162483)	(60, 38.074200620148915)	(65, 38.27964371062351)	(70, 37.34114115300298)	(75, 36.51961369067603)	(80, 36.55485947899591)	(85, 36.10611261430292)	(90, 36.49734757964173)	(95, 36.63971323050184)	(100, 36.949744237947584)	(105, 36.25995299508226)	(110, 36.33360061619893)	(115, 36.56837635534138)	(120, 36.755001678747064)	(125, 36.34006280489009)	(130, 36.030260897043426)	(135, 36.56631445894969)	(140, 35.61338257658049)	(145, 35.69727647976616)	(150, 36.20626073904371)	(155, 36.59186301423972)	(160, 36.139750755436175)	(165, 35.903023719708486)	(170, 35.697592479213164)	(175, 35.00297829478798)	(180, 34.37157584974226)	(185, 33.533134517014595)	(190, 33.826279304011216)	(195, 34.5340825153556)	(200, 34.471846424268755)	(205, 34.36918610392432)	(210, 34.151584934726365)	(215, 33.63043074674619)	(220, 33.338771157150475)	(225, 34.21709952007584)	(230, 33.15307013212727)	(235, 31.947820591313963)	(240, 33.304011217980374)	(245, 32.73710821006063)	(250, 27.903837418284517)
SRR29920142_1	(1, 33.00933284724754)	(2, 33.24450115445376)	(3, 33.126236480738854)	(4, 33.43703973751367)	(5, 33.27181917608458)	(6, 36.81441244379633)	(7, 36.897362984566776)	(8, 36.85711508081177)	(9, 36.886061489852956)	(10, 37.15151294203427)	(15, 37.35536274152388)	(20, 38.09781504435533)	(25, 37.550176206100375)	(30, 38.178242799854175)	(35, 37.49502491189695)	(40, 37.60069510268563)	(45, 37.64426783327257)	(50, 37.434619030258844)	(55, 36.72223113379512)	(60, 37.37756714060031)	(65, 36.938539312188595)	(70, 37.15463361283266)	(75, 37.115391906671526)	(80, 36.66968525944829)	(85, 37.102393972536156)	(90, 37.15663628630453)	(95, 37.14101348888079)	(100, 36.42521813100012)	(105, 36.632159436140476)	(110, 36.28087495442945)	(115, 36.37400899258719)	(120, 36.98712358731316)	(125, 37.290898043504676)	(130, 37.41733381941913)	(135, 37.05883582452303)	(140, 36.29842265159802)	(145, 36.039197958439665)	(150, 35.7287301008628)	(155, 35.178947624255684)	(160, 35.148037428606145)	(165, 35.37978855267954)	(170, 35.449230769230766)	(175, 35.282114473204516)	(180, 35.035231498359465)	(185, 34.423346700692676)	(190, 34.8425811155669)	(195, 35.14203912990643)	(200, 34.929653663871676)	(205, 34.79188236723782)	(210, 34.44681978369182)	(215, 34.28026734718678)	(220, 34.210207801676994)	(225, 34.29540405881638)	(230, 34.4087884311581)	(235, 34.13620123951877)	(240, 33.77901081540892)	(245, 34.15033661441244)	(250, 32.465475756471015)
SRR29920142_2	(1, 26.614169400899257)	(2, 30.891457042167943)	(3, 31.28105480617329)	(4, 29.85952120549277)	(5, 30.666253493741646)	(6, 32.34599586827075)	(7, 35.24151172681978)	(8, 33.72040345120914)	(9, 32.709515129420346)	(10, 33.87844452545875)	(15, 36.739778830963665)	(20, 36.745480617328965)	(25, 37.9585806294811)	(30, 37.44342690484871)	(35, 37.58330781382914)	(40, 36.65771782719649)	(45, 37.05752825373679)	(50, 37.33746992344149)	(55, 37.23979584396646)	(60, 38.09886012881274)	(65, 38.23006926722566)	(70, 37.15218374043019)	(75, 36.62036213391663)	(80, 36.45940454490217)	(85, 36.44968282901932)	(90, 36.30979705918095)	(95, 36.73973022238425)	(100, 36.89405760116661)	(105, 36.23185806294811)	(110, 36.28928909952607)	(115, 36.553919066715274)	(120, 36.55775428363106)	(125, 36.06734718677846)	(130, 36.03315591201847)	(135, 36.53757200145826)	(140, 35.02067808968283)	(145, 35.776944950783815)	(150, 36.047864868149226)	(155, 36.368992587191634)	(160, 36.00186170859157)	(165, 36.08897314375988)	(170, 35.48088467614534)	(175, 34.68345120913841)	(180, 34.099394823186294)	(185, 33.78601531170251)	(190, 33.866253493741645)	(195, 34.45471381698869)	(200, 34.26696803985904)	(205, 34.32756349495686)	(210, 33.93516587677725)	(215, 33.55200388868635)	(220, 33.82313282294325)	(225, 33.98949082513064)	(230, 32.5328132215336)	(235, 32.46217523392879)	(240, 33.37173897192855)	(245, 32.425291043869244)	(250, 27.886353141329444)
SRR29920143_1	(1, 33.295872496935026)	(2, 33.478834627434956)	(3, 33.3432945102847)	(4, 33.61337011306362)	(5, 33.55852404304591)	(6, 36.821686418744044)	(7, 36.89390069472824)	(8, 36.85826181719112)	(9, 36.88351382645416)	(10, 37.16704808609181)	(15, 37.37110747854516)	(20, 38.051396267538486)	(25, 37.70381419425146)	(30, 38.2471563819643)	(35, 37.79633564909413)	(40, 38.01264132951914)	(45, 37.88156245743087)	(50, 37.40187304181992)	(55, 36.6684613812832)	(60, 37.146560414112514)	(65, 37.017851791309084)	(70, 37.167061708214135)	(75, 37.11776665304454)	(80, 36.89818825773055)	(85, 37.13516891431685)	(90, 37.366380602097806)	(95, 37.436575398447076)	(100, 37.00212845661354)	(105, 36.72607614766381)	(110, 36.582917858602364)	(115, 36.31286609453753)	(120, 36.86965672251737)	(125, 37.395480860918134)	(130, 37.58651069336603)	(135, 37.25119193570358)	(140, 36.54092085546928)	(145, 36.17512600463152)	(150, 35.8424976161286)	(155, 35.59304250102166)	(160, 35.270514916223945)	(165, 35.46360509467375)	(170, 35.71388775371203)	(175, 35.79391091131998)	(180, 35.26695273123553)	(185, 34.695896335649095)	(190, 34.74678858466149)	(195, 35.20448508377605)	(200, 35.04579757526223)	(205, 34.75879648549244)	(210, 34.805564636970445)	(215, 34.34682945102847)	(220, 34.39207192480588)	(225, 34.24627434954366)	(230, 34.37817395450212)	(235, 34.18975616401035)	(240, 34.277387276937745)	(245, 34.14009331153794)	(250, 31.909157471734098)
SRR29920143_2	(1, 28.09217068519275)	(2, 31.31264473504972)	(3, 31.467953957226538)	(4, 31.95845252690369)	(5, 31.35063342868819)	(6, 32.95967851791309)	(7, 34.978187576624435)	(8, 33.71080234300504)	(9, 32.817140035417516)	(10, 33.93496117695137)	(15, 36.76747037188394)	(20, 36.91963628933387)	(25, 37.80234641057076)	(30, 37.289684647868135)	(35, 37.473164419016484)	(40, 36.66068314943468)	(45, 37.170324206511374)	(50, 37.43896948644599)	(55, 37.437872905598695)	(60, 38.043148072469684)	(65, 38.27055578259093)	(70, 37.358990600735595)	(75, 36.587471052990054)	(80, 36.70656926849203)	(85, 36.20426372428824)	(90, 36.49240226127231)	(95, 36.601723198474325)	(100, 36.87142078735867)	(105, 36.356204876719794)	(110, 36.443859828361255)	(115, 36.46718430731508)	(120, 36.72128797166599)	(125, 36.33136153112655)	(130, 35.971843073150794)	(135, 36.43389184034872)	(140, 35.7964718703174)	(145, 35.673413022748946)	(150, 36.15982836125868)	(155, 36.561813785587795)	(160, 36.21310448167825)	(165, 35.89205149162239)	(170, 35.83938496117695)	(175, 35.086565181855335)	(180, 34.478303364664214)	(185, 33.760509467375016)	(190, 34.00677360032693)	(195, 34.459790900422284)	(200, 34.524543658902054)	(205, 34.43346274349543)	(210, 34.33031262770739)	(215, 33.79586228034328)	(220, 33.304818825773054)	(225, 34.28664010352813)	(230, 33.31468124233756)	(235, 32.50984198338101)	(240, 33.52486037324614)	(245, 33.133438904781364)	(250, 27.743495436589022)
SRR29920144_1	(1, 33.31468341537939)	(2, 33.49738018446217)	(3, 33.35869405307531)	(4, 33.65230577717422)	(5, 33.570316301703166)	(6, 36.83245628925479)	(7, 36.89004696429582)	(8, 36.862513438578624)	(9, 36.886199287048036)	(10, 37.172151870084306)	(15, 37.39150568664064)	(20, 38.09764046851128)	(25, 37.551759180671084)	(30, 38.275084026481075)	(35, 37.73728738754031)	(40, 37.89571436654784)	(45, 37.81889209528659)	(50, 37.39078368132179)	(55, 36.63483505912975)	(60, 37.240434561195045)	(65, 37.03842924234708)	(70, 37.10167147626322)	(75, 37.14364284501782)	(80, 36.65536581225598)	(85, 37.16211169580716)	(90, 37.35172070389861)	(95, 37.405192100944944)	(100, 36.83737905279239)	(105, 36.834423131330276)	(110, 36.54720986816047)	(115, 36.456074237537486)	(120, 36.82641317263623)	(125, 37.335365812255986)	(130, 37.57840774062129)	(135, 37.20155491427601)	(140, 36.455146268318906)	(145, 36.133645674192266)	(150, 35.83581055847903)	(155, 35.40452894245459)	(160, 35.29231483053245)	(165, 35.50858371527188)	(170, 35.713293724891074)	(175, 35.56791263509308)	(180, 35.1936015390709)	(185, 34.60068579188593)	(190, 34.9149120126747)	(195, 35.20953318621626)	(200, 34.96888360776326)	(205, 34.70134555536695)	(210, 34.621024161149776)	(215, 34.11680190120522)	(220, 34.2617529564873)	(225, 34.14782775985967)	(230, 34.432752786736835)	(235, 34.20602500990211)	(240, 33.99965823572681)	(245, 33.99714366547842)	(250, 31.366796808691223)
SRR29920144_2	(1, 29.166570474735472)	(2, 29.793900299892492)	(3, 31.831335936173826)	(4, 31.87719119560912)	(5, 31.318565042720532)	(6, 33.00010185028009)	(7, 35.019113902563234)	(8, 33.73752051151474)	(9, 32.87910371753522)	(10, 34.11016578962259)	(15, 36.75790641090929)	(20, 37.06177558988287)	(25, 37.81807502970633)	(30, 37.33852317093872)	(35, 37.681487014089285)	(40, 36.7077779663894)	(45, 37.17090476998812)	(50, 37.403456119504334)	(55, 37.490255191535105)	(60, 38.04345611950433)	(65, 38.3028393594749)	(70, 37.09913427261925)	(75, 36.53589543371244)	(80, 36.53435183613422)	(85, 36.22725513495162)	(90, 36.37628925479545)	(95, 36.58757652916879)	(100, 36.78515928252136)	(105, 36.3278583149437)	(110, 36.43233406891869)	(115, 36.50656707972614)	(120, 36.47171617721949)	(125, 36.01871102812199)	(130, 35.83152832003621)	(135, 36.43975329598823)	(140, 35.24687602557573)	(145, 35.73454421999661)	(150, 35.9522910654671)	(155, 36.38252701861596)	(160, 35.97482940078085)	(165, 35.88045719459062)	(170, 35.52933627567476)	(175, 34.88520341764273)	(180, 34.276593673965934)	(185, 33.77891925536129)	(190, 33.91760538674815)	(195, 34.40622418378317)	(200, 34.301870650144295)	(205, 34.26308380014712)	(210, 34.007303796752105)	(215, 33.61092514004413)	(220, 33.44520568098229)	(225, 34.03571776155717)	(230, 32.70771685622135)	(235, 32.547510892321625)	(240, 33.3788649352119)	(245, 32.837709500367794)	(250, 27.10831211452498)
SRR29920145_1	(1, 33.31606384239121)	(2, 33.48457255047983)	(3, 33.34812044073591)	(4, 33.62728703688032)	(5, 33.56737132508505)	(6, 36.82810622344837)	(7, 36.89023915508691)	(8, 36.85432357869438)	(9, 36.885821640742684)	(10, 37.171399556556025)	(15, 37.377039080615404)	(20, 38.083086505424575)	(25, 37.5900072778972)	(30, 38.26339894724371)	(35, 37.69779462789635)	(40, 37.9144728602136)	(45, 37.82002945009563)	(50, 37.38151752619196)	(55, 36.60585278337254)	(60, 37.25672359223465)	(65, 37.04789871875158)	(70, 37.1160469170489)	(75, 37.15602119052858)	(80, 36.745260057884664)	(85, 37.16211092869354)	(90, 37.35703671106749)	(95, 37.39411336594283)	(100, 36.849242590931404)	(105, 36.79579574496894)	(110, 36.53397762469746)	(115, 36.433095814362844)	(120, 36.85269197569521)	(125, 37.342230421610275)	(130, 37.55497520437351)	(135, 37.193964422930456)	(140, 36.482081140091054)	(145, 36.120890950019465)	(150, 35.821854001997195)	(155, 35.45108068310681)	(160, 35.28084220503359)	(165, 35.510139972580944)	(170, 35.67277220181778)	(175, 35.58264813905861)	(180, 35.2184486231234)	(185, 34.631003842052706)	(190, 34.935636308244334)	(195, 35.19820929878307)	(200, 35.00486772844981)	(205, 34.732731919503074)	(210, 34.682910481864496)	(215, 34.19294890239155)	(220, 34.29261885821641)	(225, 34.19910972699422)	(230, 34.43758780021326)	(235, 34.21340487111352)	(240, 34.03218184587783)	(245, 34.05432019362591)	(250, 31.508945043413505)
SRR29920145_2	(1, 29.798723829189445)	(2, 31.91581334732495)	(3, 31.95922685036305)	(4, 31.771947937647038)	(5, 31.098640895012103)	(6, 32.94929167442412)	(7, 35.210602034426145)	(8, 33.45556251375184)	(9, 32.95971768529019)	(10, 34.06866272870369)	(15, 36.77418546790109)	(20, 36.99880845590102)	(25, 37.845410693431276)	(30, 37.36179950239493)	(35, 37.57913105292555)	(40, 36.71203561092023)	(45, 37.20802599732579)	(50, 37.44355906098201)	(55, 37.5034815429142)	(60, 38.10006262376656)	(65, 38.32034595399692)	(70, 37.23112908958584)	(75, 36.61807626559247)	(80, 36.638288509385106)	(85, 36.277291268215905)	(90, 36.43247296176565)	(95, 36.63080412301339)	(100, 36.82770340030127)	(105, 36.34801888868202)	(110, 36.453991841985)	(115, 36.550466293180776)	(120, 36.58751925257688)	(125, 36.135710779750525)	(130, 35.94521943706311)	(135, 36.465111791885995)	(140, 35.36017128446423)	(145, 35.778975339776245)	(150, 36.04528206082968)	(155, 36.45727535839412)	(160, 36.065375827226106)	(165, 35.94080869285581)	(170, 35.600714249445694)	(175, 34.96022544555964)	(180, 34.35841104886346)	(185, 33.83155899328064)	(190, 33.985698085743785)	(195, 34.447844557656175)	(200, 34.40627930199888)	(205, 34.30521808303573)	(210, 34.110647732850396)	(215, 33.739478360949846)	(220, 33.54688489074692)	(225, 34.077006922465)	(230, 32.84918504476754)	(235, 32.595562175245)	(240, 33.41834368600105)	(245, 32.89074014521944)	(250, 27.151109456188752)
SRR29920146_1	(1, 33.306337396916454)	(2, 33.490602964025335)	(3, 33.3343193498267)	(4, 33.6284958766583)	(5, 33.565151786781406)	(6, 36.830718895661526)	(7, 36.89542249312776)	(8, 36.86313792279192)	(9, 36.887713636906895)	(10, 37.16871040994383)	(15, 37.37699294848811)	(20, 38.070843791084016)	(25, 37.60944185490618)	(30, 38.27264850005976)	(35, 37.72973287916816)	(40, 37.96268973347675)	(45, 37.829108402055695)	(50, 37.35746683399068)	(55, 36.60542607864228)	(60, 37.1240169714354)	(65, 36.913296283016614)	(70, 37.04931277638342)	(75, 37.01363391896737)	(80, 36.764891836978606)	(85, 37.102417234373135)	(90, 37.28587307278595)	(95, 37.42534958766583)	(100, 36.857894107804476)	(105, 36.64500717102904)	(110, 36.465555157165056)	(115, 36.28280446994144)	(120, 36.81387892912633)	(125, 37.32468925540815)	(130, 37.527055694992235)	(135, 37.17760248595673)	(140, 36.46112405880244)	(145, 36.117282179992834)	(150, 35.7769750209155)	(155, 35.44393450460141)	(160, 35.21288693677543)	(165, 35.407060475678264)	(170, 35.64531791562089)	(175, 35.58285526473049)	(180, 35.15915202581571)	(185, 34.59728397275009)	(190, 34.7516971435401)	(195, 35.157729771722245)	(200, 34.955252778773755)	(205, 34.671614676706106)	(210, 34.707696904505795)	(215, 34.20938209633083)	(220, 34.26574339667742)	(225, 34.11235508545476)	(230, 34.32076909286483)	(235, 34.091944544042065)	(240, 34.03638400860523)	(245, 33.94134098243098)	(250, 31.13197681367276)
SRR29920146_2	(1, 29.244412573204254)	(2, 29.610956734791444)	(3, 31.742216445559936)	(4, 30.284764551213097)	(5, 30.403445081869247)	(6, 32.72433369188479)	(7, 35.125059758575354)	(8, 33.83252659256603)	(9, 32.885681845344806)	(10, 33.844439464563166)	(15, 36.680276682203896)	(20, 36.84975200191228)	(25, 37.69478307637146)	(30, 37.16378331540576)	(35, 37.34747520019123)	(40, 36.568088920760125)	(45, 37.15660332257679)	(50, 37.372334767539144)	(55, 37.399130512728576)	(60, 38.013687701685186)	(65, 38.27491932592327)	(70, 37.13292996294969)	(75, 36.43071291980399)	(80, 36.49226425242022)	(85, 36.00018823951237)	(90, 36.26314389864946)	(95, 36.32650591609896)	(100, 36.571776024859574)	(105, 36.070500179275726)	(110, 36.170813911796344)	(115, 36.33553543683519)	(120, 36.42445320903549)	(125, 35.91241185610136)	(130, 35.67209872116649)	(135, 36.1553693079957)	(140, 35.22972092745309)	(145, 35.41265985418907)	(150, 35.79976395362735)	(155, 36.262471614676706)	(160, 35.84824608581331)	(165, 35.65302677184176)	(170, 35.464855981833395)	(175, 34.753071590773274)	(180, 34.07420222301901)	(185, 33.304368351858486)	(190, 33.657670013146884)	(195, 34.264144854786664)	(200, 34.25764909764551)	(205, 34.13119696426437)	(210, 33.89877494920521)	(215, 33.31895840803155)	(220, 32.91087606071471)	(225, 33.93211127046731)	(230, 32.64309489661766)	(235, 32.039198637504484)	(240, 33.089826102545715)	(245, 32.72248715190629)	(250, 26.650412334169953)
SRR29920147_1	(1, 33.063543468938086)	(2, 33.160640610443195)	(3, 33.06150274314952)	(4, 33.51995622791062)	(5, 33.488605947680526)	(6, 36.81986897948923)	(7, 36.895878621179186)	(8, 36.87153779039676)	(9, 36.881135116750215)	(10, 37.169948094583205)	(15, 37.371542226757164)	(20, 38.00747674607752)	(25, 37.99160640610444)	(30, 38.16118776156042)	(35, 37.681904085887936)	(40, 38.0286204397912)	(45, 37.83625393726986)	(50, 37.683805805716986)	(55, 36.88917380181299)	(60, 37.23867619005368)	(65, 37.24971089717995)	(70, 37.54957041243364)	(75, 37.41084542241545)	(80, 37.287943451192646)	(85, 37.26063025893557)	(90, 37.52369164337577)	(95, 37.39896189166408)	(100, 37.09626606332166)	(105, 36.85270691924345)	(110, 36.70694881918874)	(115, 36.19447525250284)	(120, 37.0147553347234)	(125, 37.58028777191193)	(130, 37.757165461455415)	(135, 37.40897623589608)	(140, 36.66300519054168)	(145, 36.39083152181949)	(150, 35.88726616683673)	(155, 35.84259497508244)	(160, 35.311429543202756)	(165, 35.56618310338199)	(170, 35.917956908152554)	(175, 36.13539180456353)	(180, 35.33336882421661)	(185, 34.774771897135594)	(190, 34.651535720095225)	(195, 35.295810596986236)	(200, 35.268799077237034)	(205, 34.90361267616048)	(210, 34.85974298685359)	(215, 34.55041923605874)	(220, 34.671026130162815)	(225, 34.628626354938405)	(230, 34.35219673779631)	(235, 34.271242033036096)	(240, 34.489472516747256)	(245, 34.699850642532866)	(250, 33.558138503171996)
SRR29920147_2	(1, 27.786389246262367)	(2, 28.943732162134186)	(3, 29.474779291069606)	(4, 30.779320645342562)	(5, 30.094760658355884)	(6, 31.80608668648241)	(7, 34.98039128698815)	(8, 32.9501353089925)	(9, 32.882466024873196)	(10, 33.66608698223977)	(15, 36.42610354465197)	(20, 36.66168315513952)	(25, 37.77391715836328)	(30, 37.15041627848513)	(35, 37.2978069591707)	(40, 36.190979400499835)	(45, 36.71915768303684)	(50, 37.14681099625867)	(55, 36.84683317806072)	(60, 37.81497715274389)	(65, 38.076193011253565)	(70, 37.06592135811779)	(75, 36.006379486269466)	(80, 36.06529435251319)	(85, 35.412131966934325)	(90, 36.23169040119486)	(95, 36.09967023054286)	(100, 36.67894059713411)	(105, 35.62055513656596)	(110, 35.77329902547949)	(115, 36.05968679295506)	(120, 36.357345873445425)	(125, 35.98865474764503)	(130, 35.56534611005132)	(135, 35.95658577702853)	(140, 35.47247534123005)	(145, 35.0395338863996)	(150, 35.755316977951296)	(155, 36.164509116720644)	(160, 35.900474690563854)	(165, 35.30519793561363)	(170, 35.50283187672833)	(175, 34.57426319447525)	(180, 33.783198024340834)	(185, 32.55797879419724)	(190, 32.96000768969138)	(195, 33.821980687044345)	(200, 33.98657853097319)	(205, 33.90146252014848)	(210, 33.56225840320601)	(215, 33.07892876683968)	(220, 32.27443325495763)	(225, 33.727320586191084)	(230, 32.841261109385854)	(235, 30.71083211333422)	(240, 32.66425920175088)	(245, 32.06844712597785)	(250, 27.545687118288157)
SRR29920148_1	(1, 33.056479846330205)	(2, 33.170276047959845)	(3, 33.06575889952598)	(4, 33.5208817424172)	(5, 33.49591040059485)	(6, 36.81215726368622)	(7, 36.890386343216534)	(8, 36.86106205657279)	(9, 36.877993617746384)	(10, 37.17570715989714)	(15, 37.37867211946587)	(20, 38.003751897636086)	(25, 37.99503051708647)	(30, 38.164277968832295)	(35, 37.770691204263095)	(40, 38.04784831304024)	(45, 37.93019797378938)	(50, 37.65201226879822)	(55, 36.91789509557889)	(60, 37.226889116088856)	(65, 37.261080645661)	(70, 37.59203767388543)	(75, 37.49722093131332)	(80, 37.30886079871116)	(85, 37.25836354060167)	(90, 37.50374260309198)	(95, 37.41761935743718)	(100, 37.12895870124237)	(105, 36.814549059701946)	(110, 36.69822784025777)	(115, 36.19541159339468)	(120, 37.019983269820614)	(125, 37.60173188338446)	(130, 37.775409734485855)	(135, 37.432753973417604)	(140, 36.699572450971274)	(145, 36.425234687238586)	(150, 35.92592867986492)	(155, 35.87631440344518)	(160, 35.30513368652601)	(165, 35.545230349784674)	(170, 35.90039656721505)	(175, 36.15423056665737)	(180, 35.33787526721814)	(185, 34.829764228397934)	(190, 34.53202280261486)	(195, 35.31323852898349)	(200, 35.27933203209716)	(205, 34.88438206772624)	(210, 34.932428664374015)	(215, 34.52380022926542)	(220, 34.586219289277196)	(225, 34.58549741301856)	(230, 34.2524243269201)	(235, 34.25553799919447)	(240, 34.46399293614648)	(245, 34.61880596090095)	(250, 33.241023019487564)
SRR29920148_2	(1, 28.84890169470521)	(2, 27.846376676890664)	(3, 30.46302320537844)	(4, 31.789013848870713)	(5, 30.992254546581158)	(6, 32.71278309632246)	(7, 34.9646497505964)	(8, 33.49189825572389)	(9, 33.01978188803172)	(10, 33.80018279270068)	(15, 36.60521423924156)	(20, 36.80575951916226)	(25, 37.80299284320104)	(30, 37.23024754469127)	(35, 37.394658735322366)	(40, 36.346643120488274)	(45, 36.85531802831738)	(50, 37.24226539021595)	(55, 37.01677355392385)	(60, 37.88203674443102)	(65, 38.1052204356043)	(70, 37.250912414412745)	(75, 36.20387272670942)	(80, 36.2225051894538)	(85, 35.61275831087152)	(90, 36.4789075812498)	(95, 36.25540477739567)	(100, 36.86523840505623)	(105, 35.850577810825044)	(110, 36.02182358955293)	(115, 36.31182575827989)	(120, 36.55802274065124)	(125, 36.20682529355268)	(130, 35.77413328376243)	(135, 36.18111038820213)	(140, 35.72375995290764)	(145, 35.28829507079344)	(150, 35.98267496979273)	(155, 36.40904668959321)	(160, 36.08824240171019)	(165, 35.5392539579267)	(170, 35.74975059639991)	(175, 34.84145986306039)	(180, 34.16269789633485)	(185, 33.11551879046999)	(190, 33.351507265235306)	(195, 34.06949220807386)	(200, 34.21711435387427)	(205, 34.17148743687456)	(210, 33.846258945998706)	(215, 33.47716330513988)	(220, 32.74946246553274)	(225, 34.003404901322924)	(230, 33.239185797936614)	(235, 31.36005204944697)	(240, 32.99389038634321)	(245, 32.39253338290423)	(250, 27.998760727452986)
SRR29920149_1	(1, 33.062329230353036)	(2, 33.168132016772624)	(3, 33.07076964696334)	(4, 33.52154740971189)	(5, 33.481644799134315)	(6, 36.81828756932233)	(7, 36.8930610036521)	(8, 36.86197754632761)	(9, 36.87626132828351)	(10, 37.17184363587177)	(15, 37.370750710131205)	(20, 38.021236304612465)	(25, 37.83596374949277)	(30, 38.20979304747734)	(35, 37.67388069795753)	(40, 37.9090112268362)	(45, 37.841650209657786)	(50, 37.566681996483155)	(55, 36.81681049641553)	(60, 37.29641011767888)	(65, 37.20048153658867)	(70, 37.40831597457054)	(75, 37.31168943595293)	(80, 37.09961314757203)	(85, 37.26731773299067)	(90, 37.456675233328816)	(95, 37.33882321114568)	(100, 36.91648315974571)	(105, 36.83541728662247)	(110, 36.604431218720414)	(115, 36.30683078587854)	(120, 37.04675774381171)	(125, 37.52579467063439)	(130, 37.70981739483295)	(135, 37.32289463005545)	(140, 36.60014608413364)	(145, 36.33583119166779)	(150, 35.8869633437035)	(155, 35.620835925875824)	(160, 35.34542404977681)	(165, 35.57814689571216)	(170, 35.87172730961721)	(175, 35.86126876775328)	(180, 35.31652644393345)	(185, 34.707880427431355)	(190, 34.807661301230894)	(195, 35.28285134586771)	(200, 35.13988367374544)	(205, 34.88624915460571)	(210, 34.794248613553364)	(215, 34.46891924793724)	(220, 34.638706884891114)	(225, 34.50984985797376)	(230, 34.44417151359394)	(235, 34.33145407818206)	(240, 34.302854051129444)	(245, 34.44025429460301)	(250, 32.720654673339645)
SRR29920149_2	(1, 28.379656431759773)	(2, 28.659380495062898)	(3, 29.688705532260247)	(4, 30.156634654402815)	(5, 30.126552143919923)	(6, 31.95208981468957)	(7, 34.88340321926146)	(8, 33.01019883673745)	(9, 32.9107263627756)	(10, 33.7491302583525)	(15, 36.40103340998242)	(20, 36.57935344244555)	(25, 37.65149195184634)	(30, 37.083603408629784)	(35, 37.223784661165965)	(40, 36.22782632219666)	(45, 36.80835925875828)	(50, 37.15252265656702)	(55, 36.9592695793318)	(60, 37.79578520221831)	(65, 38.10503449208711)	(70, 36.93530637089138)	(75, 36.08020559989179)	(80, 36.007017448938186)	(85, 35.62818341674557)	(90, 36.176069254700394)	(95, 36.172049235763566)	(100, 36.59659678073854)	(105, 35.73187609901258)	(110, 35.926000270526174)	(115, 36.179954010550524)	(120, 36.23955092655214)	(125, 35.77953740024348)	(130, 35.546327607196)	(135, 36.04496145002029)	(140, 35.06673339645611)	(145, 35.16071959962127)	(150, 35.601217367780336)	(155, 36.08442580819694)	(160, 35.74374678750169)	(165, 35.41727580143379)	(170, 35.38157716759097)	(175, 34.480416610307046)	(180, 33.64383065061545)	(185, 32.71663465440281)	(190, 33.00539970242121)	(195, 33.8759745705397)	(200, 33.87385905586366)	(205, 33.809257405654)	(210, 33.440016231570404)	(215, 32.838203706208574)	(220, 32.48179629379142)	(225, 33.574624644934396)	(230, 32.41843906397944)	(235, 31.223633166508858)	(240, 32.69405653997025)	(245, 32.11727850669553)	(250, 27.22872987961585)
SRR29920150_1	(1, 32.994170154091776)	(2, 33.146447664433104)	(3, 33.01325624712741)	(4, 33.50821258375868)	(5, 33.47415273712475)	(6, 36.83386148673166)	(7, 36.90309393067079)	(8, 36.86828418684535)	(9, 36.886330099905656)	(10, 37.15788480611529)	(15, 37.387880693775855)	(20, 38.07949877839328)	(25, 37.70898183313578)	(30, 38.16348726384287)	(35, 37.772984348919906)	(40, 37.81139359926461)	(45, 37.78944338276204)	(50, 37.50484046542007)	(55, 36.787566220760056)	(60, 37.3183628050993)	(65, 37.07196110210697)	(70, 37.12349113427997)	(75, 37.21171291032681)	(80, 36.755712523283094)	(85, 37.09038922083263)	(90, 37.279411693558146)	(95, 37.04773700379787)	(100, 36.53898255884273)	(105, 36.75618181378359)	(110, 36.45373618132997)	(115, 36.284835143569026)	(120, 36.974000338663245)	(125, 37.24618399090447)	(130, 37.36347274970367)	(135, 36.999516195360314)	(140, 36.34585258472629)	(145, 36.057771112024966)	(150, 35.76041510438085)	(155, 35.36066184474709)	(160, 35.13069014731851)	(165, 35.58056556762379)	(170, 35.59624083794963)	(175, 35.51405210575969)	(180, 35.093896804470354)	(185, 34.41710249401292)	(190, 34.75130990106195)	(195, 34.949771402307746)	(200, 34.897931735165336)	(205, 34.70173443963328)	(210, 34.6021674447858)	(215, 34.344817242797355)	(220, 34.32353951474395)	(225, 34.3677495827185)	(230, 34.446759718425696)	(235, 34.21878613415903)	(240, 34.20111758871768)	(245, 34.1314835869276)	(250, 32.89503858342002)
SRR29920150_2	(1, 28.378988364498415)	(2, 31.320302861704445)	(3, 31.065579718909504)	(4, 30.061564140400108)	(5, 30.114298846125934)	(6, 32.47238685018989)	(7, 34.6969205834684)	(8, 33.727303514840706)	(9, 32.808679455235975)	(10, 33.63291322963787)	(15, 36.42427247877307)	(20, 36.25907254650572)	(25, 37.67555093253344)	(30, 37.03522097776918)	(35, 37.07447688623334)	(40, 36.22088100824887)	(45, 36.834606545876774)	(50, 37.18307651370377)	(55, 37.23190207794093)	(60, 37.8802438375384)	(65, 38.09960569921866)	(70, 37.00592176878976)	(75, 36.31077674834902)	(80, 36.264176685454416)	(85, 35.88162751880791)	(90, 36.134865381359006)	(95, 36.26726335905561)	(100, 36.484177169259056)	(105, 35.93802946370256)	(110, 35.96096664167009)	(115, 36.24938193957281)	(120, 36.34959239459106)	(125, 35.89990082004886)	(130, 35.80312053992597)	(135, 35.924666779554414)	(140, 35.14513655385955)	(145, 35.45042695759452)	(150, 35.79803575316287)	(155, 36.12678100582984)	(160, 35.9075642855415)	(165, 35.60265124942548)	(170, 35.3927477684511)	(175, 34.585447156438235)	(180, 33.93965020924551)	(185, 32.96408718159607)	(190, 33.2831708556085)	(195, 33.84099760516703)	(200, 34.08170008950386)	(205, 33.8155785093979)	(210, 33.604862236628854)	(215, 33.27439947749099)	(220, 32.82075038099616)	(225, 33.3692880814727)	(230, 32.57847069353395)	(235, 31.782728174363193)	(240, 33.01391422143739)	(245, 32.45484409395486)	(250, 26.89143423885435)
SRR29920151_1	(1, 32.99477723098968)	(2, 33.12745818956577)	(3, 32.983351245357014)	(4, 33.50411976544677)	(5, 33.4592831419575)	(6, 36.81754247035089)	(7, 36.8983351245357)	(8, 36.8803099722835)	(9, 36.874483850896546)	(10, 37.15955276505081)	(15, 37.389595942455266)	(20, 38.08231988988819)	(25, 37.37712917397288)	(30, 38.24965967155005)	(35, 37.752938514621874)	(40, 37.86394781001942)	(45, 37.67024907140298)	(50, 37.44099402304052)	(55, 36.65328355676226)	(60, 37.22526915172428)	(65, 36.89628749740747)	(70, 36.87749684182741)	(75, 36.888956766031264)	(80, 36.62482040839414)	(85, 37.12672285385675)	(90, 37.33460414427664)	(95, 37.28050983275826)	(100, 36.53851839282011)	(105, 36.70518694496295)	(110, 36.27963120085978)	(115, 36.27507211946377)	(120, 36.892818221241775)	(125, 37.246329920621456)	(130, 37.4658031185776)	(135, 37.05879291815148)	(140, 36.34758753323152)	(145, 36.09287478552709)	(150, 35.77566981541189)	(155, 35.20726285423383)	(160, 35.20345042140393)	(165, 35.42222599317458)	(170, 35.595263683843356)	(175, 35.381175405848744)	(180, 35.13563361426929)	(185, 34.42034051699757)	(190, 34.88968078888323)	(195, 35.049980202500144)	(200, 34.753688934140314)	(205, 34.6706902728284)	(210, 34.61371118275921)	(215, 34.173045232573486)	(220, 34.28499349510719)	(225, 34.087135396044275)	(230, 34.35328544223844)	(235, 34.30253596545808)	(240, 33.983177781548726)	(245, 33.83878047400871)	(250, 31.600015083809417)
SRR29920151_2	(1, 32.076248656598224)	(2, 31.068216528084168)	(3, 31.22818032694157)	(4, 31.89986236023908)	(5, 31.056620849595564)	(6, 32.604596790919544)	(7, 34.97750626920829)	(8, 33.43580896355375)	(9, 32.76331617550012)	(10, 33.884853969870086)	(15, 36.46325395478628)	(20, 36.78266493202859)	(25, 37.489100062220714)	(30, 37.0796538265739)	(35, 37.405192601391484)	(40, 36.43777740068254)	(45, 36.98968644531176)	(50, 37.24552670777005)	(55, 37.266659124761965)	(60, 37.8571186153063)	(65, 38.21729358749552)	(70, 36.8873050889002)	(75, 36.283937628448065)	(80, 36.2582423591078)	(85, 35.78931689198107)	(90, 35.90098233308822)	(95, 36.09321417123895)	(100, 36.394588683371985)	(105, 35.93137243810925)	(110, 36.11298904538341)	(115, 36.19096102720742)	(120, 36.21125252182439)	(125, 35.475011784226105)	(130, 35.5175745234459)	(135, 35.86363105002168)	(140, 34.52035748628316)	(145, 35.3044365254445)	(150, 35.36510360691593)	(155, 35.89432283123104)	(160, 35.47661443897656)	(165, 35.4958010445538)	(170, 35.28473707034711)	(175, 34.37457246827687)	(180, 33.66607462714708)	(185, 33.304515715443934)	(190, 33.284148801779885)	(195, 33.88739559175669)	(200, 33.76397609216208)	(205, 33.722661538171465)	(210, 33.33270735524256)	(215, 32.94379395516338)	(220, 32.86146275241812)	(225, 33.42062333842412)	(230, 32.18180892584422)	(235, 32.415966212266916)	(240, 32.724162377208366)	(245, 32.48015536323699)	(250, 25.12823123479835)
SRR29920152_1	(1, 32.990047275441654)	(2, 33.10885792485693)	(3, 33.00250891598242)	(4, 33.503587127809574)	(5, 33.45311852036161)	(6, 36.825661441486275)	(7, 36.8965746039645)	(8, 36.873538193580494)	(9, 36.8668823090321)	(10, 37.14921622294103)	(15, 37.387646180641944)	(20, 38.127133615327196)	(25, 37.24311188521191)	(30, 38.283880733184034)	(35, 37.83079124160239)	(40, 37.9582400265406)	(45, 37.46542257609688)	(50, 37.2959401177739)	(55, 36.67923198142158)	(60, 37.001609023803596)	(65, 36.34139918719416)	(70, 36.71634320311852)	(75, 36.329418595007056)	(80, 36.50351662934395)	(85, 36.876063697437175)	(90, 37.3058389317409)	(95, 37.36744629675707)	(100, 36.51558430787095)	(105, 36.49375466533964)	(110, 36.095181222526335)	(115, 36.12981670398939)	(120, 36.8660653562246)	(125, 37.09240275358713)	(130, 37.28886538940034)	(135, 36.938550219789335)	(140, 36.283822675624116)	(145, 35.89886787758149)	(150, 35.55445799120842)	(155, 34.994982168035165)	(160, 35.07363772082608)	(165, 35.07977938127228)	(170, 35.25041884382516)	(175, 35.14447209090155)	(180, 35.033901468026876)	(185, 34.318474744961435)	(190, 34.92131127146057)	(195, 34.90051422410219)	(200, 34.4640416355644)	(205, 34.570896574603964)	(210, 34.615107406485855)	(215, 34.22804180144315)	(220, 34.179248569295844)	(225, 34.12447540847641)	(230, 34.32543335821515)	(235, 34.210670150120265)	(240, 34.06426557186696)	(245, 33.538687069752015)	(250, 31.397590611263166)
SRR29920152_2	(1, 29.522352160570623)	(2, 31.638197727461225)	(3, 31.591129634237372)	(4, 30.3974039976777)	(5, 30.67707555776727)	(6, 32.57257194990462)	(7, 34.62760222277515)	(8, 33.52204113792818)	(9, 32.4694783113544)	(10, 33.73398026042962)	(15, 36.33349091813884)	(20, 36.8885294849465)	(25, 37.276001492908684)	(30, 36.765845566890604)	(35, 37.11502446711454)	(40, 36.383607033258684)	(45, 36.97831964833706)	(50, 37.215567719996685)	(55, 37.32219457576512)	(60, 37.72772248486356)	(65, 38.2122128224268)	(70, 36.88937961350253)	(75, 36.39281330347516)	(80, 36.305851372646586)	(85, 35.59730032346355)	(90, 35.88483453595422)	(95, 35.90816123413784)	(100, 36.15892012938542)	(105, 35.73894832877166)	(110, 35.85540764701003)	(115, 35.935377788836355)	(120, 36.1966119266816)	(125, 35.2313510823588)	(130, 35.09052002985818)	(135, 35.70228083271129)	(140, 34.47511818860413)	(145, 34.96030106991789)	(150, 35.06830886621879)	(155, 35.8283030604628)	(160, 35.31759558762545)	(165, 35.29555444969727)	(170, 35.34824583229659)	(175, 34.317255536203035)	(180, 33.453085344613086)	(185, 32.96758314671975)	(190, 33.04687318570125)	(195, 33.766492493986895)	(200, 33.508584224931575)	(205, 33.65566061209256)	(210, 33.2170398938376)	(215, 32.41175665588455)	(220, 32.10083354068176)	(225, 33.535303143402174)	(230, 31.821431533548974)	(235, 32.05200713278593)	(240, 32.445774239031266)	(245, 32.36589947748196)	(250, 22.88504603135108)
SRR29920153_1	(1, 33.03894160895956)	(2, 33.23589381892793)	(3, 33.15895101308028)	(4, 33.40082927246303)	(5, 33.28426092160383)	(6, 36.823822347610495)	(7, 36.89116867572882)	(8, 36.84754637941352)	(9, 36.88099512695563)	(10, 37.16941950927588)	(15, 37.384688381636316)	(20, 38.075677524151494)	(25, 37.575284260921606)	(30, 38.26261434555869)	(35, 37.83235872445927)	(40, 38.01781653415405)	(45, 37.79301957766948)	(50, 37.49918355133795)	(55, 36.709793109344275)	(60, 37.20170556552962)	(65, 37.048042233051206)	(70, 37.17835769855519)	(75, 37.197580576216126)	(80, 36.85563392322818)	(85, 37.246161408908264)	(90, 37.5182012481833)	(95, 37.47236470889972)	(100, 36.865636487988375)	(105, 36.894913225613415)	(110, 36.587287338633836)	(115, 36.40380439428914)	(120, 36.95056424724288)	(125, 37.46449944430196)	(130, 37.693472685303924)	(135, 37.30909634949132)	(140, 36.55920748909977)	(145, 36.33613319654613)	(150, 35.98318799692229)	(155, 35.56874412242455)	(160, 35.37941779943576)	(165, 35.56048131999658)	(170, 35.797460887407034)	(175, 35.69302385226981)	(180, 35.29099769171582)	(185, 34.653915533897575)	(190, 34.85729674275455)	(195, 35.23582969992306)	(200, 34.979139950414634)	(205, 34.76592716081046)	(210, 34.72164657604514)	(215, 34.279306659827306)	(220, 34.42454902966573)	(225, 34.29605454390014)	(230, 34.35038898862956)	(235, 34.28973241001966)	(240, 34.41868427802001)	(245, 34.14074549029666)	(250, 31.693211934684108)
SRR29920153_2	(1, 28.967876378558604)	(2, 28.43068735573224)	(3, 30.694772163802686)	(4, 30.108660340258186)	(5, 30.10720697614773)	(6, 32.9171368727024)	(7, 34.98052919552022)	(8, 33.295802342480975)	(9, 32.89281439685389)	(10, 33.83191416602548)	(15, 36.56910746345217)	(20, 37.007177053945455)	(25, 37.674236983842015)	(30, 37.17467726767547)	(35, 37.54038642386937)	(40, 36.53590236812858)	(45, 37.07594682397196)	(50, 37.25777122339061)	(55, 37.3598999743524)	(60, 37.971206292211676)	(65, 38.235492006497395)	(70, 37.00522356159699)	(75, 36.319244250662564)	(80, 36.34079251090023)	(85, 36.037330084637084)	(90, 36.43066170813029)	(95, 36.38686415320167)	(100, 36.62036419594767)	(105, 36.172484397708814)	(110, 36.081764555014104)	(115, 36.140886552107375)	(120, 36.513627425835686)	(125, 36.037539540053004)	(130, 35.62674617423271)	(135, 36.33787723347867)	(140, 35.441335385141485)	(145, 35.42203983927503)	(150, 35.91564931178935)	(155, 36.350111139608444)	(160, 35.99552876806018)	(165, 35.69680687355732)	(170, 35.64605881850047)	(175, 34.7837394203642)	(180, 34.072403180302636)	(185, 33.35593741985124)	(190, 33.53646661537146)	(195, 34.197037701974864)	(200, 34.1329315209028)	(205, 34.18315807472001)	(210, 33.88573138411558)	(215, 33.31417457467727)	(220, 32.81836795759597)	(225, 34.058532102248435)	(230, 32.859724715739084)	(235, 32.31578609899974)	(240, 33.31032743438489)	(245, 32.824848251688465)	(250, 28.475421048132)
SRR29920154_1	(1, 33.00308003348549)	(2, 33.14403500181643)	(3, 33.05540901265183)	(4, 33.53158218950893)	(5, 33.50403563361817)	(6, 36.82846582742336)	(7, 36.89576850784224)	(8, 36.857039061142615)	(9, 36.882927137464264)	(10, 37.16010487908894)	(15, 37.38650471482049)	(20, 38.1283568416231)	(25, 37.55067523811028)	(30, 38.16824880352546)	(35, 37.775922035665204)	(40, 37.91448879341662)	(45, 37.77976970826555)	(50, 37.56595852221574)	(55, 36.73407148836695)	(60, 37.249883906430156)	(65, 36.95966893588792)	(70, 37.1644895831688)	(75, 37.20992560534504)	(80, 36.86408996856786)	(85, 36.83535878441346)	(90, 37.310157792484716)	(95, 37.20913901217797)	(100, 36.692457866721426)	(105, 36.67010472113851)	(110, 36.43745004817488)	(115, 36.17043483754797)	(120, 36.93119679044716)	(125, 37.28717284516118)	(130, 37.459168233008484)	(135, 37.08037781744089)	(140, 36.41848020091295)	(145, 36.174184580878524)	(150, 35.721934576929755)	(155, 35.32895705327668)	(160, 35.15699009650771)	(165, 35.47562350934277)	(170, 35.615084266557155)	(175, 35.46223563045916)	(180, 34.96154854606625)	(185, 34.421765569964144)	(190, 34.654413924910365)	(195, 35.02037876514349)	(200, 34.88138554121717)	(205, 34.73372715641831)	(210, 34.670376395886976)	(215, 34.5616117262403)	(220, 34.36916491604934)	(225, 34.36012699214986)	(230, 34.54670752317922)	(235, 34.24551499739382)	(240, 34.46826933708202)	(245, 34.29977097186902)	(250, 32.75448184359748)
SRR29920154_2	(1, 26.94231650108196)	(2, 27.06422264693339)	(3, 31.153148741924785)	(4, 30.17793116520036)	(5, 30.63049075200202)	(6, 32.20593577735307)	(7, 35.16779074726351)	(8, 33.735117120247665)	(9, 32.98880131414762)	(10, 33.82405269226517)	(15, 36.57255453238774)	(20, 36.75871175625089)	(25, 37.81612042141177)	(30, 37.274606308540385)	(35, 37.508679376411685)	(40, 36.45899448752981)	(45, 36.925580072973105)	(50, 37.20893683562098)	(55, 37.35784934687495)	(60, 37.944512012130595)	(65, 38.150548877762155)	(70, 36.923138159245624)	(75, 36.54667277408349)	(80, 36.50107248345469)	(85, 35.804710081976275)	(90, 35.903697619686945)	(95, 36.521520746789655)	(100, 36.49612231681699)	(105, 35.915155344252966)	(110, 35.958512738702595)	(115, 36.10398193047022)	(120, 36.454025366839886)	(125, 35.95074473630175)	(130, 35.77295888550173)	(135, 36.04947007629006)	(140, 35.262535736285955)	(145, 35.414187108085486)	(150, 35.7970052597495)	(155, 36.24759994313784)	(160, 35.92950356178231)	(165, 35.659689469444494)	(170, 35.562853216660606)	(175, 34.62134542180664)	(180, 34.07668809527571)	(185, 33.346871791631784)	(190, 33.444759994313785)	(195, 33.90023218713968)	(200, 34.043452164710715)	(205, 33.849391101072484)	(210, 33.6445672947829)	(215, 33.170851826696776)	(220, 32.623563045916185)	(225, 33.57778269179131)	(230, 32.67952172608235)	(235, 31.64264661749143)	(240, 32.95166084882563)	(245, 32.46270948176463)	(250, 27.01773783386773)
SRR29920155_1	(1, 32.997124983746765)	(2, 33.13976335293353)	(3, 32.9751650606065)	(4, 33.50577170348325)	(5, 33.46419232269529)	(6, 36.80952656139388)	(7, 36.88794660271321)	(8, 36.866188942022916)	(9, 36.869381799268965)	(10, 37.15393617174972)	(15, 37.381833942528566)	(20, 38.098290882297704)	(25, 37.57877977953393)	(30, 38.1954230897034)	(35, 37.785910975627374)	(40, 37.732909545342906)	(45, 37.74627042489562)	(50, 37.45833249057312)	(55, 36.665824869612955)	(60, 37.289330655763756)	(65, 37.01711140326798)	(70, 37.00861926983255)	(75, 37.072684456130716)	(80, 36.67141020269587)	(85, 37.182758570871314)	(90, 37.334813701836254)	(95, 37.15590967536877)	(100, 36.537737838970195)	(105, 36.81894332317205)	(110, 36.40713697502059)	(115, 36.40057500325065)	(120, 36.97056503460133)	(125, 37.17583252669142)	(130, 37.39194995449095)	(135, 37.026655301443284)	(140, 36.30834332606152)	(145, 35.99762775040814)	(150, 35.737067483421704)	(155, 35.21611742779953)	(160, 35.27897770778855)	(165, 35.62919802938585)	(170, 35.706979499255965)	(175, 35.40455379458804)	(180, 35.13524712137191)	(185, 34.31316295129809)	(190, 34.942924426080296)	(195, 34.98875131831775)	(200, 34.83043471979427)	(205, 34.69151797968707)	(210, 34.50583238221824)	(215, 34.21880173945707)	(220, 34.181822384674284)	(225, 34.124090902523946)	(230, 34.40329109900747)	(235, 34.23427192741668)	(240, 34.061112154528516)	(245, 34.19565135732551)	(250, 32.486210035106986)
SRR29920155_2	(1, 31.73337474897785)	(2, 30.182614097692763)	(3, 30.623242844965834)	(4, 30.94385772281376)	(5, 30.39431064622853)	(6, 32.48564658971062)	(7, 34.94460898334224)	(8, 33.36348006992502)	(9, 32.75461230622535)	(10, 33.658933498995914)	(15, 36.43820159787335)	(20, 36.350512157417974)	(25, 37.645211436496815)	(30, 37.067651010589884)	(35, 37.22384674285219)	(40, 36.28501668665213)	(45, 36.873120765129954)	(50, 37.164479824320615)	(55, 37.313558807807325)	(60, 37.89435254345031)	(65, 38.131574613173065)	(70, 36.90079026828669)	(75, 36.220561422771866)	(80, 36.06060938786714)	(85, 36.0402155539824)	(90, 35.97329268821243)	(95, 36.284057384746525)	(100, 36.36515884825982)	(105, 35.94722972680122)	(110, 36.01205195255501)	(115, 36.152725486513425)	(120, 36.122533481659126)	(125, 35.66873744889261)	(130, 35.67250241992574)	(135, 35.93590302960256)	(140, 34.87008104945316)	(145, 35.43769883121199)	(150, 35.54265859543175)	(155, 36.01247092477282)	(160, 35.778242339309706)	(165, 35.56677694785963)	(170, 35.19913316092867)	(175, 34.45754944594536)	(180, 33.78292904922201)	(185, 33.1972318938989)	(190, 33.278602077524305)	(195, 33.73513443229265)	(200, 33.96050681191037)	(205, 33.684002484938674)	(210, 33.50897611858358)	(215, 33.251958333935306)	(220, 33.03306413164396)	(225, 33.27762254937371)	(230, 32.411228455437254)	(235, 32.232437118049035)	(240, 33.09526850340235)	(245, 32.525971943308726)	(250, 27.037534131788433)
SRR29920156_1	(1, 33.413160021551725)	(2, 33.55514547413793)	(3, 33.36935614224138)	(4, 33.59256465517242)	(5, 33.575942887931035)	(6, 36.838820043103446)	(7, 36.89264547413793)	(8, 36.86870959051724)	(9, 36.87036637931035)	(10, 37.16195851293104)	(15, 37.34737068965517)	(20, 38.091268857758614)	(25, 37.47612338362069)	(30, 38.29924838362069)	(35, 37.803125)	(40, 37.910994073275866)	(45, 37.80970635775862)	(50, 37.403146551724134)	(55, 36.766150323275866)	(60, 37.355288254310345)	(65, 36.78628232758621)	(70, 36.71887122844828)	(75, 36.82738415948276)	(80, 36.62818157327586)	(85, 37.16127963362069)	(90, 37.40913793103449)	(95, 37.3735614224138)	(100, 36.396718750000005)	(105, 36.77154094827586)	(110, 36.31554418103449)	(115, 36.43848329741379)	(120, 37.160457974137934)	(125, 37.268596443965514)	(130, 37.41511853448276)	(135, 37.019366918103444)	(140, 36.35635237068966)	(145, 36.09921875)	(150, 35.85364224137931)	(155, 35.20777209051724)	(160, 35.39338631465517)	(165, 35.516702586206904)	(170, 35.58423221982759)	(175, 35.29450969827586)	(180, 35.21047683189655)	(185, 34.445064655172416)	(190, 35.13319504310345)	(195, 35.06725215517241)	(200, 34.49058459051724)	(205, 34.71548221982759)	(210, 34.592149784482764)	(215, 34.42116109913793)	(220, 34.400719288793105)	(225, 34.31744073275862)	(230, 34.51712284482759)	(235, 34.31383081896551)	(240, 34.02736530172414)	(245, 33.89906519396552)	(250, 31.176185344827587)
SRR29920156_2	(1, 29.66004849137931)	(2, 29.804485452586206)	(3, 31.823531788793105)	(4, 30.238240840517243)	(5, 30.521295797413792)	(6, 32.926077586206894)	(7, 35.17397629310345)	(8, 33.75988685344828)	(9, 32.91150323275862)	(10, 33.740234375)	(15, 36.56126885775862)	(20, 36.80690193965517)	(25, 37.48047144396552)	(30, 37.023908943965516)	(35, 37.27015355603449)	(40, 36.49605603448276)	(45, 37.100757004310346)	(50, 37.27410829741379)	(55, 37.42746767241378)	(60, 37.93349946120689)	(65, 38.26521821120689)	(70, 36.93693965517242)	(75, 36.58268588362069)	(80, 36.46211476293103)	(85, 36.27352370689655)	(90, 36.254614762931034)	(95, 36.57844288793103)	(100, 36.38616648706896)	(105, 36.23887931034483)	(110, 36.06678879310345)	(115, 36.413828124999995)	(120, 36.53496767241379)	(125, 35.79734375)	(130, 35.688238146551726)	(135, 36.15174299568965)	(140, 35.00673221982758)	(145, 35.526198814655174)	(150, 35.7081088362069)	(155, 36.17953933189655)	(160, 35.91459051724138)	(165, 35.804407327586205)	(170, 35.54932920258621)	(175, 34.75248114224138)	(180, 34.08146551724138)	(185, 33.485204741379306)	(190, 33.58979795258621)	(195, 34.12367726293103)	(200, 34.10963900862069)	(205, 34.07293642241379)	(210, 33.82967941810345)	(215, 33.120123922413796)	(220, 32.89421066810345)	(225, 33.797513469827585)	(230, 32.444894935344834)	(235, 32.51944504310345)	(240, 33.07292295258621)	(245, 32.62750808189655)	(250, 26.469612068965517)
SRR29920157_1	(1, 33.428172466758724)	(2, 33.57038462135199)	(3, 33.36254324856873)	(4, 33.611530882968985)	(5, 33.581477976199714)	(6, 36.829426093432424)	(7, 36.87899709866104)	(8, 36.86022372891875)	(9, 36.86889671543605)	(10, 37.157987991249435)	(15, 37.34065132732379)	(20, 38.103629000977456)	(25, 37.530280979938865)	(30, 38.15315346066126)	(35, 37.78840705630459)	(40, 37.54186461452531)	(45, 37.66131289466743)	(50, 37.53952182210293)	(55, 36.719811335391675)	(60, 37.55296107240935)	(65, 37.20299753308613)	(70, 37.140505484616696)	(75, 37.361916435231876)	(80, 36.55941538795712)	(85, 37.320332645493615)	(90, 37.38065256853831)	(95, 37.02036833041131)	(100, 36.242756737467616)	(105, 37.031542364203375)	(110, 36.50666687353575)	(115, 36.62941678432346)	(120, 37.19166214140536)	(125, 37.26926907979458)	(130, 37.45582052037919)	(135, 37.053536685646904)	(140, 36.373543512326805)	(145, 36.16344933517447)	(150, 35.85695933470901)	(155, 35.11756473709524)	(160, 35.46148666470141)	(165, 35.80391913487348)	(170, 35.907725008921226)	(175, 35.344796983848696)	(180, 35.16686267512761)	(185, 34.32652940902674)	(190, 35.249881308860715)	(195, 35.12170108451119)	(200, 34.93740555133198)	(205, 34.835048795246145)	(210, 34.52810575147782)	(215, 34.206935286177526)	(220, 34.28607822754565)	(225, 34.47681876716367)	(230, 34.66929390408515)	(235, 34.35691123764604)	(240, 33.87224489162646)	(245, 34.2059423145548)	(250, 32.752377701581)
SRR29920157_2	(1, 29.02395544039843)	(2, 28.915225047709182)	(3, 29.74916605898872)	(4, 30.192776131444617)	(5, 29.802941678432347)	(6, 32.640466696662685)	(7, 34.82688160364917)	(8, 33.59772237134035)	(9, 32.6584177617799)	(10, 33.635871099871224)	(15, 36.548017935549936)	(20, 36.11452686453695)	(25, 37.73424045428452)	(30, 37.15903681752595)	(35, 37.08622096721642)	(40, 36.37632693590678)	(45, 36.997927171737544)	(50, 37.27539757652863)	(55, 37.43202333483314)	(60, 37.97445890804152)	(65, 38.193126774548894)	(70, 37.00323956991916)	(75, 36.53322265837122)	(80, 36.37439995035142)	(85, 36.388034691946075)	(90, 36.1363474159465)	(95, 36.81280933393326)	(100, 36.73147254588615)	(105, 36.26748483390998)	(110, 36.40167874264968)	(115, 36.70869625928971)	(120, 36.54252556126169)	(125, 35.891952275301385)	(130, 36.04199649356896)	(135, 36.51954757730439)	(140, 34.6507936015391)	(145, 36.00177493677563)	(150, 35.92105565295642)	(155, 36.331810776845145)	(160, 35.892600809892485)	(165, 36.03794082509736)	(170, 35.15901199323538)	(175, 34.621808139264274)	(180, 33.883887483902996)	(185, 33.48619614292585)	(190, 33.74356818146556)	(195, 34.20470730609902)	(200, 34.04150000775759)	(205, 33.89155818968861)	(210, 33.5257133104743)	(215, 33.42838347322855)	(220, 33.80134982079966)	(225, 33.36166508928987)	(230, 31.99344328425364)	(235, 32.45020402463811)	(240, 33.194895505251885)	(245, 32.01721254247281)	(250, 26.800629916373172)
SRR29920158_1	(1, 33.39208732680316)	(2, 33.525832860928375)	(3, 33.3467891843434)	(4, 33.570893702292594)	(5, 33.55869906266067)	(6, 36.832254492241574)	(7, 36.881889971392035)	(8, 36.863723254189026)	(9, 36.862734499624274)	(10, 37.15171713709412)	(15, 37.3577287648478)	(20, 38.12330955927913)	(25, 37.32064915033025)	(30, 38.29038007725468)	(35, 37.87874968689439)	(40, 38.0022121735462)	(45, 37.54401012484674)	(50, 37.44420392074144)	(55, 36.77239924590985)	(60, 37.178711455051214)	(65, 36.66359933028358)	(70, 36.78947701475222)	(75, 36.66736450766614)	(80, 36.73920873268032)	(85, 37.21627621847521)	(90, 37.478873610799845)	(95, 37.460888824436736)	(100, 36.29954780957906)	(105, 36.71864791109119)	(110, 36.186798149051455)	(115, 36.342206636520636)	(120, 37.0330744993606)	(125, 37.20494640950259)	(130, 37.347495814272335)	(135, 36.938288531765394)	(140, 36.27659815696149)	(145, 36.083100206979296)	(150, 35.82351126521034)	(155, 35.084600477238865)	(160, 35.37399707328649)	(165, 35.49067538528469)	(170, 35.51354857421592)	(175, 35.25488774339841)	(180, 35.20106258157225)	(185, 34.40900689491517)	(190, 35.06280041659526)	(195, 35.11372786837699)	(200, 34.445759561256644)	(205, 34.556840204078945)	(210, 34.71036082949916)	(215, 34.51620898316481)	(220, 34.42891382015214)	(225, 34.11903022952289)	(230, 34.37179280977681)	(235, 34.49569034843711)	(240, 34.34122842867124)	(245, 34.111027909245514)	(250, 32.1646869603048)
SRR29920158_2	(1, 29.74132862246714)	(2, 31.798294068790952)	(3, 31.866729068065865)	(4, 30.745389107879713)	(5, 30.570735501562233)	(6, 32.329677138676125)	(7, 34.89059101156184)	(8, 33.408935704586504)	(9, 32.73729450384296)	(10, 33.63352800812097)	(15, 36.50941426179584)	(20, 37.04117965011272)	(25, 37.35734380973726)	(30, 37.0023598275612)	(35, 37.47872859346368)	(40, 36.57049556378785)	(45, 37.135686129750965)	(50, 37.29986157436093)	(55, 37.469597774643056)	(60, 37.92961649506282)	(65, 38.297617760668665)	(70, 37.0572264775289)	(75, 36.67804305696544)	(80, 36.15518964312552)	(85, 36.2946778637628)	(90, 36.22520401302519)	(95, 36.11884038864646)	(100, 36.16057110463661)	(105, 36.26278723320106)	(110, 35.82873979934874)	(115, 36.38147733115368)	(120, 36.43550288057163)	(125, 35.71418665049504)	(130, 35.530027816961756)	(135, 36.064603904921356)	(140, 34.84679050268282)	(145, 35.30022016268309)	(150, 35.50835168022358)	(155, 36.12738586476475)	(160, 35.73748170804055)	(165, 35.68291563946053)	(170, 35.54653078981715)	(175, 34.64873900834509)	(180, 34.02207954860059)	(185, 33.5468234611683)	(190, 33.47269850895812)	(195, 33.93954359089291)	(200, 33.91567110068158)	(205, 33.9534520717704)	(210, 33.59104583866162)	(215, 33.14547875496025)	(220, 32.62880835299856)	(225, 33.73637166624919)	(230, 32.43939198185965)	(235, 32.87831727156474)	(240, 33.16621887071045)	(245, 32.9126626501259)	(250, 27.253345286277405)
SRR29920159_1	(1, 33.40595762104617)	(2, 33.523144641212)	(3, 33.384665779506605)	(4, 33.577295526665985)	(5, 33.55997543249053)	(6, 36.843730166854336)	(7, 36.88815641314362)	(8, 36.86668031528304)	(9, 36.86921895792814)	(10, 37.16452861091207)	(15, 37.36486436687481)	(20, 38.06858020268195)	(25, 37.17867949636606)	(30, 38.31955369024465)	(35, 37.77048213737332)	(40, 37.925245163271576)	(45, 37.32335755962739)	(50, 37.32315692496674)	(55, 36.82880131026717)	(60, 36.988891391135226)	(65, 36.32283754734364)	(70, 36.74145153035111)	(75, 36.20363599140137)	(80, 36.68545808168697)	(85, 36.901259084860264)	(90, 37.32047087726481)	(95, 37.353858122632815)	(100, 36.53240659228171)	(105, 36.51968881154673)	(110, 36.02479271163886)	(115, 36.1532070836319)	(120, 37.01132562186508)	(125, 37.17129286518579)	(130, 37.336693622684)	(135, 36.96640802538643)	(140, 36.341267274030095)	(145, 35.95113112908179)	(150, 35.58654109939605)	(155, 34.96245675094688)	(160, 35.15625345480602)	(165, 35.10381001126011)	(170, 35.30815027126626)	(175, 35.186311802641)	(180, 35.143400552768966)	(185, 34.449417545296356)	(190, 35.0336001637834)	(195, 35.02770805609582)	(200, 34.49565359811649)	(205, 34.727439860784116)	(210, 34.76407820657181)	(215, 34.416439758419486)	(220, 34.48491350189374)	(225, 34.290678677449066)	(230, 34.51016071245777)	(235, 34.4443238816665)	(240, 34.003881666496056)	(245, 33.589992834476405)	(250, 31.0563005425325)
SRR29920159_2	(1, 31.712519193366774)	(2, 31.004565462176274)	(3, 31.40751356331252)	(4, 30.749943699457468)	(5, 30.5978912887706)	(6, 32.94730269218958)	(7, 35.145316818507524)	(8, 33.48154365851162)	(9, 32.94392465963763)	(10, 33.89227966014945)	(15, 36.602419899682666)	(20, 37.261525232879514)	(25, 37.36554816255502)	(30, 37.01249667314976)	(35, 37.40774286006756)	(40, 36.71895997543249)	(45, 37.19253966629133)	(50, 37.35355512334937)	(55, 37.33223052513051)	(60, 37.855305558399024)	(65, 38.36382843689221)	(70, 37.321482239737946)	(75, 36.86476814412939)	(80, 36.70939911966424)	(85, 35.975334220493394)	(90, 36.31081994062851)	(95, 36.33173917494114)	(100, 36.521519091002155)	(105, 36.17300849626369)	(110, 36.47197870815846)	(115, 36.59809601801618)	(120, 36.7321199713379)	(125, 35.623126215579894)	(130, 35.613450711434126)	(135, 36.268191217115366)	(140, 34.61138704063875)	(145, 35.37874500972464)	(150, 35.525417135837856)	(155, 36.25098986590234)	(160, 35.69923226532911)	(165, 35.88753403623707)	(170, 35.88074111986897)	(175, 34.85480192445491)	(180, 34.067032449585426)	(185, 33.71952093356536)	(190, 33.64349677551438)	(195, 34.3027331354284)	(200, 33.92509775821476)	(205, 34.18140239533217)	(210, 33.66430955061931)	(215, 32.994967755143826)	(220, 32.86808066332276)	(225, 34.064260415600366)	(230, 32.27032859043914)	(235, 32.70004708772648)	(240, 32.75730985771317)	(245, 32.92503633944109)	(250, 21.79414474357662)
SRR29920160_1	(1, 33.43737013667817)	(2, 33.54297641968013)	(3, 33.404963876551214)	(4, 33.56318267599459)	(5, 33.58207361939801)	(6, 36.82550182046932)	(7, 36.87256714767723)	(8, 36.864884957776546)	(9, 36.85354276673211)	(10, 37.159076612211436)	(15, 37.3329609790503)	(20, 38.036035761261175)	(25, 37.48993690310529)	(30, 38.357963361863554)	(35, 37.76457805143064)	(40, 37.995535561104866)	(45, 37.91773003679064)	(50, 37.1280390400122)	(55, 36.460939019043444)	(60, 37.01403000438438)	(65, 37.03271126022227)	(70, 36.907600221125065)	(75, 37.14145904420595)	(80, 36.53297241655388)	(85, 36.879566899864656)	(90, 37.09144284107589)	(95, 37.31805028689072)	(100, 37.02199813187441)	(105, 36.53136354105111)	(110, 36.49710059284393)	(115, 36.21489162965364)	(120, 36.36932461541394)	(125, 37.28307821346194)	(130, 37.467225833508074)	(135, 37.05001239062888)	(140, 36.46109914409349)	(145, 36.094786404620756)	(150, 35.66715720848663)	(155, 35.39244362263863)	(160, 35.02476219523818)	(165, 35.324668788958995)	(170, 35.42410644503326)	(175, 35.47299796031186)	(180, 34.95216454755142)	(185, 34.64878095274405)	(190, 34.59494462342019)	(195, 35.053859204331005)	(200, 34.94982748432109)	(205, 34.44280676337711)	(210, 34.63577651118016)	(215, 33.85391639184887)	(220, 34.20531843916201)	(225, 34.13320116662536)	(230, 34.39419737318668)	(235, 33.861808269315084)	(240, 33.61586762995863)	(245, 33.879353399797935)	(250, 30.29691759278675)
SRR29920160_2	(1, 29.815856192455062)	(2, 30.343792294935092)	(3, 32.05827408071065)	(4, 30.63743113669723)	(5, 30.43870451209516)	(6, 32.18845193389123)	(7, 34.975256867267774)	(8, 33.604567376427305)	(9, 32.82115556911111)	(10, 33.75056710955222)	(15, 36.39268762271489)	(20, 36.980682056463145)	(25, 37.1600259250081)	(30, 36.821407194189746)	(35, 37.314588535808916)	(40, 36.347254046016886)	(45, 36.94651060828456)	(50, 37.136598105186906)	(55, 37.297527592977374)	(60, 37.75240854762767)	(65, 38.185184620370194)	(70, 36.28137783793058)	(75, 35.74030766884615)	(80, 36.0375798242437)	(85, 35.3436131073791)	(90, 35.69637240511638)	(95, 35.697226405383255)	(100, 35.80104462532644)	(105, 35.56271755084923)	(110, 35.61101431594197)	(115, 35.68255208829753)	(120, 35.656158142549415)	(125, 35.22758344611983)	(130, 34.8718694599592)	(135, 35.7012867191521)	(140, 34.542168169427555)	(145, 34.706506033283134)	(150, 35.143292857279015)	(155, 35.59345774795555)	(160, 35.1330486665777)	(165, 34.9066127833165)	(170, 34.68238052574391)	(175, 34.135812729941485)	(180, 33.44078613774567)	(185, 32.836329323852915)	(190, 33.147677233649134)	(195, 33.703886844964636)	(200, 33.673116147848795)	(205, 33.46179683181151)	(210, 33.16424636382699)	(215, 32.55135248479765)	(220, 31.90780990869059)	(225, 33.28224708820222)	(230, 31.748207171314743)	(235, 31.3385539182981)	(240, 32.119361787300555)	(245, 31.3407270439772)	(250, 26.64726738977106)
SRR29920161_1	(1, 33.43636778943299)	(2, 33.54486672640697)	(3, 33.38230281306556)	(4, 33.577161632667405)	(5, 33.57768875300898)	(6, 36.828264192715196)	(7, 36.87644299193506)	(8, 36.86208774796619)	(9, 36.860629381687836)	(10, 37.1490274629698)	(15, 37.30146363748177)	(20, 38.084898002213905)	(25, 37.41446769630841)	(30, 38.40260397448738)	(35, 37.86062938168784)	(40, 38.20350710733927)	(45, 38.05268743520812)	(50, 37.30359320366173)	(55, 36.51954737933336)	(60, 36.98230984133678)	(65, 36.76879798991443)	(70, 36.30063078734209)	(75, 36.67979547730747)	(80, 36.4805439881925)	(85, 36.98821007502679)	(90, 37.299580060794554)	(95, 37.483481805562874)	(100, 36.65476428935392)	(105, 36.48472229543338)	(110, 36.193410995730325)	(115, 36.14006993129865)	(120, 36.66230562437404)	(125, 37.19363941454501)	(130, 37.38098852634723)	(135, 36.97020715829424)	(140, 36.31392476235658)	(145, 36.03100521849138)	(150, 35.71183385166834)	(155, 35.21254546412946)	(160, 35.09127967248256)	(165, 35.217971289512064)	(170, 35.319979618013456)	(175, 35.27171296540333)	(180, 35.02814471210444)	(185, 34.44775007467538)	(190, 34.748950151986364)	(195, 34.94475778820305)	(200, 34.30125630348075)	(205, 34.38423558765133)	(210, 34.48048424788713)	(215, 34.25001317800854)	(220, 34.33274295855077)	(225, 34.19876653840071)	(230, 34.34245602937817)	(235, 33.97803313829881)	(240, 34.0126262892485)	(245, 33.85911478923971)	(250, 30.94277230158312)
SRR29920161_2	(1, 32.28842268023123)	(2, 31.377734436771917)	(3, 32.45534412172966)	(4, 31.927714230492153)	(5, 31.2251506685643)	(6, 32.866708836293995)	(7, 35.013599704812606)	(8, 33.51097288844377)	(9, 32.87820005974031)	(10, 33.83879957127546)	(15, 36.535178254528844)	(20, 37.1173475304412)	(25, 37.15235183525732)	(30, 36.882097236132346)	(35, 37.329425614534465)	(40, 36.53003707413069)	(45, 37.13011087097851)	(50, 37.25684817177095)	(55, 37.4614868307768)	(60, 37.885136963435414)	(65, 38.28048776202273)	(70, 36.578693795793576)	(75, 36.40990634828598)	(80, 36.47435559538242)	(85, 36.35780928786042)	(90, 36.42020276562472)	(95, 36.44328712245005)	(100, 36.40605134152127)	(105, 36.34292692354998)	(110, 36.22502415968232)	(115, 36.05259255354664)	(120, 36.391717182366065)	(125, 35.906935146627305)	(130, 35.58728585736124)	(135, 36.35615412998787)	(140, 35.48152091789222)	(145, 35.413873807390225)	(150, 35.859062077205564)	(155, 36.24279162932898)	(160, 36.066740463514485)	(165, 35.71233637306064)	(170, 35.83303638887425)	(175, 34.91903782966985)	(180, 34.366028851053365)	(185, 34.00854989194033)	(190, 33.858422504524455)	(195, 34.24050392704655)	(200, 34.383023210865716)	(205, 34.28517210479153)	(210, 34.035995291058285)	(215, 33.67211709099854)	(220, 32.91756540684905)	(225, 34.22809200007028)	(230, 33.14361569412963)	(235, 32.98552527542038)	(240, 33.496136207896264)	(245, 33.01410574034052)	(250, 29.452690949343737)
SRR29920162_1	(1, 33.475153908096736)	(2, 33.58512351611814)	(3, 33.41929241239577)	(4, 33.609255266644155)	(5, 33.619502818401436)	(6, 36.834662441229185)	(7, 36.87602930098449)	(8, 36.86775592903343)	(9, 36.86559991687664)	(10, 37.16302309270852)	(15, 37.34466062290568)	(20, 38.10022599163572)	(25, 37.54343195573681)	(30, 38.29195261968466)	(35, 37.760147543964464)	(40, 37.92990622645921)	(45, 37.80014027067044)	(50, 37.4013039977141)	(55, 36.67082110294309)	(60, 37.165108969530095)	(65, 37.02922825155207)	(70, 36.997994648933684)	(75, 37.17723458970829)	(80, 36.61985609268254)	(85, 37.10543418967712)	(90, 37.322419928825624)	(95, 37.36886510637193)	(100, 36.80096630906304)	(105, 36.765550562381485)	(110, 36.51674156427773)	(115, 36.39747512793205)	(120, 36.790586279450345)	(125, 37.32082759695561)	(130, 37.5015559653999)	(135, 37.118606644673605)	(140, 36.45534976751435)	(145, 36.1332025872146)	(150, 35.83764189417357)	(155, 35.39885705379639)	(160, 35.26129828298309)	(165, 35.54193833285711)	(170, 35.640413538717304)	(175, 35.52178351559862)	(180, 35.165753175572114)	(185, 34.56950411720394)	(190, 34.8725095461984)	(195, 35.105452372912175)	(200, 34.87689170584721)	(205, 34.61827934644258)	(210, 34.65602514481648)	(215, 34.17739044600878)	(220, 34.22770605501727)	(225, 34.18902771644544)	(230, 34.540829155518615)	(235, 34.299677896978984)	(240, 34.13170376912487)	(245, 34.10178195703561)	(250, 31.284398784320857)
SRR29920162_2	(1, 28.85432631114113)	(2, 29.999038886146973)	(3, 30.44061874951295)	(4, 30.615658362989326)	(5, 30.475309764397227)	(6, 32.4659064342676)	(7, 35.19433981868717)	(8, 33.671480894615165)	(9, 33.08005818635218)	(10, 33.87308361690521)	(15, 36.65725640959036)	(20, 36.96691170740577)	(25, 37.581294646336076)	(30, 37.18693144920383)	(35, 37.522277060550174)	(40, 36.63942385120919)	(45, 37.156458944852844)	(50, 37.35287424994156)	(55, 37.48047380315349)	(60, 37.97973868093618)	(65, 38.28835493674832)	(70, 36.96311660648881)	(75, 36.51770527573577)	(80, 36.56233212977635)	(85, 36.24100319505416)	(90, 36.417458503259994)	(95, 36.52194456710912)	(100, 36.79952983349352)	(105, 36.3350468867704)	(110, 36.35552900225992)	(115, 36.41106060212484)	(120, 36.44375665636284)	(125, 36.07174065511598)	(130, 35.79921812089253)	(135, 36.29249032392134)	(140, 35.423799257084966)	(145, 35.62134192274723)	(150, 36.000368859911156)	(155, 36.29823622619945)	(160, 36.08686650907863)	(165, 35.8308881211523)	(170, 35.67283424682443)	(175, 34.94332545393148)	(180, 34.28214925838377)	(185, 33.66867028599631)	(190, 33.88982258357794)	(195, 34.24147076395563)	(200, 34.39283061017742)	(205, 34.23206743382601)	(210, 34.04605034158506)	(215, 33.68918097514093)	(220, 33.186500246772475)	(225, 34.01395433410396)	(230, 33.02524352546952)	(235, 32.849066160999556)	(240, 33.490513546510115)	(245, 32.80565238849781)	(250, 28.405862794503467)
SRR29920163_1	(1, 33.47038188498562)	(2, 33.56559543799565)	(3, 33.431993881860045)	(4, 33.59927845849474)	(5, 33.61292789572561)	(6, 36.828758582852586)	(7, 36.87607441520225)	(8, 36.868992003192076)	(9, 36.855093185256614)	(10, 37.16665613725914)	(15, 37.322711932035446)	(20, 38.055139736321465)	(25, 37.71639761259539)	(30, 38.26291043907629)	(35, 37.81660210477314)	(40, 38.065261267851504)	(45, 37.93252090641574)	(50, 37.45885052120567)	(55, 36.74524597250162)	(60, 37.09188847694891)	(65, 37.112926233187586)	(70, 37.224283030474325)	(75, 37.30520873164974)	(80, 36.85270578064473)	(85, 37.074534904985946)	(90, 37.39001147151241)	(95, 37.415182297295054)	(100, 37.07343430480972)	(105, 36.750639245872755)	(110, 36.6349398992502)	(115, 36.253177941445415)	(120, 36.7080682970623)	(125, 37.443960830604)	(130, 37.6212239604981)	(135, 37.26348567723487)	(140, 36.584964006051635)	(145, 36.29328168381852)	(150, 35.85740411311909)	(155, 35.65541571763454)	(160, 35.19915543068048)	(165, 35.52430796854478)	(170, 35.689298242697305)	(175, 35.81797868626245)	(180, 35.223278857503864)	(185, 34.75365508986018)	(190, 34.62217825732764)	(195, 35.17780844236812)	(200, 35.06413739214285)	(205, 34.64559011787394)	(210, 34.78879116859798)	(215, 34.297055645147886)	(220, 34.439964089178545)	(225, 34.28492576767693)	(230, 34.4653643452094)	(235, 34.27184491845251)	(240, 34.34310794859432)	(245, 34.304034979800164)	(250, 32.10869673643785)
SRR29920163_2	(1, 32.00187866797453)	(2, 31.510099918535637)	(3, 32.498246022377764)	(4, 31.13712613676038)	(5, 31.03045769671981)	(6, 32.89540973249763)	(7, 35.1270345309149)	(8, 33.6889225091024)	(9, 32.76534938236712)	(10, 34.05295516134932)	(15, 36.69569568903889)	(20, 37.10749305890373)	(25, 37.64965668589669)	(30, 37.261061696786314)	(35, 37.523204043292495)	(40, 36.6448419757602)	(45, 37.150532843438796)	(50, 37.4084822690319)	(55, 37.43047099702405)	(60, 38.00398676619727)	(65, 38.28395484546709)	(70, 37.117175680393686)	(75, 36.505554539560094)	(80, 36.625473407704206)	(85, 35.9441619977057)	(90, 36.56048147101365)	(95, 36.51230776904022)	(100, 36.9639661507257)	(105, 36.413014347703204)	(110, 36.43616685231675)	(115, 36.43819514871403)	(120, 36.59685447804618)	(125, 36.37175015378477)	(130, 35.88839714708474)	(135, 36.37131789389682)	(140, 35.87777685414554)	(145, 35.54283196728125)	(150, 36.16013233802723)	(155, 36.50068330313056)	(160, 36.26850986716322)	(165, 35.82331543334054)	(170, 35.94311459874645)	(175, 35.13966649487107)	(180, 34.50330013799066)	(185, 33.853463897986664)	(190, 33.98520341152804)	(195, 34.33193901810504)	(200, 34.56098688257494)	(205, 34.40170908909541)	(210, 34.24300985885052)	(215, 33.95337245839499)	(220, 33.154150526193284)	(225, 34.26156378327154)	(230, 33.514731749488774)	(235, 32.637207601123876)	(240, 33.533056243661576)	(245, 32.976395285042145)	(250, 28.795275066917156)
SRR29920164_1	(1, 33.05387636037249)	(2, 33.228856726130374)	(3, 33.142353865140805)	(4, 33.39676876472568)	(5, 33.30180635027488)	(6, 36.82618646920229)	(7, 36.88825311342982)	(8, 36.861079322338156)	(9, 36.88331650398295)	(10, 37.17395265342758)	(15, 37.40170986199932)	(20, 38.115920565466176)	(25, 37.32489621900594)	(30, 38.325511051273416)	(35, 37.89857511500056)	(40, 38.17234601144396)	(45, 37.723078649164144)	(50, 37.46825086951644)	(55, 36.70144732413329)	(60, 37.076827106473694)	(65, 36.769639851901715)	(70, 36.902116010322)	(75, 36.834354313923484)	(80, 36.731286884326266)	(85, 37.19658027600134)	(90, 37.567701110737126)	(95, 37.64264332996747)	(100, 36.71773364748121)	(105, 36.74914394704365)	(110, 36.38966902277572)	(115, 36.33809491753618)	(120, 36.93239088971166)	(125, 37.40010770784248)	(130, 37.612045327050375)	(135, 37.197576573544254)	(140, 36.476750813418604)	(145, 36.27142376304274)	(150, 35.93280376977449)	(155, 35.361207225401095)	(160, 35.36150342196792)	(165, 35.44467182766745)	(170, 35.62021317177157)	(175, 35.47696622910355)	(180, 35.2663794457534)	(185, 34.5772871087176)	(190, 35.019198922921575)	(195, 35.1965578368675)	(200, 34.71636934814317)	(205, 34.729478290138005)	(210, 34.746060810052725)	(215, 34.36371592056546)	(220, 34.43860428587457)	(225, 34.19762593963873)	(230, 34.33520924492314)	(235, 34.41117468865701)	(240, 34.53877257937844)	(245, 34.053149332435765)	(250, 30.593874116459105)
SRR29920164_2	(1, 28.00522831818692)	(2, 29.426074273533043)	(3, 29.943969482777966)	(4, 29.883473577919894)	(5, 30.102412206888815)	(6, 31.942510939077753)	(7, 35.06776618422529)	(8, 33.05899248289016)	(9, 32.918949848535846)	(10, 33.76175474026702)	(15, 36.54098956580276)	(20, 37.19463255918321)	(25, 37.52092000448782)	(30, 37.09025468416919)	(35, 37.52267025692809)	(40, 36.61995287781891)	(45, 37.18570178391114)	(50, 37.333710310782)	(55, 37.507532817233255)	(60, 37.99860428587456)	(65, 38.34608773701335)	(70, 37.05551890497027)	(75, 36.534069336923594)	(80, 36.35301245371929)	(85, 36.392402109278585)	(90, 36.69398406821496)	(95, 36.44079883316503)	(100, 36.452951868057895)	(105, 36.37091439470437)	(110, 36.09622349377314)	(115, 36.23998653651969)	(120, 36.71465948614384)	(125, 36.22584539436778)	(130, 35.69990351172445)	(135, 36.45781218444968)	(140, 35.75018512285426)	(145, 35.54031639178727)	(150, 36.15573207674184)	(155, 36.539620778637946)	(160, 36.19554807584427)	(165, 35.897224279142826)	(170, 36.00171434982609)	(175, 35.028318186917986)	(180, 34.30586334567486)	(185, 33.33815325928419)	(190, 33.7233524065971)	(195, 34.369352630988445)	(200, 34.345208122966454)	(205, 34.50981263323236)	(210, 34.21244025580613)	(215, 33.38149220240099)	(220, 32.50186020419612)	(225, 34.437033546505106)	(230, 33.23824525973297)	(235, 33.05517334230898)	(240, 33.685811735667)	(245, 33.27015370806687)	(250, 29.3841579715023)
SRR29920165_1	(1, 33.26478120783191)	(2, 33.36652163137168)	(3, 33.34756147936001)	(4, 33.5314900999642)	(5, 33.430093905763776)	(6, 36.81448792443477)	(7, 36.897130504227135)	(8, 36.863974334260455)	(9, 36.86232203343155)	(10, 37.15775892930907)	(15, 37.34697215873103)	(20, 38.07796106077713)	(25, 37.571528102883256)	(30, 38.301652300828906)	(35, 37.78735989865888)	(40, 37.96901385178862)	(45, 37.80637512736486)	(50, 37.34988571585934)	(55, 36.63502602373806)	(60, 37.07649877454355)	(65, 36.90029190647977)	(70, 36.9008151350756)	(75, 37.08211659736183)	(80, 36.62252086029797)	(85, 36.99719659626029)	(90, 37.265577066064495)	(95, 37.32768430038829)	(100, 36.72474045107813)	(105, 36.64182799548371)	(110, 36.44590642469639)	(115, 36.27169884063559)	(120, 36.73521328449866)	(125, 37.29335499683309)	(130, 37.430655688045604)	(135, 37.04401178641258)	(140, 36.40958059097293)	(145, 36.141549858177505)	(150, 35.84370886459395)	(155, 35.38588108941701)	(160, 35.153829207170986)	(165, 35.490912345441025)	(170, 35.531267039352294)	(175, 35.45792140555724)	(180, 35.09508991270344)	(185, 34.52629912152672)	(190, 34.73780464296533)	(195, 35.05380993032798)	(200, 34.75929006141051)	(205, 34.558089389474844)	(210, 34.60531765483436)	(215, 34.19297772147716)	(220, 34.26921212788808)	(225, 34.11724726681905)	(230, 34.45933687660067)	(235, 34.296367692011124)	(240, 34.29585823258888)	(245, 34.0511965411836)	(250, 31.287913419436567)
SRR29920165_2	(1, 29.21478533858398)	(2, 29.139041114752292)	(3, 30.081499738385702)	(4, 30.803844353261916)	(5, 30.78035414314433)	(6, 33.03754853633685)	(7, 35.15163990857269)	(8, 33.760843224189685)	(9, 33.02121829647785)	(10, 34.002976895326746)	(15, 36.69695425880539)	(20, 37.21356814364002)	(25, 37.70877096356677)	(30, 37.26328862941646)	(35, 37.750464021149455)	(40, 36.73458265634896)	(45, 37.16661801558671)	(50, 37.40367086167488)	(55, 37.48920772175254)	(60, 37.99657422961474)	(65, 38.308911409137224)	(70, 36.9656899732878)	(75, 36.497240657615734)	(80, 36.58097100212045)	(85, 36.15639853495993)	(90, 36.49949329441247)	(95, 36.42822129815768)	(100, 36.78692754660865)	(105, 36.34500316690992)	(110, 36.2335499683309)	(115, 36.40639440420786)	(120, 36.50689835596068)	(125, 36.12606779941068)	(130, 35.785484537218075)	(135, 36.181345523641674)	(140, 35.61484041527827)	(145, 35.582160658717264)	(150, 36.02196733952028)	(155, 36.3284085589183)	(160, 36.14493707487677)	(165, 35.7839478974472)	(170, 35.813986726516674)	(175, 34.98190455208878)	(180, 34.352700134937905)	(185, 33.700371767686505)	(190, 33.846275438548176)	(195, 34.212596039985684)	(200, 34.40168534684548)	(205, 34.29745545672348)	(210, 34.12409880758957)	(215, 33.71468069286482)	(220, 33.068551207556524)	(225, 34.109671467518524)	(230, 33.20413625974169)	(235, 32.85895684741002)	(240, 33.47304546581114)	(245, 33.10460991931264)	(250, 28.21115027676039)
SRR29920166_1	(1, 33.322333003403905)	(2, 33.397581054003815)	(3, 33.386741665258434)	(4, 33.53902421360114)	(5, 33.462448398232866)	(6, 36.81746855611617)	(7, 36.90029693648456)	(8, 36.864085170074596)	(9, 36.87712140598219)	(10, 37.17328054462497)	(15, 37.37296188108056)	(20, 38.08311807449967)	(25, 37.60656157207349)	(30, 38.333500712164735)	(35, 37.79024696424692)	(40, 38.11328006180141)	(45, 37.91443883832653)	(50, 37.21223957704657)	(55, 36.63328102744852)	(60, 36.94036163484055)	(65, 36.954855997875576)	(70, 37.08031769789731)	(75, 37.0223643869348)	(80, 36.66201868527147)	(85, 36.840721338386885)	(90, 37.17470487410376)	(95, 37.350452647080125)	(100, 37.188716413586654)	(105, 36.544933973879246)	(110, 36.49474446563504)	(115, 36.17272529754002)	(120, 36.48202206503633)	(125, 37.29346498322188)	(130, 37.431996716799844)	(135, 37.13601139463583)	(140, 36.5092243439635)	(145, 36.06695797020979)	(150, 35.692615213770125)	(155, 35.54518987036188)	(160, 34.990570456026845)	(165, 35.350925814161215)	(170, 35.40323974603481)	(175, 35.620655191560246)	(180, 35.07691862009029)	(185, 34.69382227265046)	(190, 34.53929942302585)	(195, 35.01038553460638)	(200, 35.02813412838278)	(205, 34.50805108273182)	(210, 34.74094585133863)	(215, 34.133433116867444)	(220, 34.30234410834561)	(225, 34.26946865268088)	(230, 34.51019481930329)	(235, 34.124394659971514)	(240, 34.183415010984234)	(245, 34.238056152379116)	(250, 31.596456075127346)
SRR29920166_2	(1, 27.497911788137024)	(2, 29.00796658861019)	(3, 30.298240108152477)	(4, 30.775994012987955)	(5, 30.418511454988774)	(6, 33.047727108128335)	(7, 35.11269101706781)	(8, 33.429012867247664)	(9, 32.91886150206407)	(10, 33.95500567317674)	(15, 36.67844434251503)	(20, 37.15757429447409)	(25, 37.62133114453323)	(30, 37.09015281365426)	(35, 37.34289645848925)	(40, 36.59027593366004)	(45, 37.13510851459334)	(50, 37.35297298602226)	(55, 37.46430244067306)	(60, 37.98963860657123)	(65, 38.307210969751104)	(70, 36.91051348284769)	(75, 36.47947758491659)	(80, 36.71475750187094)	(85, 35.93721362528064)	(90, 36.493450498515315)	(95, 36.287226902928325)	(100, 36.70532795789778)	(105, 36.32635975182869)	(110, 36.35608719793352)	(115, 36.206807812085074)	(120, 36.39265142553653)	(125, 36.204635106100476)	(130, 35.738811771238204)	(135, 36.303797407237525)	(140, 35.86782705260363)	(145, 35.46210076527533)	(150, 36.09949544938802)	(155, 36.44261883494677)	(160, 36.26023223812858)	(165, 35.77835019192237)	(170, 35.904936870820556)	(175, 35.16032156048572)	(180, 34.40126982594211)	(185, 33.37645269536248)	(190, 33.80114912005408)	(195, 34.28172271443401)	(200, 34.566482389010936)	(205, 34.370938850397124)	(210, 34.18422615455182)	(215, 33.61989715858339)	(220, 32.501518480071454)	(225, 34.241189677232455)	(230, 33.32102937981314)	(235, 32.48690341114839)	(240, 33.51218888057359)	(245, 32.99098568428168)	(250, 28.660961301692296)
SRR29920167_1	(1, 33.27722874842024)	(2, 33.36548780740465)	(3, 33.36803613234715)	(4, 33.549630182112004)	(5, 33.45165433940373)	(6, 36.82317111069675)	(7, 36.901050407110446)	(8, 36.86611970911803)	(9, 36.87726604098038)	(10, 37.15103072492593)	(15, 37.35345474133466)	(20, 38.0847991381275)	(25, 37.503014481944184)	(30, 38.35771438042555)	(35, 37.79488677564382)	(40, 37.94755837321566)	(45, 37.77564381461455)	(50, 37.1365280626515)	(55, 36.50851720637288)	(60, 36.87386413077258)	(65, 36.752833198665755)	(70, 36.911703648455465)	(75, 36.887442766279236)	(80, 36.47951602544181)	(85, 36.819736051546606)	(90, 37.066492634719374)	(95, 37.23624836845049)	(100, 36.99653593552531)	(105, 36.48721486730064)	(110, 36.36762177056788)	(115, 36.13975179729422)	(120, 36.34069654215096)	(125, 37.12429195930967)	(130, 37.34710257525846)	(135, 36.99539229701452)	(140, 36.34960946402303)	(145, 35.957768247456855)	(150, 35.467308927424526)	(155, 35.217216731928644)	(160, 34.90392607785858)	(165, 35.185310874924895)	(170, 35.299148486543594)	(175, 35.346286282553294)	(180, 34.91090393022148)	(185, 34.45593469658358)	(190, 34.51825470818572)	(195, 34.87362794455839)	(200, 34.82119046139184)	(205, 34.35670333768413)	(210, 34.539043238651665)	(215, 33.85310046201339)	(220, 34.083353015517844)	(225, 34.077551950608076)	(230, 34.32631404479251)	(235, 33.95027658648767)	(240, 33.86851057658442)	(245, 33.891586384071935)	(250, 30.749021070296475)
SRR29920167_2	(1, 31.886609899102908)	(2, 30.925559906354238)	(3, 31.541115047548015)	(4, 30.398305260322786)	(5, 30.765595541467256)	(6, 33.01806617357615)	(7, 34.8144073590652)	(8, 33.75542295978619)	(9, 32.61922224294031)	(10, 33.90928791928233)	(15, 36.62492386102306)	(20, 37.17180268092071)	(25, 37.567132823668345)	(30, 37.08307953674353)	(35, 37.46019847929227)	(40, 36.71871050614291)	(45, 37.20377897942694)	(50, 37.41868357262726)	(55, 37.53099218928046)	(60, 37.97041456896016)	(65, 38.33061926367911)	(70, 36.81090185841258)	(75, 36.445956864938786)	(80, 36.61375266745395)	(85, 36.006360453311785)	(90, 36.45018335508733)	(95, 36.44872894524209)	(100, 36.59944889883357)	(105, 36.27251331137216)	(110, 36.4195703068349)	(115, 36.26382000124308)	(120, 36.324445273168)	(125, 35.993987610582806)	(130, 35.66194708600079)	(135, 36.45934903764477)	(140, 35.437450017610374)	(145, 35.57489796341186)	(150, 35.98497524188369)	(155, 36.39690886112665)	(160, 36.03927320943916)	(165, 35.79941160627344)	(170, 35.72192595355005)	(175, 34.98782190730727)	(180, 34.358717135931386)	(185, 33.93926699401247)	(190, 33.988099529699376)	(195, 34.37740485217644)	(200, 34.37491453788302)	(205, 34.2702799013819)	(210, 34.02832162761307)	(215, 33.62871527130337)	(220, 33.121113804462674)	(225, 34.205560735077796)	(230, 32.917492282511866)	(235, 32.771293015932216)	(240, 33.357552779331634)	(245, 32.84761845567365)	(250, 27.469534050179213)
SRR29920168_1	(1, 33.26235525227461)	(2, 33.3824958643507)	(3, 33.36685794044665)	(4, 33.557020264681555)	(5, 33.43386838296112)	(6, 36.82497156741108)	(7, 36.89734543010753)	(8, 36.86711641852771)	(9, 36.87100651364764)	(10, 37.16819944168735)	(15, 37.378499793217536)	(20, 38.06971412324235)	(25, 37.510938792390405)	(30, 38.268481182795696)	(35, 37.74209057071961)	(40, 37.89515095119934)	(45, 37.7876964433416)	(50, 37.30993331265508)	(55, 36.6601323407775)	(60, 37.197539288668324)	(65, 36.896944789081886)	(70, 36.984938482216705)	(75, 37.01758943341604)	(80, 36.61693806865178)	(85, 37.02684553349876)	(90, 37.25399090157154)	(95, 37.290795595533496)	(100, 36.74103339536808)	(105, 36.7051514681555)	(110, 36.44860680314309)	(115, 36.34804073614558)	(120, 36.79349152191894)	(125, 37.27714278329198)	(130, 37.443863730355666)	(135, 37.071461435070304)	(140, 36.38974875930521)	(145, 36.07078680727874)	(150, 35.749483043837884)	(155, 35.30933622828784)	(160, 35.13192721257237)	(165, 35.42497415219189)	(170, 35.51480303970224)	(175, 35.394856286186936)	(180, 35.10572787427627)	(185, 34.495533498759315)	(190, 34.84081368899918)	(195, 35.08020316377171)	(200, 34.837127791563276)	(205, 34.655782154673275)	(210, 34.64952956989247)	(215, 34.175374793217536)	(220, 34.25506617038875)	(225, 34.195231079404465)	(230, 34.4302005789909)	(235, 34.22116160049627)	(240, 33.99503463606286)	(245, 33.91765663771712)	(250, 30.990681865177834)
SRR29920168_2	(1, 29.334535256410255)	(2, 31.607384718775847)	(3, 31.413965570719604)	(4, 31.27769592638544)	(5, 30.813081575682382)	(6, 32.659752377998345)	(7, 35.12257030603805)	(8, 33.532245140612076)	(9, 33.05341449545079)	(10, 33.83938430521091)	(15, 36.49662427626138)	(20, 36.97518351943755)	(25, 37.61661497105045)	(30, 37.11482113316791)	(35, 37.473151881720426)	(40, 36.496122828784124)	(45, 36.97556606699752)	(50, 37.215340674110834)	(55, 37.32934243176179)	(60, 37.86540787841191)	(65, 38.19683105872622)	(70, 36.720851426799)	(75, 36.084713606286186)	(80, 36.215862799834575)	(85, 35.68721308933003)	(90, 35.823410359801485)	(95, 36.03791873449132)	(100, 36.202352150537635)	(105, 35.77959832506204)	(110, 35.88344964846981)	(115, 35.955112696443344)	(120, 36.07033188585608)	(125, 35.45750361869314)	(130, 35.32290891232424)	(135, 35.83767318031431)	(140, 34.662254445822995)	(145, 35.16054073614558)	(150, 35.367328370554176)	(155, 35.79951664598842)	(160, 35.38312396608767)	(165, 35.30821184863524)	(170, 35.01477202233251)	(175, 34.26435070306037)	(180, 33.56072167080232)	(185, 33.190971360628616)	(190, 33.32726943755169)	(195, 33.80840312241522)	(200, 33.772722808105875)	(205, 33.606668734491315)	(210, 33.35823769644334)	(215, 32.88278277502068)	(220, 32.65773366418527)	(225, 33.329541459884204)	(230, 31.966987179487184)	(235, 31.82533085194376)	(240, 32.429484594706366)	(245, 31.930784739454094)	(250, 25.724010028949547)
SRR29920169_1	(1, 33.2440598840953)	(2, 33.36698325820991)	(3, 33.33906954282035)	(4, 33.53317772054089)	(5, 33.404104958145524)	(6, 36.827092723760465)	(7, 36.901802962009015)	(8, 36.87075016097875)	(9, 36.8709594333548)	(10, 37.17185769478429)	(15, 37.3877784932389)	(20, 38.07453316162267)	(25, 37.41679652285899)	(30, 38.29481004507405)	(35, 37.809101738570504)	(40, 37.95704764971024)	(45, 37.783840952994204)	(50, 37.36477462974887)	(55, 36.7074597553123)	(60, 37.19980360592402)	(65, 36.912717321313586)	(70, 36.92840631036703)	(75, 36.954430135222154)	(80, 36.620862846104316)	(85, 37.13175144880876)	(90, 37.38208306503542)	(95, 37.40754990341275)	(100, 36.65604636188023)	(105, 36.75982614294914)	(110, 36.3970605280103)	(115, 36.37556342562782)	(120, 36.87571796522859)	(125, 37.333132646490654)	(130, 37.511023824855116)	(135, 37.123847392144235)	(140, 36.45894719896974)	(145, 36.18284932388924)	(150, 35.84497102382486)	(155, 35.31723438506117)	(160, 35.243924661944625)	(165, 35.42609787508049)	(170, 35.54527044430135)	(175, 35.40751126851256)	(180, 35.14760785576304)	(185, 34.5321603348358)	(190, 34.96265292981327)	(195, 35.138197037990984)	(200, 34.77190920798455)	(205, 34.69279781068899)	(210, 34.67320991629105)	(215, 34.254513844172564)	(220, 34.353226014166125)	(225, 34.31846104314231)	(230, 34.49971023824855)	(235, 34.34099806825499)	(240, 34.08422730199614)	(245, 33.92367353509337)	(250, 31.01162266580811)
SRR29920169_2	(1, 29.404716677398582)	(2, 30.128074694140373)	(3, 31.00993238892466)	(4, 31.953380553766902)	(5, 30.830795235028976)	(6, 32.665550547327754)	(7, 34.97364777849324)	(8, 33.3189793947199)	(9, 32.96044752092724)	(10, 33.954787508048945)	(15, 36.525988409529944)	(20, 37.030418544752095)	(25, 37.56687057308435)	(30, 37.071506761107536)	(35, 37.44464262717322)	(40, 36.5269607211848)	(45, 37.05106889890534)	(50, 37.264459111397294)	(55, 37.39482936252415)	(60, 37.89762717321314)	(65, 38.26407276239536)	(70, 36.77022537025113)	(75, 36.32098197037991)	(80, 36.389594333547976)	(85, 35.94060849967805)	(90, 36.10579201545396)	(95, 36.308808757244044)	(100, 36.4483000643915)	(105, 36.07770766258854)	(110, 36.17524790727624)	(115, 36.24267868641339)	(120, 36.33906310367031)	(125, 35.66045717965228)	(130, 35.57420798454604)	(135, 36.18688667095943)	(140, 34.885727623953635)	(145, 35.45776561493882)	(150, 35.580128783000646)	(155, 36.10209594333548)	(160, 35.665457179652286)	(165, 35.65242112041211)	(170, 35.40472633612363)	(175, 34.58194140373471)	(180, 33.83487765614939)	(185, 33.49286542176433)	(190, 33.575309079201546)	(195, 34.10676432710882)	(200, 33.955917578879586)	(205, 33.943306503541535)	(210, 33.61485833869929)	(215, 33.086406954282026)	(220, 32.95277205408886)	(225, 33.73780746941404)	(230, 32.31703799098519)	(235, 32.43973277527367)	(240, 32.88702511268512)	(245, 32.46435608499678)	(250, 25.923390212491952)
SRR29920170_1	(1, 33.29466502381521)	(2, 33.3881052650937)	(3, 33.37523217536826)	(4, 33.54296853449068)	(5, 33.44494915129558)	(6, 36.818268753333214)	(7, 36.896702650017474)	(8, 36.869558820824984)	(9, 36.86657962005995)	(10, 37.167762105301875)	(15, 37.35871416223771)	(20, 38.073097081486665)	(25, 37.566066535483756)	(30, 38.268867352005444)	(35, 37.770847968810344)	(40, 37.902686797726986)	(45, 37.82373062140243)	(50, 37.383923349945746)	(55, 36.619765709766995)	(60, 37.1304191110212)	(65, 37.072788127333254)	(70, 37.122746749544845)	(75, 37.24035161925078)	(80, 36.60303069312393)	(85, 37.0694999724148)	(90, 37.292840723099836)	(95, 37.313102966327676)	(100, 36.89045368446218)	(105, 36.729381907791904)	(110, 36.542346948158226)	(115, 36.31567022822149)	(120, 36.62943523916361)	(125, 37.35029516155728)	(130, 37.55523842801185)	(135, 37.184482409842396)	(140, 36.44311749452894)	(145, 36.18619269176306)	(150, 35.77442300972838)	(155, 35.43123379369955)	(160, 35.124655644849845)	(165, 35.44703826985674)	(170, 35.63110506280229)	(175, 35.56993581845266)	(180, 35.07821689317175)	(185, 34.58215789764054)	(190, 34.72801000422973)	(195, 35.14203063795354)	(200, 35.017816356180006)	(205, 34.592434301267076)	(210, 34.62239917612226)	(215, 34.09369770307298)	(220, 34.26630009011163)	(225, 34.255898633613484)	(230, 34.46425142983246)	(235, 34.19640289092815)	(240, 34.04171616676168)	(245, 34.061941629733155)	(250, 31.698236386707617)
SRR29920170_2	(1, 29.130992883020394)	(2, 29.867756588263422)	(3, 30.80353826066168)	(4, 30.650624344851682)	(5, 30.297736175221143)	(6, 32.637162771024514)	(7, 34.8243742758887)	(8, 33.255935413869835)	(9, 32.73941188370083)	(10, 33.69612519999264)	(15, 36.293223237765964)	(20, 36.70255071077845)	(25, 37.395097191827425)	(30, 36.915946080144174)	(35, 37.31305883002004)	(40, 36.24055023263512)	(45, 36.79160674549902)	(50, 37.025433547271824)	(55, 37.12961362340696)	(60, 37.70586461187635)	(65, 38.08374864372804)	(70, 36.289556246207034)	(75, 35.731404821891616)	(80, 35.89338139286831)	(85, 35.35877301064788)	(90, 35.728164481306436)	(95, 35.80539198558214)	(100, 36.186203725839974)	(105, 35.598032256284824)	(110, 35.76539713481803)	(115, 35.675800430329005)	(120, 35.693587362303916)	(125, 35.314360851095124)	(130, 35.049410596391866)	(135, 35.755043492653144)	(140, 34.5596778049543)	(145, 34.89928462401383)	(150, 35.21223679129044)	(155, 35.6448167423727)	(160, 35.307751439027534)	(165, 35.06774187616087)	(170, 34.90739467054085)	(175, 34.10727697372051)	(180, 33.20628574581165)	(185, 32.709112308512786)	(190, 32.96846460819832)	(195, 33.595373043750115)	(200, 33.62077716681686)	(205, 33.453309303565845)	(210, 33.09539695091676)	(215, 32.66486933813929)	(220, 32.21967008110047)	(225, 33.20966217334535)	(230, 31.761079132721555)	(235, 31.51414752560825)	(240, 32.46283538996267)	(245, 31.71356639755779)	(250, 27.151461095683835)
SRR29920171_1	(1, 33.28131349003155)	(2, 33.37638955418642)	(3, 33.36294412051337)	(4, 33.55618506466692)	(5, 33.43481277151022)	(6, 36.82076609240019)	(7, 36.8966650699526)	(8, 36.86969161394757)	(9, 36.87007152177863)	(10, 37.1677838159264)	(15, 37.391790687302816)	(20, 38.097679258684195)	(25, 37.40457871525082)	(30, 38.30514857699741)	(35, 37.84357707999537)	(40, 38.08307097669348)	(45, 37.80178061148643)	(50, 37.3078541814638)	(55, 36.58246807948333)	(60, 37.063893890091016)	(65, 36.86216943889265)	(70, 36.88266133694521)	(75, 36.929353661155254)	(80, 36.6755223732677)	(85, 37.12110800944814)	(90, 37.403237475429876)	(95, 37.51135594060223)	(100, 36.82109644703589)	(105, 36.71144183280752)	(110, 36.43616722551659)	(115, 36.32757304966882)	(120, 36.781764424109284)	(125, 37.35362811978659)	(130, 37.52898036041691)	(135, 37.1440907814539)	(140, 36.476903255644935)	(145, 36.16935300044598)	(150, 35.84807320658727)	(155, 35.37878462529526)	(160, 35.188510265770304)	(165, 35.383505393039435)	(170, 35.56347929502321)	(175, 35.507662575775086)	(180, 35.18873490692258)	(185, 34.58666027981038)	(190, 34.848400257676616)	(195, 35.153211872945604)	(200, 34.849407839315504)	(205, 34.64861168464346)	(210, 34.710315323499785)	(215, 34.15480418228969)	(220, 34.22686443897524)	(225, 34.03702614756942)	(230, 34.18224674187741)	(235, 34.216075056573224)	(240, 34.279397433144474)	(245, 33.94083018119952)	(250, 30.569002824532134)
SRR29920171_2	(1, 28.8363588312053)	(2, 31.333047025982392)	(3, 31.56560017178441)	(4, 31.984275119340612)	(5, 30.998166531771858)	(6, 32.95507176954461)	(7, 35.219107712128974)	(8, 33.50395599676253)	(9, 32.90811185807965)	(10, 34.034997770106216)	(15, 36.64764704910722)	(20, 37.176012949901725)	(25, 37.594383971193075)	(30, 37.114160651459336)	(35, 37.520123552633756)	(40, 36.6197056540196)	(45, 37.14601014188732)	(50, 37.32970053352274)	(55, 37.473563370277994)	(60, 37.97723856560017)	(65, 38.30680695726863)	(70, 36.97151682330982)	(75, 36.28792718983829)	(80, 36.347060669628846)	(85, 36.20568209973406)	(90, 36.38268611354289)	(95, 36.31512198344923)	(100, 36.45941097768455)	(105, 36.25798054211196)	(110, 36.04983730034191)	(115, 36.10277002362035)	(120, 36.57443385474306)	(125, 35.977238565600175)	(130, 35.6594605308799)	(135, 36.35392874250508)	(140, 35.44867775557061)	(145, 35.53163641168795)	(150, 35.83159842090485)	(155, 36.225539716886075)	(160, 35.94548157447019)	(165, 35.688092367156145)	(170, 35.62793148444855)	(175, 34.804400323747544)	(180, 34.15960423514643)	(185, 33.75524025040882)	(190, 33.817594687897454)	(195, 34.2640029071208)	(200, 34.29279661716853)	(205, 34.24131415074082)	(210, 34.008909664524865)	(215, 33.5005070943658)	(220, 33.0846831073157)	(225, 34.156882112948246)	(230, 32.94581523265226)	(235, 32.87266810921525)	(240, 33.35324490840918)	(245, 32.93172230389323)	(250, 28.65008836986505)
SRR29920172_1	(1, 33.251357075480094)	(2, 33.401943510064605)	(3, 33.34835460159823)	(4, 33.576022923452044)	(5, 33.40742520511862)	(6, 36.824817128517275)	(7, 36.90595689394344)	(8, 36.86835033014754)	(9, 36.885169167245095)	(10, 37.164739174542156)	(15, 37.377895242671784)	(20, 38.034516881129086)	(25, 37.61918949223131)	(30, 38.20020289390785)	(35, 37.47838467973018)	(40, 37.49169024863402)	(45, 37.63031306174026)	(50, 37.34629006709737)	(55, 36.68793137202556)	(60, 37.3071493405948)	(65, 37.027824941712495)	(70, 36.99669674479862)	(75, 37.04430206275473)	(80, 36.590588570309855)	(85, 37.086172958157576)	(90, 37.128773559720216)	(95, 36.95223094310072)	(100, 36.40851442504494)	(105, 36.729987363625035)	(110, 36.31511559613433)	(115, 36.405172014878886)	(120, 37.02165269546337)	(125, 37.21816790360759)	(130, 37.33949134141349)	(135, 37.00887749835371)	(140, 36.27690391015715)	(145, 35.94719063128482)	(150, 35.676868314734726)	(155, 35.09949988431488)	(160, 35.14616904266111)	(165, 35.49899798885864)	(170, 35.52495061135138)	(175, 35.29626070087387)	(180, 35.06103191129621)	(185, 34.374342819513416)	(190, 34.92017014611921)	(195, 35.1022086959617)	(200, 34.958830334419)	(205, 34.78367237973197)	(210, 34.52390766547422)	(215, 34.262377418264016)	(220, 34.29968498051151)	(225, 34.38694003951092)	(230, 34.56870094505847)	(235, 34.305761119120085)	(240, 33.91117518287148)	(245, 34.27177460978519)	(250, 32.513944506736436)
SRR29920172_2	(1, 30.218217737198998)	(2, 31.951643618630644)	(3, 32.08697741470447)	(4, 31.223503657429653)	(5, 31.194244220193283)	(6, 32.980867460444586)	(7, 35.154982469254456)	(8, 33.47179952658088)	(9, 33.051061633473935)	(10, 33.86805844768363)	(15, 36.70593909623223)	(20, 36.72115969886272)	(25, 37.96725221136562)	(30, 37.53874027800025)	(35, 37.615594354566)	(40, 36.731514407247225)	(45, 37.14362396995746)	(50, 37.425998896541905)	(55, 37.22094434655703)	(60, 38.08442878245857)	(65, 38.277541068218625)	(70, 37.14264509584068)	(75, 36.5502945521206)	(80, 36.42933418762347)	(85, 36.49678751312582)	(90, 36.29435278623169)	(95, 36.76058518874473)	(100, 36.89925427590011)	(105, 36.33997899870077)	(110, 36.43162653282788)	(115, 36.64338726039831)	(120, 36.46368377026714)	(125, 36.056237207895066)	(130, 36.140854646092514)	(135, 36.569921868047764)	(140, 35.06048730133305)	(145, 35.976111912008115)	(150, 36.07323046256251)	(155, 36.31902041397477)	(160, 36.08634381618524)	(165, 36.12680869240216)	(170, 35.48829088579209)	(175, 34.80577713706018)	(180, 34.25583497962162)	(185, 34.093971915211704)	(190, 33.940783455247654)	(195, 34.44022282734441)	(200, 34.36091266663108)	(205, 34.27947034011426)	(210, 34.044109847473614)	(215, 33.77814085108655)	(220, 34.080609393631974)	(225, 33.92413547617777)	(230, 32.886016338298894)	(235, 33.0226600459181)	(240, 33.590033281719975)	(245, 32.69606492605051)	(250, 28.391638635271505)
SRR29920173_1	(1, 32.941145183772285)	(2, 32.909947912845716)	(3, 33.061037341354265)	(4, 33.31995084733328)	(5, 33.33392634436212)	(6, 36.81228449856944)	(7, 36.87060743892598)	(8, 36.839043357053775)	(9, 36.873321839923705)	(10, 37.16909984593941)	(15, 37.379066099332405)	(20, 38.059885554984966)	(25, 37.5743562467904)	(30, 38.19004841904483)	(35, 37.605454478761644)	(40, 37.488929645660626)	(45, 37.56964272613895)	(50, 37.452376934927734)	(55, 36.71834788350085)	(60, 37.47387572445162)	(65, 37.13198958256915)	(70, 37.11337025896852)	(75, 37.24505172034334)	(80, 36.64997799134326)	(85, 37.2748441053481)	(90, 37.301933093683516)	(95, 37.073160443107625)	(100, 36.35411195070061)	(105, 37.00293815567456)	(110, 36.451294842638106)	(115, 36.61079157802069)	(120, 37.17913946152153)	(125, 37.28574205854302)	(130, 37.475247597388304)	(135, 37.0823967427188)	(140, 36.33158242241949)	(145, 36.09004841904482)	(150, 35.826171960971315)	(155, 35.183229403565406)	(160, 35.398804196317215)	(165, 35.70789377155014)	(170, 35.80650722617563)	(175, 35.330133519184216)	(180, 35.14434377521825)	(185, 34.381993250678605)	(190, 35.169363949820266)	(195, 35.19267845352505)	(200, 35.02196463942484)	(205, 34.86316117672951)	(210, 34.55976083926344)	(215, 34.33441420291982)	(220, 34.3989399163671)	(225, 34.517229110116645)	(230, 34.67780060156995)	(235, 34.41739417504218)	(240, 33.9890580294916)	(245, 34.36130878145404)	(250, 32.85030445308488)
SRR29920173_2	(1, 28.154482429755703)	(2, 29.51966106668623)	(3, 30.75218252512655)	(4, 30.26016066319419)	(5, 30.877705230724086)	(6, 32.89560560487125)	(7, 35.04522778959724)	(8, 33.37500917027364)	(9, 32.79401731347664)	(10, 33.862948426381045)	(15, 36.72575379649329)	(20, 36.64148631795173)	(25, 37.948738170347)	(30, 37.42931553077544)	(35, 37.43423446555646)	(40, 36.55403858851148)	(45, 37.175056855696575)	(50, 37.48660039615582)	(55, 37.33686083192722)	(60, 38.06700902354926)	(65, 38.26401584623285)	(70, 37.20704643826572)	(75, 36.718226835888785)	(80, 36.50965813219866)	(85, 36.71831120240628)	(90, 36.46649915633483)	(95, 37.03783654904263)	(100, 37.11667155747927)	(105, 36.630764434010715)	(110, 36.69584770009537)	(115, 36.945033379796044)	(120, 36.82621597828479)	(125, 36.24825764800822)	(130, 36.27585650355807)	(135, 36.85227789597242)	(140, 35.16838456459541)	(145, 36.20533709925904)	(150, 36.19228963392268)	(155, 36.635283544860975)	(160, 36.313579341207536)	(165, 36.411495855036314)	(170, 35.671575819822465)	(175, 34.98135866774264)	(180, 34.28115325361309)	(185, 33.95463282224342)	(190, 33.99407600322793)	(195, 34.38061770963246)	(200, 34.06963172181058)	(205, 34.35463282224341)	(210, 34.01401584623285)	(215, 33.791244222727606)	(220, 34.185008436651756)	(225, 34.07471572151713)	(230, 32.63698554764874)	(235, 33.00498496075123)	(240, 33.73650869341942)	(245, 32.39903895532243)	(250, 28.943841244222728)
SRR29920174_1	(1, 32.93112890126465)	(2, 32.86966005337046)	(3, 33.05750087017055)	(4, 33.29817844297482)	(5, 33.32588467339598)	(6, 36.80751827358162)	(7, 36.86114398422091)	(8, 36.84432068685462)	(9, 36.86371968905905)	(10, 37.166395173454)	(15, 37.37640561550064)	(20, 38.092521174150136)	(25, 37.390156630699614)	(30, 38.28055226824458)	(35, 37.75071818076343)	(40, 38.08355957767722)	(45, 37.78630467571644)	(50, 37.237828054298646)	(55, 36.46943264879916)	(60, 36.866355725722244)	(65, 36.686501914375214)	(70, 36.785696716556444)	(75, 36.64603782341339)	(80, 36.63837104072398)	(85, 36.97566771087133)	(90, 37.294563174382176)	(95, 37.45946861584871)	(100, 36.87112193990022)	(105, 36.587877944077036)	(110, 36.29989093862397)	(115, 36.20871098735352)	(120, 36.705636384731406)	(125, 37.19042580345748)	(130, 37.406051746142246)	(135, 37.05594152453881)	(140, 36.37638705186217)	(145, 35.91693235874231)	(150, 35.693453996983415)	(155, 35.274616544842786)	(160, 35.0673860076575)	(165, 35.256080751827355)	(170, 35.429752871562826)	(175, 35.43742893607147)	(180, 35.10956259426848)	(185, 34.46004872955099)	(190, 34.7831210117183)	(195, 35.03485323123332)	(200, 34.76359670495417)	(205, 34.59056967165564)	(210, 34.639039331709014)	(215, 34.152676644622346)	(220, 34.1648451096415)	(225, 33.87251421278571)	(230, 34.13250725142127)	(235, 34.11960552268245)	(240, 34.3076644622346)	(245, 33.924204664114164)	(250, 30.7870054530688)
SRR29920174_2	(1, 28.79754031790231)	(2, 31.358255017983524)	(3, 30.7902540898016)	(4, 29.91309896739761)	(5, 29.967652859960552)	(6, 32.40292377305952)	(7, 34.694187260703096)	(8, 32.832277526395174)	(9, 32.69221487411533)	(10, 33.588286344123446)	(15, 36.31685810418842)	(20, 36.83104304443672)	(25, 37.388351316858106)	(30, 36.825181575588815)	(35, 37.071590671771666)	(40, 36.07645434505163)	(45, 36.99077851258846)	(50, 37.23232393549135)	(55, 37.265436825617826)	(60, 37.78354333449356)	(65, 38.13699037011254)	(70, 36.72276134122288)	(75, 35.84517461422438)	(80, 35.96745330084697)	(85, 35.73004756932359)	(90, 35.80526743241675)	(95, 35.68597285067874)	(100, 35.86871794871796)	(105, 35.6267502030398)	(110, 35.390235526163124)	(115, 35.396138763197584)	(120, 36.025775612019956)	(125, 35.438357117995125)	(130, 35.02195614340411)	(135, 35.52386587771203)	(140, 34.97650771551224)	(145, 34.75763777700429)	(150, 35.207406891750786)	(155, 35.68575936883629)	(160, 35.431985149089215)	(165, 34.98593804385659)	(170, 35.113191785589976)	(175, 34.20295625942684)	(180, 33.46029933867038)	(185, 32.58185868430213)	(190, 32.93906485671191)	(195, 33.45489731987469)	(200, 33.72494256874347)	(205, 33.570646246664346)	(210, 33.43456085392737)	(215, 32.73388096066829)	(220, 31.86181691611556)	(225, 33.51723865877712)	(230, 32.26816568047338)	(235, 31.817491588351317)	(240, 32.66384499361875)	(245, 32.19635688594965)	(250, 27.896461306416057)
SRR29920175_1	(1, 33.02220946815542)	(2, 33.22226860064698)	(3, 33.124056488921354)	(4, 33.38665692719747)	(5, 33.28115760548193)	(6, 36.823715607499395)	(7, 36.8850046958155)	(8, 36.8488295245052)	(9, 36.88098716477095)	(10, 37.15619673727782)	(15, 37.38414901387874)	(20, 38.08847959929041)	(25, 37.437726529618416)	(30, 38.28009322063376)	(35, 37.83551080037567)	(40, 38.12250513061324)	(45, 37.76303175762635)	(50, 37.35935162962189)	(55, 36.56827020070263)	(60, 37.018790218790215)	(65, 36.859716859716855)	(70, 36.9504539288323)	(75, 36.84408849003444)	(80, 36.75638804827994)	(85, 37.10842811923893)	(90, 37.43752130508887)	(95, 37.48701520052872)	(100, 36.82364951824411)	(105, 36.68298027757487)	(110, 36.37006852412257)	(115, 36.21680406275001)	(120, 36.81200737416954)	(125, 37.325253052280075)	(130, 37.54265191832759)	(135, 37.167692789314415)	(140, 36.4094925040871)	(145, 36.16312915231834)	(150, 35.81513443945877)	(155, 35.424063445685064)	(160, 35.2310515148353)	(165, 35.3752234860343)	(170, 35.56443006713276)	(175, 35.528014887474356)	(180, 35.18516470138091)	(185, 34.538484816863196)	(190, 34.770110264704854)	(195, 35.10358969007618)	(200, 34.782135030783685)	(205, 34.636338655257575)	(210, 34.67935928206198)	(215, 34.25704546245087)	(220, 34.30978816654492)	(225, 34.11194824167797)	(230, 34.136870847681664)	(235, 34.08970398970399)	(240, 34.35311836933459)	(245, 33.98622908622909)	(250, 31.170005913249156)
SRR29920175_2	(1, 28.600194789383977)	(2, 31.23668649344325)	(3, 30.856116734495114)	(4, 30.703572298166893)	(5, 30.65706633274201)	(6, 32.600873073846046)	(7, 35.24446067689311)	(8, 33.72393822393823)	(9, 32.70501582663745)	(10, 33.869612856099344)	(15, 36.567998886917806)	(20, 37.13479773209503)	(25, 37.60527322689485)	(30, 37.15852725312185)	(35, 37.60050436536923)	(40, 36.60997947754704)	(45, 37.13531601099169)	(50, 37.333802914884)	(55, 37.42721485964729)	(60, 37.971059862951755)	(65, 38.26620404187972)	(70, 37.10893596299002)	(75, 36.46909109882083)	(80, 36.39957911579533)	(85, 36.17332081115866)	(90, 36.520821593794565)	(95, 36.274785209920346)	(100, 36.42606003687085)	(105, 36.23957355038436)	(110, 36.05287488260461)	(115, 36.06513270026784)	(120, 36.59004834950781)	(125, 36.158391596229436)	(130, 35.665915336185606)	(135, 36.28336985634284)	(140, 35.72527044418936)	(145, 35.41490834463808)	(150, 35.9988173501687)	(155, 36.413875265226615)	(160, 36.088110890813596)	(165, 35.74134056836759)	(170, 35.84865560541236)	(175, 34.928585342098856)	(180, 34.30943337159553)	(185, 33.589112664788345)	(190, 33.71743712824794)	(195, 34.21497791227522)	(200, 34.30733590733591)	(205, 34.31483529861909)	(210, 34.091397961668235)	(215, 33.57455215833594)	(220, 32.812751747886885)	(225, 34.28193328463599)	(230, 33.24171971198998)	(235, 32.738168284114224)	(240, 33.496525096525104)	(245, 33.11492921492921)	(250, 28.9411631708929)
SRR29920176_1	(1, 32.93194984234069)	(2, 32.88813522035638)	(3, 33.061725452812205)	(4, 33.321973307912295)	(5, 33.32697807435653)	(6, 36.818581799516025)	(7, 36.87383588765858)	(8, 36.845860526508766)	(9, 36.86696120847694)	(10, 37.15843660629171)	(15, 37.388875852460224)	(20, 38.06730219256435)	(25, 37.49904304465791)	(30, 38.262304759111245)	(35, 37.719098775390485)	(40, 37.950351983574095)	(45, 37.80294419593752)	(50, 37.25525408814256)	(55, 36.46020385715333)	(60, 36.99599252034905)	(65, 36.8763071056684)	(70, 36.89040111461465)	(75, 36.980849893671625)	(80, 36.63142186697954)	(85, 37.04514555987387)	(90, 37.246120847693774)	(95, 37.35982987460585)	(100, 36.83669795409547)	(105, 36.66667888831854)	(110, 36.41888978514336)	(115, 36.26303439172838)	(120, 36.68271613991347)	(125, 37.23012392755005)	(130, 37.47437852900198)	(135, 37.124363863019724)	(140, 36.37206863679695)	(145, 35.999417027205396)	(150, 35.68566033585099)	(155, 35.299761677788375)	(160, 35.08027792036372)	(165, 35.342619344430595)	(170, 35.55291853046858)	(175, 35.46190877759038)	(180, 35.075383148786386)	(185, 34.4422673608565)	(190, 34.7390188457872)	(195, 35.092058370609365)	(200, 34.84663415707267)	(205, 34.57948962381756)	(210, 34.55501209943536)	(215, 34.006577693040995)	(220, 34.10867492850333)	(225, 33.868284813375375)	(230, 34.10951822248295)	(235, 34.043876952408894)	(240, 34.00080296252842)	(245, 33.83093422306959)	(250, 30.73652562880399)
SRR29920176_2	(1, 31.856053384175404)	(2, 30.769084109408226)	(3, 31.4441776050451)	(4, 30.720613038058225)	(5, 30.83878419007113)	(6, 32.795482877465716)	(7, 34.948724059543885)	(8, 33.21186844613918)	(9, 32.83601598592066)	(10, 33.74322431619858)	(15, 36.623582899464694)	(20, 37.040830094595584)	(25, 37.696945809195576)	(30, 37.207772970594704)	(35, 37.498082422820275)	(40, 36.52004839774144)	(45, 37.22073036591625)	(50, 37.477704040478116)	(55, 37.44122607611645)	(60, 37.99428393341644)	(65, 38.256830681234874)	(70, 37.014215003299846)	(75, 36.16477597712107)	(80, 36.35588839187504)	(85, 36.0569883405441)	(90, 36.148922050304314)	(95, 36.260295519542424)	(100, 36.431275207157)	(105, 36.07554447459118)	(110, 35.969498423406904)	(115, 36.01244041944709)	(120, 36.42923296912811)	(125, 35.88632763804356)	(130, 35.547539781476864)	(135, 36.099263034391726)	(140, 35.16116447899098)	(145, 35.345988853853484)	(150, 35.652045904524456)	(155, 36.12176798416074)	(160, 35.732305492410354)	(165, 35.506002053237516)	(170, 35.32867199530689)	(175, 34.566513896018186)	(180, 34.016059250568304)	(185, 33.533757424653515)	(190, 33.62289726479431)	(195, 33.99372295959522)	(200, 33.94543154652783)	(205, 33.94736378968982)	(210, 33.76937376255775)	(215, 33.319722079636286)	(220, 33.00235022365623)	(225, 33.87567646843147)	(230, 32.69190804429127)	(235, 32.28364009679548)	(240, 33.00951455598739)	(245, 32.36203343843954)	(250, 28.003923150252987)
SRR29920177_1	(1, 32.92246311738294)	(2, 32.875997434252724)	(3, 33.05244387427838)	(4, 33.29611289288005)	(5, 33.30819756254009)	(6, 36.825837075048106)	(7, 36.882950609364975)	(8, 36.85685695958948)	(9, 36.87279025016036)	(10, 37.177580500320715)	(15, 37.39262091084028)	(20, 38.05087876844131)	(25, 37.59175881975625)	(30, 38.20608595253368)	(35, 37.52315073765234)	(40, 37.56799486850545)	(45, 37.589080179602306)	(50, 37.39807055805004)	(55, 36.74414368184734)	(60, 37.42865939704939)	(65, 37.053916613213595)	(70, 37.06420012828737)	(75, 37.11039384220654)	(80, 36.718593970493906)	(85, 37.20257087876844)	(90, 37.25279794740218)	(95, 37.09715458627325)	(100, 36.44361257216165)	(105, 36.84240667094291)	(110, 36.351322642719694)	(115, 36.49153559974343)	(120, 37.124905708787686)	(125, 37.29316741500962)	(130, 37.41589223861449)	(135, 37.07405259781912)	(140, 36.34464143681847)	(145, 36.03228223220013)	(150, 35.80895958948044)	(155, 35.15447338037204)	(160, 35.291602309172546)	(165, 35.601590763309815)	(170, 35.62280949326491)	(175, 35.33161770365619)	(180, 35.1435381654907)	(185, 34.4299063502245)	(190, 35.05403976908274)	(195, 35.16798460551635)	(200, 34.92796407953817)	(205, 34.82733033996152)	(210, 34.54514432328416)	(215, 34.34545734445157)	(220, 34.41569724182168)	(225, 34.41463502245029)	(230, 34.60865683130211)	(235, 34.41804233483002)	(240, 33.99549454778704)	(245, 34.3263681847338)	(250, 32.400667094291215)
SRR29920177_2	(1, 28.956998075689544)	(2, 31.50334830019243)	(3, 31.092341244387427)	(4, 30.16697883258499)	(5, 30.512841565105838)	(6, 31.945118665811417)	(7, 35.288133418858244)	(8, 33.78447722899294)	(9, 33.05978191148172)	(10, 33.67376523412444)	(15, 36.53654906991661)	(20, 36.45096600384862)	(25, 37.7437742142399)	(30, 37.19344708146248)	(35, 37.14980372033355)	(40, 36.31807568954458)	(45, 37.0692187299551)	(50, 37.37544066709429)	(55, 37.176836433611285)	(60, 37.960035920461834)	(65, 38.22273252084669)	(70, 37.02781783194355)	(75, 36.475915330339966)	(80, 36.23233354714561)	(85, 36.457169980756895)	(90, 36.22566773572803)	(95, 36.659674150096215)	(100, 36.76223733162283)	(105, 36.34664785118666)	(110, 36.36861577934574)	(115, 36.59830147530468)	(120, 36.56299166132136)	(125, 35.978842847979465)	(130, 35.97400384862091)	(135, 36.46073636946761)	(140, 34.95994868505452)	(145, 35.82007440667094)	(150, 35.864944194996795)	(155, 36.321308531109686)	(160, 36.031563822963435)	(165, 36.112159076330975)	(170, 35.482483643361135)	(175, 34.68753816549069)	(180, 33.96640410519564)	(185, 33.66915202052598)	(190, 33.65388582424631)	(195, 34.10088518280949)	(200, 33.8808159076331)	(205, 34.11496600384862)	(210, 33.761385503527904)	(215, 33.41899166132136)	(220, 33.66327132777421)	(225, 33.81528672225785)	(230, 32.37516869788326)	(235, 32.505077613855036)	(240, 33.28525465041693)	(245, 32.04434637588197)	(250, 28.419448364336112)
SRR29920178_1	(1, 32.8588123964987)	(2, 32.84509108114502)	(3, 33.043647977288856)	(4, 33.30849302105512)	(5, 33.30454222853087)	(6, 36.814170806718714)	(7, 36.87515968772179)	(8, 36.845587887390586)	(9, 36.875277974923115)	(10, 37.177903950792526)	(15, 37.397965460137215)	(20, 38.07787083037615)	(25, 37.449604920747575)	(30, 38.22068606576769)	(35, 37.813442157558555)	(40, 37.85113319138869)	(45, 37.709694819020584)	(50, 37.50423468180743)	(55, 36.741391057487576)	(60, 37.387508871540106)	(65, 37.010887154009936)	(70, 37.01834397918145)	(75, 37.128540335935654)	(80, 36.73670688431512)	(85, 37.25262361012538)	(90, 37.4403122782115)	(95, 37.35942748994559)	(100, 36.43783770995979)	(105, 36.91368819493731)	(110, 36.455377336172226)	(115, 36.53370238940147)	(120, 37.21011118996925)	(125, 37.321395788975636)	(130, 37.5135178613674)	(135, 37.12764608469364)	(140, 36.40184054885262)	(145, 36.11157795126567)	(150, 35.87339011118998)	(155, 35.19756328365271)	(160, 35.45719422758457)	(165, 35.6347054648687)	(170, 35.78559735036669)	(175, 35.354454696001895)	(180, 35.209018216229005)	(185, 34.361315353678734)	(190, 35.195751123728414)	(195, 35.21851431275136)	(200, 34.80833215046132)	(205, 34.83251005441211)	(210, 34.684736219541044)	(215, 34.3482848355808)	(220, 34.38878637331441)	(225, 34.238769813106224)	(230, 34.48378519044239)	(235, 34.3498840785427)	(240, 33.995746392240356)	(245, 34.10803879820204)	(250, 31.366950555949845)
SRR29920178_2	(1, 29.35237757274663)	(2, 31.54376626449018)	(3, 31.138254080908446)	(4, 31.581381594511473)	(5, 31.488644428672817)	(6, 33.1471965933286)	(7, 35.06981310622191)	(8, 33.47473385379702)	(9, 32.945445942749)	(10, 34.10036432458008)	(15, 36.81192334989354)	(20, 37.09484267802224)	(25, 37.9094913650343)	(30, 37.42179323397208)	(35, 37.66412112609415)	(40, 36.66296191152118)	(45, 37.28730068606576)	(50, 37.53451147385853)	(55, 37.567594038325055)	(60, 38.10374733853797)	(65, 38.31056068133428)	(70, 37.32617459190916)	(75, 36.72163709486633)	(80, 36.599569434587174)	(85, 36.558116867754904)	(90, 36.43111899692453)	(95, 36.73403832505323)	(100, 36.689022947717056)	(105, 36.40700260231843)	(110, 36.30520936834635)	(115, 36.72446179323397)	(120, 36.91452566832269)	(125, 36.236361485687254)	(130, 36.08020818547434)	(135, 36.669533948426775)	(140, 35.36775964040691)	(145, 36.01954577714691)	(150, 36.19435060326473)	(155, 36.642228530872956)	(160, 36.157643718949615)	(165, 36.15178140525195)	(170, 35.63328601845281)	(175, 35.02054885261415)	(180, 34.54376153300213)	(185, 34.11846226638278)	(190, 34.121178140525195)	(195, 34.38631653655075)	(200, 34.15320085166785)	(205, 34.29436479772889)	(210, 34.0923397208422)	(215, 33.69624792997398)	(220, 33.722469836763665)	(225, 34.12829903004494)	(230, 32.921367400047316)	(235, 32.873527324343506)	(240, 33.391800331204166)	(245, 32.5387414241779)	(250, 27.84771705701443)
SRR29920179_1	(1, 32.912299050939374)	(2, 32.87528568661631)	(3, 33.051074956420685)	(4, 33.309645554909935)	(5, 33.32620569436374)	(6, 36.82887855897734)	(7, 36.875479372457875)	(8, 36.84414100329266)	(9, 36.87699012202208)	(10, 37.16574472206082)	(15, 37.37601394538059)	(20, 38.09556072051133)	(25, 37.53476273484408)	(30, 38.16842533410807)	(35, 37.773631609529346)	(40, 37.65277551810963)	(45, 37.684024791787714)	(50, 37.50180902576022)	(55, 36.60746077861708)	(60, 37.41378655820259)	(65, 37.076002324230096)	(70, 37.069846988185155)	(75, 37.287065659500286)	(80, 36.6340964555491)	(85, 37.12413712957583)	(90, 37.316637613790434)	(95, 37.12778229711408)	(100, 36.407503389502224)	(105, 36.92971140809607)	(110, 36.46784815030021)	(115, 36.4432306798373)	(120, 37.07867518884369)	(125, 37.237865582025954)	(130, 37.478713926012006)	(135, 37.05587449157467)	(140, 36.32166569823746)	(145, 36.093898895990705)	(150, 35.75257408483439)	(155, 35.10591516560139)	(160, 35.34228549293046)	(165, 35.64573310091032)	(170, 35.81996901026535)	(175, 35.30228161921364)	(180, 35.02868874685261)	(185, 34.231047840402866)	(190, 35.012984698818514)	(195, 35.062738717799725)	(200, 34.82873135773775)	(205, 34.72542320356382)	(210, 34.48027503389502)	(215, 34.19280263412745)	(220, 34.18917296145652)	(225, 34.216056556265734)	(230, 34.439140034863456)	(235, 34.1982800697269)	(240, 33.9486267673833)	(245, 34.07393763315902)	(250, 32.14408289754019)
SRR29920179_2	(1, 28.8605074569049)	(2, 29.903680030989733)	(3, 31.788785589773386)	(4, 30.474607786170832)	(5, 30.803350765059076)	(6, 32.636548518303314)	(7, 35.21987216734457)	(8, 33.67427852024017)	(9, 32.74946736393569)	(10, 33.81602169281425)	(15, 36.74273097036607)	(20, 36.67901994964168)	(25, 37.90995545225644)	(30, 37.36030214991284)	(35, 37.41458841758667)	(40, 36.51573891148557)	(45, 37.21215959713345)	(50, 37.49394150687585)	(55, 37.51589386015882)	(60, 38.07790044547744)	(65, 38.246070114274644)	(70, 37.164753050552)	(75, 36.65579314352121)	(80, 36.567054038349795)	(85, 36.38416424559365)	(90, 36.23083865969398)	(95, 36.84017044354057)	(100, 36.81230292465621)	(105, 36.32644586480729)	(110, 36.39432887855898)	(115, 36.69119504164246)	(120, 36.75836916521403)	(125, 36.17741623087352)	(130, 36.11703660662406)	(135, 36.641518496997875)	(140, 35.194797598295565)	(145, 36.046438117373626)	(150, 36.10443153205501)	(155, 36.61110594615534)	(160, 36.14198334301763)	(165, 36.156993995738915)	(170, 35.51335657563432)	(175, 34.903021499128414)	(180, 34.3496533023436)	(185, 33.94361030408677)	(190, 33.97544838272323)	(195, 34.24325779585512)	(200, 33.958450513267486)	(205, 34.10627929498354)	(210, 33.88682161533992)	(215, 33.64560139453806)	(220, 33.77716056556265)	(225, 33.87346891342243)	(230, 32.71945380592679)	(235, 32.599678481503005)	(240, 33.440972302924656)	(245, 32.359488669378266)	(250, 27.935986829362772)
SRR29920180_1	(1, 32.875563980448675)	(2, 32.8489472364958)	(3, 33.06174019300664)	(4, 33.300820904875295)	(5, 33.318758616367965)	(6, 36.81658102519113)	(7, 36.87142812382504)	(8, 36.84739629026194)	(9, 36.87543865146008)	(10, 37.176253289885956)	(15, 37.39541922546685)	(20, 38.0564857751598)	(25, 37.55713121945105)	(30, 38.16732046622384)	(35, 37.73093432760997)	(40, 37.75078957262815)	(45, 37.7425429251786)	(50, 37.487363704724906)	(55, 36.716032710866024)	(60, 37.486141747086094)	(65, 37.185267577390654)	(70, 37.20643251033964)	(75, 37.43235367840582)	(80, 36.82784810126582)	(85, 37.22218636420604)	(90, 37.43497305426745)	(95, 37.2859318210302)	(100, 36.53569682917659)	(105, 36.98252600576513)	(110, 36.60047311693195)	(115, 36.55146321594184)	(120, 37.23958202782303)	(125, 37.38291139240506)	(130, 37.60348101265823)	(135, 37.20529828299285)	(140, 36.47874107030957)	(145, 36.20986965785186)	(150, 35.87671074069432)	(155, 35.285129715503196)	(160, 35.45043238501065)	(165, 35.70203659606467)	(170, 35.89073192129339)	(175, 35.44813259806993)	(180, 35.18691252036596)	(185, 34.41375485649831)	(190, 35.139068178969794)	(195, 35.23729790700589)	(200, 34.97171324727409)	(205, 34.90191440030079)	(210, 34.6960396039604)	(215, 34.342502193257296)	(220, 34.35406379245519)	(225, 34.2967790449931)	(230, 34.50243138237874)	(235, 34.27610602832435)	(240, 33.88032648201529)	(245, 34.043702218323105)	(250, 31.296559719263065)
SRR29920180_2	(1, 29.445983205915528)	(2, 31.497336758992354)	(3, 31.932150018799348)	(4, 31.09965221205665)	(5, 31.320622885073316)	(6, 33.148969169068806)	(7, 35.00130028825667)	(8, 33.36130780799599)	(9, 32.95350294523123)	(10, 34.05180473743577)	(15, 36.87437648828174)	(20, 36.97432322346159)	(25, 38.00328048627648)	(30, 37.510421105401676)	(35, 37.592267201403686)	(40, 36.65045431758365)	(45, 37.25723461586665)	(50, 37.545265697455825)	(55, 37.57336445669883)	(60, 38.13513598195262)	(65, 38.281701967665114)	(70, 37.37675460584033)	(75, 36.76001378618874)	(80, 36.720923674645945)	(85, 36.45389146509588)	(90, 36.27108973555583)	(95, 36.89555395412959)	(100, 36.755010026319084)	(105, 36.38507958390776)	(110, 36.35981325980699)	(115, 36.775050131595435)	(120, 36.92629402180724)	(125, 36.25220579019928)	(130, 36.13541797217697)	(135, 36.64770647950871)	(140, 35.20861010151648)	(145, 36.02058841960145)	(150, 36.17556084722396)	(155, 36.629452312319835)	(160, 36.06955758867026)	(165, 36.13667126206291)	(170, 35.40991352299787)	(175, 34.8935549567615)	(180, 34.50657350545181)	(185, 34.077246522120575)	(190, 34.13680599072565)	(195, 34.35106216317835)	(200, 34.049489284371475)	(205, 34.131310314575764)	(210, 33.95929314450432)	(215, 33.62593683418975)	(220, 33.774241759619)	(225, 33.91169632786064)	(230, 32.746070936207545)	(235, 32.34389021180599)	(240, 33.135850357187614)	(245, 32.09163115678656)	(250, 27.350419852111795)
SRR29920181_1	(1, 32.922439610886435)	(2, 32.858651218712424)	(3, 33.06575582030823)	(4, 33.30495136080446)	(5, 33.32114985244289)	(6, 36.82249426166794)	(7, 36.87052136845557)	(8, 36.845010383648486)	(9, 36.87183298721172)	(10, 37.17434473712974)	(15, 37.37861624221226)	(20, 38.09705978795497)	(25, 37.489098262105145)	(30, 38.284695595147014)	(35, 37.79587714504318)	(40, 38.105025685867304)	(45, 37.813837577877365)	(50, 37.468969286260794)	(55, 36.77201879986884)	(60, 37.22906547163625)	(65, 36.82351295223522)	(70, 36.790735599519074)	(75, 36.76850366160236)	(80, 36.833761066783254)	(85, 37.118959449120126)	(90, 37.428763799322326)	(95, 37.500168324407035)	(100, 36.72692971909498)	(105, 36.73390753087769)	(110, 36.40951798010711)	(115, 36.35792327030276)	(120, 37.05786424745874)	(125, 37.32663241884359)	(130, 37.50116078259919)	(135, 37.09225926330747)	(140, 36.44369002076729)	(145, 36.10405946005028)	(150, 35.804026669581376)	(155, 35.446099027216086)	(160, 35.3521914963384)	(165, 35.4495573286698)	(170, 35.583018909170406)	(175, 35.51809815280358)	(180, 35.253387255437744)	(185, 34.643703136954855)	(190, 34.98264291179364)	(195, 35.18241556454257)	(200, 34.71138703683463)	(205, 34.7846628046781)	(210, 34.76498415127337)	(215, 34.376229096076074)	(220, 34.33114001530222)	(225, 34.03443873647393)	(230, 34.43011476664116)	(235, 34.417881735708825)	(240, 34.28623456115422)	(245, 33.971467919991255)	(250, 31.395737239042518)
SRR29920181_2	(1, 29.017903596021423)	(2, 28.95949284074762)	(3, 30.24796152584982)	(4, 31.08682916165701)	(5, 30.58089408678544)	(6, 32.42317193135862)	(7, 35.24009181331293)	(8, 33.12222100776041)	(9, 33.12947863154443)	(10, 33.600922505191825)	(15, 36.58516996393048)	(20, 37.121517105694615)	(25, 37.65657448901519)	(30, 37.14608809705978)	(35, 37.367082741283205)	(40, 36.45221991474478)	(45, 37.237980107115526)	(50, 37.49268335337196)	(55, 37.446352606842275)	(60, 37.985860749808715)	(65, 38.27584654060553)	(70, 37.250724669362775)	(75, 36.603182861514924)	(80, 36.53389004262761)	(85, 36.15957590993551)	(90, 36.217851131271175)	(95, 36.17069843698765)	(100, 36.56676795278172)	(105, 36.189655700076514)	(110, 36.10440048092688)	(115, 36.19709257842387)	(120, 36.595872772980655)	(125, 35.92959230516996)	(130, 35.71049076401793)	(135, 35.98324188435895)	(140, 35.30217072904143)	(145, 35.41288009618538)	(150, 35.76764236528582)	(155, 36.22300579298284)	(160, 35.80852114985244)	(165, 35.66242430866761)	(170, 35.71866652093125)	(175, 34.82384085692426)	(180, 34.09370204393923)	(185, 33.30102524866105)	(190, 33.669603235326264)	(195, 34.14293583998251)	(200, 34.17061099573724)	(205, 34.1359580281998)	(210, 33.9642234123948)	(215, 33.37712099683025)	(220, 32.78875942725981)	(225, 34.016522024264944)	(230, 32.91331948846868)	(235, 32.63072685539403)	(240, 33.20921193573068)	(245, 33.06415127336321)	(250, 26.25379822931468)
SRR29920182_1	(1, 32.998724209229685)	(2, 33.489408736967135)	(3, 32.9436012493951)	(4, 33.48709911574502)	(5, 33.551713518982886)	(6, 36.8245127799041)	(7, 36.87991069464608)	(8, 36.85457085038054)	(9, 36.86233557696538)	(10, 37.16343759623421)	(15, 37.358209053715186)	(20, 38.06103778980247)	(25, 37.747056882671245)	(30, 38.13849368703533)	(35, 37.65248559236285)	(40, 37.67222295543531)	(45, 37.70675949144341)	(50, 37.592481633012184)	(55, 36.755921428885664)	(60, 37.44282917601513)	(65, 37.23698473450354)	(70, 37.358613787338875)	(75, 37.47417183581892)	(80, 36.84479125423431)	(85, 37.31614975144076)	(90, 37.40596982094936)	(95, 37.18296599357706)	(100, 36.60671989793674)	(105, 36.919207250011006)	(110, 36.582598653820774)	(115, 36.44124543574854)	(120, 37.050866657868106)	(125, 37.365701025031896)	(130, 37.5641282829616)	(135, 37.18999604064933)	(140, 36.42890325986538)	(145, 36.194958426818005)	(150, 35.79896177026968)	(155, 35.37124631560424)	(160, 35.32591614975144)	(165, 35.632532664642994)	(170, 35.85589283357529)	(175, 35.65006158989925)	(180, 35.18859487044125)	(185, 34.456810083146365)	(190, 34.85139017201179)	(195, 35.16720337864591)	(200, 35.07067440939686)	(205, 34.78479389380142)	(210, 34.59065593242708)	(215, 34.25873256785887)	(220, 34.28583872244952)	(225, 34.31982974792134)	(230, 34.37680480401214)	(235, 34.131358057278604)	(240, 33.917484932471076)	(245, 34.20450486120276)	(250, 32.68000747877348)
SRR29920182_2	(1, 28.637400466323523)	(2, 28.383518103031104)	(3, 31.467984250582905)	(4, 29.830869737363074)	(5, 30.157912102415203)	(6, 32.711836258853545)	(7, 34.500692886366636)	(8, 33.79184813690555)	(9, 33.088920417051604)	(10, 33.55437948176499)	(15, 36.57455237341076)	(20, 36.312991069464616)	(25, 37.85656812282785)	(30, 37.22739210769434)	(35, 37.189837666622665)	(40, 36.438597070080505)	(45, 37.02332057542563)	(50, 37.336362236593196)	(55, 37.33442875368439)	(60, 38.0333245347763)	(65, 38.22045444547094)	(70, 37.243478069596584)	(75, 36.60000659891777)	(80, 36.42674101447362)	(85, 36.354249703048694)	(90, 36.56727156746293)	(95, 36.831329461968245)	(100, 37.12261229158418)	(105, 36.38950332145528)	(110, 36.544338128546926)	(115, 36.79968325194668)	(120, 36.65380097663983)	(125, 36.252008270643614)	(130, 36.201489155778454)	(135, 36.67833575293652)	(140, 35.34632880207646)	(145, 35.99267300162773)	(150, 36.24113325414632)	(155, 36.6111763670758)	(160, 36.20768114029299)	(165, 36.08974088249527)	(170, 35.64387180502398)	(175, 34.920933966829445)	(180, 34.13758083674277)	(185, 33.36636751572742)	(190, 33.7213562975672)	(195, 34.43098191896529)	(200, 34.40429589547314)	(205, 34.26202982710835)	(210, 33.85694206150192)	(215, 33.58581892569619)	(220, 33.64348466851436)	(225, 33.875236461220354)	(230, 32.72775944745062)	(235, 32.210941005675075)	(240, 33.563325414632004)	(245, 32.746757731731996)	(250, 27.67407945097004)
SRR29920183_1	(1, 33.10554229164009)	(2, 33.505950536732946)	(3, 33.021396416920304)	(4, 33.48681404800525)	(5, 33.56086314676776)	(6, 36.81802110481328)	(7, 36.86498751571926)	(8, 36.84430188266599)	(9, 36.86190745229547)	(10, 37.16752993493594)	(15, 37.33149501540031)	(20, 38.010293608412766)	(25, 37.947394703748934)	(30, 38.12097541416829)	(35, 37.78332756201134)	(40, 38.01655215148809)	(45, 37.87868195155734)	(50, 37.70998924711586)	(55, 36.93188868031129)	(60, 37.26845395396308)	(65, 37.320563524029964)	(70, 37.596952741985454)	(75, 37.596391404982775)	(80, 37.30515227177459)	(85, 37.32082232225848)	(90, 37.54662195410888)	(95, 37.403211285060785)	(100, 37.08159069784396)	(105, 36.96345112905284)	(110, 36.78884251581038)	(115, 36.24964187428238)	(120, 37.02182653228599)	(125, 37.591554429641505)	(130, 37.77834113980572)	(135, 37.42048151050684)	(140, 36.66711986732035)	(145, 36.424888370482414)	(150, 35.94474475569082)	(155, 35.84560680894494)	(160, 35.34319196631977)	(165, 35.623969819023486)	(170, 35.99706209334961)	(175, 36.173489584282564)	(180, 35.35322677650403)	(185, 34.72784267983743)	(190, 34.53965262716652)	(195, 35.27424593121799)	(200, 35.247979733547176)	(205, 34.90526526818422)	(210, 34.82677285899142)	(215, 34.49046638356814)	(220, 34.65884196905356)	(225, 34.50939145965846)	(230, 34.28749931655397)	(235, 34.25355665311925)	(240, 34.45674242286172)	(245, 34.617736791266466)	(250, 33.54978220853305)
SRR29920183_2	(1, 31.754542637919407)	(2, 30.184147697242523)	(3, 30.651734130383275)	(4, 30.994186152472253)	(5, 30.696021432867376)	(6, 32.5869434471195)	(7, 34.97718201534564)	(8, 33.548962073301865)	(9, 32.73496874373508)	(10, 33.75796898066304)	(15, 36.77090524704296)	(20, 36.775734932293275)	(25, 37.90723359273907)	(30, 37.32151123585267)	(35, 37.30873899651898)	(40, 36.550059231988925)	(45, 37.08711294173395)	(50, 37.438994696458835)	(55, 37.35152454026864)	(60, 38.05204031420292)	(65, 38.21714264885454)	(70, 37.6493794310084)	(75, 36.7788769614901)	(80, 36.73917148116423)	(85, 36.20431208879331)	(90, 37.01071278864204)	(95, 36.87925786874191)	(100, 37.433384971477516)	(105, 36.643995698846346)	(110, 36.755180520877005)	(115, 36.949866044578904)	(120, 37.11084947784724)	(125, 36.79697825730376)	(130, 36.36537571306202)	(135, 36.745327962966336)	(140, 36.307776704514396)	(145, 35.96672437988664)	(150, 36.63395359857114)	(155, 37.01998213927719)	(160, 36.71885035265815)	(165, 36.18317447010151)	(170, 36.291264648526486)	(175, 35.46612841495197)	(180, 34.78330933678397)	(185, 33.860956095427284)	(190, 34.09945871074741)	(195, 34.6358818276258)	(200, 34.768495871986005)	(205, 34.70908163079334)	(210, 34.461648654066956)	(215, 34.179846543585626)	(220, 33.541413184129475)	(225, 34.5299130656655)	(230, 33.958428256392494)	(235, 32.3491516156664)	(240, 33.79002351054329)	(245, 33.37813701725929)	(250, 28.552187938544535)
SRR29920184_1	(1, 33.006154588788995)	(2, 33.481908324785294)	(3, 32.88913694965707)	(4, 33.4481184255516)	(5, 33.530280174581144)	(6, 36.80291236750538)	(7, 36.87914077113377)	(8, 36.84802590558941)	(9, 36.85502524185925)	(10, 37.15398942054345)	(15, 37.3639815764597)	(20, 38.10749612824071)	(25, 37.46461111446329)	(30, 38.208660672982155)	(35, 37.827104326313886)	(40, 37.66599086868199)	(45, 37.56705484824715)	(50, 37.602976729218206)	(55, 36.72383998069148)	(60, 37.49085862547518)	(65, 37.117970997003155)	(70, 37.09000181017318)	(75, 37.23299744564452)	(80, 36.70369074196987)	(85, 37.41168567348498)	(90, 37.542130774955254)	(95, 37.24721333896498)	(100, 36.253629397212336)	(105, 37.08472414972143)	(110, 36.485866570124095)	(115, 36.62858062310183)	(120, 37.210040427200866)	(125, 37.29172348599127)	(130, 37.54746877451276)	(135, 37.11568615619783)	(140, 36.34041714435125)	(145, 36.17427140529777)	(150, 35.89433818057483)	(155, 35.0096059856393)	(160, 35.547521068404436)	(165, 35.776379251392825)	(170, 35.915452844988835)	(175, 35.300307729439446)	(180, 35.16295581166154)	(185, 34.23335545767212)	(190, 35.24792936302017)	(195, 35.1872925843239)	(200, 34.74709467205696)	(205, 34.813934310826845)	(210, 34.51522757899395)	(215, 34.2296224783282)	(220, 34.3480641203564)	(225, 34.31925823125968)	(230, 34.578889358193045)	(235, 34.46081779601359)	(240, 34.04735010760474)	(245, 34.243693557794806)	(250, 33.10842937307669)
SRR29920184_2	(1, 31.490396025664232)	(2, 30.16303626380257)	(3, 31.02522174621372)	(4, 30.309780969046038)	(5, 30.194653955228382)	(6, 32.33069852571452)	(7, 34.9151229912106)	(8, 33.77044992859872)	(9, 32.6113357066715)	(10, 33.79369255214304)	(15, 36.46751945936161)	(20, 36.39597337034131)	(25, 37.56672499446892)	(30, 37.042502866107526)	(35, 37.311623323075686)	(40, 36.43640459381725)	(45, 36.966214123373355)	(50, 37.1986363362095)	(55, 37.388157444840004)	(60, 37.89194875198616)	(65, 38.19725255938374)	(70, 36.93734387256381)	(75, 36.56464128401617)	(80, 36.03343590981315)	(85, 36.520694301977116)	(90, 36.33502282829501)	(95, 36.79655664836381)	(100, 36.84137653613307)	(105, 36.504998089261655)	(110, 36.46920090910919)	(115, 36.72718276715138)	(120, 36.57573161165751)	(125, 35.93197771475693)	(130, 36.00620688268067)	(135, 36.729849755626624)	(140, 34.967340453347816)	(145, 36.036424706852515)	(150, 35.990691687282535)	(155, 36.47512620929625)	(160, 36.057704298155635)	(165, 36.11577867616002)	(170, 35.52428246746716)	(175, 34.73938735694604)	(180, 34.037016030089106)	(185, 33.84983607876264)	(190, 33.74233995052193)	(195, 34.25854904563648)	(200, 34.13285062048713)	(205, 34.044506124419236)	(210, 33.6135803214063)	(215, 33.461043062008486)	(220, 33.65189967618013)	(225, 33.667724612321244)	(230, 32.3151229912106)	(235, 33.06143325489249)	(240, 33.625784911200945)	(245, 32.89677185784107)	(250, 28.002212433878398)
SRR29920185_1	(1, 32.97510101981913)	(2, 33.46586492207042)	(3, 32.98654993265345)	(4, 33.48056571098711)	(5, 33.56486434481432)	(6, 36.826746199730614)	(7, 36.87854531460458)	(8, 36.85076005387724)	(9, 36.86322878583798)	(10, 37.15812199345776)	(15, 37.34558783913796)	(20, 38.06957090629209)	(25, 37.702008851260345)	(30, 38.15492784298633)	(35, 37.744968250913985)	(40, 37.684733500096215)	(45, 37.72592264768135)	(50, 37.56467577448528)	(55, 36.764102366750045)	(60, 37.415208774292864)	(65, 37.213292284009995)	(70, 37.3092360977487)	(75, 37.39318068116221)	(80, 36.82310948624206)	(85, 37.30714258225899)	(90, 37.424017702520686)	(95, 37.18183567442755)	(100, 36.57974985568597)	(105, 36.92121993457764)	(110, 36.5550432942082)	(115, 36.42994035020204)	(120, 37.052030017317676)	(125, 37.35001731768328)	(130, 37.562355204925915)	(135, 37.184083124879734)	(140, 36.44388300942852)	(145, 36.22212815085626)	(150, 35.8294785453146)	(155, 35.35063305753319)	(160, 35.365776409467)	(165, 35.63747546661535)	(170, 35.829028285549356)	(175, 35.61299595920724)	(180, 35.1940927458149)	(185, 34.40939003271118)	(190, 34.88143159515105)	(195, 35.175609005195305)	(200, 35.01939195689821)	(205, 34.78398691552819)	(210, 34.6158822397537)	(215, 34.250128920531075)	(220, 34.317837213777175)	(225, 34.38239368866654)	(230, 34.44495285741774)	(235, 34.230225129882626)	(240, 34.03868385607081)	(245, 34.23747546661535)	(250, 32.75431979988455)
SRR29920185_2	(1, 29.268020011545122)	(2, 29.820973638637675)	(3, 31.92832403309602)	(4, 30.899730613815663)	(5, 30.7176832788147)	(6, 32.584625745622475)	(7, 34.98597267654416)	(8, 33.22557244564172)	(9, 33.0149316913604)	(10, 33.79204156243987)	(15, 36.633138349047535)	(20, 36.51754473734847)	(25, 37.826134308254765)	(30, 37.25438907061766)	(35, 37.406322878583794)	(40, 36.49296517221474)	(45, 36.97968058495286)	(50, 37.262135847604384)	(55, 37.29321146815471)	(60, 37.94753896478738)	(65, 38.16603040215509)	(70, 37.11982297479315)	(75, 36.445222243602075)	(80, 36.29629016740428)	(85, 36.18649220704252)	(90, 36.39277660188571)	(95, 36.690182797767946)	(100, 36.9476582643833)	(105, 36.25047912257072)	(110, 36.39925341543198)	(115, 36.62522224360208)	(120, 36.50989032133923)	(125, 36.069370790840864)	(130, 36.01145660958245)	(135, 36.47996151625938)	(140, 35.14471040985184)	(145, 35.84655762940157)	(150, 36.03607081008274)	(155, 36.42838560708101)	(160, 36.05781797190687)	(165, 35.9210121223783)	(170, 35.51573215316529)	(175, 34.75170675389648)	(180, 34.01662882432172)	(185, 33.568735809120646)	(190, 33.64840484895132)	(195, 34.201981912641905)	(200, 34.180939003271114)	(205, 34.043844525687895)	(210, 33.699545891860694)	(215, 33.51124110063498)	(220, 33.55487396574948)	(225, 33.67670194342891)	(230, 32.678287473542426)	(235, 32.30913604002309)	(240, 33.335497402347514)	(245, 32.59197998845488)	(250, 27.149393881085242)
SRR29920186_1	(1, 33.0520989095153)	(2, 33.25064736131879)	(3, 33.129381086108175)	(4, 33.40466464860133)	(5, 33.298716218680475)	(6, 36.82338889091506)	(7, 36.89160800904482)	(8, 36.85055983077428)	(9, 36.88321966519567)	(10, 37.16705933841497)	(15, 37.40447864619425)	(20, 38.10246909077647)	(25, 37.55215361610562)	(30, 38.17126445165761)	(35, 37.46874065429082)	(40, 37.74200007294212)	(45, 37.70091907071738)	(50, 37.45896276304752)	(55, 36.75577883949087)	(60, 37.34252160910317)	(65, 36.870710091542364)	(70, 37.19460593019439)	(75, 37.07437908019986)	(80, 36.77097633028192)	(85, 36.94969911375323)	(90, 37.1220978153835)	(95, 37.234811626974)	(100, 36.56184397680441)	(105, 36.46875888982093)	(110, 36.236427294941464)	(115, 36.23282760129837)	(120, 36.915937853313395)	(125, 37.31518654947299)	(130, 37.405919253072696)	(135, 37.083887085597574)	(140, 36.301633903497574)	(145, 35.962799518582)	(150, 35.64091323534775)	(155, 35.243601152485496)	(160, 35.04528246836136)	(165, 35.24209125059265)	(170, 35.26442612786754)	(175, 35.29402968744301)	(180, 34.96446259892775)	(185, 34.47462343630329)	(190, 34.59723184652977)	(195, 35.069105364892955)	(200, 34.87457967103104)	(205, 34.694179218789884)	(210, 34.47430613807944)	(215, 34.325106677851124)	(220, 34.17448484627448)	(225, 34.16664356832853)	(230, 34.300014588424084)	(235, 34.029286261351615)	(240, 33.8780371275393)	(245, 34.12424596083008)	(250, 32.24758379226084)
SRR29920186_2	(1, 26.635052335971405)	(2, 28.336135526459753)	(3, 29.885845581531054)	(4, 29.869214778073598)	(5, 29.974014369597725)	(6, 32.924979029140374)	(7, 34.86336117290929)	(8, 33.74816732922426)	(9, 33.0326963054816)	(10, 33.69330756045078)	(15, 36.69887669134541)	(20, 36.65533024545023)	(25, 37.92889966811335)	(30, 37.37744264925781)	(35, 37.42579962799518)	(40, 36.55406469966082)	(45, 37.03086545825887)	(50, 37.28812502279442)	(55, 37.186217586345236)	(60, 38.09439075093913)	(65, 38.23408585287574)	(70, 37.11951201721434)	(75, 36.601550020059086)	(80, 36.44735767168751)	(85, 36.26695357234035)	(90, 36.2615011488384)	(95, 36.6102046026478)	(100, 36.790831175462266)	(105, 36.04616142091251)	(110, 36.058196870783036)	(115, 36.29920857799336)	(120, 36.45117254458587)	(125, 36.00157554980123)	(130, 35.89516029030964)	(135, 36.38808125752215)	(140, 35.07991903424632)	(145, 35.49242860789963)	(150, 35.93838579087494)	(155, 36.28378131952296)	(160, 35.917575403916985)	(165, 35.93626682227652)	(170, 35.50609066705569)	(175, 34.63453079981035)	(180, 34.007815748203804)	(185, 33.57471826105985)	(190, 33.68968598417156)	(195, 34.396053831284874)	(200, 34.23363361172909)	(205, 34.30079142200664)	(210, 33.90778657135563)	(215, 33.3158867938291)	(220, 33.35626390459171)	(225, 34.03775119442723)	(230, 32.60695867828878)	(235, 31.94194171924578)	(240, 33.20638972974944)	(245, 32.24712790400817)	(250, 28.04414821838871)
SRR29920187_1	(1, 33.05433009770233)	(2, 33.50480594131526)	(3, 32.95499675381229)	(4, 33.47433928203829)	(5, 33.557600038004146)	(6, 36.816154930246554)	(7, 36.87745245522636)	(8, 36.85895710281706)	(9, 36.86082564013238)	(10, 37.16442178271128)	(15, 37.374233187122925)	(20, 38.088831530775444)	(25, 37.48885369986223)	(30, 38.249031685959054)	(35, 37.727633766686196)	(40, 37.749692008044214)	(45, 37.567591962122535)	(50, 37.45929914015613)	(55, 36.73979509429779)	(60, 37.35092397586737)	(65, 36.90030244968409)	(70, 36.92006777406534)	(75, 36.89070640211556)	(80, 36.715405931814225)	(85, 37.28207629332869)	(90, 37.41813431299584)	(95, 37.24063276907729)	(100, 36.34967300596982)	(105, 36.85708223147694)	(110, 36.31597599404601)	(115, 36.460600782252065)	(120, 37.10886288419819)	(125, 37.208851799654795)	(130, 37.40269512755143)	(135, 37.018058304698265)	(140, 36.3124131050973)	(145, 36.02242561479628)	(150, 35.7767921331412)	(155, 35.02711279314658)	(160, 35.38946018273661)	(165, 35.59743155294453)	(170, 35.671229275862615)	(175, 35.236319298190054)	(180, 35.153612769394)	(185, 34.26330541084069)	(190, 35.138205254073576)	(195, 35.07691406311856)	(200, 34.70505296828237)	(205, 34.726151604883526)	(210, 34.589615366344155)	(215, 34.27021899890739)	(220, 34.315459771025004)	(225, 34.270694050767204)	(230, 34.49136830770693)	(235, 34.44661842251112)	(240, 34.11754683219584)	(245, 34.170511947554274)	(250, 32.60309417111368)
SRR29920187_2	(1, 28.337587686655795)	(2, 29.51693559880287)	(3, 30.005542271697994)	(4, 31.59812196164748)	(5, 31.26414466912638)	(6, 32.732023245871005)	(7, 34.96123576823803)	(8, 33.4828743804532)	(9, 32.694937530680434)	(10, 33.86720400310367)	(15, 36.64267549207455)	(20, 36.742445883675636)	(25, 37.701144874982184)	(30, 37.22526009089326)	(35, 37.453747367420945)	(40, 36.62667891244794)	(45, 37.11070608541432)	(50, 37.328229165017184)	(55, 37.42719830248136)	(60, 38.01890389700876)	(65, 38.29426295703947)	(70, 37.223730423904605)	(75, 36.66085731025637)	(80, 36.23762727431078)	(85, 36.60866177891087)	(90, 36.527108042627994)	(95, 36.793358774999604)	(100, 36.894642998527345)	(105, 36.671894348466374)	(110, 36.54158445630314)	(115, 36.73018954569207)	(120, 36.76757929407294)	(125, 36.13656157463857)	(130, 36.08270019477126)	(135, 36.68116102674542)	(140, 35.42106696647717)	(145, 36.02587132428623)	(150, 36.149242292283574)	(155, 36.54879891054774)	(160, 36.30000791753099)	(165, 36.224373327421574)	(170, 35.8455828094567)	(175, 35.0096752228785)	(180, 34.348393532960685)	(185, 33.91302750550268)	(190, 33.89775300470301)	(195, 34.39572770027395)	(200, 34.40933635255182)	(205, 34.35439185444411)	(210, 34.0400563728207)	(215, 33.66051843992969)	(220, 33.557150322243515)	(225, 34.07527988472075)	(230, 32.79841649380057)	(235, 33.22056341150576)	(240, 33.73643172713021)	(245, 33.218381339962946)	(250, 28.335101581922693)
SRR29920188_1	(1, 33.02532625525326)	(2, 33.48676019843903)	(3, 32.92811324928113)	(4, 33.470613328277565)	(5, 33.54267387114103)	(6, 36.82249502322495)	(7, 36.880399405946854)	(8, 36.85695326571239)	(9, 36.862040635763265)	(10, 37.1682086769678)	(15, 37.36154453818687)	(20, 38.048589123771606)	(25, 37.606651499352225)	(30, 38.20090055929472)	(35, 37.69708661168515)	(40, 37.812165450121654)	(45, 37.71433943185768)	(50, 37.48974942332607)	(55, 36.69867285998673)	(60, 37.35737984643094)	(65, 37.04967611463961)	(70, 37.113195563560524)	(75, 37.172964262015356)	(80, 36.8750371283218)	(85, 37.288017821594465)	(90, 37.431481657029096)	(95, 37.34939172749392)	(100, 36.62090561506621)	(105, 36.87436407874364)	(110, 36.50683477106835)	(115, 36.426109899832525)	(120, 37.079577843081495)	(125, 37.37375106645179)	(130, 37.59794609283661)	(135, 37.18765127816223)	(140, 36.44487313173444)	(145, 36.192852403071385)	(150, 35.807359307359306)	(155, 35.334543558631154)	(160, 35.38347710683477)	(165, 35.55797073972257)	(170, 35.79409422694094)	(175, 35.54431067715739)	(180, 35.22885897557431)	(185, 34.466720384238634)	(190, 34.98123992795526)	(195, 35.208032356937466)	(200, 34.84276866685626)	(205, 34.76993395898505)	(210, 34.66105476032483)	(215, 34.2093152589503)	(220, 34.3294530287231)	(225, 34.16341201377698)	(230, 34.366739343381674)	(235, 34.24000695168578)	(240, 33.95828356558284)	(245, 33.962786362056434)	(250, 31.521613423073276)
SRR29920188_2	(1, 31.712689986412613)	(2, 30.392075078206464)	(3, 32.05518690555187)	(4, 29.770057193414857)	(5, 30.66176888804626)	(6, 32.41123961196954)	(7, 35.20734982778779)	(8, 33.608556893228425)	(9, 32.894097386798116)	(10, 33.76774733782033)	(15, 36.71024109710241)	(20, 36.790886971908876)	(25, 37.763535248206786)	(30, 37.236780737510664)	(35, 37.40491357790627)	(40, 36.63291307232913)	(45, 37.148371093626565)	(50, 37.39818940183903)	(55, 37.4190507789048)	(60, 38.04092647012355)	(65, 38.27846873321326)	(70, 37.30388662432458)	(75, 36.58663696400923)	(80, 36.50347268303472)	(85, 36.26653711252252)	(90, 36.394176383227475)	(95, 36.590728979050155)	(100, 36.85623913799096)	(105, 36.33324169747527)	(110, 36.28135684267071)	(115, 36.64788131576453)	(120, 36.738578696242925)	(125, 36.08146743767182)	(130, 35.97589976933043)	(135, 36.42697570069833)	(140, 35.198473788984735)	(145, 35.755016273264445)	(150, 36.00205390716339)	(155, 36.44530919202452)	(160, 35.94451606787373)	(165, 35.88634941700635)	(170, 35.546791165039345)	(175, 34.847192466900495)	(180, 34.20341580560559)	(185, 33.71608999273233)	(190, 33.846664770752355)	(195, 34.37183619300407)	(200, 34.278165386924506)	(205, 34.14065156254937)	(210, 33.85508894997946)	(215, 33.49628400796284)	(220, 33.452671659241005)	(225, 33.887862988592914)	(230, 32.76466015736089)	(235, 32.40775744936329)	(240, 33.13506809492212)	(245, 32.72838499699814)	(250, 26.349496002780675)
SRR29920189_1	(1, 33.025301848120016)	(2, 33.471089753526584)	(3, 32.94162834358153)	(4, 33.46294286846139)	(5, 33.551008456914516)	(6, 36.81572193802856)	(7, 36.86918479477772)	(8, 36.847379389930936)	(9, 36.85344218811898)	(10, 37.14798050259219)	(15, 37.35861795759486)	(20, 38.01076835632718)	(25, 37.60143646979797)	(30, 38.220058905596034)	(35, 37.6004547098641)	(40, 37.69867548528221)	(45, 37.784150605418624)	(50, 37.23071013968549)	(55, 36.51750116261045)	(60, 37.16580719612808)	(65, 36.995883497821175)	(70, 37.03026920890818)	(75, 37.25279457103981)	(80, 36.546881620420606)	(85, 37.02332110439381)	(90, 37.068495840438175)	(95, 37.214247575741915)	(100, 36.665895037806365)	(105, 36.57469126233659)	(110, 36.41884290118672)	(115, 36.25697652388088)	(120, 36.683456483921525)	(125, 37.234940319330335)	(130, 37.45658726467904)	(135, 37.08111403916705)	(140, 36.29437641020341)	(145, 35.96265867479633)	(150, 35.62776830465561)	(155, 35.165841643845056)	(160, 35.012270276787405)	(165, 35.319168432112164)	(170, 35.526684923956665)	(175, 35.31995384005925)	(180, 34.975480115055376)	(185, 34.3286243304225)	(190, 34.687545427926764)	(195, 35.074765324928094)	(200, 34.83278733701924)	(205, 34.47328407309805)	(210, 34.3805094817341)	(215, 33.740002411340186)	(220, 33.9031502437176)	(225, 33.806531287138945)	(230, 34.080972803527445)	(235, 33.745410702905666)	(240, 33.20105065536781)	(245, 33.6237895933447)	(250, 30.21152620610069)
SRR29920189_2	(1, 29.679343426514407)	(2, 31.644551232367075)	(3, 31.57646531976093)	(4, 31.306808591260616)	(5, 30.710518610379097)	(6, 32.66943970788336)	(7, 35.18849790730119)	(8, 33.34165245698341)	(9, 32.83337639297955)	(10, 33.877469470710835)	(15, 36.50969875471503)	(20, 36.73947880604213)	(25, 37.617533887941576)	(30, 37.113146971184484)	(35, 37.46512685371777)	(40, 36.44658364766875)	(45, 36.937346492361215)	(50, 37.180984860228385)	(55, 37.207802407895414)	(60, 37.8429941955597)	(65, 38.149995694035375)	(70, 36.53796310649512)	(75, 35.75859384419298)	(80, 35.87653938235244)	(85, 35.459742675554175)	(90, 35.502261492619574)	(95, 35.80356189393548)	(100, 35.92968187533371)	(105, 35.41910125906406)	(110, 35.507525103773744)	(115, 35.80557708537866)	(120, 35.74538658950378)	(125, 35.190936805663206)	(130, 35.104931190685335)	(135, 35.75574501799893)	(140, 34.2170378408171)	(145, 34.91155548666013)	(150, 35.16600354811485)	(155, 35.529905785494066)	(160, 34.94997847017688)	(165, 34.93983706229869)	(170, 34.345028333247214)	(175, 33.86581580805732)	(180, 33.36648237138084)	(185, 33.04243958731635)	(190, 33.11752183124063)	(195, 33.69128300521883)	(200, 33.55090166899189)	(205, 33.231051172083575)	(210, 32.90887545427927)	(215, 32.595669921975926)	(220, 32.571301606986)	(225, 32.99547012521745)	(230, 31.53462167794829)	(235, 30.978928331524827)	(240, 31.82313853149383)	(245, 30.88609517904201)	(250, 26.13524173685389)
SRR29920190_1	(1, 33.118316710003754)	(2, 33.52851838915409)	(3, 33.02992199324718)	(4, 33.49402983143815)	(5, 33.57352427523577)	(6, 36.81225339905046)	(7, 36.86614662164784)	(8, 36.8479321095458)	(9, 36.853145496177284)	(10, 37.16716471973196)	(15, 37.35277422025588)	(20, 38.02403073698917)	(25, 37.78828216970026)	(30, 38.183808747622926)	(35, 37.60493654674584)	(40, 37.900161705540675)	(45, 37.8144732927129)	(50, 37.45242622993234)	(55, 36.663900855098895)	(60, 37.24886094617146)	(65, 37.182101137113364)	(70, 37.325615451287824)	(75, 37.32759990168303)	(80, 37.01922614196453)	(85, 37.16823585723341)	(90, 37.40597404949483)	(95, 37.38772072806302)	(100, 36.97989935447148)	(105, 36.67507535478195)	(110, 36.618545685049355)	(115, 36.27770404005123)	(120, 36.90063517936379)	(125, 37.496130709822644)	(130, 37.63679641919251)	(135, 37.281204641595835)	(140, 36.56596939237526)	(145, 36.26761361431288)	(150, 35.82668012056765)	(155, 35.588569358740514)	(160, 35.22313553511598)	(165, 35.49348650082146)	(170, 35.69237655399024)	(175, 35.791430899988356)	(180, 35.207733405777425)	(185, 34.694337718787594)	(190, 34.73056234718827)	(195, 35.24834090115264)	(200, 35.141511752758696)	(205, 34.797733535141845)	(210, 34.76178574662682)	(215, 34.28609461714596)	(220, 34.38185793198018)	(225, 34.26747131343708)	(230, 34.281139959379566)	(235, 34.07283476281032)	(240, 34.03055329167798)	(245, 34.19097294989716)	(250, 31.801852498674016)
SRR29920190_2	(1, 27.170256529669732)	(2, 30.81158070400124)	(3, 31.083841088731063)	(4, 30.039494961255354)	(5, 30.338352673316)	(6, 32.94922446022691)	(7, 35.19600005174577)	(8, 33.617327072094795)	(9, 33.06298754220514)	(10, 33.820258470136224)	(15, 36.703501895188936)	(20, 36.86226051409425)	(25, 37.84648064061267)	(30, 37.30141912782499)	(35, 37.430874115470694)	(40, 36.568287603006425)	(45, 37.063554158419684)	(50, 37.35889833249247)	(55, 37.2557612450033)	(60, 37.998512309025756)	(65, 38.21858708166776)	(70, 37.24321289504664)	(75, 36.40419916948034)	(80, 36.47110645399154)	(85, 35.99350590548635)	(90, 36.39776458260566)	(95, 36.44682992458054)	(100, 36.80976960194564)	(105, 36.13333592062199)	(110, 36.18814763069042)	(115, 36.420783689732346)	(120, 36.60795073802409)	(125, 36.163270850312415)	(130, 35.875093465802514)	(135, 36.29645670819265)	(140, 35.47671828307524)	(145, 35.48444651427536)	(150, 36.03881709162882)	(155, 36.37529398067295)	(160, 35.9600703742513)	(165, 35.714927361871126)	(170, 35.547359025109635)	(175, 34.83337084901876)	(180, 34.20603096984515)	(185, 33.372748088640506)	(190, 33.706777402620915)	(195, 34.29921993247176)	(200, 34.36005743780805)	(205, 34.179154215340034)	(210, 33.96140541519515)	(215, 33.48553576279737)	(220, 33.086966533421304)	(225, 33.97861088472335)	(230, 33.018682811347844)	(235, 31.73971876172365)	(240, 32.97966908578155)	(245, 32.36268871036597)	(250, 27.347653976015835)
SRR29920191_1	(1, 33.03123097911638)	(2, 33.22182810368349)	(3, 33.304627977752126)	(4, 33.55919823696085)	(5, 33.59823696085633)	(6, 36.84002518627348)	(7, 36.900703116801346)	(8, 36.86647077342848)	(9, 36.87163395949208)	(10, 37.174885087627246)	(15, 37.36559555042502)	(20, 38.03177248399622)	(25, 37.83782978276839)	(30, 38.18867037464581)	(35, 37.687963060132226)	(40, 37.92390387238955)	(45, 37.8195697344947)	(50, 37.5649029279043)	(55, 36.81935565117011)	(60, 37.24527232658201)	(65, 37.21273166124462)	(70, 37.44049113233287)	(75, 37.398807849721905)	(80, 37.058276839122684)	(85, 37.22357435197817)	(90, 37.41318081645503)	(95, 37.40241368454192)	(100, 37.02295728827789)	(105, 36.828871864833665)	(110, 36.65989715604996)	(115, 36.31292265715185)	(120, 36.92328261097701)	(125, 37.521292895372014)	(130, 37.688336656522196)	(135, 37.35509287438346)	(140, 36.59768706055199)	(145, 36.28304753909119)	(150, 35.87619687270438)	(155, 35.691195298562285)	(160, 35.28680029383985)	(165, 35.527060551999156)	(170, 35.76937349144716)	(175, 35.901609822646655)	(180, 35.24629237065799)	(185, 34.71874068632595)	(190, 34.6582432574247)	(195, 35.257957812991926)	(200, 35.18289012488194)	(205, 34.82577395319551)	(210, 34.76227516003778)	(215, 34.30489663133592)	(220, 34.43071885822227)	(225, 34.32107881204744)	(230, 34.34482107251547)	(235, 34.175867352293004)	(240, 34.17947738482527)	(245, 34.298079546647074)	(250, 32.32884877741631)
SRR29920191_2	(1, 27.55739322069472)	(2, 28.82613075873649)	(3, 31.458285234547173)	(4, 30.133361318081647)	(5, 30.371245671109246)	(6, 32.477321859586525)	(7, 34.948913841956134)	(8, 33.2959387134012)	(9, 32.765641725259734)	(10, 33.79252807220065)	(15, 36.72816455032007)	(20, 36.90971980270753)	(25, 37.90067793052786)	(30, 37.388939028229615)	(35, 37.54370448105783)	(40, 36.62845209360897)	(45, 37.11744359324168)	(50, 37.47437506558926)	(55, 37.31903452618322)	(60, 38.049390282296145)	(65, 38.25027599958023)	(70, 37.335153741211045)	(75, 36.55199916045755)	(80, 36.59376639731347)	(85, 36.139678875013125)	(90, 36.597443593241685)	(95, 36.66562703326687)	(100, 37.09150592926855)	(105, 36.31534053940602)	(110, 36.39593241683283)	(115, 36.59055514744465)	(120, 36.77410851086158)	(125, 36.441817609402875)	(130, 36.05741630811208)	(135, 36.51343058033372)	(140, 35.76525973344527)	(145, 35.65525448630497)	(150, 36.27301500682128)	(155, 36.70816664917619)	(160, 36.257878056459234)	(165, 35.91968097386924)	(170, 35.827108825690004)	(175, 35.050607618847735)	(180, 34.375657466680664)	(185, 33.54733969986358)	(190, 33.82106412005457)	(195, 34.49985098121524)	(200, 34.5427348095288)	(205, 34.45404134746563)	(210, 34.10886346940917)	(215, 33.504892433623674)	(220, 33.29707209570784)	(225, 34.26090880470144)	(230, 33.41612761045231)	(235, 32.1818910693672)	(240, 33.44342113548116)	(245, 32.86218910693672)	(250, 27.895791793472558)
SRR29920192_1	(1, 32.96398554465669)	(2, 33.17383582860093)	(3, 33.25953536396489)	(4, 33.52968508002065)	(5, 33.569106866288074)	(6, 36.840887971089316)	(7, 36.89976251935983)	(8, 36.863376355188436)	(9, 36.877170882808464)	(10, 37.167417656169334)	(15, 37.38583376355189)	(20, 38.043361899845124)	(25, 37.64336602994321)	(30, 38.22326071244192)	(35, 37.68723180175529)	(40, 37.86868766133196)	(45, 37.69433970056789)	(50, 37.42881156427465)	(55, 36.68479917398038)	(60, 37.17998554465669)	(65, 36.94487145069695)	(70, 37.11090965410428)	(75, 37.155766649457924)	(80, 36.84809912235416)	(85, 37.19461435209086)	(90, 37.340249870934436)	(95, 37.380328342798144)	(100, 36.672759938048536)	(105, 36.69068869385647)	(110, 36.470455343314406)	(115, 36.30153846153846)	(120, 36.99595250387197)	(125, 37.39842643262777)	(130, 37.579828600929275)	(135, 37.20698812596799)	(140, 36.47764997418689)	(145, 36.20912751677852)	(150, 35.82461951471347)	(155, 35.38490449148167)	(160, 35.27017862674238)	(165, 35.47118637067631)	(170, 35.68315539494063)	(175, 35.56099535363965)	(180, 35.20998244708312)	(185, 34.53134537945276)	(190, 34.84762003097573)	(195, 35.205191533298915)	(200, 34.875072792978834)	(205, 34.775661331956634)	(210, 34.6832090862158)	(215, 34.255748064016515)	(220, 34.30257511615901)	(225, 34.113561177077955)	(230, 34.24282498709344)	(235, 34.165034589571505)	(240, 34.06016313887455)	(245, 34.01876716572018)	(250, 30.93641713990707)
SRR29920192_2	(1, 29.0376045431079)	(2, 31.35665462054724)	(3, 31.108786783686114)	(4, 30.249623128549302)	(5, 30.89001548786784)	(6, 33.07017036654621)	(7, 34.94261228704182)	(8, 33.54399586990191)	(9, 32.90137325761487)	(10, 34.07204956117708)	(15, 36.82516881775942)	(20, 37.156026845637584)	(25, 37.88821476510067)	(30, 37.42024574083634)	(35, 37.73992359318534)	(40, 36.765517811048014)	(45, 37.2040185854414)	(50, 37.55211151264842)	(55, 37.431723283427985)	(60, 38.043679917398045)	(65, 38.30203820340733)	(70, 37.30357046979866)	(75, 36.47712132163139)	(80, 36.47601032524523)	(85, 36.21987403200826)	(90, 36.39082292204439)	(95, 36.549963861641714)	(100, 36.68923489932886)	(105, 36.13552916881777)	(110, 36.114630872483225)	(115, 36.49845327826536)	(120, 36.77733815178111)	(125, 36.18373567372225)	(130, 35.90959628291172)	(135, 36.430946824987096)	(140, 35.404687661331955)	(145, 35.633375322663916)	(150, 36.0945792462571)	(155, 36.49508724832215)	(160, 35.956563758389265)	(165, 35.76928446050594)	(170, 35.52885906040268)	(175, 34.82349199793495)	(180, 34.32894579246257)	(185, 33.91032731027362)	(190, 33.91410635002581)	(195, 34.45507072792979)	(200, 34.3567083118224)	(205, 34.2912462570986)	(210, 33.928908621579765)	(215, 33.35687764584409)	(220, 33.39880640165204)	(225, 34.15325554981931)	(230, 33.08962725864739)	(235, 32.33737532266392)	(240, 33.06555704697986)	(245, 32.514994321115125)	(250, 27.425854414042334)
SRR29920193_1	(1, 32.932026193127136)	(2, 33.12643656469967)	(3, 33.22560434790814)	(4, 33.486139155705686)	(5, 33.54982921628201)	(6, 36.835802306051974)	(7, 36.90030382517786)	(8, 36.866033854805536)	(9, 36.871544224490954)	(10, 37.151614425091054)	(15, 37.36153309052481)	(20, 38.065180879772036)	(25, 37.36294842520427)	(30, 38.267879451227564)	(35, 37.725632654601725)	(40, 37.76513370194939)	(45, 37.2868071936744)	(50, 37.255518861693496)	(55, 36.70739936970429)	(60, 36.75373176577155)	(65, 36.22236228793569)	(70, 36.7534637957389)	(75, 36.42627993432848)	(80, 36.657424845728514)	(85, 36.83843294144289)	(90, 37.092827083844426)	(95, 37.25638315940443)	(100, 36.404906493555515)	(105, 36.30865241267385)	(110, 36.05357136117454)	(115, 36.03454171463079)	(120, 36.85645109546904)	(125, 37.04998207242739)	(130, 37.181864844973674)	(135, 36.84296956086882)	(140, 36.22819724104093)	(145, 35.795693608348586)	(150, 35.44282614028798)	(155, 34.818622030156064)	(160, 35.00777490517258)	(165, 35.04910267781322)	(170, 35.22965031797853)	(175, 35.05181257194617)	(180, 34.96616029137023)	(185, 34.134486988356514)	(190, 34.81800305712291)	(195, 34.841648581834654)	(200, 34.22328697325961)	(205, 34.451174727783965)	(210, 34.48773187899833)	(215, 34.163790077560336)	(220, 34.0420448755449)	(225, 33.95422996357872)	(230, 34.037527127248026)	(235, 34.024015398841314)	(240, 33.93288294238645)	(245, 33.672763299428205)	(250, 30.04929138910381)
SRR29920193_2	(1, 30.301409673340757)	(2, 31.882602706119908)	(3, 31.846974014455284)	(4, 31.35109735615482)	(5, 30.882659319507088)	(6, 32.957030439131174)	(7, 35.19967541658018)	(8, 33.43477194240531)	(9, 33.039610499896206)	(10, 33.84214300541602)	(15, 36.583627408427844)	(20, 37.181570455360344)	(25, 37.614511898246874)	(30, 37.03267347285389)	(35, 37.46920420448755)	(40, 36.63151478552962)	(45, 37.12658753373214)	(50, 37.49557849446133)	(55, 37.3986375044819)	(60, 37.77624502273971)	(65, 38.29774112585156)	(70, 37.061927497122156)	(75, 36.325511879375746)	(80, 36.120261931271344)	(85, 36.02475514710046)	(90, 36.14148062878602)	(95, 36.20391764639278)	(100, 36.088045139740714)	(105, 35.65556037817743)	(110, 35.66358060802778)	(115, 36.128527485799474)	(120, 36.589179294597194)	(125, 35.78032496084241)	(130, 35.42859730897699)	(135, 36.13059953577023)	(140, 35.19176463927837)	(145, 35.244403766677365)	(150, 35.69712215281841)	(155, 36.24148629012474)	(160, 35.72251891830688)	(165, 35.498261969013605)	(170, 35.44344888754695)	(175, 34.57155366005548)	(180, 34.036470344020685)	(185, 33.740155875526035)	(190, 33.59896208790171)	(195, 34.04566058387273)	(200, 34.011722745371856)	(205, 33.91166424487177)	(210, 33.63110716914193)	(215, 32.97465229944707)	(220, 32.59073427563171)	(225, 33.93253948783756)	(230, 32.59475382612142)	(235, 31.75831367590723)	(240, 32.35225604347908)	(245, 32.04939329320073)	(250, 26.685361665188427)
SRR29920194_1	(1, 32.98374607603767)	(2, 33.16546913149634)	(3, 33.262050924311126)	(4, 33.52328217649111)	(5, 33.5836414370422)	(6, 36.83317056156261)	(7, 36.898447854900596)	(8, 36.862120683641436)	(9, 36.86597488664109)	(10, 37.172905476107424)	(15, 37.368810603418204)	(20, 38.01047436344611)	(25, 37.56045343564701)	(30, 38.31554586675968)	(35, 37.7439762818277)	(40, 37.995514475061036)	(45, 37.904370422043954)	(50, 37.14477502615974)	(55, 36.544977328217655)	(60, 37.082288106034184)	(65, 36.92003836763167)	(70, 36.87777816532961)	(75, 37.02357516567841)	(80, 36.63967213114754)	(85, 36.966201604464594)	(90, 37.1285420299965)	(95, 37.42237530519707)	(100, 36.95968608301361)	(105, 36.51773979769795)	(110, 36.44244157656087)	(115, 36.25340425531915)	(120, 36.64910708057203)	(125, 37.283194977328215)	(130, 37.48003139169864)	(135, 37.12564701778863)	(140, 36.45644576212068)	(145, 36.01156958493198)	(150, 35.672134635507504)	(155, 35.33420648761772)	(160, 35.06088245552842)	(165, 35.285863271712586)	(170, 35.44343215905128)	(175, 35.43104987792117)	(180, 35.084426229508196)	(185, 34.53149982560168)	(190, 34.745106382978726)	(195, 35.08871991628881)	(200, 34.8582246250436)	(205, 34.542710149982554)	(210, 34.67912103243809)	(215, 34.000286013254275)	(220, 34.195776072549705)	(225, 34.025176142309036)	(230, 34.25778165329613)	(235, 33.87305894663412)	(240, 33.56824206487618)	(245, 33.79328566445762)	(250, 29.713306592256714)
SRR29920194_2	(1, 28.63693756539937)	(2, 29.737565399372166)	(3, 30.698081618416463)	(4, 30.61545169166376)	(5, 30.28069410533659)	(6, 32.17989187303802)	(7, 35.00378444366934)	(8, 33.301587024764565)	(9, 32.9227415416812)	(10, 33.96771189396581)	(15, 36.4525148238577)	(20, 37.05963027554935)	(25, 37.48989536100454)	(30, 37.014841297523546)	(35, 37.416396930589464)	(40, 36.335259853505406)	(45, 36.920122078828044)	(50, 37.279208231600975)	(55, 37.31822113707709)	(60, 37.795915591210324)	(65, 38.19953958841995)	(70, 36.470823160097666)	(75, 35.74537844436694)	(80, 35.9945169166376)	(85, 35.31452738053714)	(90, 35.46652598535054)	(95, 35.58435647017789)	(100, 35.633003139169865)	(105, 35.36991628880362)	(110, 35.38195326124869)	(115, 35.522982211370774)	(120, 35.769131496337636)	(125, 35.17387513079874)	(130, 34.86407743285664)	(135, 35.547467736309734)	(140, 34.42377397976979)	(145, 34.672542727589814)	(150, 35.154740146494596)	(155, 35.56915940006976)	(160, 34.99830484827346)	(165, 34.80479246599232)	(170, 34.47581095221485)	(175, 33.958531566096966)	(180, 33.29540983606557)	(185, 32.70340425531915)	(190, 33.06725497035229)	(195, 33.65703174049529)	(200, 33.612019532612486)	(205, 33.348500174398325)	(210, 33.0049668643181)	(215, 32.22183815835368)	(220, 31.90590163934427)	(225, 33.2225392396233)	(230, 31.68859086152772)	(235, 31.027792117195673)	(240, 31.78455528426927)	(245, 31.158493198465294)	(250, 26.07115451691664)
SRR29920195_1	(1, 33.052426310657765)	(2, 33.20730518262957)	(3, 33.30720768019201)	(4, 33.539698492462314)	(5, 33.603090077251935)	(6, 36.82308557713943)	(7, 36.89702242556064)	(8, 36.85739143478587)	(9, 36.866571664291605)	(10, 37.17009525238131)	(15, 37.37540238505962)	(20, 37.99454586364659)	(25, 37.65703442586065)	(30, 38.252801320033)	(35, 37.69912547813695)	(40, 37.81588539713493)	(45, 37.85023025575639)	(50, 37.21974949373734)	(55, 36.59482787069677)	(60, 37.18556363909097)	(65, 37.039084977124425)	(70, 37.10040351008776)	(75, 37.31860496512412)	(80, 36.698552463811595)	(85, 37.047128178204446)	(90, 37.135138378459466)	(95, 37.29352733818346)	(100, 36.835028875721896)	(105, 36.62588164704117)	(110, 36.541933548338704)	(115, 36.31532888322208)	(120, 36.74718967974199)	(125, 37.35402385059627)	(130, 37.55452186304658)	(135, 37.16888922223056)	(140, 36.4395169879247)	(145, 36.07781294532363)	(150, 35.71076876921923)	(155, 35.35306982674567)	(160, 35.10990174754369)	(165, 35.3740763519088)	(170, 35.600363009075224)	(175, 35.50007950198754)	(180, 35.10871971799295)	(185, 34.525232130803275)	(190, 34.78455561389035)	(195, 35.142614565364134)	(200, 34.96626415660391)	(205, 34.630264756618914)	(210, 34.62660466511663)	(215, 33.912610815270384)	(220, 34.099761494037345)	(225, 33.98451661291532)	(230, 34.18185254631366)	(235, 33.83927698192455)	(240, 33.376065401635046)	(245, 33.707894697367436)	(250, 29.661636540913523)
SRR29920195_2	(1, 28.349463736593414)	(2, 29.529603240081002)	(3, 30.623925598139955)	(4, 30.834245856146403)	(5, 30.48107702692567)	(6, 32.383799594989874)	(7, 34.9699242481062)	(8, 33.25475136878422)	(9, 32.865506637665945)	(10, 33.902068551713796)	(15, 36.649513237830945)	(20, 36.94347858696467)	(25, 37.72579014475362)	(30, 37.2246306157654)	(35, 37.47437485937148)	(40, 36.54566264156604)	(45, 37.07354383859597)	(50, 37.43604890122253)	(55, 37.38222155553889)	(60, 37.95541288532213)	(65, 38.243957098927474)	(70, 36.868572714317864)	(75, 35.983721593039824)	(80, 36.21608040201005)	(85, 35.65492237305933)	(90, 35.73202730068251)	(95, 36.00859221480537)	(100, 36.08589814745368)	(105, 35.64075301882547)	(110, 35.72169804245107)	(115, 36.031926798169955)	(120, 36.17610140253505)	(125, 35.584375609390236)	(130, 35.29371034275857)	(135, 35.94337358433961)	(140, 34.618333458336465)	(145, 35.109307732693324)	(150, 35.554494862371556)	(155, 35.929753243831094)	(160, 35.25880747018675)	(165, 35.17118127953199)	(170, 34.60063001575039)	(175, 34.17122328058201)	(180, 33.62196654916373)	(185, 33.049387234680864)	(190, 33.412483312082806)	(195, 34.03305782644566)	(200, 33.903463586589666)	(205, 33.57506037650941)	(210, 33.2388809720243)	(215, 32.51969699242481)	(220, 32.613602340058506)	(225, 33.39183679591989)	(230, 32.00970224255606)	(235, 31.127989199729996)	(240, 32.00151203780094)	(245, 31.243771094277356)	(250, 26.10401260031501)
SRR29920196_1	(1, 33.06921635622176)	(2, 33.44064807671112)	(3, 33.14247925556203)	(4, 33.57700240903151)	(5, 33.479523232195994)	(6, 36.82385728456488)	(7, 36.87383287934374)	(8, 36.8532852576719)	(9, 36.87257325502669)	(10, 37.163773204641714)	(15, 37.39674072207965)	(20, 38.06882272362268)	(25, 37.3931287493505)	(30, 38.2754672418951)	(35, 37.726522964525834)	(40, 38.01817952795578)	(45, 37.76542331249705)	(50, 37.26668766040528)	(55, 36.63452630253027)	(60, 37.03399411125632)	(65, 36.64998504196124)	(70, 36.68199209585741)	(75, 36.67929020169735)	(80, 36.647131992883125)	(85, 36.96496984774291)	(90, 37.2223551825668)	(95, 37.40756404402387)	(100, 36.55992190329234)	(105, 36.45528176221442)	(110, 36.175131866920694)	(115, 36.164182582544754)	(120, 36.88224402072082)	(125, 37.236311819999685)	(130, 37.353513564579366)	(135, 36.98447827935318)	(140, 36.324491820314584)	(145, 35.985353718253535)	(150, 35.687852497992466)	(155, 35.1646328982381)	(160, 35.037883201335205)	(165, 35.2426225378281)	(170, 35.349101730408904)	(175, 35.29826959109446)	(180, 35.085641857316055)	(185, 34.412306529577556)	(190, 34.83042307631749)	(195, 35.006121774180855)	(200, 34.55288375242084)	(205, 34.568021287650964)	(210, 34.590058415077706)	(215, 34.16300798286911)	(220, 34.163713372486654)	(225, 33.803375793169685)	(230, 34.096789532521925)	(235, 34.15339704933003)	(240, 34.0345546440774)	(245, 33.914843098046006)	(250, 30.361732613248098)
SRR29920196_2	(1, 28.22403993009085)	(2, 31.12273464439231)	(3, 31.435341909275557)	(4, 30.722300074002927)	(5, 30.567964604556693)	(6, 32.789516776621376)	(7, 35.093779030404185)	(8, 33.37314795862134)	(9, 32.93838862559242)	(10, 33.82124041504621)	(15, 36.6194548975768)	(20, 37.094676512730075)	(25, 37.59847585457637)	(30, 37.135727669222646)	(35, 37.516225535733966)	(40, 36.632501456440615)	(45, 37.144289965517785)	(50, 37.34481900773095)	(55, 37.4299066303475)	(60, 37.966862433279275)	(65, 38.29028357292437)	(70, 37.08028530490781)	(75, 36.295775534946706)	(80, 36.20075262552943)	(85, 36.1264095983373)	(90, 36.163908614255796)	(95, 36.01163263056793)	(100, 36.138810599738626)	(105, 36.06422194580466)	(110, 35.593172836201596)	(115, 35.99211790083608)	(120, 36.47801168301554)	(125, 35.84308544976461)	(130, 35.50903622994442)	(135, 35.921556895655876)	(140, 35.19924422540977)	(145, 35.17607973421927)	(150, 35.73846420305144)	(155, 36.14309962053817)	(160, 35.731227661350005)	(165, 35.45130764749414)	(170, 35.319903638739746)	(175, 34.58305805293571)	(180, 34.10585252948308)	(185, 33.54225882130654)	(190, 33.60777503109698)	(195, 34.065128875312936)	(200, 34.16591141691991)	(205, 34.02753223850986)	(210, 33.85931885815056)	(215, 33.28480735620601)	(220, 32.736373226685146)	(225, 33.880392372974754)	(230, 32.83728802884539)	(235, 32.26529892459574)	(240, 32.81732613248099)	(245, 32.24962604903088)	(250, 27.76243485380485)
SRR29920197_1	(1, 33.076772002124954)	(2, 33.45293710458958)	(3, 33.144432460277855)	(4, 33.57600734074921)	(5, 33.48297622305575)	(6, 36.80773998293598)	(7, 36.874997987733224)	(8, 36.839501601764354)	(9, 36.87807273137044)	(10, 37.16392086157215)	(15, 37.37050821809753)	(20, 38.04318163524847)	(25, 37.69743556721776)	(30, 38.17284244756033)	(35, 37.77458104605675)	(40, 37.912313462869655)	(45, 37.8020283649125)	(50, 37.41471369468279)	(55, 36.74417810975708)	(60, 37.20775608107021)	(65, 36.98016065937957)	(70, 37.11524010367199)	(75, 37.09618957162865)	(80, 36.885217083340045)	(85, 37.064733817350564)	(90, 37.26215489624753)	(95, 37.19560842898308)	(100, 36.72195624527118)	(105, 36.667979201210585)	(110, 36.436549203947266)	(115, 36.21459134886267)	(120, 36.98098488385195)	(125, 37.30267390009498)	(130, 37.434871778360886)	(135, 37.08975031793815)	(140, 36.41171300246301)	(145, 36.08618297139362)	(150, 35.74133195962588)	(155, 35.420927574494115)	(160, 35.14668941869637)	(165, 35.46622450457992)	(170, 35.61418889550701)	(175, 35.615431671469274)	(180, 35.11965099244997)	(185, 34.45017144512951)	(190, 34.67594455802572)	(195, 34.99219240490027)	(200, 34.87186851043964)	(205, 34.67411580997763)	(210, 34.6440799111383)	(215, 34.26982726701975)	(220, 34.296817398863475)	(225, 34.183074421674526)	(230, 34.21319081118499)	(235, 34.05211609974403)	(240, 34.098327403853894)	(245, 34.07501408586745)	(250, 32.01688694280333)
SRR29920197_2	(1, 31.763566702619165)	(2, 30.622901205750253)	(3, 30.87620534780019)	(4, 30.69276710829215)	(5, 30.71602891224907)	(6, 32.39746293404595)	(7, 34.95088459247573)	(8, 33.42772742639128)	(9, 32.86248973743943)	(10, 33.84197749480835)	(15, 36.73781612711086)	(20, 36.76913987668829)	(25, 37.848648561631705)	(30, 37.27690078719876)	(35, 37.31055554661215)	(40, 36.55915903346802)	(45, 37.117693459328066)	(50, 37.387578679631034)	(55, 37.42970105764742)	(60, 38.04040309728102)	(65, 38.24158470033323)	(70, 37.41300407282796)	(75, 36.62111753247799)	(80, 36.62287866836234)	(85, 36.082100484553834)	(90, 36.380360276243984)	(95, 36.4975740111721)	(100, 36.69478259469728)	(105, 36.23227675912362)	(110, 36.22539319692847)	(115, 36.55711457042129)	(120, 36.83568956357958)	(125, 36.30794442924065)	(130, 36.03709010125727)	(135, 36.25152046877767)	(140, 35.49739693169561)	(145, 35.610821165826884)	(150, 36.101717670921936)	(155, 36.568994993480246)	(160, 36.151373975756215)	(165, 35.80484231877526)	(170, 35.68977285532607)	(175, 34.98224053832161)	(180, 34.45587662389929)	(185, 33.7166503002302)	(190, 33.86379046668491)	(195, 34.33039810685942)	(200, 34.395817704728024)	(205, 34.24186802749561)	(210, 34.12581979748547)	(215, 33.6981567636311)	(220, 33.272290281556366)	(225, 34.02010335002173)	(230, 33.21511614803844)	(235, 32.263088588032645)	(240, 33.25348766078012)	(245, 32.77210837263961)	(250, 26.453420048616366)
SRR29920198_1	(1, 32.959825396825394)	(2, 33.16738095238095)	(3, 33.24306349206349)	(4, 33.53092063492063)	(5, 33.5721746031746)	(6, 36.83925396825397)	(7, 36.89769841269841)	(8, 36.860396825396826)	(9, 36.87085714285714)	(10, 37.16200952380952)	(15, 37.40004761904761)	(20, 38.08007301587302)	(25, 37.302974603174604)	(30, 38.261682539682546)	(35, 37.79366984126984)	(40, 37.9524)	(45, 37.64880952380952)	(50, 37.360231746031744)	(55, 36.6867873015873)	(60, 37.27722857142857)	(65, 36.82339682539683)	(70, 36.85711111111111)	(75, 36.808149206349206)	(80, 36.615066666666664)	(85, 37.140003174603166)	(90, 37.39897777777777)	(95, 37.45403174603175)	(100, 36.562038095238094)	(105, 36.767606349206346)	(110, 36.322180952380954)	(115, 36.39454285714286)	(120, 37.020441269841264)	(125, 37.27988571428571)	(130, 37.477180952380955)	(135, 37.077819047619045)	(140, 36.357596825396826)	(145, 36.06046666666667)	(150, 35.8643746031746)	(155, 35.21599682539683)	(160, 35.35879682539682)	(165, 35.44989523809524)	(170, 35.610933333333335)	(175, 35.348955555555555)	(180, 35.23311428571429)	(185, 34.45767301587301)	(190, 35.106517460317455)	(195, 35.13689206349206)	(200, 34.63325396825396)	(205, 34.72307301587301)	(210, 34.67059365079365)	(215, 34.21978095238095)	(220, 34.381841269841274)	(225, 34.040241269841275)	(230, 34.34347619047619)	(235, 34.26319365079365)	(240, 33.809130158730156)	(245, 33.46217142857144)	(250, 30.123396825396824)
SRR29920198_2	(1, 32.11393650793651)	(2, 30.798984126984127)	(3, 31.310539682539684)	(4, 31.984301587301587)	(5, 31.155031746031746)	(6, 32.79474603174603)	(7, 34.92606349206349)	(8, 33.70890476190476)	(9, 33.01969841269841)	(10, 33.762101587301586)	(15, 36.536542857142855)	(20, 37.00411428571429)	(25, 37.5411746031746)	(30, 37.07223492063492)	(35, 37.49431428571428)	(40, 36.47589523809525)	(45, 37.03631111111111)	(50, 37.3787365079365)	(55, 37.39425714285714)	(60, 37.83673015873016)	(65, 38.247638095238095)	(70, 36.978361904761904)	(75, 36.33695238095238)	(80, 36.38323492063492)	(85, 35.74115555555556)	(90, 35.838365079365076)	(95, 36.06789841269841)	(100, 36.1449492063492)	(105, 35.84106349206349)	(110, 35.983155555555555)	(115, 36.2479873015873)	(120, 36.333444444444446)	(125, 35.32951428571428)	(130, 35.33145714285714)	(135, 35.84847619047619)	(140, 34.286704761904765)	(145, 35.27000952380953)	(150, 35.25586031746032)	(155, 35.93075238095238)	(160, 35.246276190476195)	(165, 35.411168253968256)	(170, 35.041866666666664)	(175, 34.21230476190477)	(180, 33.57993333333333)	(185, 33.312396825396824)	(190, 33.39753015873016)	(195, 33.99648571428571)	(200, 33.606926984126986)	(205, 33.67029206349206)	(210, 33.18970793650793)	(215, 32.522619047619045)	(220, 32.834673015873015)	(225, 33.42523492063492)	(230, 31.788222222222224)	(235, 32.33601904761905)	(240, 32.53509841269842)	(245, 32.358311111111114)	(250, 23.21161904761905)
SRR29920199_1	(1, 33.02167995644795)	(2, 33.245092387997566)	(3, 33.1338745316553)	(4, 33.39268901911807)	(5, 33.28491369648061)	(6, 36.819226951035965)	(7, 36.887661318730586)	(8, 36.84787203381689)	(9, 36.88005572101066)	(10, 37.16868735389246)	(15, 37.393211003298426)	(20, 38.090421750408304)	(25, 37.50408300509174)	(30, 38.21177186409197)	(35, 37.65173727863708)	(40, 37.77496717584142)	(45, 37.66842796298076)	(50, 37.40821724789445)	(55, 36.66335542959619)	(60, 37.3494507957857)	(65, 36.88442693822653)	(70, 37.04693374323502)	(75, 37.02490152752426)	(80, 36.720014730841896)	(85, 37.12452044704902)	(90, 37.26857847375668)	(95, 37.31670349377141)	(100, 36.45923719857815)	(105, 36.61046210010568)	(110, 36.29364011912767)	(115, 36.32355653761168)	(120, 37.01116021391745)	(125, 37.28451660422071)	(130, 37.44648861562109)	(135, 37.05680981202164)	(140, 36.32047587024049)	(145, 36.03683991417684)	(150, 35.72056233387773)	(155, 35.180734620680816)	(160, 35.24189963813367)	(165, 35.36145963429084)	(170, 35.52025170525507)	(175, 35.23575111281904)	(180, 35.06261568514426)	(185, 34.36956479969257)	(190, 34.924084926505905)	(195, 35.09392192653793)	(200, 34.783507861786276)	(205, 34.7192397604637)	(210, 34.54088128862843)	(215, 34.27480385563776)	(220, 34.20831331860249)	(225, 34.134428539405)	(230, 34.291004579370416)	(235, 34.077384955327126)	(240, 33.794661670989846)	(245, 33.98584558234861)	(250, 31.48307554360009)
SRR29920199_2	(1, 27.344797771159573)	(2, 29.031479168668138)	(3, 31.530086143401544)	(4, 30.296634322861625)	(5, 30.516396067505685)	(6, 32.866974092932395)	(7, 34.88812566048612)	(8, 33.14873346783232)	(9, 32.7877637941525)	(10, 33.77597271591891)	(15, 36.64916898837544)	(20, 36.748105805873124)	(25, 37.816725910269966)	(30, 37.26791878822814)	(35, 37.42821276459474)	(40, 36.56522880840298)	(45, 37.08955070932206)	(50, 37.31792999647741)	(55, 37.384260415665935)	(60, 38.0904121433375)	(65, 38.27057674448393)	(70, 37.125058443014055)	(75, 36.49194286995228)	(80, 36.35764882953855)	(85, 36.237188971082716)	(90, 36.14397476542736)	(95, 36.43488327408973)	(100, 36.454824350722134)	(105, 36.09834758382169)	(110, 35.97691741121465)	(115, 36.317395202869314)	(120, 36.515211195439846)	(125, 35.89480577705191)	(130, 35.80189579530534)	(135, 36.335376437057676)	(140, 34.973641400070456)	(145, 35.52654433663176)	(150, 35.90931565632305)	(155, 36.29724917539309)	(160, 35.78166970890575)	(165, 35.815099112947124)	(170, 35.28982931437538)	(175, 34.59821628718737)	(180, 33.99304448073782)	(185, 33.419723316360844)	(190, 33.68035354020559)	(195, 34.274009671117945)	(200, 34.09092131809012)	(205, 34.085624619720114)	(210, 33.74571684759984)	(215, 33.1361257885804)	(220, 33.15580427194415)	(225, 33.86119063630832)	(230, 32.362260223524515)	(235, 32.02407852179204)	(240, 32.971502225638076)	(245, 32.290700355461624)	(250, 27.05672975309828)
SRR29920200_1	(1, 33.01163862082343)	(2, 33.22656515202949)	(3, 33.11405848406964)	(4, 33.3990713350468)	(5, 33.27798118422967)	(6, 36.827518064109405)	(7, 36.88680228892876)	(8, 36.851449978177584)	(9, 36.885456573396056)	(10, 37.16440521798167)	(15, 37.39640900053344)	(20, 38.068692109984966)	(25, 37.5041850540711)	(30, 38.203651617283356)	(35, 37.680034915862464)	(40, 37.75209495174822)	(45, 37.69198147519519)	(50, 37.38763639008778)	(55, 36.63810193492071)	(60, 37.291675961398575)	(65, 36.87889772561952)	(70, 37.04087580621697)	(75, 37.06695844042481)	(80, 36.72872557101984)	(85, 37.068701808835655)	(90, 37.212962513942095)	(95, 37.27384462441201)	(100, 36.46544541971776)	(105, 36.61113913001309)	(110, 36.28672954754862)	(115, 36.27805392560981)	(120, 36.979195965278116)	(125, 37.261682265651515)	(130, 37.451491198293)	(135, 37.06487561223995)	(140, 36.290366616555936)	(145, 36.02819455894477)	(150, 35.69636535570535)	(155, 35.17905533194316)	(160, 35.20199796324136)	(165, 35.324846030745356)	(170, 35.504022598322095)	(175, 35.26392270016003)	(180, 35.04149895737355)	(185, 34.33082052276805)	(190, 34.85572959604288)	(195, 35.077692643421756)	(200, 34.72041850540711)	(205, 34.69339023325736)	(210, 34.464708307065614)	(215, 34.16676688812375)	(220, 34.14643324766015)	(225, 34.03599243489646)	(230, 34.19567431259395)	(235, 34.00674555065225)	(240, 33.65242471267155)	(245, 33.86505746569032)	(250, 31.07447504970661)
SRR29920200_2	(1, 27.55358615004122)	(2, 28.982517821638137)	(3, 31.504837301779737)	(4, 30.252933902332572)	(5, 30.38723873720964)	(6, 32.880776877939965)	(7, 34.92473691867514)	(8, 33.65965520585811)	(9, 32.674979389942294)	(10, 33.88327190727899)	(15, 36.68735754813055)	(20, 36.79130982978516)	(25, 37.848501527568985)	(30, 37.30443237476359)	(35, 37.48958828378837)	(40, 36.6057441443189)	(45, 37.10300179428738)	(50, 37.35394015809127)	(55, 37.408612579409336)	(60, 38.100836525871685)	(65, 38.267450657097136)	(70, 37.121439309441826)	(75, 36.42960089229426)	(80, 36.308590756995294)	(85, 36.155964793172004)	(90, 36.02753746181078)	(95, 36.41972503758305)	(100, 36.37697492847097)	(105, 35.983339799233796)	(110, 35.87769506813443)	(115, 36.274043450851075)	(120, 36.511813200135784)	(125, 35.86870180883565)	(130, 35.74891857814849)	(135, 36.31200960186219)	(140, 34.89190630910237)	(145, 35.491765675767425)	(150, 35.84841908733815)	(155, 36.23958343436303)	(160, 35.661219145531255)	(165, 35.71282188060715)	(170, 35.148115998254205)	(175, 34.511803501285094)	(180, 34.03562872799573)	(185, 33.61643470248775)	(190, 33.69984724310169)	(195, 34.23519470442752)	(200, 34.02134717036032)	(205, 33.989607681489744)	(210, 33.672654090490276)	(215, 33.14709276950681)	(220, 33.224232578439455)	(225, 33.78096358081567)	(230, 32.348014160322)	(235, 31.854216575335823)	(240, 32.72935599631444)	(245, 32.01158770185732)	(250, 26.98775520100868)
