Sample	0	1	2	3	4	5	6	7	8	9	10	11	12	13	14	15	16	17	18	19	20	21	22	23	24	25	26	27	28	29	30	31	32	33	34	35	36	37	38	39	40	41	42	43	44	45	46	47	48	49	50	51	52	53	54	55	56	57	58	59	60	61	62	63	64	65	66	67	68	69	70	71	72	73	74	75	76	77	78	79	80	81	82	83	84	85	86	87	88	89	90	91	92	93	94	95	96	97	98	99	100
SRR29920099_1	(0.0, 0.0)	(1.0, 0.0)	(2.0, 0.0)	(3.0, 0.0)	(4.0, 0.0)	(5.0, 0.0)	(6.0, 0.0)	(7.0, 0.0)	(8.0, 0.0)	(9.0, 0.0)	(10.0, 0.0)	(11.0, 0.0)	(12.0, 0.0)	(13.0, 0.0)	(14.0, 0.0)	(15.0, 0.0)	(16.0, 0.0)	(17.0, 0.0)	(18.0, 0.0)	(19.0, 0.0)	(20.0, 0.0)	(21.0, 0.0)	(22.0, 0.0)	(23.0, 0.0)	(24.0, 0.0)	(25.0, 0.0)	(26.0, 0.0)	(27.0, 0.0)	(28.0, 0.0)	(29.0, 0.0)	(30.0, 0.3333333333333333)	(31.0, 0.3333333333333333)	(32.0, 0.0)	(33.0, 0.0)	(34.0, 0.0)	(35.0, 0.3333333333333333)	(36.0, 0.6666666666666666)	(37.0, 0.0)	(38.0, 0.3333333333333333)	(39.0, 0.3333333333333333)	(40.0, 0.6666666666666666)	(41.0, 0.3333333333333333)	(42.0, 0.0)	(43.0, 0.3333333333333333)	(44.0, 1.0)	(45.0, 1.3333333333333333)	(46.0, 2.6666666666666665)	(47.0, 3.666666666666667)	(48.0, 17.000000000000007)	(49.0, 71.66666666666673)	(50.0, 387.9999999999954)	(51.0, 1112.3333333333596)	(52.0, 3160.3333333336527)	(53.0, 11970.333333337225)	(54.0, 8709.666666664627)	(55.0, 1365.9999999999686)	(56.0, 762.0000000000167)	(57.0, 974.0000000000408)	(58.0, 617.0000000000002)	(59.0, 121.99999999999935)	(60.0, 38.33333333333333)	(61.0, 19.666666666666664)	(62.0, 13.000000000000005)	(63.0, 3.3333333333333335)	(64.0, 1.0)	(65.0, 1.3333333333333333)	(66.0, 1.6666666666666665)	(67.0, 0.0)	(68.0, 0.3333333333333333)	(69.0, 1.3333333333333333)	(70.0, 0.6666666666666666)	(71.0, 0.0)	(72.0, 0.0)	(73.0, 0.0)	(74.0, 0.0)	(75.0, 0.0)	(76.0, 0.0)	(77.0, 0.0)	(78.0, 0.0)	(79.0, 0.0)	(80.0, 0.0)	(81.0, 0.0)	(82.0, 0.0)	(83.0, 0.0)	(84.0, 0.0)	(85.0, 0.0)	(86.0, 0.0)	(87.0, 0.0)	(88.0, 0.0)	(89.0, 0.0)	(90.0, 0.0)	(91.0, 0.0)	(92.0, 0.0)	(93.0, 0.0)	(94.0, 0.0)	(95.0, 0.0)	(96.0, 0.0)	(97.0, 0.0)	(98.0, 0.0)	(99.0, 0.0)	(100.0, 0.0)
SRR29920099_2	(0.0, 0.0)	(1.0, 0.0)	(2.0, 0.0)	(3.0, 0.0)	(4.0, 0.0)	(5.0, 0.0)	(6.0, 0.0)	(7.0, 0.0)	(8.0, 0.0)	(9.0, 0.0)	(10.0, 0.0)	(11.0, 0.0)	(12.0, 0.0)	(13.0, 0.0)	(14.0, 0.0)	(15.0, 0.0)	(16.0, 0.0)	(17.0, 0.0)	(18.0, 0.0)	(19.0, 0.0)	(20.0, 0.0)	(21.0, 0.0)	(22.0, 0.0)	(23.0, 0.0)	(24.0, 0.0)	(25.0, 0.0)	(26.0, 0.0)	(27.0, 0.0)	(28.0, 0.0)	(29.0, 0.0)	(30.0, 0.0)	(31.0, 0.0)	(32.0, 0.0)	(33.0, 0.0)	(34.0, 0.0)	(35.0, 0.0)	(36.0, 0.0)	(37.0, 0.0)	(38.0, 0.0)	(39.0, 0.0)	(40.0, 0.0)	(41.0, 0.0)	(42.0, 0.3333333333333333)	(43.0, 0.6666666666666666)	(44.0, 0.6666666666666666)	(45.0, 0.3333333333333333)	(46.0, 0.6666666666666666)	(47.0, 1.3333333333333333)	(48.0, 3.0)	(49.0, 13.33333333333334)	(50.0, 47.66666666666673)	(51.0, 215.00000000000173)	(52.0, 1146.333333333352)	(53.0, 2247.3333333332375)	(54.0, 5902.666666665768)	(55.0, 11767.66666667019)	(56.0, 4506.333333333705)	(57.0, 712.000000000011)	(58.0, 579.6666666666626)	(59.0, 315.33333333333286)	(60.0, 236.33333333333567)	(61.0, 678.3333333333405)	(62.0, 735.333333333347)	(63.0, 151.99999999999994)	(64.0, 44.66666666666671)	(65.0, 23.66666666666665)	(66.0, 15.000000000000009)	(67.0, 8.999999999999998)	(68.0, 4.0)	(69.0, 2.6666666666666665)	(70.0, 1.9999999999999998)	(71.0, 1.3333333333333333)	(72.0, 0.6666666666666666)	(73.0, 1.0)	(74.0, 0.6666666666666666)	(75.0, 0.0)	(76.0, 0.0)	(77.0, 0.0)	(78.0, 0.0)	(79.0, 0.3333333333333333)	(80.0, 0.0)	(81.0, 0.0)	(82.0, 0.0)	(83.0, 0.0)	(84.0, 0.0)	(85.0, 0.0)	(86.0, 0.0)	(87.0, 0.0)	(88.0, 0.0)	(89.0, 0.0)	(90.0, 0.0)	(91.0, 0.0)	(92.0, 0.0)	(93.0, 0.0)	(94.0, 0.0)	(95.0, 0.0)	(96.0, 0.0)	(97.0, 0.0)	(98.0, 0.0)	(99.0, 0.0)	(100.0, 0.0)
SRR29920100_1	(0.0, 0.0)	(1.0, 0.0)	(2.0, 0.0)	(3.0, 0.0)	(4.0, 0.0)	(5.0, 0.0)	(6.0, 0.0)	(7.0, 0.0)	(8.0, 0.0)	(9.0, 0.0)	(10.0, 0.0)	(11.0, 0.0)	(12.0, 0.0)	(13.0, 0.0)	(14.0, 0.0)	(15.0, 0.0)	(16.0, 0.0)	(17.0, 0.0)	(18.0, 0.0)	(19.0, 0.0)	(20.0, 0.0)	(21.0, 0.0)	(22.0, 0.0)	(23.0, 0.0)	(24.0, 0.0)	(25.0, 0.0)	(26.0, 0.0)	(27.0, 0.0)	(28.0, 0.0)	(29.0, 0.0)	(30.0, 0.0)	(31.0, 0.0)	(32.0, 0.0)	(33.0, 0.0)	(34.0, 0.0)	(35.0, 0.0)	(36.0, 0.0)	(37.0, 0.3333333333333333)	(38.0, 0.3333333333333333)	(39.0, 0.0)	(40.0, 0.0)	(41.0, 0.6666666666666666)	(42.0, 0.6666666666666666)	(43.0, 0.6666666666666666)	(44.0, 1.0)	(45.0, 0.3333333333333333)	(46.0, 0.6666666666666666)	(47.0, 1.0)	(48.0, 6.666666666666664)	(49.0, 69.0000000000001)	(50.0, 284.3333333333346)	(51.0, 626.666666666668)	(52.0, 3927.000000000668)	(53.0, 15648.000000010581)	(54.0, 10428.666666667754)	(55.0, 1182.0000000000105)	(56.0, 234.00000000000227)	(57.0, 118.66666666666606)	(58.0, 68.00000000000011)	(59.0, 32.66666666666662)	(60.0, 23.66666666666665)	(61.0, 14.666666666666675)	(62.0, 9.666666666666666)	(63.0, 5.333333333333332)	(64.0, 1.9999999999999998)	(65.0, 0.3333333333333333)	(66.0, 3.0)	(67.0, 1.0)	(68.0, 0.0)	(69.0, 0.6666666666666666)	(70.0, 1.3333333333333333)	(71.0, 0.0)	(72.0, 0.0)	(73.0, 0.0)	(74.0, 0.0)	(75.0, 0.0)	(76.0, 0.0)	(77.0, 0.0)	(78.0, 0.0)	(79.0, 0.0)	(80.0, 0.0)	(81.0, 0.0)	(82.0, 0.0)	(83.0, 0.0)	(84.0, 0.0)	(85.0, 0.0)	(86.0, 0.0)	(87.0, 0.0)	(88.0, 0.0)	(89.0, 0.0)	(90.0, 0.0)	(91.0, 0.0)	(92.0, 0.0)	(93.0, 0.0)	(94.0, 0.0)	(95.0, 0.0)	(96.0, 0.0)	(97.0, 0.0)	(98.0, 0.0)	(99.0, 0.0)	(100.0, 0.0)
SRR29920100_2	(0.0, 0.0)	(1.0, 0.0)	(2.0, 0.0)	(3.0, 0.0)	(4.0, 0.0)	(5.0, 0.0)	(6.0, 0.0)	(7.0, 0.0)	(8.0, 0.0)	(9.0, 0.0)	(10.0, 0.0)	(11.0, 0.0)	(12.0, 0.0)	(13.0, 0.0)	(14.0, 0.0)	(15.0, 0.0)	(16.0, 0.0)	(17.0, 0.0)	(18.0, 0.0)	(19.0, 0.0)	(20.0, 0.0)	(21.0, 0.0)	(22.0, 0.0)	(23.0, 0.0)	(24.0, 0.0)	(25.0, 0.0)	(26.0, 0.0)	(27.0, 0.0)	(28.0, 0.0)	(29.0, 0.0)	(30.0, 0.0)	(31.0, 0.0)	(32.0, 0.0)	(33.0, 0.0)	(34.0, 0.0)	(35.0, 0.0)	(36.0, 0.0)	(37.0, 0.0)	(38.0, 0.0)	(39.0, 0.0)	(40.0, 0.0)	(41.0, 0.3333333333333333)	(42.0, 0.3333333333333333)	(43.0, 0.6666666666666666)	(44.0, 1.0)	(45.0, 1.9999999999999998)	(46.0, 0.6666666666666666)	(47.0, 1.0)	(48.0, 2.333333333333333)	(49.0, 11.333333333333336)	(50.0, 38.33333333333333)	(51.0, 242.33333333333584)	(52.0, 1402.3333333332937)	(53.0, 1782.6666666665406)	(54.0, 3846.666666667298)	(55.0, 13292.33333333963)	(56.0, 10028.333333333692)	(57.0, 1278.9999999999884)	(58.0, 329.33333333333206)	(59.0, 143.99999999999972)	(60.0, 93.33333333333309)	(61.0, 62.666666666666835)	(62.0, 34.3333333333333)	(63.0, 20.33333333333333)	(64.0, 13.666666666666673)	(65.0, 11.000000000000002)	(66.0, 8.33333333333333)	(67.0, 3.666666666666667)	(68.0, 5.999999999999998)	(69.0, 1.9999999999999998)	(70.0, 1.6666666666666665)	(71.0, 3.0)	(72.0, 1.3333333333333333)	(73.0, 0.3333333333333333)	(74.0, 0.0)	(75.0, 0.3333333333333333)	(76.0, 0.3333333333333333)	(77.0, 0.0)	(78.0, 0.0)	(79.0, 0.0)	(80.0, 0.0)	(81.0, 0.0)	(82.0, 0.0)	(83.0, 0.0)	(84.0, 0.0)	(85.0, 0.0)	(86.0, 0.0)	(87.0, 0.0)	(88.0, 0.0)	(89.0, 0.3333333333333333)	(90.0, 0.3333333333333333)	(91.0, 0.0)	(92.0, 0.0)	(93.0, 0.0)	(94.0, 0.0)	(95.0, 0.0)	(96.0, 0.0)	(97.0, 0.0)	(98.0, 0.0)	(99.0, 0.0)	(100.0, 0.0)
SRR29920101_1	(0.0, 0.0)	(1.0, 0.0)	(2.0, 0.0)	(3.0, 0.0)	(4.0, 0.0)	(5.0, 0.0)	(6.0, 0.0)	(7.0, 0.0)	(8.0, 0.0)	(9.0, 0.0)	(10.0, 0.0)	(11.0, 0.0)	(12.0, 0.0)	(13.0, 0.0)	(14.0, 0.0)	(15.0, 0.0)	(16.0, 0.0)	(17.0, 0.0)	(18.0, 0.0)	(19.0, 0.0)	(20.0, 0.0)	(21.0, 0.0)	(22.0, 0.0)	(23.0, 0.0)	(24.0, 0.0)	(25.0, 0.0)	(26.0, 0.0)	(27.0, 0.0)	(28.0, 0.0)	(29.0, 0.0)	(30.0, 0.3333333333333333)	(31.0, 0.3333333333333333)	(32.0, 0.0)	(33.0, 0.0)	(34.0, 0.0)	(35.0, 0.0)	(36.0, 0.3333333333333333)	(37.0, 0.3333333333333333)	(38.0, 0.6666666666666666)	(39.0, 0.3333333333333333)	(40.0, 0.3333333333333333)	(41.0, 0.3333333333333333)	(42.0, 0.3333333333333333)	(43.0, 0.3333333333333333)	(44.0, 0.3333333333333333)	(45.0, 0.3333333333333333)	(46.0, 0.3333333333333333)	(47.0, 4.0)	(48.0, 19.666666666666664)	(49.0, 113.66666666666613)	(50.0, 566.6666666666612)	(51.0, 1498.6666666666051)	(52.0, 3801.6666666672777)	(53.0, 10268.333333334129)	(54.0, 7242.999999997883)	(55.0, 1401.6666666666272)	(56.0, 841.6666666666924)	(57.0, 445.9999999999921)	(58.0, 223.3333333333353)	(59.0, 60.66666666666682)	(60.0, 21.333333333333325)	(61.0, 17.000000000000007)	(62.0, 8.33333333333333)	(63.0, 2.6666666666666665)	(64.0, 0.6666666666666666)	(65.0, 1.6666666666666665)	(66.0, 0.6666666666666666)	(67.0, 1.0)	(68.0, 0.3333333333333333)	(69.0, 0.3333333333333333)	(70.0, 0.3333333333333333)	(71.0, 0.0)	(72.0, 0.0)	(73.0, 0.0)	(74.0, 0.6666666666666666)	(75.0, 0.3333333333333333)	(76.0, 0.0)	(77.0, 0.0)	(78.0, 0.0)	(79.0, 0.0)	(80.0, 0.0)	(81.0, 0.0)	(82.0, 0.0)	(83.0, 0.0)	(84.0, 0.0)	(85.0, 0.0)	(86.0, 0.0)	(87.0, 0.0)	(88.0, 0.0)	(89.0, 0.0)	(90.0, 0.0)	(91.0, 0.0)	(92.0, 0.0)	(93.0, 0.0)	(94.0, 0.0)	(95.0, 0.0)	(96.0, 0.0)	(97.0, 0.0)	(98.0, 0.0)	(99.0, 0.0)	(100.0, 0.0)
SRR29920101_2	(0.0, 0.0)	(1.0, 0.0)	(2.0, 0.0)	(3.0, 0.0)	(4.0, 0.0)	(5.0, 0.0)	(6.0, 0.0)	(7.0, 0.0)	(8.0, 0.0)	(9.0, 0.0)	(10.0, 0.0)	(11.0, 0.0)	(12.0, 0.0)	(13.0, 0.0)	(14.0, 0.0)	(15.0, 0.0)	(16.0, 0.0)	(17.0, 0.0)	(18.0, 0.0)	(19.0, 0.0)	(20.0, 0.0)	(21.0, 0.0)	(22.0, 0.0)	(23.0, 0.0)	(24.0, 0.0)	(25.0, 0.0)	(26.0, 0.0)	(27.0, 0.0)	(28.0, 0.0)	(29.0, 0.0)	(30.0, 0.0)	(31.0, 0.0)	(32.0, 0.0)	(33.0, 0.0)	(34.0, 0.0)	(35.0, 0.0)	(36.0, 0.0)	(37.0, 0.0)	(38.0, 0.0)	(39.0, 0.0)	(40.0, 0.0)	(41.0, 0.3333333333333333)	(42.0, 0.3333333333333333)	(43.0, 0.6666666666666666)	(44.0, 0.3333333333333333)	(45.0, 0.6666666666666666)	(46.0, 0.3333333333333333)	(47.0, 1.6666666666666665)	(48.0, 3.666666666666667)	(49.0, 23.66666666666665)	(50.0, 91.66666666666644)	(51.0, 415.3333333333272)	(52.0, 1966.3333333331655)	(53.0, 3061.000000000274)	(54.0, 5323.999999999628)	(55.0, 8959.666666665082)	(56.0, 3647.333333333874)	(57.0, 944.3333333333708)	(58.0, 847.3333333333597)	(59.0, 460.99999999999125)	(60.0, 235.666666666669)	(61.0, 317.66666666666606)	(62.0, 226.3333333333354)	(63.0, 42.33333333333336)	(64.0, 16.333333333333343)	(65.0, 15.333333333333343)	(66.0, 10.333333333333334)	(67.0, 9.333333333333332)	(68.0, 5.666666666666665)	(69.0, 1.6666666666666665)	(70.0, 0.3333333333333333)	(71.0, 0.3333333333333333)	(72.0, 0.6666666666666666)	(73.0, 0.6666666666666666)	(74.0, 0.0)	(75.0, 0.3333333333333333)	(76.0, 0.0)	(77.0, 0.0)	(78.0, 0.0)	(79.0, 0.0)	(80.0, 0.0)	(81.0, 0.0)	(82.0, 0.0)	(83.0, 0.0)	(84.0, 0.0)	(85.0, 0.0)	(86.0, 0.3333333333333333)	(87.0, 0.0)	(88.0, 0.0)	(89.0, 0.0)	(90.0, 0.0)	(91.0, 0.0)	(92.0, 0.0)	(93.0, 0.0)	(94.0, 0.0)	(95.0, 0.0)	(96.0, 0.0)	(97.0, 0.0)	(98.0, 0.0)	(99.0, 0.0)	(100.0, 0.0)
SRR29920102_1	(0.0, 0.0)	(1.0, 0.0)	(2.0, 0.0)	(3.0, 0.0)	(4.0, 0.0)	(5.0, 0.0)	(6.0, 0.0)	(7.0, 0.0)	(8.0, 0.0)	(9.0, 0.0)	(10.0, 0.0)	(11.0, 0.0)	(12.0, 0.0)	(13.0, 0.0)	(14.0, 0.0)	(15.0, 0.0)	(16.0, 0.0)	(17.0, 0.0)	(18.0, 0.0)	(19.0, 0.0)	(20.0, 0.0)	(21.0, 0.0)	(22.0, 0.0)	(23.0, 0.0)	(24.0, 0.0)	(25.0, 0.0)	(26.0, 0.0)	(27.0, 0.0)	(28.0, 0.0)	(29.0, 0.0)	(30.0, 0.0)	(31.0, 0.0)	(32.0, 0.0)	(33.0, 0.3333333333333333)	(34.0, 0.3333333333333333)	(35.0, 0.6666666666666666)	(36.0, 1.0)	(37.0, 0.6666666666666666)	(38.0, 0.3333333333333333)	(39.0, 1.0)	(40.0, 0.3333333333333333)	(41.0, 0.3333333333333333)	(42.0, 1.3333333333333333)	(43.0, 0.6666666666666666)	(44.0, 1.0)	(45.0, 1.0)	(46.0, 2.333333333333333)	(47.0, 4.666666666666666)	(48.0, 18.666666666666668)	(49.0, 179.0000000000007)	(50.0, 810.0000000000222)	(51.0, 1379.6666666666322)	(52.0, 4430.666666667107)	(53.0, 16315.666666678462)	(54.0, 11254.000000002588)	(55.0, 1333.999999999976)	(56.0, 324.33333333333235)	(57.0, 139.33333333333292)	(58.0, 74.66666666666669)	(59.0, 55.666666666666785)	(60.0, 34.99999999999997)	(61.0, 14.333333333333341)	(62.0, 8.666666666666664)	(63.0, 3.3333333333333335)	(64.0, 1.3333333333333333)	(65.0, 1.0)	(66.0, 1.9999999999999998)	(67.0, 0.3333333333333333)	(68.0, 0.0)	(69.0, 0.6666666666666666)	(70.0, 1.3333333333333333)	(71.0, 0.0)	(72.0, 0.0)	(73.0, 0.0)	(74.0, 0.0)	(75.0, 0.0)	(76.0, 0.0)	(77.0, 0.0)	(78.0, 0.0)	(79.0, 0.0)	(80.0, 0.0)	(81.0, 0.0)	(82.0, 0.0)	(83.0, 0.0)	(84.0, 0.0)	(85.0, 0.0)	(86.0, 0.0)	(87.0, 0.0)	(88.0, 0.0)	(89.0, 0.0)	(90.0, 0.0)	(91.0, 0.0)	(92.0, 0.0)	(93.0, 0.0)	(94.0, 0.0)	(95.0, 0.0)	(96.0, 0.0)	(97.0, 0.0)	(98.0, 0.0)	(99.0, 0.0)	(100.0, 0.0)
SRR29920102_2	(0.0, 0.0)	(1.0, 0.0)	(2.0, 0.0)	(3.0, 0.0)	(4.0, 0.0)	(5.0, 0.0)	(6.0, 0.0)	(7.0, 0.0)	(8.0, 0.0)	(9.0, 0.0)	(10.0, 0.0)	(11.0, 0.0)	(12.0, 0.0)	(13.0, 0.0)	(14.0, 0.0)	(15.0, 0.0)	(16.0, 0.0)	(17.0, 0.0)	(18.0, 0.0)	(19.0, 0.0)	(20.0, 0.0)	(21.0, 0.0)	(22.0, 0.0)	(23.0, 0.0)	(24.0, 0.0)	(25.0, 0.0)	(26.0, 0.0)	(27.0, 0.0)	(28.0, 0.0)	(29.0, 0.0)	(30.0, 0.0)	(31.0, 0.0)	(32.0, 0.3333333333333333)	(33.0, 0.0)	(34.0, 1.0)	(35.0, 0.6666666666666666)	(36.0, 0.0)	(37.0, 0.0)	(38.0, 0.0)	(39.0, 0.0)	(40.0, 1.0)	(41.0, 0.6666666666666666)	(42.0, 0.3333333333333333)	(43.0, 0.3333333333333333)	(44.0, 1.6666666666666665)	(45.0, 1.3333333333333333)	(46.0, 1.0)	(47.0, 1.9999999999999998)	(48.0, 3.666666666666667)	(49.0, 24.99999999999998)	(50.0, 75.33333333333334)	(51.0, 202.66666666666805)	(52.0, 935.3333333333698)	(53.0, 1807.3333333332016)	(54.0, 5201.333333333073)	(55.0, 15136.666666676318)	(56.0, 10579.00000000136)	(57.0, 1451.6666666666158)	(58.0, 449.99999999999187)	(59.0, 229.33333333333547)	(60.0, 147.99999999999983)	(61.0, 81.66666666666659)	(62.0, 32.66666666666662)	(63.0, 19.0)	(64.0, 11.000000000000002)	(65.0, 7.666666666666663)	(66.0, 9.333333333333332)	(67.0, 6.666666666666664)	(68.0, 4.999999999999999)	(69.0, 2.333333333333333)	(70.0, 1.0)	(71.0, 0.3333333333333333)	(72.0, 1.0)	(73.0, 1.0)	(74.0, 0.0)	(75.0, 0.3333333333333333)	(76.0, 1.0)	(77.0, 0.0)	(78.0, 0.0)	(79.0, 0.0)	(80.0, 0.0)	(81.0, 0.0)	(82.0, 0.0)	(83.0, 0.0)	(84.0, 0.0)	(85.0, 0.0)	(86.0, 0.0)	(87.0, 0.0)	(88.0, 0.0)	(89.0, 0.0)	(90.0, 0.0)	(91.0, 0.0)	(92.0, 0.3333333333333333)	(93.0, 0.0)	(94.0, 0.0)	(95.0, 0.0)	(96.0, 0.0)	(97.0, 0.0)	(98.0, 0.0)	(99.0, 0.0)	(100.0, 0.0)
SRR29920103_1	(0.0, 0.0)	(1.0, 0.0)	(2.0, 0.0)	(3.0, 0.0)	(4.0, 0.0)	(5.0, 0.0)	(6.0, 0.0)	(7.0, 0.0)	(8.0, 0.0)	(9.0, 0.0)	(10.0, 0.0)	(11.0, 0.0)	(12.0, 0.0)	(13.0, 0.0)	(14.0, 0.0)	(15.0, 0.0)	(16.0, 0.0)	(17.0, 0.0)	(18.0, 0.0)	(19.0, 0.0)	(20.0, 0.0)	(21.0, 0.0)	(22.0, 0.0)	(23.0, 0.0)	(24.0, 0.0)	(25.0, 0.0)	(26.0, 0.0)	(27.0, 0.0)	(28.0, 0.3333333333333333)	(29.0, 0.0)	(30.0, 0.3333333333333333)	(31.0, 0.0)	(32.0, 0.0)	(33.0, 0.0)	(34.0, 0.0)	(35.0, 0.3333333333333333)	(36.0, 0.6666666666666666)	(37.0, 0.6666666666666666)	(38.0, 0.6666666666666666)	(39.0, 0.6666666666666666)	(40.0, 0.6666666666666666)	(41.0, 1.0)	(42.0, 0.6666666666666666)	(43.0, 0.0)	(44.0, 0.6666666666666666)	(45.0, 1.3333333333333333)	(46.0, 1.3333333333333333)	(47.0, 1.3333333333333333)	(48.0, 19.333333333333332)	(49.0, 103.66666666666627)	(50.0, 464.6666666666577)	(51.0, 1282.333333333321)	(52.0, 5002.666666666587)	(53.0, 14064.666666674368)	(54.0, 9039.666666665227)	(55.0, 1608.9999999999134)	(56.0, 807.6666666666886)	(57.0, 854.0000000000272)	(58.0, 524.333333333323)	(59.0, 90.99999999999979)	(60.0, 30.333333333333293)	(61.0, 20.66666666666666)	(62.0, 8.666666666666664)	(63.0, 4.999999999999999)	(64.0, 1.6666666666666665)	(65.0, 1.3333333333333333)	(66.0, 1.3333333333333333)	(67.0, 1.0)	(68.0, 0.6666666666666666)	(69.0, 0.6666666666666666)	(70.0, 0.0)	(71.0, 0.0)	(72.0, 0.0)	(73.0, 0.0)	(74.0, 0.0)	(75.0, 0.0)	(76.0, 0.0)	(77.0, 0.0)	(78.0, 0.0)	(79.0, 0.0)	(80.0, 0.0)	(81.0, 0.0)	(82.0, 0.0)	(83.0, 0.0)	(84.0, 0.0)	(85.0, 0.0)	(86.0, 0.0)	(87.0, 0.0)	(88.0, 0.0)	(89.0, 0.0)	(90.0, 0.0)	(91.0, 0.0)	(92.0, 0.0)	(93.0, 0.0)	(94.0, 0.0)	(95.0, 0.0)	(96.0, 0.0)	(97.0, 0.0)	(98.0, 0.0)	(99.0, 0.0)	(100.0, 0.0)
SRR29920103_2	(0.0, 0.0)	(1.0, 0.0)	(2.0, 0.0)	(3.0, 0.0)	(4.0, 0.0)	(5.0, 0.0)	(6.0, 0.0)	(7.0, 0.0)	(8.0, 0.0)	(9.0, 0.0)	(10.0, 0.0)	(11.0, 0.0)	(12.0, 0.0)	(13.0, 0.0)	(14.0, 0.0)	(15.0, 0.0)	(16.0, 0.0)	(17.0, 0.0)	(18.0, 0.0)	(19.0, 0.0)	(20.0, 0.0)	(21.0, 0.0)	(22.0, 0.0)	(23.0, 0.0)	(24.0, 0.0)	(25.0, 0.0)	(26.0, 0.0)	(27.0, 0.0)	(28.0, 0.0)	(29.0, 0.0)	(30.0, 0.0)	(31.0, 0.0)	(32.0, 0.0)	(33.0, 0.0)	(34.0, 0.0)	(35.0, 0.0)	(36.0, 0.0)	(37.0, 0.0)	(38.0, 0.0)	(39.0, 0.0)	(40.0, 0.0)	(41.0, 0.3333333333333333)	(42.0, 0.0)	(43.0, 1.3333333333333333)	(44.0, 2.333333333333333)	(45.0, 1.3333333333333333)	(46.0, 1.0)	(47.0, 2.6666666666666665)	(48.0, 3.0)	(49.0, 20.33333333333333)	(50.0, 81.33333333333326)	(51.0, 726.0000000000126)	(52.0, 4037.000000000718)	(53.0, 4894.333333333352)	(54.0, 5565.333333332742)	(55.0, 9825.99999999999)	(56.0, 4050.3333333340574)	(57.0, 1026.3333333333792)	(58.0, 1210.6666666666706)	(59.0, 665.0000000000057)	(60.0, 306.00000000000006)	(61.0, 673.0000000000066)	(62.0, 634.6666666666689)	(63.0, 129.99999999999932)	(64.0, 36.999999999999986)	(65.0, 21.99999999999999)	(66.0, 12.333333333333337)	(67.0, 6.333333333333331)	(68.0, 4.999999999999999)	(69.0, 2.333333333333333)	(70.0, 1.9999999999999998)	(71.0, 1.9999999999999998)	(72.0, 0.3333333333333333)	(73.0, 0.6666666666666666)	(74.0, 1.6666666666666665)	(75.0, 0.0)	(76.0, 0.6666666666666666)	(77.0, 0.0)	(78.0, 0.3333333333333333)	(79.0, 0.3333333333333333)	(80.0, 0.3333333333333333)	(81.0, 0.0)	(82.0, 0.0)	(83.0, 0.0)	(84.0, 0.0)	(85.0, 0.0)	(86.0, 0.0)	(87.0, 0.0)	(88.0, 0.0)	(89.0, 0.0)	(90.0, 0.0)	(91.0, 0.0)	(92.0, 0.0)	(93.0, 0.0)	(94.0, 0.0)	(95.0, 0.0)	(96.0, 0.0)	(97.0, 0.0)	(98.0, 0.0)	(99.0, 0.0)	(100.0, 0.0)
SRR29920104_1	(0.0, 0.0)	(1.0, 0.0)	(2.0, 0.0)	(3.0, 0.0)	(4.0, 0.0)	(5.0, 0.0)	(6.0, 0.0)	(7.0, 0.0)	(8.0, 0.0)	(9.0, 0.0)	(10.0, 0.0)	(11.0, 0.0)	(12.0, 0.0)	(13.0, 0.0)	(14.0, 0.0)	(15.0, 0.0)	(16.0, 0.0)	(17.0, 0.0)	(18.0, 0.0)	(19.0, 0.0)	(20.0, 0.0)	(21.0, 0.0)	(22.0, 0.0)	(23.0, 0.0)	(24.0, 0.0)	(25.0, 0.0)	(26.0, 0.0)	(27.0, 0.3333333333333333)	(28.0, 0.3333333333333333)	(29.0, 0.0)	(30.0, 0.3333333333333333)	(31.0, 0.3333333333333333)	(32.0, 0.0)	(33.0, 0.0)	(34.0, 0.0)	(35.0, 0.0)	(36.0, 0.0)	(37.0, 0.0)	(38.0, 0.0)	(39.0, 0.3333333333333333)	(40.0, 0.0)	(41.0, 0.6666666666666666)	(42.0, 0.6666666666666666)	(43.0, 1.0)	(44.0, 1.3333333333333333)	(45.0, 1.6666666666666665)	(46.0, 1.6666666666666665)	(47.0, 4.333333333333333)	(48.0, 49.66666666666674)	(49.0, 381.99999999999574)	(50.0, 1660.6666666665683)	(51.0, 3394.333333333759)	(52.0, 6250.666666665452)	(53.0, 11265.333333335942)	(54.0, 6749.999999998331)	(55.0, 1001.3333333333773)	(56.0, 262.6666666666692)	(57.0, 122.33333333333267)	(58.0, 72.66666666666671)	(59.0, 64.00000000000017)	(60.0, 46.66666666666672)	(61.0, 15.000000000000009)	(62.0, 8.999999999999998)	(63.0, 10.0)	(64.0, 4.0)	(65.0, 1.6666666666666665)	(66.0, 1.3333333333333333)	(67.0, 1.9999999999999998)	(68.0, 3.0)	(69.0, 1.9999999999999998)	(70.0, 1.0)	(71.0, 0.3333333333333333)	(72.0, 0.0)	(73.0, 0.0)	(74.0, 0.0)	(75.0, 0.0)	(76.0, 0.0)	(77.0, 0.0)	(78.0, 0.0)	(79.0, 0.0)	(80.0, 0.0)	(81.0, 0.0)	(82.0, 0.0)	(83.0, 0.0)	(84.0, 0.0)	(85.0, 0.0)	(86.0, 0.0)	(87.0, 0.0)	(88.0, 0.0)	(89.0, 0.0)	(90.0, 0.0)	(91.0, 0.0)	(92.0, 0.0)	(93.0, 0.0)	(94.0, 0.0)	(95.0, 0.0)	(96.0, 0.0)	(97.0, 0.0)	(98.0, 0.0)	(99.0, 0.0)	(100.0, 0.0)
SRR29920104_2	(0.0, 0.0)	(1.0, 0.0)	(2.0, 0.0)	(3.0, 0.0)	(4.0, 0.0)	(5.0, 0.0)	(6.0, 0.0)	(7.0, 0.0)	(8.0, 0.0)	(9.0, 0.0)	(10.0, 0.0)	(11.0, 0.0)	(12.0, 0.0)	(13.0, 0.0)	(14.0, 0.0)	(15.0, 0.0)	(16.0, 0.0)	(17.0, 0.0)	(18.0, 0.0)	(19.0, 0.0)	(20.0, 0.0)	(21.0, 0.0)	(22.0, 0.0)	(23.0, 0.0)	(24.0, 0.0)	(25.0, 0.0)	(26.0, 0.0)	(27.0, 0.0)	(28.0, 0.0)	(29.0, 0.0)	(30.0, 0.0)	(31.0, 0.0)	(32.0, 0.0)	(33.0, 0.0)	(34.0, 0.0)	(35.0, 0.0)	(36.0, 0.0)	(37.0, 0.0)	(38.0, 0.3333333333333333)	(39.0, 0.3333333333333333)	(40.0, 0.0)	(41.0, 0.0)	(42.0, 0.6666666666666666)	(43.0, 0.3333333333333333)	(44.0, 1.0)	(45.0, 1.0)	(46.0, 1.9999999999999998)	(47.0, 2.333333333333333)	(48.0, 6.999999999999997)	(49.0, 38.666666666666664)	(50.0, 158.6666666666668)	(51.0, 413.3333333333273)	(52.0, 1587.666666666585)	(53.0, 3302.000000000384)	(54.0, 6463.666666665258)	(55.0, 10618.000000001432)	(56.0, 6452.333333331935)	(57.0, 1308.9999999999816)	(58.0, 427.9999999999931)	(59.0, 227.00000000000207)	(60.0, 188.3333333333343)	(61.0, 117.9999999999994)	(62.0, 46.66666666666672)	(63.0, 22.666666666666654)	(64.0, 16.666666666666675)	(65.0, 12.333333333333337)	(66.0, 10.0)	(67.0, 7.666666666666663)	(68.0, 7.9999999999999964)	(69.0, 4.666666666666666)	(70.0, 1.6666666666666665)	(71.0, 0.6666666666666666)	(72.0, 1.0)	(73.0, 0.6666666666666666)	(74.0, 0.0)	(75.0, 0.0)	(76.0, 0.0)	(77.0, 0.0)	(78.0, 0.0)	(79.0, 0.0)	(80.0, 0.0)	(81.0, 0.0)	(82.0, 0.0)	(83.0, 0.0)	(84.0, 0.3333333333333333)	(85.0, 0.3333333333333333)	(86.0, 0.0)	(87.0, 0.0)	(88.0, 0.0)	(89.0, 0.0)	(90.0, 0.0)	(91.0, 0.0)	(92.0, 0.3333333333333333)	(93.0, 0.3333333333333333)	(94.0, 0.0)	(95.0, 0.0)	(96.0, 0.0)	(97.0, 0.0)	(98.0, 0.0)	(99.0, 0.0)	(100.0, 0.0)
SRR29920105_1	(0.0, 0.0)	(1.0, 0.0)	(2.0, 0.0)	(3.0, 0.0)	(4.0, 0.0)	(5.0, 0.0)	(6.0, 0.0)	(7.0, 0.0)	(8.0, 0.0)	(9.0, 0.0)	(10.0, 0.0)	(11.0, 0.0)	(12.0, 0.0)	(13.0, 0.0)	(14.0, 0.0)	(15.0, 0.0)	(16.0, 0.0)	(17.0, 0.0)	(18.0, 0.0)	(19.0, 0.0)	(20.0, 0.0)	(21.0, 0.0)	(22.0, 0.0)	(23.0, 0.3333333333333333)	(24.0, 0.3333333333333333)	(25.0, 0.0)	(26.0, 0.0)	(27.0, 0.0)	(28.0, 0.0)	(29.0, 0.0)	(30.0, 0.0)	(31.0, 0.0)	(32.0, 0.0)	(33.0, 0.0)	(34.0, 0.3333333333333333)	(35.0, 0.3333333333333333)	(36.0, 0.0)	(37.0, 0.0)	(38.0, 0.0)	(39.0, 0.3333333333333333)	(40.0, 0.3333333333333333)	(41.0, 0.6666666666666666)	(42.0, 1.0)	(43.0, 1.3333333333333333)	(44.0, 1.0)	(45.0, 1.6666666666666665)	(46.0, 15.666666666666677)	(47.0, 141.66666666666632)	(48.0, 609.9999999999994)	(49.0, 918.3333333333678)	(50.0, 2527.0000000000314)	(51.0, 3677.6666666672213)	(52.0, 7321.666666664478)	(53.0, 17837.666666673296)	(54.0, 12503.00000000486)	(55.0, 3346.666666667071)	(56.0, 1043.6666666667086)	(57.0, 1380.9999999999652)	(58.0, 1349.3333333333057)	(59.0, 269.6666666666688)	(60.0, 47.00000000000006)	(61.0, 19.0)	(62.0, 11.333333333333336)	(63.0, 6.333333333333331)	(64.0, 2.333333333333333)	(65.0, 1.3333333333333333)	(66.0, 3.3333333333333335)	(67.0, 1.3333333333333333)	(68.0, 0.6666666666666666)	(69.0, 1.0)	(70.0, 2.333333333333333)	(71.0, 0.0)	(72.0, 0.0)	(73.0, 0.0)	(74.0, 0.0)	(75.0, 0.0)	(76.0, 0.0)	(77.0, 0.0)	(78.0, 0.0)	(79.0, 0.0)	(80.0, 0.0)	(81.0, 0.0)	(82.0, 0.0)	(83.0, 0.3333333333333333)	(84.0, 0.3333333333333333)	(85.0, 0.0)	(86.0, 0.3333333333333333)	(87.0, 0.3333333333333333)	(88.0, 0.0)	(89.0, 0.0)	(90.0, 0.0)	(91.0, 0.0)	(92.0, 0.0)	(93.0, 0.0)	(94.0, 0.0)	(95.0, 0.0)	(96.0, 0.0)	(97.0, 0.0)	(98.0, 0.0)	(99.0, 0.0)	(100.0, 0.0)
SRR29920105_2	(0.0, 0.0)	(1.0, 0.0)	(2.0, 0.0)	(3.0, 0.0)	(4.0, 0.0)	(5.0, 0.0)	(6.0, 0.0)	(7.0, 0.0)	(8.0, 0.0)	(9.0, 0.0)	(10.0, 0.0)	(11.0, 0.0)	(12.0, 0.0)	(13.0, 0.0)	(14.0, 0.0)	(15.0, 0.0)	(16.0, 0.0)	(17.0, 0.0)	(18.0, 0.0)	(19.0, 0.0)	(20.0, 0.0)	(21.0, 0.0)	(22.0, 0.0)	(23.0, 0.0)	(24.0, 0.0)	(25.0, 0.0)	(26.0, 0.0)	(27.0, 0.0)	(28.0, 0.0)	(29.0, 0.0)	(30.0, 0.0)	(31.0, 0.0)	(32.0, 0.0)	(33.0, 0.0)	(34.0, 0.3333333333333333)	(35.0, 0.3333333333333333)	(36.0, 0.0)	(37.0, 0.0)	(38.0, 0.0)	(39.0, 0.3333333333333333)	(40.0, 0.3333333333333333)	(41.0, 0.0)	(42.0, 0.3333333333333333)	(43.0, 1.0)	(44.0, 0.6666666666666666)	(45.0, 1.3333333333333333)	(46.0, 2.333333333333333)	(47.0, 5.333333333333332)	(48.0, 11.66666666666667)	(49.0, 60.66666666666682)	(50.0, 217.0000000000018)	(51.0, 401.33333333332797)	(52.0, 979.6666666667081)	(53.0, 3227.333333333683)	(54.0, 9192.666666665506)	(55.0, 17181.33333334235)	(56.0, 11218.333333335857)	(57.0, 3353.666666667074)	(58.0, 2208.33333333322)	(59.0, 1422.3333333332891)	(60.0, 1535.3333333332635)	(61.0, 1110.33333333336)	(62.0, 685.000000000008)	(63.0, 155.00000000000003)	(64.0, 59.00000000000014)	(65.0, 32.99999999999996)	(66.0, 18.333333333333336)	(67.0, 10.0)	(68.0, 9.333333333333332)	(69.0, 4.0)	(70.0, 3.666666666666667)	(71.0, 2.6666666666666665)	(72.0, 1.6666666666666665)	(73.0, 1.6666666666666665)	(74.0, 3.666666666666667)	(75.0, 4.0)	(76.0, 1.9999999999999998)	(77.0, 0.0)	(78.0, 0.6666666666666666)	(79.0, 1.0)	(80.0, 1.0)	(81.0, 0.6666666666666666)	(82.0, 0.3333333333333333)	(83.0, 0.3333333333333333)	(84.0, 0.3333333333333333)	(85.0, 0.3333333333333333)	(86.0, 0.0)	(87.0, 0.0)	(88.0, 0.0)	(89.0, 0.0)	(90.0, 0.0)	(91.0, 0.0)	(92.0, 0.3333333333333333)	(93.0, 0.0)	(94.0, 0.0)	(95.0, 0.0)	(96.0, 0.0)	(97.0, 0.3333333333333333)	(98.0, 0.0)	(99.0, 0.0)	(100.0, 0.0)
SRR29920106_1	(0.0, 0.0)	(1.0, 0.0)	(2.0, 0.0)	(3.0, 0.0)	(4.0, 0.0)	(5.0, 0.0)	(6.0, 0.0)	(7.0, 0.0)	(8.0, 0.0)	(9.0, 0.0)	(10.0, 0.0)	(11.0, 0.0)	(12.0, 0.0)	(13.0, 0.0)	(14.0, 0.0)	(15.0, 0.0)	(16.0, 0.0)	(17.0, 0.0)	(18.0, 0.0)	(19.0, 0.0)	(20.0, 0.0)	(21.0, 0.0)	(22.0, 0.0)	(23.0, 0.0)	(24.0, 0.0)	(25.0, 0.0)	(26.0, 0.0)	(27.0, 0.0)	(28.0, 0.3333333333333333)	(29.0, 0.0)	(30.0, 0.0)	(31.0, 0.0)	(32.0, 0.0)	(33.0, 0.0)	(34.0, 0.3333333333333333)	(35.0, 0.3333333333333333)	(36.0, 0.3333333333333333)	(37.0, 0.0)	(38.0, 0.3333333333333333)	(39.0, 1.3333333333333333)	(40.0, 1.0)	(41.0, 1.3333333333333333)	(42.0, 1.3333333333333333)	(43.0, 1.3333333333333333)	(44.0, 1.6666666666666665)	(45.0, 2.333333333333333)	(46.0, 8.999999999999998)	(47.0, 35.33333333333331)	(48.0, 102.33333333333296)	(49.0, 480.3333333333235)	(50.0, 1993.3333333331593)	(51.0, 4885.000000000027)	(52.0, 9417.999999999249)	(53.0, 10424.333333334413)	(54.0, 8188.666666663689)	(55.0, 5587.333333332722)	(56.0, 1826.6666666665305)	(57.0, 638.333333333336)	(58.0, 494.3333333333227)	(59.0, 145.99999999999977)	(60.0, 46.333333333333385)	(61.0, 19.666666666666664)	(62.0, 8.999999999999998)	(63.0, 7.666666666666663)	(64.0, 2.333333333333333)	(65.0, 2.333333333333333)	(66.0, 1.3333333333333333)	(67.0, 1.3333333333333333)	(68.0, 1.0)	(69.0, 1.3333333333333333)	(70.0, 0.0)	(71.0, 0.0)	(72.0, 0.3333333333333333)	(73.0, 1.0)	(74.0, 0.6666666666666666)	(75.0, 0.0)	(76.0, 0.0)	(77.0, 0.0)	(78.0, 0.0)	(79.0, 0.0)	(80.0, 0.0)	(81.0, 0.0)	(82.0, 0.0)	(83.0, 0.0)	(84.0, 0.0)	(85.0, 0.0)	(86.0, 0.0)	(87.0, 0.0)	(88.0, 0.0)	(89.0, 0.0)	(90.0, 0.0)	(91.0, 0.0)	(92.0, 0.0)	(93.0, 0.0)	(94.0, 0.0)	(95.0, 0.0)	(96.0, 0.0)	(97.0, 0.0)	(98.0, 0.0)	(99.0, 0.0)	(100.0, 0.0)
SRR29920106_2	(0.0, 0.0)	(1.0, 0.0)	(2.0, 0.0)	(3.0, 0.0)	(4.0, 0.0)	(5.0, 0.0)	(6.0, 0.0)	(7.0, 0.0)	(8.0, 0.0)	(9.0, 0.0)	(10.0, 0.0)	(11.0, 0.0)	(12.0, 0.0)	(13.0, 0.0)	(14.0, 0.0)	(15.0, 0.0)	(16.0, 0.0)	(17.0, 0.0)	(18.0, 0.0)	(19.0, 0.0)	(20.0, 0.0)	(21.0, 0.0)	(22.0, 0.0)	(23.0, 0.0)	(24.0, 0.0)	(25.0, 0.0)	(26.0, 0.0)	(27.0, 0.0)	(28.0, 0.0)	(29.0, 0.0)	(30.0, 0.0)	(31.0, 0.0)	(32.0, 0.0)	(33.0, 0.0)	(34.0, 0.0)	(35.0, 0.0)	(36.0, 0.3333333333333333)	(37.0, 0.3333333333333333)	(38.0, 0.0)	(39.0, 0.0)	(40.0, 0.6666666666666666)	(41.0, 0.3333333333333333)	(42.0, 0.3333333333333333)	(43.0, 0.3333333333333333)	(44.0, 0.0)	(45.0, 1.3333333333333333)	(46.0, 2.6666666666666665)	(47.0, 4.0)	(48.0, 8.666666666666664)	(49.0, 39.66666666666667)	(50.0, 156.66666666666674)	(51.0, 569.3333333333281)	(52.0, 3046.0000000002674)	(53.0, 6207.999999998824)	(54.0, 5779.66666666588)	(55.0, 6516.999999998543)	(56.0, 6474.666666665248)	(57.0, 5503.333333332798)	(58.0, 4133.000000000711)	(59.0, 2850.0000000001783)	(60.0, 1881.9999999998513)	(61.0, 635.666666666669)	(62.0, 278.6666666666683)	(63.0, 107.99999999999955)	(64.0, 53.333333333333435)	(65.0, 30.333333333333293)	(66.0, 20.66666666666666)	(67.0, 12.333333333333337)	(68.0, 5.999999999999998)	(69.0, 4.0)	(70.0, 2.6666666666666665)	(71.0, 1.9999999999999998)	(72.0, 1.9999999999999998)	(73.0, 1.3333333333333333)	(74.0, 1.0)	(75.0, 0.0)	(76.0, 1.0)	(77.0, 0.6666666666666666)	(78.0, 0.0)	(79.0, 0.3333333333333333)	(80.0, 0.3333333333333333)	(81.0, 0.6666666666666666)	(82.0, 0.0)	(83.0, 0.0)	(84.0, 0.0)	(85.0, 0.0)	(86.0, 0.3333333333333333)	(87.0, 0.3333333333333333)	(88.0, 0.0)	(89.0, 0.0)	(90.0, 0.0)	(91.0, 0.3333333333333333)	(92.0, 0.3333333333333333)	(93.0, 0.0)	(94.0, 0.0)	(95.0, 0.0)	(96.0, 0.0)	(97.0, 0.0)	(98.0, 0.3333333333333333)	(99.0, 0.0)	(100.0, 0.0)
SRR29920107_1	(0.0, 0.0)	(1.0, 0.0)	(2.0, 0.0)	(3.0, 0.0)	(4.0, 0.0)	(5.0, 0.0)	(6.0, 0.0)	(7.0, 0.0)	(8.0, 0.0)	(9.0, 0.0)	(10.0, 0.0)	(11.0, 0.0)	(12.0, 0.0)	(13.0, 0.0)	(14.0, 0.0)	(15.0, 0.0)	(16.0, 0.0)	(17.0, 0.0)	(18.0, 0.0)	(19.0, 0.0)	(20.0, 0.0)	(21.0, 0.0)	(22.0, 0.0)	(23.0, 0.0)	(24.0, 0.0)	(25.0, 0.0)	(26.0, 0.0)	(27.0, 0.0)	(28.0, 0.3333333333333333)	(29.0, 0.3333333333333333)	(30.0, 0.3333333333333333)	(31.0, 0.0)	(32.0, 0.0)	(33.0, 0.0)	(34.0, 0.0)	(35.0, 0.0)	(36.0, 0.0)	(37.0, 0.0)	(38.0, 0.3333333333333333)	(39.0, 0.6666666666666666)	(40.0, 1.6666666666666665)	(41.0, 1.0)	(42.0, 0.6666666666666666)	(43.0, 1.0)	(44.0, 0.6666666666666666)	(45.0, 1.6666666666666665)	(46.0, 8.666666666666664)	(47.0, 24.99999999999998)	(48.0, 135.9999999999995)	(49.0, 397.9999999999948)	(50.0, 1408.6666666666256)	(51.0, 3713.0000000005707)	(52.0, 7228.999999997895)	(53.0, 9100.666666665338)	(54.0, 7184.999999997935)	(55.0, 3831.333333333958)	(56.0, 1220.6666666666683)	(57.0, 683.6666666666745)	(58.0, 694.3333333333424)	(59.0, 170.00000000000045)	(60.0, 39.333333333333336)	(61.0, 14.000000000000007)	(62.0, 11.66666666666667)	(63.0, 8.666666666666664)	(64.0, 1.6666666666666665)	(65.0, 1.0)	(66.0, 1.3333333333333333)	(67.0, 1.3333333333333333)	(68.0, 1.3333333333333333)	(69.0, 1.0)	(70.0, 0.0)	(71.0, 0.0)	(72.0, 0.3333333333333333)	(73.0, 0.3333333333333333)	(74.0, 0.0)	(75.0, 0.3333333333333333)	(76.0, 0.3333333333333333)	(77.0, 0.0)	(78.0, 0.0)	(79.0, 0.0)	(80.0, 0.0)	(81.0, 0.0)	(82.0, 0.0)	(83.0, 0.0)	(84.0, 0.0)	(85.0, 0.0)	(86.0, 0.0)	(87.0, 0.0)	(88.0, 0.0)	(89.0, 0.0)	(90.0, 0.0)	(91.0, 0.0)	(92.0, 0.0)	(93.0, 0.0)	(94.0, 0.0)	(95.0, 0.0)	(96.0, 0.0)	(97.0, 0.0)	(98.0, 0.0)	(99.0, 0.0)	(100.0, 0.0)
SRR29920107_2	(0.0, 0.0)	(1.0, 0.0)	(2.0, 0.0)	(3.0, 0.0)	(4.0, 0.0)	(5.0, 0.0)	(6.0, 0.0)	(7.0, 0.0)	(8.0, 0.0)	(9.0, 0.0)	(10.0, 0.0)	(11.0, 0.0)	(12.0, 0.0)	(13.0, 0.0)	(14.0, 0.0)	(15.0, 0.0)	(16.0, 0.0)	(17.0, 0.0)	(18.0, 0.0)	(19.0, 0.0)	(20.0, 0.0)	(21.0, 0.0)	(22.0, 0.0)	(23.0, 0.0)	(24.0, 0.0)	(25.0, 0.0)	(26.0, 0.0)	(27.0, 0.0)	(28.0, 0.0)	(29.0, 0.0)	(30.0, 0.0)	(31.0, 0.0)	(32.0, 0.0)	(33.0, 0.3333333333333333)	(34.0, 0.0)	(35.0, 0.0)	(36.0, 0.3333333333333333)	(37.0, 0.6666666666666666)	(38.0, 0.3333333333333333)	(39.0, 0.0)	(40.0, 0.0)	(41.0, 0.3333333333333333)	(42.0, 0.0)	(43.0, 0.0)	(44.0, 0.3333333333333333)	(45.0, 1.0)	(46.0, 2.333333333333333)	(47.0, 4.333333333333333)	(48.0, 9.333333333333332)	(49.0, 71.00000000000007)	(50.0, 205.00000000000145)	(51.0, 331.66666666666526)	(52.0, 1573.666666666588)	(53.0, 3758.666666667258)	(54.0, 5108.6666666664905)	(55.0, 8180.666666663697)	(56.0, 6288.666666665417)	(57.0, 4093.333333334077)	(58.0, 3044.3333333336)	(59.0, 1176.0000000000118)	(60.0, 1077.0000000000343)	(61.0, 531.9999999999906)	(62.0, 220.33333333333522)	(63.0, 80.33333333333327)	(64.0, 44.33333333333337)	(65.0, 26.66666666666664)	(66.0, 15.000000000000009)	(67.0, 8.33333333333333)	(68.0, 6.999999999999997)	(69.0, 2.6666666666666665)	(70.0, 4.333333333333333)	(71.0, 3.3333333333333335)	(72.0, 2.333333333333333)	(73.0, 0.6666666666666666)	(74.0, 0.6666666666666666)	(75.0, 0.6666666666666666)	(76.0, 1.0)	(77.0, 0.3333333333333333)	(78.0, 0.0)	(79.0, 0.0)	(80.0, 0.0)	(81.0, 0.3333333333333333)	(82.0, 0.0)	(83.0, 0.3333333333333333)	(84.0, 0.0)	(85.0, 0.0)	(86.0, 0.0)	(87.0, 0.0)	(88.0, 0.0)	(89.0, 0.0)	(90.0, 0.0)	(91.0, 0.0)	(92.0, 0.3333333333333333)	(93.0, 0.0)	(94.0, 0.0)	(95.0, 0.0)	(96.0, 0.0)	(97.0, 0.6666666666666666)	(98.0, 0.6666666666666666)	(99.0, 0.0)	(100.0, 0.0)
SRR29920108_1	(0.0, 0.0)	(1.0, 0.0)	(2.0, 0.0)	(3.0, 0.0)	(4.0, 0.0)	(5.0, 0.0)	(6.0, 0.0)	(7.0, 0.0)	(8.0, 0.0)	(9.0, 0.0)	(10.0, 0.0)	(11.0, 0.0)	(12.0, 0.0)	(13.0, 0.0)	(14.0, 0.0)	(15.0, 0.0)	(16.0, 0.0)	(17.0, 0.0)	(18.0, 0.0)	(19.0, 0.0)	(20.0, 0.0)	(21.0, 0.0)	(22.0, 0.0)	(23.0, 0.0)	(24.0, 0.0)	(25.0, 0.0)	(26.0, 0.0)	(27.0, 0.0)	(28.0, 0.0)	(29.0, 0.0)	(30.0, 0.3333333333333333)	(31.0, 0.6666666666666666)	(32.0, 0.3333333333333333)	(33.0, 0.0)	(34.0, 0.0)	(35.0, 0.0)	(36.0, 0.0)	(37.0, 0.3333333333333333)	(38.0, 0.6666666666666666)	(39.0, 0.6666666666666666)	(40.0, 0.6666666666666666)	(41.0, 0.3333333333333333)	(42.0, 0.3333333333333333)	(43.0, 0.6666666666666666)	(44.0, 1.0)	(45.0, 1.0)	(46.0, 10.666666666666668)	(47.0, 56.00000000000012)	(48.0, 100.99999999999964)	(49.0, 568.333333333328)	(50.0, 2704.666666666779)	(51.0, 4183.000000000666)	(52.0, 9539.99999999947)	(53.0, 12774.666666672021)	(54.0, 5056.999999999871)	(55.0, 2070.999999999824)	(56.0, 1423.6666666666222)	(57.0, 493.66666666665606)	(58.0, 422.3333333333268)	(59.0, 141.33333333333297)	(60.0, 32.99999999999996)	(61.0, 10.666666666666668)	(62.0, 4.999999999999999)	(63.0, 3.0)	(64.0, 1.9999999999999998)	(65.0, 2.6666666666666665)	(66.0, 1.6666666666666665)	(67.0, 0.3333333333333333)	(68.0, 0.3333333333333333)	(69.0, 1.3333333333333333)	(70.0, 1.3333333333333333)	(71.0, 0.0)	(72.0, 0.0)	(73.0, 0.0)	(74.0, 0.0)	(75.0, 0.0)	(76.0, 0.0)	(77.0, 0.0)	(78.0, 0.0)	(79.0, 0.0)	(80.0, 0.0)	(81.0, 0.0)	(82.0, 0.0)	(83.0, 0.0)	(84.0, 0.0)	(85.0, 0.0)	(86.0, 0.0)	(87.0, 0.0)	(88.0, 0.0)	(89.0, 0.0)	(90.0, 0.0)	(91.0, 0.0)	(92.0, 0.0)	(93.0, 0.0)	(94.0, 0.0)	(95.0, 0.0)	(96.0, 0.0)	(97.0, 0.0)	(98.0, 0.0)	(99.0, 0.0)	(100.0, 0.0)
SRR29920108_2	(0.0, 0.0)	(1.0, 0.0)	(2.0, 0.0)	(3.0, 0.0)	(4.0, 0.0)	(5.0, 0.0)	(6.0, 0.0)	(7.0, 0.0)	(8.0, 0.0)	(9.0, 0.0)	(10.0, 0.0)	(11.0, 0.0)	(12.0, 0.0)	(13.0, 0.0)	(14.0, 0.0)	(15.0, 0.0)	(16.0, 0.0)	(17.0, 0.0)	(18.0, 0.0)	(19.0, 0.0)	(20.0, 0.0)	(21.0, 0.0)	(22.0, 0.0)	(23.0, 0.0)	(24.0, 0.0)	(25.0, 0.0)	(26.0, 0.0)	(27.0, 0.0)	(28.0, 0.0)	(29.0, 0.0)	(30.0, 0.0)	(31.0, 0.0)	(32.0, 0.0)	(33.0, 0.0)	(34.0, 0.0)	(35.0, 0.0)	(36.0, 0.0)	(37.0, 0.0)	(38.0, 0.0)	(39.0, 0.0)	(40.0, 0.0)	(41.0, 0.3333333333333333)	(42.0, 0.6666666666666666)	(43.0, 0.6666666666666666)	(44.0, 1.0)	(45.0, 0.3333333333333333)	(46.0, 0.6666666666666666)	(47.0, 4.666666666666666)	(48.0, 23.999999999999982)	(49.0, 141.99999999999966)	(50.0, 327.6666666666655)	(51.0, 524.333333333323)	(52.0, 1605.999999999914)	(53.0, 4350.333333333847)	(54.0, 11929.33333333715)	(55.0, 11463.333333336303)	(56.0, 4011.000000000706)	(57.0, 1804.6666666665355)	(58.0, 1035.6666666667104)	(59.0, 1014.6666666667121)	(60.0, 749.0000000000152)	(61.0, 304.6666666666668)	(62.0, 118.99999999999939)	(63.0, 57.333333333333464)	(64.0, 25.33333333333331)	(65.0, 14.333333333333341)	(66.0, 8.33333333333333)	(67.0, 3.3333333333333335)	(68.0, 3.3333333333333335)	(69.0, 1.0)	(70.0, 0.3333333333333333)	(71.0, 0.6666666666666666)	(72.0, 0.3333333333333333)	(73.0, 0.6666666666666666)	(74.0, 0.3333333333333333)	(75.0, 1.0)	(76.0, 0.6666666666666666)	(77.0, 0.3333333333333333)	(78.0, 0.0)	(79.0, 0.3333333333333333)	(80.0, 0.0)	(81.0, 0.0)	(82.0, 0.0)	(83.0, 0.0)	(84.0, 0.0)	(85.0, 0.0)	(86.0, 0.0)	(87.0, 0.0)	(88.0, 0.0)	(89.0, 0.0)	(90.0, 0.0)	(91.0, 0.0)	(92.0, 0.0)	(93.0, 0.0)	(94.0, 0.0)	(95.0, 0.0)	(96.0, 0.0)	(97.0, 0.0)	(98.0, 0.0)	(99.0, 0.0)	(100.0, 0.0)
SRR29920109_1	(0.0, 0.0)	(1.0, 0.0)	(2.0, 0.0)	(3.0, 0.0)	(4.0, 0.0)	(5.0, 0.0)	(6.0, 0.0)	(7.0, 0.0)	(8.0, 0.0)	(9.0, 0.0)	(10.0, 0.0)	(11.0, 0.0)	(12.0, 0.0)	(13.0, 0.0)	(14.0, 0.0)	(15.0, 0.0)	(16.0, 0.0)	(17.0, 0.0)	(18.0, 0.0)	(19.0, 0.0)	(20.0, 0.0)	(21.0, 0.0)	(22.0, 0.0)	(23.0, 0.0)	(24.0, 0.0)	(25.0, 0.0)	(26.0, 0.0)	(27.0, 0.0)	(28.0, 0.0)	(29.0, 0.0)	(30.0, 0.0)	(31.0, 0.0)	(32.0, 0.0)	(33.0, 0.0)	(34.0, 0.0)	(35.0, 0.0)	(36.0, 0.3333333333333333)	(37.0, 0.3333333333333333)	(38.0, 1.0)	(39.0, 1.3333333333333333)	(40.0, 0.0)	(41.0, 0.3333333333333333)	(42.0, 0.3333333333333333)	(43.0, 1.6666666666666665)	(44.0, 1.9999999999999998)	(45.0, 0.3333333333333333)	(46.0, 5.333333333333332)	(47.0, 27.999999999999968)	(48.0, 508.9999999999885)	(49.0, 1126.6666666666897)	(50.0, 949.000000000038)	(51.0, 1010.0000000000449)	(52.0, 2512.6666666666915)	(53.0, 8008.666666663853)	(54.0, 6487.666666665236)	(55.0, 1897.6666666665144)	(56.0, 636.3333333333358)	(57.0, 733.0000000000134)	(58.0, 835.6666666666918)	(59.0, 203.66666666666808)	(60.0, 29.333333333333297)	(61.0, 14.000000000000007)	(62.0, 6.333333333333331)	(63.0, 0.6666666666666666)	(64.0, 1.6666666666666665)	(65.0, 3.0)	(66.0, 1.9999999999999998)	(67.0, 0.6666666666666666)	(68.0, 0.3333333333333333)	(69.0, 0.6666666666666666)	(70.0, 1.0)	(71.0, 0.3333333333333333)	(72.0, 0.3333333333333333)	(73.0, 0.0)	(74.0, 0.0)	(75.0, 0.0)	(76.0, 0.0)	(77.0, 0.0)	(78.0, 0.0)	(79.0, 0.0)	(80.0, 0.0)	(81.0, 0.0)	(82.0, 0.0)	(83.0, 0.0)	(84.0, 0.0)	(85.0, 0.0)	(86.0, 0.0)	(87.0, 0.0)	(88.0, 0.0)	(89.0, 0.0)	(90.0, 0.0)	(91.0, 0.0)	(92.0, 0.0)	(93.0, 0.0)	(94.0, 0.0)	(95.0, 0.0)	(96.0, 0.0)	(97.0, 0.0)	(98.0, 0.0)	(99.0, 0.0)	(100.0, 0.0)
SRR29920109_2	(0.0, 0.0)	(1.0, 0.0)	(2.0, 0.0)	(3.0, 0.0)	(4.0, 0.0)	(5.0, 0.0)	(6.0, 0.0)	(7.0, 0.0)	(8.0, 0.0)	(9.0, 0.0)	(10.0, 0.0)	(11.0, 0.0)	(12.0, 0.0)	(13.0, 0.0)	(14.0, 0.0)	(15.0, 0.0)	(16.0, 0.0)	(17.0, 0.0)	(18.0, 0.0)	(19.0, 0.0)	(20.0, 0.0)	(21.0, 0.0)	(22.0, 0.0)	(23.0, 0.0)	(24.0, 0.0)	(25.0, 0.0)	(26.0, 0.0)	(27.0, 0.0)	(28.0, 0.0)	(29.0, 0.0)	(30.0, 0.0)	(31.0, 0.0)	(32.0, 0.0)	(33.0, 0.0)	(34.0, 0.0)	(35.0, 0.0)	(36.0, 0.0)	(37.0, 0.0)	(38.0, 0.0)	(39.0, 0.0)	(40.0, 0.0)	(41.0, 0.0)	(42.0, 0.0)	(43.0, 0.0)	(44.0, 0.0)	(45.0, 0.0)	(46.0, 0.0)	(47.0, 0.3333333333333333)	(48.0, 1.9999999999999998)	(49.0, 10.0)	(50.0, 36.999999999999986)	(51.0, 129.33333333333263)	(52.0, 422.3333333333268)	(53.0, 878.6666666666966)	(54.0, 3466.0000000004584)	(55.0, 8183.999999997027)	(56.0, 4936.99999999998)	(57.0, 2641.66666666675)	(58.0, 1503.666666666604)	(59.0, 845.3333333333595)	(60.0, 1028.0000000000455)	(61.0, 541.6666666666583)	(62.0, 231.33333333333553)	(63.0, 80.99999999999993)	(64.0, 37.99999999999999)	(65.0, 22.999999999999986)	(66.0, 11.66666666666667)	(67.0, 6.999999999999997)	(68.0, 3.666666666666667)	(69.0, 1.9999999999999998)	(70.0, 1.3333333333333333)	(71.0, 1.9999999999999998)	(72.0, 1.6666666666666665)	(73.0, 0.6666666666666666)	(74.0, 0.6666666666666666)	(75.0, 0.6666666666666666)	(76.0, 1.0)	(77.0, 1.0)	(78.0, 0.3333333333333333)	(79.0, 0.3333333333333333)	(80.0, 0.3333333333333333)	(81.0, 0.0)	(82.0, 0.0)	(83.0, 0.0)	(84.0, 0.3333333333333333)	(85.0, 0.0)	(86.0, 0.3333333333333333)	(87.0, 0.3333333333333333)	(88.0, 0.0)	(89.0, 0.0)	(90.0, 0.0)	(91.0, 0.0)	(92.0, 0.0)	(93.0, 0.0)	(94.0, 0.0)	(95.0, 0.0)	(96.0, 0.0)	(97.0, 0.3333333333333333)	(98.0, 0.3333333333333333)	(99.0, 0.3333333333333333)	(100.0, 0.5)
SRR29920110_1	(0.0, 0.0)	(1.0, 0.0)	(2.0, 0.0)	(3.0, 0.0)	(4.0, 0.0)	(5.0, 0.0)	(6.0, 0.0)	(7.0, 0.0)	(8.0, 0.0)	(9.0, 0.0)	(10.0, 0.0)	(11.0, 0.0)	(12.0, 0.0)	(13.0, 0.0)	(14.0, 0.0)	(15.0, 0.0)	(16.0, 0.0)	(17.0, 0.0)	(18.0, 0.0)	(19.0, 0.0)	(20.0, 0.0)	(21.0, 0.0)	(22.0, 0.0)	(23.0, 0.0)	(24.0, 0.3333333333333333)	(25.0, 0.6666666666666666)	(26.0, 0.3333333333333333)	(27.0, 0.3333333333333333)	(28.0, 0.0)	(29.0, 0.0)	(30.0, 0.0)	(31.0, 0.0)	(32.0, 0.0)	(33.0, 0.0)	(34.0, 0.0)	(35.0, 0.0)	(36.0, 0.6666666666666666)	(37.0, 1.0)	(38.0, 0.0)	(39.0, 0.0)	(40.0, 0.6666666666666666)	(41.0, 1.9999999999999998)	(42.0, 0.6666666666666666)	(43.0, 1.3333333333333333)	(44.0, 1.3333333333333333)	(45.0, 2.333333333333333)	(46.0, 14.000000000000007)	(47.0, 62.00000000000016)	(48.0, 125.33333333333263)	(49.0, 620.0000000000006)	(50.0, 2602.333333333399)	(51.0, 3998.0000000007003)	(52.0, 8020.333333330509)	(53.0, 11160.333333335751)	(54.0, 5505.333333332796)	(55.0, 2490.6666666666815)	(56.0, 1838.999999999861)	(57.0, 729.000000000013)	(58.0, 570.6666666666616)	(59.0, 158.6666666666668)	(60.0, 34.3333333333333)	(61.0, 14.000000000000007)	(62.0, 11.000000000000002)	(63.0, 8.666666666666664)	(64.0, 3.3333333333333335)	(65.0, 1.9999999999999998)	(66.0, 0.6666666666666666)	(67.0, 0.0)	(68.0, 0.3333333333333333)	(69.0, 2.6666666666666665)	(70.0, 1.3333333333333333)	(71.0, 0.6666666666666666)	(72.0, 0.0)	(73.0, 0.3333333333333333)	(74.0, 0.0)	(75.0, 0.0)	(76.0, 0.0)	(77.0, 0.0)	(78.0, 0.0)	(79.0, 0.0)	(80.0, 0.0)	(81.0, 0.0)	(82.0, 0.0)	(83.0, 0.0)	(84.0, 0.0)	(85.0, 0.0)	(86.0, 0.0)	(87.0, 0.0)	(88.0, 0.0)	(89.0, 0.0)	(90.0, 0.0)	(91.0, 0.0)	(92.0, 0.0)	(93.0, 0.0)	(94.0, 0.0)	(95.0, 0.0)	(96.0, 0.0)	(97.0, 0.0)	(98.0, 0.0)	(99.0, 0.0)	(100.0, 0.0)
SRR29920110_2	(0.0, 0.0)	(1.0, 0.0)	(2.0, 0.0)	(3.0, 0.0)	(4.0, 0.0)	(5.0, 0.0)	(6.0, 0.0)	(7.0, 0.0)	(8.0, 0.0)	(9.0, 0.0)	(10.0, 0.0)	(11.0, 0.0)	(12.0, 0.0)	(13.0, 0.0)	(14.0, 0.0)	(15.0, 0.0)	(16.0, 0.0)	(17.0, 0.0)	(18.0, 0.0)	(19.0, 0.0)	(20.0, 0.0)	(21.0, 0.0)	(22.0, 0.0)	(23.0, 0.0)	(24.0, 0.0)	(25.0, 0.0)	(26.0, 0.0)	(27.0, 0.0)	(28.0, 0.0)	(29.0, 0.0)	(30.0, 0.0)	(31.0, 0.0)	(32.0, 0.0)	(33.0, 0.0)	(34.0, 0.0)	(35.0, 0.0)	(36.0, 0.0)	(37.0, 0.0)	(38.0, 0.3333333333333333)	(39.0, 0.3333333333333333)	(40.0, 0.0)	(41.0, 0.0)	(42.0, 0.3333333333333333)	(43.0, 0.3333333333333333)	(44.0, 0.6666666666666666)	(45.0, 0.3333333333333333)	(46.0, 1.6666666666666665)	(47.0, 5.333333333333332)	(48.0, 18.000000000000004)	(49.0, 169.33333333333377)	(50.0, 452.9999999999917)	(51.0, 700.333333333343)	(52.0, 2058.9999999998186)	(53.0, 4647.000000000244)	(54.0, 10869.666666668556)	(55.0, 10386.666666667677)	(56.0, 3553.000000000498)	(57.0, 1605.999999999914)	(58.0, 809.6666666666888)	(59.0, 658.0000000000049)	(60.0, 1049.6666666667072)	(61.0, 653.6666666666711)	(62.0, 195.66666666666785)	(63.0, 68.66666666666677)	(64.0, 33.999999999999964)	(65.0, 20.66666666666666)	(66.0, 12.000000000000004)	(67.0, 7.9999999999999964)	(68.0, 6.333333333333331)	(69.0, 1.9999999999999998)	(70.0, 2.6666666666666665)	(71.0, 2.333333333333333)	(72.0, 1.0)	(73.0, 0.6666666666666666)	(74.0, 1.3333333333333333)	(75.0, 1.0)	(76.0, 0.6666666666666666)	(77.0, 0.0)	(78.0, 0.0)	(79.0, 0.3333333333333333)	(80.0, 0.6666666666666666)	(81.0, 0.3333333333333333)	(82.0, 0.0)	(83.0, 0.3333333333333333)	(84.0, 0.0)	(85.0, 0.0)	(86.0, 0.0)	(87.0, 0.0)	(88.0, 0.0)	(89.0, 0.0)	(90.0, 0.0)	(91.0, 0.0)	(92.0, 0.0)	(93.0, 0.0)	(94.0, 0.0)	(95.0, 0.0)	(96.0, 0.0)	(97.0, 0.0)	(98.0, 0.0)	(99.0, 0.0)	(100.0, 0.0)
SRR29920111_1	(0.0, 0.0)	(1.0, 0.0)	(2.0, 0.0)	(3.0, 0.0)	(4.0, 0.0)	(5.0, 0.0)	(6.0, 0.0)	(7.0, 0.0)	(8.0, 0.0)	(9.0, 0.0)	(10.0, 0.0)	(11.0, 0.0)	(12.0, 0.0)	(13.0, 0.0)	(14.0, 0.0)	(15.0, 0.0)	(16.0, 0.0)	(17.0, 0.0)	(18.0, 0.0)	(19.0, 0.0)	(20.0, 0.0)	(21.0, 0.0)	(22.0, 0.0)	(23.0, 0.0)	(24.0, 0.0)	(25.0, 0.0)	(26.0, 0.0)	(27.0, 0.0)	(28.0, 0.3333333333333333)	(29.0, 0.6666666666666666)	(30.0, 1.0)	(31.0, 0.0)	(32.0, 0.0)	(33.0, 0.3333333333333333)	(34.0, 0.3333333333333333)	(35.0, 0.0)	(36.0, 0.3333333333333333)	(37.0, 0.3333333333333333)	(38.0, 0.3333333333333333)	(39.0, 0.6666666666666666)	(40.0, 1.0)	(41.0, 1.0)	(42.0, 1.0)	(43.0, 0.3333333333333333)	(44.0, 0.6666666666666666)	(45.0, 1.0)	(46.0, 7.33333333333333)	(47.0, 35.33333333333331)	(48.0, 67.00000000000013)	(49.0, 300.0000000000004)	(50.0, 1332.6666666666429)	(51.0, 2541.3333333333712)	(52.0, 6723.666666665022)	(53.0, 12743.33333333863)	(54.0, 7599.333333330892)	(55.0, 2119.666666666513)	(56.0, 1426.9999999999548)	(57.0, 728.6666666666796)	(58.0, 543.9999999999919)	(59.0, 135.66666666666615)	(60.0, 26.333333333333307)	(61.0, 13.000000000000005)	(62.0, 7.666666666666663)	(63.0, 5.333333333333332)	(64.0, 1.6666666666666665)	(65.0, 1.0)	(66.0, 1.0)	(67.0, 0.0)	(68.0, 0.6666666666666666)	(69.0, 1.9999999999999998)	(70.0, 1.6666666666666665)	(71.0, 0.3333333333333333)	(72.0, 0.6666666666666666)	(73.0, 0.3333333333333333)	(74.0, 0.0)	(75.0, 0.0)	(76.0, 0.0)	(77.0, 0.0)	(78.0, 0.0)	(79.0, 0.3333333333333333)	(80.0, 0.0)	(81.0, 0.0)	(82.0, 0.0)	(83.0, 0.0)	(84.0, 0.0)	(85.0, 0.0)	(86.0, 0.0)	(87.0, 0.0)	(88.0, 0.0)	(89.0, 0.0)	(90.0, 0.0)	(91.0, 0.0)	(92.0, 0.0)	(93.0, 0.0)	(94.0, 0.0)	(95.0, 0.0)	(96.0, 0.0)	(97.0, 0.0)	(98.0, 0.0)	(99.0, 0.0)	(100.0, 0.0)
SRR29920111_2	(0.0, 0.0)	(1.0, 0.0)	(2.0, 0.0)	(3.0, 0.0)	(4.0, 0.0)	(5.0, 0.0)	(6.0, 0.0)	(7.0, 0.0)	(8.0, 0.0)	(9.0, 0.0)	(10.0, 0.0)	(11.0, 0.0)	(12.0, 0.0)	(13.0, 0.0)	(14.0, 0.0)	(15.0, 0.0)	(16.0, 0.0)	(17.0, 0.0)	(18.0, 0.0)	(19.0, 0.0)	(20.0, 0.0)	(21.0, 0.0)	(22.0, 0.0)	(23.0, 0.0)	(24.0, 0.0)	(25.0, 0.0)	(26.0, 0.0)	(27.0, 0.0)	(28.0, 0.0)	(29.0, 0.0)	(30.0, 0.0)	(31.0, 0.0)	(32.0, 0.0)	(33.0, 0.0)	(34.0, 0.0)	(35.0, 0.0)	(36.0, 0.0)	(37.0, 0.0)	(38.0, 0.3333333333333333)	(39.0, 0.3333333333333333)	(40.0, 0.0)	(41.0, 0.0)	(42.0, 0.3333333333333333)	(43.0, 1.0)	(44.0, 1.0)	(45.0, 1.0)	(46.0, 1.9999999999999998)	(47.0, 3.666666666666667)	(48.0, 9.333333333333332)	(49.0, 41.000000000000014)	(50.0, 114.66666666666612)	(51.0, 342.66666666666464)	(52.0, 1750.999999999881)	(53.0, 3383.333333333754)	(54.0, 7237.999999997887)	(55.0, 11382.66666666949)	(56.0, 7051.33333333139)	(57.0, 1913.6666666665108)	(58.0, 885.3333333333641)	(59.0, 824.6666666666905)	(60.0, 849.6666666666933)	(61.0, 361.33333333333024)	(62.0, 131.66666666666603)	(63.0, 59.00000000000014)	(64.0, 30.999999999999957)	(65.0, 13.33333333333334)	(66.0, 6.999999999999997)	(67.0, 5.666666666666665)	(68.0, 3.666666666666667)	(69.0, 2.333333333333333)	(70.0, 1.9999999999999998)	(71.0, 1.9999999999999998)	(72.0, 0.6666666666666666)	(73.0, 0.6666666666666666)	(74.0, 1.0)	(75.0, 0.3333333333333333)	(76.0, 0.0)	(77.0, 0.0)	(78.0, 0.0)	(79.0, 0.0)	(80.0, 0.0)	(81.0, 0.0)	(82.0, 0.0)	(83.0, 0.0)	(84.0, 0.0)	(85.0, 0.0)	(86.0, 0.0)	(87.0, 0.0)	(88.0, 0.0)	(89.0, 0.0)	(90.0, 0.0)	(91.0, 0.0)	(92.0, 0.0)	(93.0, 0.0)	(94.0, 0.0)	(95.0, 0.0)	(96.0, 0.0)	(97.0, 0.0)	(98.0, 0.0)	(99.0, 0.0)	(100.0, 0.0)
SRR29920112_1	(0.0, 0.0)	(1.0, 0.0)	(2.0, 0.0)	(3.0, 0.0)	(4.0, 0.0)	(5.0, 0.0)	(6.0, 0.0)	(7.0, 0.0)	(8.0, 0.0)	(9.0, 0.0)	(10.0, 0.0)	(11.0, 0.0)	(12.0, 0.0)	(13.0, 0.0)	(14.0, 0.0)	(15.0, 0.0)	(16.0, 0.0)	(17.0, 0.0)	(18.0, 0.0)	(19.0, 0.0)	(20.0, 0.0)	(21.0, 0.0)	(22.0, 0.0)	(23.0, 0.0)	(24.0, 0.0)	(25.0, 0.0)	(26.0, 0.0)	(27.0, 0.0)	(28.0, 0.0)	(29.0, 0.0)	(30.0, 0.0)	(31.0, 0.0)	(32.0, 0.0)	(33.0, 0.0)	(34.0, 0.6666666666666666)	(35.0, 0.6666666666666666)	(36.0, 0.3333333333333333)	(37.0, 0.3333333333333333)	(38.0, 0.3333333333333333)	(39.0, 0.3333333333333333)	(40.0, 1.0)	(41.0, 0.0)	(42.0, 0.3333333333333333)	(43.0, 1.0)	(44.0, 1.0)	(45.0, 2.333333333333333)	(46.0, 30.999999999999957)	(47.0, 173.33333333333388)	(48.0, 312.99999999999966)	(49.0, 745.3333333333482)	(50.0, 5215.33333333306)	(51.0, 11809.000000003598)	(52.0, 6845.666666664911)	(53.0, 4224.3333333339615)	(54.0, 4043.000000000721)	(55.0, 3413.0000000004343)	(56.0, 1899.3333333331807)	(57.0, 1047.6666666667077)	(58.0, 1150.333333333351)	(59.0, 280.66666666666816)	(60.0, 51.000000000000085)	(61.0, 22.33333333333332)	(62.0, 9.666666666666666)	(63.0, 4.333333333333333)	(64.0, 1.9999999999999998)	(65.0, 0.3333333333333333)	(66.0, 0.3333333333333333)	(67.0, 0.3333333333333333)	(68.0, 2.333333333333333)	(69.0, 2.333333333333333)	(70.0, 0.6666666666666666)	(71.0, 0.0)	(72.0, 0.0)	(73.0, 0.3333333333333333)	(74.0, 0.3333333333333333)	(75.0, 0.0)	(76.0, 0.0)	(77.0, 0.0)	(78.0, 0.0)	(79.0, 0.0)	(80.0, 0.0)	(81.0, 0.0)	(82.0, 0.0)	(83.0, 0.0)	(84.0, 0.0)	(85.0, 0.0)	(86.0, 0.0)	(87.0, 0.0)	(88.0, 0.0)	(89.0, 0.0)	(90.0, 0.0)	(91.0, 0.0)	(92.0, 0.0)	(93.0, 0.0)	(94.0, 0.0)	(95.0, 0.0)	(96.0, 0.0)	(97.0, 0.0)	(98.0, 0.0)	(99.0, 0.0)	(100.0, 0.0)
SRR29920112_2	(0.0, 0.0)	(1.0, 0.0)	(2.0, 0.0)	(3.0, 0.0)	(4.0, 0.0)	(5.0, 0.0)	(6.0, 0.0)	(7.0, 0.0)	(8.0, 0.0)	(9.0, 0.0)	(10.0, 0.0)	(11.0, 0.0)	(12.0, 0.0)	(13.0, 0.0)	(14.0, 0.0)	(15.0, 0.0)	(16.0, 0.0)	(17.0, 0.0)	(18.0, 0.0)	(19.0, 0.0)	(20.0, 0.0)	(21.0, 0.0)	(22.0, 0.0)	(23.0, 0.0)	(24.0, 0.0)	(25.0, 0.0)	(26.0, 0.0)	(27.0, 0.0)	(28.0, 0.0)	(29.0, 0.0)	(30.0, 0.0)	(31.0, 0.0)	(32.0, 0.3333333333333333)	(33.0, 0.3333333333333333)	(34.0, 0.0)	(35.0, 0.0)	(36.0, 0.0)	(37.0, 0.0)	(38.0, 0.0)	(39.0, 0.0)	(40.0, 0.0)	(41.0, 0.0)	(42.0, 0.0)	(43.0, 0.0)	(44.0, 0.3333333333333333)	(45.0, 1.0)	(46.0, 0.6666666666666666)	(47.0, 1.3333333333333333)	(48.0, 14.666666666666675)	(49.0, 265.0000000000024)	(50.0, 843.0000000000259)	(51.0, 1046.0000000000414)	(52.0, 1382.9999999999648)	(53.0, 5415.333333332878)	(54.0, 10200.333333334005)	(55.0, 8283.333333330518)	(56.0, 4715.000000000182)	(57.0, 3037.333333333597)	(58.0, 2094.6666666665014)	(59.0, 1325.3333333333112)	(60.0, 1528.333333333265)	(61.0, 737.6666666666806)	(62.0, 218.00000000000182)	(63.0, 87.6666666666665)	(64.0, 46.66666666666672)	(65.0, 28.666666666666632)	(66.0, 14.666666666666675)	(67.0, 9.666666666666666)	(68.0, 5.333333333333332)	(69.0, 2.6666666666666665)	(70.0, 3.0)	(71.0, 1.6666666666666665)	(72.0, 1.0)	(73.0, 0.3333333333333333)	(74.0, 0.6666666666666666)	(75.0, 1.0)	(76.0, 1.0)	(77.0, 1.0)	(78.0, 0.3333333333333333)	(79.0, 0.6666666666666666)	(80.0, 0.0)	(81.0, 0.0)	(82.0, 0.0)	(83.0, 0.0)	(84.0, 0.0)	(85.0, 0.0)	(86.0, 0.0)	(87.0, 0.0)	(88.0, 0.0)	(89.0, 0.0)	(90.0, 0.0)	(91.0, 0.0)	(92.0, 0.0)	(93.0, 0.0)	(94.0, 0.0)	(95.0, 0.0)	(96.0, 0.0)	(97.0, 0.0)	(98.0, 0.0)	(99.0, 0.0)	(100.0, 0.0)
SRR29920113_1	(0.0, 0.0)	(1.0, 0.0)	(2.0, 0.0)	(3.0, 0.0)	(4.0, 0.0)	(5.0, 0.0)	(6.0, 0.0)	(7.0, 0.0)	(8.0, 0.0)	(9.0, 0.0)	(10.0, 0.0)	(11.0, 0.0)	(12.0, 0.0)	(13.0, 0.0)	(14.0, 0.0)	(15.0, 0.0)	(16.0, 0.0)	(17.0, 0.0)	(18.0, 0.0)	(19.0, 0.0)	(20.0, 0.0)	(21.0, 0.0)	(22.0, 0.0)	(23.0, 0.0)	(24.0, 0.0)	(25.0, 0.3333333333333333)	(26.0, 0.3333333333333333)	(27.0, 0.0)	(28.0, 0.0)	(29.0, 0.0)	(30.0, 0.3333333333333333)	(31.0, 0.0)	(32.0, 0.0)	(33.0, 0.3333333333333333)	(34.0, 0.3333333333333333)	(35.0, 0.0)	(36.0, 0.0)	(37.0, 0.0)	(38.0, 0.0)	(39.0, 0.3333333333333333)	(40.0, 0.0)	(41.0, 0.6666666666666666)	(42.0, 1.3333333333333333)	(43.0, 0.6666666666666666)	(44.0, 0.3333333333333333)	(45.0, 1.3333333333333333)	(46.0, 11.66666666666667)	(47.0, 69.33333333333343)	(48.0, 343.6666666666646)	(49.0, 706.6666666666771)	(50.0, 878.3333333333633)	(51.0, 1341.999999999974)	(52.0, 3379.000000000419)	(53.0, 8281.333333330515)	(54.0, 6693.999999998382)	(55.0, 2108.666666666508)	(56.0, 585.33333333333)	(57.0, 809.3333333333554)	(58.0, 846.666666666693)	(59.0, 184.00000000000085)	(60.0, 24.99999999999998)	(61.0, 9.666666666666666)	(62.0, 6.333333333333331)	(63.0, 1.3333333333333333)	(64.0, 1.9999999999999998)	(65.0, 1.0)	(66.0, 0.0)	(67.0, 0.0)	(68.0, 0.0)	(69.0, 0.3333333333333333)	(70.0, 0.3333333333333333)	(71.0, 0.0)	(72.0, 0.0)	(73.0, 0.0)	(74.0, 0.0)	(75.0, 0.0)	(76.0, 0.0)	(77.0, 0.0)	(78.0, 0.0)	(79.0, 0.0)	(80.0, 0.0)	(81.0, 0.0)	(82.0, 0.0)	(83.0, 0.0)	(84.0, 0.0)	(85.0, 0.0)	(86.0, 0.0)	(87.0, 0.0)	(88.0, 0.0)	(89.0, 0.0)	(90.0, 0.0)	(91.0, 0.0)	(92.0, 0.0)	(93.0, 0.0)	(94.0, 0.0)	(95.0, 0.0)	(96.0, 0.0)	(97.0, 0.0)	(98.0, 0.0)	(99.0, 0.0)	(100.0, 0.0)
SRR29920113_2	(0.0, 0.0)	(1.0, 0.0)	(2.0, 0.0)	(3.0, 0.0)	(4.0, 0.0)	(5.0, 0.0)	(6.0, 0.0)	(7.0, 0.0)	(8.0, 0.0)	(9.0, 0.0)	(10.0, 0.0)	(11.0, 0.0)	(12.0, 0.0)	(13.0, 0.0)	(14.0, 0.0)	(15.0, 0.0)	(16.0, 0.0)	(17.0, 0.0)	(18.0, 0.0)	(19.0, 0.0)	(20.0, 0.0)	(21.0, 0.0)	(22.0, 0.0)	(23.0, 0.0)	(24.0, 0.0)	(25.0, 0.0)	(26.0, 0.0)	(27.0, 0.0)	(28.0, 0.0)	(29.0, 0.0)	(30.0, 0.0)	(31.0, 0.0)	(32.0, 0.0)	(33.0, 0.0)	(34.0, 0.0)	(35.0, 0.0)	(36.0, 0.0)	(37.0, 0.0)	(38.0, 0.0)	(39.0, 0.0)	(40.0, 0.0)	(41.0, 0.3333333333333333)	(42.0, 0.3333333333333333)	(43.0, 0.3333333333333333)	(44.0, 0.0)	(45.0, 0.0)	(46.0, 0.3333333333333333)	(47.0, 1.6666666666666665)	(48.0, 3.666666666666667)	(49.0, 7.9999999999999964)	(50.0, 28.3333333333333)	(51.0, 85.3333333333332)	(52.0, 321.66666666666583)	(53.0, 936.6666666667032)	(54.0, 3818.6666666672854)	(55.0, 8145.666666663728)	(56.0, 5362.6666666662595)	(57.0, 2763.0000000001387)	(58.0, 1607.333333333247)	(59.0, 829.0000000000243)	(60.0, 1085.0000000000325)	(61.0, 755.3333333333493)	(62.0, 408.9999999999942)	(63.0, 127.99999999999926)	(64.0, 43.6666666666667)	(65.0, 20.66666666666666)	(66.0, 15.666666666666677)	(67.0, 7.9999999999999964)	(68.0, 4.0)	(69.0, 2.6666666666666665)	(70.0, 2.333333333333333)	(71.0, 2.333333333333333)	(72.0, 1.3333333333333333)	(73.0, 2.333333333333333)	(74.0, 1.3333333333333333)	(75.0, 0.3333333333333333)	(76.0, 0.6666666666666666)	(77.0, 0.3333333333333333)	(78.0, 0.0)	(79.0, 0.6666666666666666)	(80.0, 0.6666666666666666)	(81.0, 0.0)	(82.0, 0.0)	(83.0, 0.3333333333333333)	(84.0, 0.3333333333333333)	(85.0, 0.0)	(86.0, 0.0)	(87.0, 0.0)	(88.0, 0.0)	(89.0, 0.0)	(90.0, 0.0)	(91.0, 0.0)	(92.0, 0.0)	(93.0, 0.0)	(94.0, 0.0)	(95.0, 0.0)	(96.0, 0.0)	(97.0, 0.0)	(98.0, 0.0)	(99.0, 0.0)	(100.0, 0.0)
SRR29920114_1	(0.0, 0.0)	(1.0, 0.0)	(2.0, 0.0)	(3.0, 0.0)	(4.0, 0.0)	(5.0, 0.0)	(6.0, 0.0)	(7.0, 0.0)	(8.0, 0.0)	(9.0, 0.0)	(10.0, 0.0)	(11.0, 0.0)	(12.0, 0.0)	(13.0, 0.0)	(14.0, 0.0)	(15.0, 0.0)	(16.0, 0.0)	(17.0, 0.0)	(18.0, 0.0)	(19.0, 0.0)	(20.0, 0.0)	(21.0, 0.0)	(22.0, 0.0)	(23.0, 0.0)	(24.0, 0.0)	(25.0, 0.0)	(26.0, 0.0)	(27.0, 0.0)	(28.0, 0.0)	(29.0, 0.0)	(30.0, 0.0)	(31.0, 0.0)	(32.0, 0.0)	(33.0, 0.3333333333333333)	(34.0, 0.3333333333333333)	(35.0, 0.0)	(36.0, 0.0)	(37.0, 0.0)	(38.0, 0.0)	(39.0, 0.0)	(40.0, 0.0)	(41.0, 0.3333333333333333)	(42.0, 0.3333333333333333)	(43.0, 2.333333333333333)	(44.0, 1.9999999999999998)	(45.0, 3.3333333333333335)	(46.0, 13.666666666666673)	(47.0, 103.66666666666627)	(48.0, 818.3333333333564)	(49.0, 1738.3333333332173)	(50.0, 2186.9999999998768)	(51.0, 2834.3333333335045)	(52.0, 5991.9999999990205)	(53.0, 14848.000000009126)	(54.0, 12514.00000000488)	(55.0, 4456.0000000004175)	(56.0, 1130.0000000000223)	(57.0, 1368.999999999968)	(58.0, 1493.6666666666063)	(59.0, 328.3333333333321)	(60.0, 54.66666666666678)	(61.0, 20.66666666666666)	(62.0, 8.999999999999998)	(63.0, 1.9999999999999998)	(64.0, 2.6666666666666665)	(65.0, 3.666666666666667)	(66.0, 2.6666666666666665)	(67.0, 0.6666666666666666)	(68.0, 1.3333333333333333)	(69.0, 1.9999999999999998)	(70.0, 1.0)	(71.0, 0.6666666666666666)	(72.0, 0.6666666666666666)	(73.0, 0.3333333333333333)	(74.0, 0.0)	(75.0, 0.0)	(76.0, 0.0)	(77.0, 0.0)	(78.0, 0.0)	(79.0, 0.0)	(80.0, 0.0)	(81.0, 0.0)	(82.0, 0.0)	(83.0, 0.0)	(84.0, 0.0)	(85.0, 0.0)	(86.0, 0.0)	(87.0, 0.0)	(88.0, 0.0)	(89.0, 0.0)	(90.0, 0.0)	(91.0, 0.0)	(92.0, 0.0)	(93.0, 0.0)	(94.0, 0.0)	(95.0, 0.0)	(96.0, 0.0)	(97.0, 0.0)	(98.0, 0.0)	(99.0, 0.0)	(100.0, 0.0)
SRR29920114_2	(0.0, 0.0)	(1.0, 0.0)	(2.0, 0.0)	(3.0, 0.0)	(4.0, 0.0)	(5.0, 0.0)	(6.0, 0.0)	(7.0, 0.0)	(8.0, 0.0)	(9.0, 0.0)	(10.0, 0.0)	(11.0, 0.0)	(12.0, 0.0)	(13.0, 0.0)	(14.0, 0.0)	(15.0, 0.0)	(16.0, 0.0)	(17.0, 0.0)	(18.0, 0.0)	(19.0, 0.0)	(20.0, 0.0)	(21.0, 0.0)	(22.0, 0.0)	(23.0, 0.0)	(24.0, 0.0)	(25.0, 0.0)	(26.0, 0.0)	(27.0, 0.0)	(28.0, 0.0)	(29.0, 0.0)	(30.0, 0.3333333333333333)	(31.0, 0.3333333333333333)	(32.0, 0.0)	(33.0, 0.0)	(34.0, 0.0)	(35.0, 0.0)	(36.0, 0.0)	(37.0, 0.0)	(38.0, 0.0)	(39.0, 0.0)	(40.0, 0.3333333333333333)	(41.0, 0.3333333333333333)	(42.0, 0.0)	(43.0, 0.6666666666666666)	(44.0, 0.3333333333333333)	(45.0, 0.3333333333333333)	(46.0, 2.333333333333333)	(47.0, 1.9999999999999998)	(48.0, 3.3333333333333335)	(49.0, 20.999999999999993)	(50.0, 89.33333333333314)	(51.0, 231.0000000000022)	(52.0, 814.0000000000226)	(53.0, 2216.666666666557)	(54.0, 7525.999999997625)	(55.0, 14810.000000009057)	(56.0, 9310.333333332386)	(57.0, 5698.999999999287)	(58.0, 3605.6666666671886)	(59.0, 1567.3333333332562)	(60.0, 1976.6666666664964)	(61.0, 1194.333333333341)	(62.0, 567.9999999999947)	(63.0, 172.33333333333385)	(64.0, 73.6666666666667)	(65.0, 34.666666666666636)	(66.0, 23.333333333333318)	(67.0, 13.000000000000005)	(68.0, 11.000000000000002)	(69.0, 8.33333333333333)	(70.0, 5.666666666666665)	(71.0, 4.0)	(72.0, 3.0)	(73.0, 2.333333333333333)	(74.0, 2.333333333333333)	(75.0, 1.6666666666666665)	(76.0, 0.6666666666666666)	(77.0, 0.6666666666666666)	(78.0, 1.3333333333333333)	(79.0, 1.3333333333333333)	(80.0, 0.0)	(81.0, 0.0)	(82.0, 0.3333333333333333)	(83.0, 0.3333333333333333)	(84.0, 0.0)	(85.0, 0.3333333333333333)	(86.0, 0.3333333333333333)	(87.0, 0.0)	(88.0, 0.0)	(89.0, 0.0)	(90.0, 0.0)	(91.0, 0.0)	(92.0, 0.0)	(93.0, 0.0)	(94.0, 0.0)	(95.0, 0.0)	(96.0, 0.0)	(97.0, 0.0)	(98.0, 0.0)	(99.0, 1.0)	(100.0, 1.5)
SRR29920115_1	(0.0, 0.0)	(1.0, 0.0)	(2.0, 0.0)	(3.0, 0.0)	(4.0, 0.0)	(5.0, 0.0)	(6.0, 0.0)	(7.0, 0.0)	(8.0, 0.0)	(9.0, 0.0)	(10.0, 0.0)	(11.0, 0.0)	(12.0, 0.0)	(13.0, 0.0)	(14.0, 0.0)	(15.0, 0.0)	(16.0, 0.0)	(17.0, 0.0)	(18.0, 0.0)	(19.0, 0.0)	(20.0, 0.0)	(21.0, 0.0)	(22.0, 0.0)	(23.0, 0.0)	(24.0, 0.0)	(25.0, 0.0)	(26.0, 0.0)	(27.0, 0.0)	(28.0, 0.0)	(29.0, 0.0)	(30.0, 0.0)	(31.0, 0.0)	(32.0, 0.0)	(33.0, 0.0)	(34.0, 0.0)	(35.0, 0.0)	(36.0, 0.0)	(37.0, 0.0)	(38.0, 0.3333333333333333)	(39.0, 0.3333333333333333)	(40.0, 0.3333333333333333)	(41.0, 0.3333333333333333)	(42.0, 0.3333333333333333)	(43.0, 0.6666666666666666)	(44.0, 0.6666666666666666)	(45.0, 1.0)	(46.0, 7.33333333333333)	(47.0, 31.999999999999954)	(48.0, 239.6666666666691)	(49.0, 680.0000000000074)	(50.0, 1353.9999999999714)	(51.0, 1725.3333333332203)	(52.0, 3573.000000000507)	(53.0, 9768.999999999887)	(54.0, 7289.333333331174)	(55.0, 1872.9999999998533)	(56.0, 628.3333333333348)	(57.0, 1377.6666666666326)	(58.0, 1538.9999999999293)	(59.0, 309.3333333333332)	(60.0, 42.66666666666669)	(61.0, 13.666666666666673)	(62.0, 5.666666666666665)	(63.0, 3.3333333333333335)	(64.0, 1.3333333333333333)	(65.0, 1.6666666666666665)	(66.0, 1.3333333333333333)	(67.0, 0.6666666666666666)	(68.0, 0.0)	(69.0, 0.3333333333333333)	(70.0, 0.3333333333333333)	(71.0, 0.3333333333333333)	(72.0, 0.0)	(73.0, 0.0)	(74.0, 0.0)	(75.0, 0.0)	(76.0, 0.0)	(77.0, 0.0)	(78.0, 0.0)	(79.0, 0.0)	(80.0, 0.0)	(81.0, 0.0)	(82.0, 0.0)	(83.0, 0.0)	(84.0, 0.0)	(85.0, 0.0)	(86.0, 0.0)	(87.0, 0.0)	(88.0, 0.0)	(89.0, 0.0)	(90.0, 0.0)	(91.0, 0.0)	(92.0, 0.0)	(93.0, 0.0)	(94.0, 0.0)	(95.0, 0.0)	(96.0, 0.0)	(97.0, 0.0)	(98.0, 0.0)	(99.0, 0.0)	(100.0, 0.0)
SRR29920115_2	(0.0, 0.0)	(1.0, 0.0)	(2.0, 0.0)	(3.0, 0.0)	(4.0, 0.0)	(5.0, 0.0)	(6.0, 0.0)	(7.0, 0.0)	(8.0, 0.0)	(9.0, 0.0)	(10.0, 0.0)	(11.0, 0.0)	(12.0, 0.0)	(13.0, 0.0)	(14.0, 0.0)	(15.0, 0.0)	(16.0, 0.0)	(17.0, 0.0)	(18.0, 0.0)	(19.0, 0.0)	(20.0, 0.0)	(21.0, 0.0)	(22.0, 0.0)	(23.0, 0.0)	(24.0, 0.0)	(25.0, 0.0)	(26.0, 0.0)	(27.0, 0.0)	(28.0, 0.0)	(29.0, 0.0)	(30.0, 0.0)	(31.0, 0.0)	(32.0, 0.0)	(33.0, 0.0)	(34.0, 0.0)	(35.0, 0.3333333333333333)	(36.0, 0.0)	(37.0, 0.0)	(38.0, 0.0)	(39.0, 0.3333333333333333)	(40.0, 0.0)	(41.0, 0.0)	(42.0, 0.0)	(43.0, 0.0)	(44.0, 0.3333333333333333)	(45.0, 0.3333333333333333)	(46.0, 0.3333333333333333)	(47.0, 1.9999999999999998)	(48.0, 3.666666666666667)	(49.0, 23.999999999999982)	(50.0, 63.00000000000017)	(51.0, 84.33333333333321)	(52.0, 261.0000000000026)	(53.0, 1106.0000000000277)	(54.0, 5043.66666666655)	(55.0, 10055.666666667075)	(56.0, 5689.333333332629)	(57.0, 2267.9999999999136)	(58.0, 1351.6666666666385)	(59.0, 956.0000000000388)	(60.0, 1570.6666666665888)	(61.0, 1075.6666666667013)	(62.0, 608.666666666666)	(63.0, 146.33333333333312)	(64.0, 65.33333333333348)	(65.0, 31.66666666666662)	(66.0, 13.33333333333334)	(67.0, 9.333333333333332)	(68.0, 6.333333333333331)	(69.0, 4.666666666666666)	(70.0, 3.3333333333333335)	(71.0, 1.9999999999999998)	(72.0, 1.6666666666666665)	(73.0, 2.333333333333333)	(74.0, 1.6666666666666665)	(75.0, 1.9999999999999998)	(76.0, 0.6666666666666666)	(77.0, 0.3333333333333333)	(78.0, 0.6666666666666666)	(79.0, 0.6666666666666666)	(80.0, 0.0)	(81.0, 0.3333333333333333)	(82.0, 0.0)	(83.0, 0.0)	(84.0, 0.0)	(85.0, 0.0)	(86.0, 0.0)	(87.0, 0.0)	(88.0, 0.0)	(89.0, 0.0)	(90.0, 0.0)	(91.0, 0.0)	(92.0, 0.0)	(93.0, 0.0)	(94.0, 0.0)	(95.0, 0.0)	(96.0, 0.0)	(97.0, 0.3333333333333333)	(98.0, 0.3333333333333333)	(99.0, 0.0)	(100.0, 0.0)
SRR29920116_1	(0.0, 0.0)	(1.0, 0.0)	(2.0, 0.0)	(3.0, 0.0)	(4.0, 0.0)	(5.0, 0.0)	(6.0, 0.0)	(7.0, 0.0)	(8.0, 0.0)	(9.0, 0.0)	(10.0, 0.0)	(11.0, 0.0)	(12.0, 0.0)	(13.0, 0.0)	(14.0, 0.0)	(15.0, 0.0)	(16.0, 0.0)	(17.0, 0.0)	(18.0, 0.0)	(19.0, 0.0)	(20.0, 0.0)	(21.0, 0.0)	(22.0, 0.0)	(23.0, 0.0)	(24.0, 0.0)	(25.0, 0.0)	(26.0, 0.0)	(27.0, 0.0)	(28.0, 0.0)	(29.0, 0.0)	(30.0, 0.3333333333333333)	(31.0, 0.3333333333333333)	(32.0, 0.0)	(33.0, 0.0)	(34.0, 0.0)	(35.0, 0.0)	(36.0, 0.0)	(37.0, 0.3333333333333333)	(38.0, 0.6666666666666666)	(39.0, 0.0)	(40.0, 0.6666666666666666)	(41.0, 0.3333333333333333)	(42.0, 0.6666666666666666)	(43.0, 1.3333333333333333)	(44.0, 1.3333333333333333)	(45.0, 1.3333333333333333)	(46.0, 1.9999999999999998)	(47.0, 6.333333333333331)	(48.0, 36.66666666666665)	(49.0, 266.66666666666896)	(50.0, 1328.3333333333105)	(51.0, 3664.0000000005484)	(52.0, 6396.666666665319)	(53.0, 11116.666666669005)	(54.0, 9614.33333333294)	(55.0, 4251.66666666727)	(56.0, 1901.3333333331802)	(57.0, 1400.6666666666274)	(58.0, 1141.0000000000198)	(59.0, 254.33333333333618)	(60.0, 66.00000000000014)	(61.0, 21.333333333333325)	(62.0, 14.000000000000007)	(63.0, 4.333333333333333)	(64.0, 1.9999999999999998)	(65.0, 1.9999999999999998)	(66.0, 1.3333333333333333)	(67.0, 0.6666666666666666)	(68.0, 0.3333333333333333)	(69.0, 1.6666666666666665)	(70.0, 1.6666666666666665)	(71.0, 1.0)	(72.0, 0.0)	(73.0, 0.0)	(74.0, 0.0)	(75.0, 0.0)	(76.0, 0.0)	(77.0, 0.0)	(78.0, 0.0)	(79.0, 0.0)	(80.0, 0.0)	(81.0, 0.0)	(82.0, 0.0)	(83.0, 0.0)	(84.0, 0.0)	(85.0, 0.0)	(86.0, 0.0)	(87.0, 0.0)	(88.0, 0.0)	(89.0, 0.0)	(90.0, 0.0)	(91.0, 0.0)	(92.0, 0.0)	(93.0, 0.0)	(94.0, 0.0)	(95.0, 0.0)	(96.0, 0.0)	(97.0, 0.0)	(98.0, 0.0)	(99.0, 0.0)	(100.0, 0.0)
SRR29920116_2	(0.0, 0.0)	(1.0, 0.0)	(2.0, 0.0)	(3.0, 0.0)	(4.0, 0.0)	(5.0, 0.0)	(6.0, 0.0)	(7.0, 0.0)	(8.0, 0.0)	(9.0, 0.0)	(10.0, 0.0)	(11.0, 0.0)	(12.0, 0.0)	(13.0, 0.0)	(14.0, 0.0)	(15.0, 0.0)	(16.0, 0.0)	(17.0, 0.0)	(18.0, 0.0)	(19.0, 0.0)	(20.0, 0.0)	(21.0, 0.0)	(22.0, 0.0)	(23.0, 0.0)	(24.0, 0.0)	(25.0, 0.0)	(26.0, 0.0)	(27.0, 0.0)	(28.0, 0.0)	(29.0, 0.0)	(30.0, 0.0)	(31.0, 0.0)	(32.0, 0.0)	(33.0, 0.0)	(34.0, 0.0)	(35.0, 0.0)	(36.0, 0.6666666666666666)	(37.0, 0.0)	(38.0, 0.6666666666666666)	(39.0, 1.6666666666666665)	(40.0, 0.6666666666666666)	(41.0, 0.0)	(42.0, 0.3333333333333333)	(43.0, 1.6666666666666665)	(44.0, 2.6666666666666665)	(45.0, 1.0)	(46.0, 1.3333333333333333)	(47.0, 1.9999999999999998)	(48.0, 3.3333333333333335)	(49.0, 18.000000000000004)	(50.0, 66.33333333333347)	(51.0, 236.66666666666902)	(52.0, 1722.6666666665542)	(53.0, 3867.333333333974)	(54.0, 5436.999999999525)	(55.0, 10971.666666668742)	(56.0, 7527.333333330957)	(57.0, 4147.3333333340315)	(58.0, 2745.6666666667975)	(59.0, 1355.6666666666376)	(60.0, 1394.3333333332955)	(61.0, 964.6666666667064)	(62.0, 616.0000000000001)	(63.0, 150.33333333333323)	(64.0, 63.333333333333506)	(65.0, 32.66666666666662)	(66.0, 15.666666666666677)	(67.0, 8.666666666666664)	(68.0, 6.999999999999997)	(69.0, 6.333333333333331)	(70.0, 4.333333333333333)	(71.0, 4.333333333333333)	(72.0, 3.666666666666667)	(73.0, 4.0)	(74.0, 1.9999999999999998)	(75.0, 1.3333333333333333)	(76.0, 1.9999999999999998)	(77.0, 1.3333333333333333)	(78.0, 1.3333333333333333)	(79.0, 1.6666666666666665)	(80.0, 0.3333333333333333)	(81.0, 0.0)	(82.0, 0.3333333333333333)	(83.0, 0.0)	(84.0, 0.0)	(85.0, 0.0)	(86.0, 0.0)	(87.0, 0.0)	(88.0, 0.0)	(89.0, 0.0)	(90.0, 0.0)	(91.0, 0.0)	(92.0, 0.0)	(93.0, 0.0)	(94.0, 0.0)	(95.0, 0.0)	(96.0, 0.0)	(97.0, 0.0)	(98.0, 0.0)	(99.0, 0.0)	(100.0, 0.0)
SRR29920117_1	(0.0, 0.0)	(1.0, 0.0)	(2.0, 0.0)	(3.0, 0.0)	(4.0, 0.0)	(5.0, 0.0)	(6.0, 0.0)	(7.0, 0.0)	(8.0, 0.0)	(9.0, 0.0)	(10.0, 0.0)	(11.0, 0.0)	(12.0, 0.0)	(13.0, 0.0)	(14.0, 0.0)	(15.0, 0.0)	(16.0, 0.0)	(17.0, 0.0)	(18.0, 0.0)	(19.0, 0.0)	(20.0, 0.0)	(21.0, 0.0)	(22.0, 0.0)	(23.0, 0.0)	(24.0, 0.0)	(25.0, 0.0)	(26.0, 0.0)	(27.0, 0.0)	(28.0, 0.0)	(29.0, 0.0)	(30.0, 0.0)	(31.0, 0.3333333333333333)	(32.0, 0.0)	(33.0, 0.6666666666666666)	(34.0, 0.3333333333333333)	(35.0, 0.0)	(36.0, 0.0)	(37.0, 0.0)	(38.0, 0.0)	(39.0, 0.3333333333333333)	(40.0, 0.0)	(41.0, 0.3333333333333333)	(42.0, 0.0)	(43.0, 0.6666666666666666)	(44.0, 1.0)	(45.0, 0.6666666666666666)	(46.0, 2.333333333333333)	(47.0, 6.999999999999997)	(48.0, 34.666666666666636)	(49.0, 554.6666666666598)	(50.0, 3404.00000000043)	(51.0, 5458.333333332839)	(52.0, 5048.333333333212)	(53.0, 5846.333333332486)	(54.0, 5825.999999999171)	(55.0, 5858.999999999141)	(56.0, 3597.666666667185)	(57.0, 1084.0000000000327)	(58.0, 709.6666666666774)	(59.0, 194.66666666666782)	(60.0, 57.333333333333464)	(61.0, 20.66666666666666)	(62.0, 11.000000000000002)	(63.0, 5.999999999999998)	(64.0, 0.3333333333333333)	(65.0, 0.3333333333333333)	(66.0, 1.0)	(67.0, 0.0)	(68.0, 0.0)	(69.0, 0.6666666666666666)	(70.0, 0.6666666666666666)	(71.0, 0.0)	(72.0, 0.3333333333333333)	(73.0, 0.3333333333333333)	(74.0, 0.0)	(75.0, 0.0)	(76.0, 0.0)	(77.0, 0.0)	(78.0, 0.0)	(79.0, 0.0)	(80.0, 0.0)	(81.0, 0.0)	(82.0, 0.0)	(83.0, 0.0)	(84.0, 0.0)	(85.0, 0.0)	(86.0, 0.0)	(87.0, 0.0)	(88.0, 0.0)	(89.0, 0.0)	(90.0, 0.0)	(91.0, 0.0)	(92.0, 0.0)	(93.0, 0.0)	(94.0, 0.0)	(95.0, 0.0)	(96.0, 0.0)	(97.0, 0.0)	(98.0, 0.0)	(99.0, 0.0)	(100.0, 0.0)
SRR29920117_2	(0.0, 0.0)	(1.0, 0.0)	(2.0, 0.0)	(3.0, 0.0)	(4.0, 0.0)	(5.0, 0.0)	(6.0, 0.0)	(7.0, 0.0)	(8.0, 0.0)	(9.0, 0.0)	(10.0, 0.0)	(11.0, 0.0)	(12.0, 0.0)	(13.0, 0.0)	(14.0, 0.0)	(15.0, 0.0)	(16.0, 0.0)	(17.0, 0.0)	(18.0, 0.0)	(19.0, 0.0)	(20.0, 0.0)	(21.0, 0.0)	(22.0, 0.0)	(23.0, 0.0)	(24.0, 0.0)	(25.0, 0.0)	(26.0, 0.0)	(27.0, 0.0)	(28.0, 0.0)	(29.0, 0.0)	(30.0, 0.0)	(31.0, 0.0)	(32.0, 0.0)	(33.0, 0.0)	(34.0, 0.0)	(35.0, 0.0)	(36.0, 0.0)	(37.0, 0.0)	(38.0, 0.0)	(39.0, 0.3333333333333333)	(40.0, 0.3333333333333333)	(41.0, 0.0)	(42.0, 0.3333333333333333)	(43.0, 0.3333333333333333)	(44.0, 0.0)	(45.0, 0.0)	(46.0, 0.3333333333333333)	(47.0, 0.6666666666666666)	(48.0, 3.666666666666667)	(49.0, 26.99999999999997)	(50.0, 62.00000000000016)	(51.0, 169.00000000000043)	(52.0, 1574.999999999921)	(53.0, 6822.999999998265)	(54.0, 9149.666666665427)	(55.0, 7534.666666664284)	(56.0, 5012.999999999911)	(57.0, 2762.666666666805)	(58.0, 1443.3333333332844)	(59.0, 947.6666666667045)	(60.0, 1012.3333333333785)	(61.0, 602.9999999999986)	(62.0, 294.66666666666737)	(63.0, 75.00000000000001)	(64.0, 33.33333333333329)	(65.0, 17.66666666666667)	(66.0, 10.333333333333334)	(67.0, 2.333333333333333)	(68.0, 1.3333333333333333)	(69.0, 1.9999999999999998)	(70.0, 1.9999999999999998)	(71.0, 1.3333333333333333)	(72.0, 1.0)	(73.0, 0.6666666666666666)	(74.0, 1.0)	(75.0, 0.6666666666666666)	(76.0, 0.6666666666666666)	(77.0, 0.0)	(78.0, 0.0)	(79.0, 0.3333333333333333)	(80.0, 0.0)	(81.0, 0.0)	(82.0, 0.0)	(83.0, 0.0)	(84.0, 0.3333333333333333)	(85.0, 0.3333333333333333)	(86.0, 0.3333333333333333)	(87.0, 0.0)	(88.0, 0.0)	(89.0, 0.0)	(90.0, 0.0)	(91.0, 0.0)	(92.0, 0.0)	(93.0, 0.0)	(94.0, 0.0)	(95.0, 0.0)	(96.0, 0.0)	(97.0, 0.0)	(98.0, 0.0)	(99.0, 0.0)	(100.0, 0.0)
SRR29920118_1	(0.0, 0.0)	(1.0, 0.0)	(2.0, 0.0)	(3.0, 0.0)	(4.0, 0.0)	(5.0, 0.0)	(6.0, 0.0)	(7.0, 0.0)	(8.0, 0.0)	(9.0, 0.0)	(10.0, 0.0)	(11.0, 0.0)	(12.0, 0.0)	(13.0, 0.0)	(14.0, 0.0)	(15.0, 0.0)	(16.0, 0.0)	(17.0, 0.0)	(18.0, 0.0)	(19.0, 0.0)	(20.0, 0.0)	(21.0, 0.0)	(22.0, 0.0)	(23.0, 0.0)	(24.0, 0.0)	(25.0, 0.0)	(26.0, 0.0)	(27.0, 0.0)	(28.0, 0.0)	(29.0, 0.0)	(30.0, 0.0)	(31.0, 0.0)	(32.0, 0.0)	(33.0, 0.0)	(34.0, 0.0)	(35.0, 0.0)	(36.0, 0.0)	(37.0, 0.6666666666666666)	(38.0, 0.6666666666666666)	(39.0, 0.3333333333333333)	(40.0, 0.3333333333333333)	(41.0, 0.3333333333333333)	(42.0, 0.0)	(43.0, 0.6666666666666666)	(44.0, 0.6666666666666666)	(45.0, 0.0)	(46.0, 4.666666666666666)	(47.0, 6.333333333333331)	(48.0, 39.66666666666667)	(49.0, 300.666666666667)	(50.0, 1371.666666666634)	(51.0, 3410.000000000433)	(52.0, 5507.999999999461)	(53.0, 8441.333333330806)	(54.0, 7143.333333331307)	(55.0, 2832.3333333335036)	(56.0, 1065.3333333333703)	(57.0, 901.3333333333659)	(58.0, 866.3333333333619)	(59.0, 209.66666666666825)	(60.0, 47.66666666666673)	(61.0, 15.000000000000009)	(62.0, 5.666666666666665)	(63.0, 4.0)	(64.0, 1.0)	(65.0, 0.3333333333333333)	(66.0, 0.6666666666666666)	(67.0, 1.0)	(68.0, 0.3333333333333333)	(69.0, 1.3333333333333333)	(70.0, 1.9999999999999998)	(71.0, 1.0)	(72.0, 0.0)	(73.0, 0.0)	(74.0, 0.3333333333333333)	(75.0, 0.3333333333333333)	(76.0, 0.0)	(77.0, 0.0)	(78.0, 0.0)	(79.0, 0.0)	(80.0, 0.0)	(81.0, 0.0)	(82.0, 0.0)	(83.0, 0.0)	(84.0, 0.0)	(85.0, 0.0)	(86.0, 0.0)	(87.0, 0.0)	(88.0, 0.0)	(89.0, 0.0)	(90.0, 0.0)	(91.0, 0.0)	(92.0, 0.0)	(93.0, 0.0)	(94.0, 0.0)	(95.0, 0.0)	(96.0, 0.0)	(97.0, 0.0)	(98.0, 0.0)	(99.0, 0.0)	(100.0, 0.0)
SRR29920118_2	(0.0, 0.0)	(1.0, 0.0)	(2.0, 0.0)	(3.0, 0.0)	(4.0, 0.0)	(5.0, 0.0)	(6.0, 0.0)	(7.0, 0.0)	(8.0, 0.0)	(9.0, 0.0)	(10.0, 0.0)	(11.0, 0.0)	(12.0, 0.0)	(13.0, 0.0)	(14.0, 0.0)	(15.0, 0.0)	(16.0, 0.0)	(17.0, 0.0)	(18.0, 0.0)	(19.0, 0.0)	(20.0, 0.0)	(21.0, 0.0)	(22.0, 0.0)	(23.0, 0.0)	(24.0, 0.0)	(25.0, 0.0)	(26.0, 0.0)	(27.0, 0.0)	(28.0, 0.0)	(29.0, 0.0)	(30.0, 0.0)	(31.0, 0.0)	(32.0, 0.3333333333333333)	(33.0, 0.6666666666666666)	(34.0, 0.3333333333333333)	(35.0, 0.0)	(36.0, 0.0)	(37.0, 0.0)	(38.0, 0.0)	(39.0, 0.0)	(40.0, 0.0)	(41.0, 0.3333333333333333)	(42.0, 0.3333333333333333)	(43.0, 0.0)	(44.0, 0.0)	(45.0, 1.0)	(46.0, 1.3333333333333333)	(47.0, 1.6666666666666665)	(48.0, 4.666666666666666)	(49.0, 16.333333333333343)	(50.0, 73.33333333333337)	(51.0, 258.6666666666694)	(52.0, 1559.6666666665913)	(53.0, 3553.000000000498)	(54.0, 4506.666666667038)	(55.0, 8354.666666663981)	(56.0, 5933.66666666574)	(57.0, 2996.0000000002447)	(58.0, 1828.66666666653)	(59.0, 837.0000000000252)	(60.0, 978.666666666708)	(61.0, 684.0000000000078)	(62.0, 417.33333333332706)	(63.0, 111.99999999999949)	(64.0, 44.000000000000036)	(65.0, 23.333333333333318)	(66.0, 14.666666666666675)	(67.0, 6.666666666666664)	(68.0, 4.999999999999999)	(69.0, 3.3333333333333335)	(70.0, 4.0)	(71.0, 2.6666666666666665)	(72.0, 1.6666666666666665)	(73.0, 0.6666666666666666)	(74.0, 1.3333333333333333)	(75.0, 1.0)	(76.0, 0.3333333333333333)	(77.0, 0.3333333333333333)	(78.0, 0.0)	(79.0, 0.6666666666666666)	(80.0, 0.6666666666666666)	(81.0, 1.0)	(82.0, 0.6666666666666666)	(83.0, 0.0)	(84.0, 0.0)	(85.0, 0.0)	(86.0, 0.3333333333333333)	(87.0, 0.3333333333333333)	(88.0, 0.0)	(89.0, 0.0)	(90.0, 0.0)	(91.0, 0.0)	(92.0, 0.0)	(93.0, 0.0)	(94.0, 0.0)	(95.0, 0.0)	(96.0, 0.0)	(97.0, 0.0)	(98.0, 0.0)	(99.0, 0.0)	(100.0, 1.0)
SRR29920119_1	(0.0, 0.0)	(1.0, 0.0)	(2.0, 0.0)	(3.0, 0.0)	(4.0, 0.0)	(5.0, 0.0)	(6.0, 0.0)	(7.0, 0.0)	(8.0, 0.0)	(9.0, 0.0)	(10.0, 0.0)	(11.0, 0.0)	(12.0, 0.0)	(13.0, 0.0)	(14.0, 0.0)	(15.0, 0.0)	(16.0, 0.0)	(17.0, 0.0)	(18.0, 0.0)	(19.0, 0.0)	(20.0, 0.0)	(21.0, 0.0)	(22.0, 0.0)	(23.0, 0.0)	(24.0, 0.0)	(25.0, 0.0)	(26.0, 0.0)	(27.0, 0.0)	(28.0, 0.0)	(29.0, 0.0)	(30.0, 0.3333333333333333)	(31.0, 0.3333333333333333)	(32.0, 0.0)	(33.0, 0.0)	(34.0, 0.0)	(35.0, 0.0)	(36.0, 0.3333333333333333)	(37.0, 0.3333333333333333)	(38.0, 0.0)	(39.0, 0.0)	(40.0, 0.3333333333333333)	(41.0, 0.0)	(42.0, 0.3333333333333333)	(43.0, 0.6666666666666666)	(44.0, 0.3333333333333333)	(45.0, 2.6666666666666665)	(46.0, 16.666666666666675)	(47.0, 34.666666666666636)	(48.0, 53.0000000000001)	(49.0, 529.666666666657)	(50.0, 4277.666666667246)	(51.0, 8225.99999999708)	(52.0, 10433.666666667763)	(53.0, 9164.33333333212)	(54.0, 4339.333333333857)	(55.0, 3740.66666666725)	(56.0, 2969.0000000002324)	(57.0, 1057.6666666667054)	(58.0, 902.6666666666994)	(59.0, 303.66666666666686)	(60.0, 73.00000000000004)	(61.0, 20.999999999999993)	(62.0, 9.333333333333332)	(63.0, 4.0)	(64.0, 1.9999999999999998)	(65.0, 2.333333333333333)	(66.0, 2.333333333333333)	(67.0, 1.0)	(68.0, 0.0)	(69.0, 1.3333333333333333)	(70.0, 1.3333333333333333)	(71.0, 0.0)	(72.0, 0.0)	(73.0, 0.0)	(74.0, 0.3333333333333333)	(75.0, 0.0)	(76.0, 0.0)	(77.0, 0.0)	(78.0, 0.0)	(79.0, 0.0)	(80.0, 0.0)	(81.0, 0.0)	(82.0, 0.0)	(83.0, 0.0)	(84.0, 0.0)	(85.0, 0.0)	(86.0, 0.0)	(87.0, 0.0)	(88.0, 0.0)	(89.0, 0.0)	(90.0, 0.0)	(91.0, 0.0)	(92.0, 0.0)	(93.0, 0.0)	(94.0, 0.0)	(95.0, 0.0)	(96.0, 0.0)	(97.0, 0.0)	(98.0, 0.0)	(99.0, 0.0)	(100.0, 0.0)
SRR29920119_2	(0.0, 0.0)	(1.0, 0.0)	(2.0, 0.0)	(3.0, 0.0)	(4.0, 0.0)	(5.0, 0.0)	(6.0, 0.0)	(7.0, 0.0)	(8.0, 0.0)	(9.0, 0.0)	(10.0, 0.0)	(11.0, 0.0)	(12.0, 0.0)	(13.0, 0.0)	(14.0, 0.0)	(15.0, 0.0)	(16.0, 0.0)	(17.0, 0.0)	(18.0, 0.0)	(19.0, 0.0)	(20.0, 0.0)	(21.0, 0.0)	(22.0, 0.0)	(23.0, 0.0)	(24.0, 0.0)	(25.0, 0.0)	(26.0, 0.0)	(27.0, 0.0)	(28.0, 0.0)	(29.0, 0.0)	(30.0, 0.0)	(31.0, 0.0)	(32.0, 0.0)	(33.0, 0.0)	(34.0, 0.0)	(35.0, 0.0)	(36.0, 0.3333333333333333)	(37.0, 0.0)	(38.0, 0.3333333333333333)	(39.0, 0.3333333333333333)	(40.0, 0.3333333333333333)	(41.0, 0.0)	(42.0, 0.0)	(43.0, 0.0)	(44.0, 0.6666666666666666)	(45.0, 1.0)	(46.0, 1.6666666666666665)	(47.0, 8.999999999999998)	(48.0, 175.66666666666728)	(49.0, 1809.3333333332012)	(50.0, 2723.333333333454)	(51.0, 963.3333333333729)	(52.0, 2055.999999999817)	(53.0, 6098.333333332257)	(54.0, 13337.666666673045)	(55.0, 11491.00000000302)	(56.0, 3319.0000000003915)	(57.0, 1031.0000000000448)	(58.0, 850.6666666666935)	(59.0, 858.333333333361)	(60.0, 930.0000000000358)	(61.0, 418.99999999999363)	(62.0, 124.9999999999993)	(63.0, 49.33333333333341)	(64.0, 31.33333333333329)	(65.0, 17.000000000000007)	(66.0, 8.33333333333333)	(67.0, 4.666666666666666)	(68.0, 5.999999999999998)	(69.0, 4.999999999999999)	(70.0, 2.333333333333333)	(71.0, 1.6666666666666665)	(72.0, 1.3333333333333333)	(73.0, 1.0)	(74.0, 1.3333333333333333)	(75.0, 0.3333333333333333)	(76.0, 0.0)	(77.0, 0.0)	(78.0, 0.0)	(79.0, 0.0)	(80.0, 0.0)	(81.0, 0.0)	(82.0, 0.3333333333333333)	(83.0, 0.0)	(84.0, 0.0)	(85.0, 0.3333333333333333)	(86.0, 0.6666666666666666)	(87.0, 0.3333333333333333)	(88.0, 0.0)	(89.0, 0.0)	(90.0, 0.0)	(91.0, 0.3333333333333333)	(92.0, 0.3333333333333333)	(93.0, 0.0)	(94.0, 0.0)	(95.0, 0.0)	(96.0, 0.0)	(97.0, 0.0)	(98.0, 0.0)	(99.0, 0.0)	(100.0, 0.0)
SRR29920120_1	(0.0, 0.0)	(1.0, 0.0)	(2.0, 0.0)	(3.0, 0.0)	(4.0, 0.0)	(5.0, 0.0)	(6.0, 0.0)	(7.0, 0.0)	(8.0, 0.0)	(9.0, 0.0)	(10.0, 0.0)	(11.0, 0.0)	(12.0, 0.0)	(13.0, 0.0)	(14.0, 0.0)	(15.0, 0.0)	(16.0, 0.0)	(17.0, 0.0)	(18.0, 0.0)	(19.0, 0.0)	(20.0, 0.0)	(21.0, 0.0)	(22.0, 0.0)	(23.0, 0.0)	(24.0, 0.0)	(25.0, 0.0)	(26.0, 0.0)	(27.0, 0.0)	(28.0, 0.0)	(29.0, 0.0)	(30.0, 0.3333333333333333)	(31.0, 0.0)	(32.0, 0.0)	(33.0, 0.0)	(34.0, 0.0)	(35.0, 0.0)	(36.0, 0.0)	(37.0, 0.0)	(38.0, 0.0)	(39.0, 0.0)	(40.0, 0.0)	(41.0, 0.3333333333333333)	(42.0, 0.6666666666666666)	(43.0, 1.0)	(44.0, 0.3333333333333333)	(45.0, 0.6666666666666666)	(46.0, 5.666666666666665)	(47.0, 34.3333333333333)	(48.0, 455.6666666666582)	(49.0, 1093.333333333364)	(50.0, 1114.000000000026)	(51.0, 1651.333333333237)	(52.0, 4321.00000000054)	(53.0, 8874.333333331593)	(54.0, 7095.999999998016)	(55.0, 2668.333333333429)	(56.0, 759.3333333333497)	(57.0, 558.9999999999936)	(58.0, 561.999999999994)	(59.0, 128.66666666666595)	(60.0, 23.333333333333318)	(61.0, 9.333333333333332)	(62.0, 6.999999999999997)	(63.0, 5.666666666666665)	(64.0, 3.3333333333333335)	(65.0, 1.6666666666666665)	(66.0, 0.6666666666666666)	(67.0, 0.0)	(68.0, 0.0)	(69.0, 1.3333333333333333)	(70.0, 1.9999999999999998)	(71.0, 1.0)	(72.0, 0.3333333333333333)	(73.0, 0.0)	(74.0, 0.0)	(75.0, 0.3333333333333333)	(76.0, 0.3333333333333333)	(77.0, 0.0)	(78.0, 0.0)	(79.0, 0.0)	(80.0, 0.0)	(81.0, 0.0)	(82.0, 0.3333333333333333)	(83.0, 0.0)	(84.0, 0.0)	(85.0, 0.0)	(86.0, 0.0)	(87.0, 0.0)	(88.0, 0.0)	(89.0, 0.0)	(90.0, 0.0)	(91.0, 0.0)	(92.0, 0.0)	(93.0, 0.0)	(94.0, 0.0)	(95.0, 0.0)	(96.0, 0.0)	(97.0, 0.0)	(98.0, 0.0)	(99.0, 0.0)	(100.0, 0.0)
SRR29920120_2	(0.0, 0.0)	(1.0, 0.0)	(2.0, 0.0)	(3.0, 0.0)	(4.0, 0.0)	(5.0, 0.0)	(6.0, 0.0)	(7.0, 0.0)	(8.0, 0.0)	(9.0, 0.0)	(10.0, 0.0)	(11.0, 0.0)	(12.0, 0.0)	(13.0, 0.0)	(14.0, 0.0)	(15.0, 0.0)	(16.0, 0.0)	(17.0, 0.0)	(18.0, 0.0)	(19.0, 0.0)	(20.0, 0.0)	(21.0, 0.0)	(22.0, 0.0)	(23.0, 0.0)	(24.0, 0.0)	(25.0, 0.0)	(26.0, 0.0)	(27.0, 0.0)	(28.0, 0.0)	(29.0, 0.0)	(30.0, 0.0)	(31.0, 0.0)	(32.0, 0.0)	(33.0, 0.0)	(34.0, 0.0)	(35.0, 0.0)	(36.0, 0.0)	(37.0, 0.0)	(38.0, 0.0)	(39.0, 0.0)	(40.0, 0.0)	(41.0, 0.0)	(42.0, 0.3333333333333333)	(43.0, 0.0)	(44.0, 0.0)	(45.0, 0.0)	(46.0, 0.6666666666666666)	(47.0, 1.0)	(48.0, 3.0)	(49.0, 12.333333333333337)	(50.0, 61.66666666666683)	(51.0, 147.33333333333314)	(52.0, 502.33333333332223)	(53.0, 1396.333333333295)	(54.0, 4773.666666666795)	(55.0, 8635.333333331158)	(56.0, 5412.333333332881)	(57.0, 3597.000000000518)	(58.0, 2068.999999999823)	(59.0, 1004.666666666711)	(60.0, 962.3333333333728)	(61.0, 454.33333333332496)	(62.0, 170.3333333333338)	(63.0, 65.00000000000016)	(64.0, 26.333333333333307)	(65.0, 15.666666666666677)	(66.0, 8.666666666666664)	(67.0, 2.6666666666666665)	(68.0, 4.666666666666666)	(69.0, 2.333333333333333)	(70.0, 1.9999999999999998)	(71.0, 1.6666666666666665)	(72.0, 1.3333333333333333)	(73.0, 0.6666666666666666)	(74.0, 0.0)	(75.0, 0.0)	(76.0, 0.3333333333333333)	(77.0, 0.0)	(78.0, 0.3333333333333333)	(79.0, 0.0)	(80.0, 0.0)	(81.0, 0.0)	(82.0, 0.0)	(83.0, 0.0)	(84.0, 0.0)	(85.0, 0.0)	(86.0, 0.0)	(87.0, 0.0)	(88.0, 0.0)	(89.0, 0.0)	(90.0, 0.0)	(91.0, 0.0)	(92.0, 0.0)	(93.0, 0.0)	(94.0, 0.0)	(95.0, 0.0)	(96.0, 0.0)	(97.0, 0.0)	(98.0, 0.0)	(99.0, 0.0)	(100.0, 0.5)
SRR29920121_1	(0.0, 0.0)	(1.0, 0.0)	(2.0, 0.0)	(3.0, 0.0)	(4.0, 0.0)	(5.0, 0.0)	(6.0, 0.0)	(7.0, 0.0)	(8.0, 0.0)	(9.0, 0.0)	(10.0, 0.0)	(11.0, 0.0)	(12.0, 0.0)	(13.0, 0.0)	(14.0, 0.0)	(15.0, 0.0)	(16.0, 0.0)	(17.0, 0.0)	(18.0, 0.0)	(19.0, 0.0)	(20.0, 0.0)	(21.0, 0.0)	(22.0, 0.0)	(23.0, 0.0)	(24.0, 0.0)	(25.0, 0.0)	(26.0, 0.0)	(27.0, 0.0)	(28.0, 0.0)	(29.0, 0.0)	(30.0, 0.0)	(31.0, 0.0)	(32.0, 0.0)	(33.0, 0.0)	(34.0, 0.0)	(35.0, 0.3333333333333333)	(36.0, 0.3333333333333333)	(37.0, 0.3333333333333333)	(38.0, 0.3333333333333333)	(39.0, 0.0)	(40.0, 0.3333333333333333)	(41.0, 0.6666666666666666)	(42.0, 0.6666666666666666)	(43.0, 0.3333333333333333)	(44.0, 0.3333333333333333)	(45.0, 0.3333333333333333)	(46.0, 4.666666666666666)	(47.0, 15.000000000000009)	(48.0, 32.66666666666662)	(49.0, 201.66666666666802)	(50.0, 1187.0000000000093)	(51.0, 2466.0000000000036)	(52.0, 4378.333333333821)	(53.0, 8137.666666663736)	(54.0, 5324.333333332961)	(55.0, 2140.333333333189)	(56.0, 2501.333333333353)	(57.0, 1112.666666666693)	(58.0, 650.6666666666707)	(59.0, 155.33333333333337)	(60.0, 35.99999999999998)	(61.0, 14.666666666666675)	(62.0, 5.666666666666665)	(63.0, 3.0)	(64.0, 1.9999999999999998)	(65.0, 1.6666666666666665)	(66.0, 0.3333333333333333)	(67.0, 1.0)	(68.0, 0.6666666666666666)	(69.0, 0.0)	(70.0, 0.3333333333333333)	(71.0, 1.0)	(72.0, 0.0)	(73.0, 0.0)	(74.0, 0.0)	(75.0, 0.0)	(76.0, 0.0)	(77.0, 0.0)	(78.0, 0.0)	(79.0, 0.0)	(80.0, 0.0)	(81.0, 0.0)	(82.0, 0.0)	(83.0, 0.0)	(84.0, 0.0)	(85.0, 0.0)	(86.0, 0.0)	(87.0, 0.0)	(88.0, 0.0)	(89.0, 0.0)	(90.0, 0.0)	(91.0, 0.0)	(92.0, 0.0)	(93.0, 0.0)	(94.0, 0.0)	(95.0, 0.0)	(96.0, 0.0)	(97.0, 0.0)	(98.0, 0.0)	(99.0, 0.0)	(100.0, 0.0)
SRR29920121_2	(0.0, 0.0)	(1.0, 0.0)	(2.0, 0.0)	(3.0, 0.0)	(4.0, 0.0)	(5.0, 0.0)	(6.0, 0.0)	(7.0, 0.0)	(8.0, 0.0)	(9.0, 0.0)	(10.0, 0.0)	(11.0, 0.0)	(12.0, 0.0)	(13.0, 0.0)	(14.0, 0.0)	(15.0, 0.0)	(16.0, 0.0)	(17.0, 0.0)	(18.0, 0.0)	(19.0, 0.0)	(20.0, 0.0)	(21.0, 0.0)	(22.0, 0.0)	(23.0, 0.0)	(24.0, 0.0)	(25.0, 0.0)	(26.0, 0.0)	(27.0, 0.0)	(28.0, 0.0)	(29.0, 0.0)	(30.0, 0.0)	(31.0, 0.0)	(32.0, 0.0)	(33.0, 0.0)	(34.0, 0.0)	(35.0, 0.0)	(36.0, 0.0)	(37.0, 0.0)	(38.0, 0.0)	(39.0, 0.0)	(40.0, 0.0)	(41.0, 0.0)	(42.0, 0.0)	(43.0, 0.0)	(44.0, 0.3333333333333333)	(45.0, 0.6666666666666666)	(46.0, 0.3333333333333333)	(47.0, 0.6666666666666666)	(48.0, 18.666666666666668)	(49.0, 170.00000000000045)	(50.0, 271.00000000000205)	(51.0, 284.66666666666794)	(52.0, 2015.9999999998208)	(53.0, 3855.0000000006353)	(54.0, 5752.666666665905)	(55.0, 8165.999999997043)	(56.0, 4155.666666667357)	(57.0, 865.0000000000284)	(58.0, 660.3333333333385)	(59.0, 665.6666666666724)	(60.0, 685.6666666666747)	(61.0, 454.9999999999916)	(62.0, 253.33333333333616)	(63.0, 65.00000000000016)	(64.0, 26.333333333333307)	(65.0, 11.66666666666667)	(66.0, 5.999999999999998)	(67.0, 4.999999999999999)	(68.0, 1.9999999999999998)	(69.0, 0.6666666666666666)	(70.0, 1.0)	(71.0, 1.0)	(72.0, 1.0)	(73.0, 0.0)	(74.0, 0.0)	(75.0, 0.0)	(76.0, 0.0)	(77.0, 0.3333333333333333)	(78.0, 0.0)	(79.0, 0.0)	(80.0, 0.3333333333333333)	(81.0, 0.0)	(82.0, 0.0)	(83.0, 0.0)	(84.0, 0.0)	(85.0, 0.0)	(86.0, 0.0)	(87.0, 0.0)	(88.0, 0.0)	(89.0, 0.0)	(90.0, 0.0)	(91.0, 0.0)	(92.0, 0.0)	(93.0, 0.0)	(94.0, 0.0)	(95.0, 0.0)	(96.0, 0.0)	(97.0, 0.0)	(98.0, 0.3333333333333333)	(99.0, 0.0)	(100.0, 0.0)
SRR29920122_1	(0.0, 0.0)	(1.0, 0.0)	(2.0, 0.0)	(3.0, 0.0)	(4.0, 0.0)	(5.0, 0.0)	(6.0, 0.0)	(7.0, 0.0)	(8.0, 0.0)	(9.0, 0.0)	(10.0, 0.0)	(11.0, 0.0)	(12.0, 0.0)	(13.0, 0.0)	(14.0, 0.0)	(15.0, 0.0)	(16.0, 0.0)	(17.0, 0.0)	(18.0, 0.0)	(19.0, 0.0)	(20.0, 0.0)	(21.0, 0.0)	(22.0, 0.0)	(23.0, 0.0)	(24.0, 0.0)	(25.0, 0.0)	(26.0, 0.0)	(27.0, 0.0)	(28.0, 0.0)	(29.0, 0.0)	(30.0, 0.0)	(31.0, 0.0)	(32.0, 0.0)	(33.0, 0.3333333333333333)	(34.0, 0.3333333333333333)	(35.0, 0.0)	(36.0, 1.0)	(37.0, 0.3333333333333333)	(38.0, 0.0)	(39.0, 0.3333333333333333)	(40.0, 0.6666666666666666)	(41.0, 0.3333333333333333)	(42.0, 0.3333333333333333)	(43.0, 1.0)	(44.0, 0.6666666666666666)	(45.0, 0.6666666666666666)	(46.0, 1.6666666666666665)	(47.0, 5.999999999999998)	(48.0, 14.333333333333341)	(49.0, 92.99999999999976)	(50.0, 712.3333333333444)	(51.0, 1556.666666666592)	(52.0, 3708.6666666672354)	(53.0, 12859.666666672176)	(54.0, 9606.666666666259)	(55.0, 1787.9999999998727)	(56.0, 928.333333333369)	(57.0, 884.6666666666973)	(58.0, 749.0000000000152)	(59.0, 182.0000000000008)	(60.0, 30.666666666666625)	(61.0, 10.333333333333334)	(62.0, 6.333333333333331)	(63.0, 2.6666666666666665)	(64.0, 1.6666666666666665)	(65.0, 1.3333333333333333)	(66.0, 2.333333333333333)	(67.0, 0.3333333333333333)	(68.0, 0.6666666666666666)	(69.0, 1.0)	(70.0, 0.3333333333333333)	(71.0, 0.3333333333333333)	(72.0, 0.3333333333333333)	(73.0, 0.3333333333333333)	(74.0, 0.0)	(75.0, 0.0)	(76.0, 0.0)	(77.0, 0.0)	(78.0, 0.0)	(79.0, 0.0)	(80.0, 0.0)	(81.0, 0.0)	(82.0, 0.0)	(83.0, 0.0)	(84.0, 0.0)	(85.0, 0.0)	(86.0, 0.0)	(87.0, 0.0)	(88.0, 0.0)	(89.0, 0.0)	(90.0, 0.0)	(91.0, 0.0)	(92.0, 0.0)	(93.0, 0.0)	(94.0, 0.0)	(95.0, 0.0)	(96.0, 0.0)	(97.0, 0.0)	(98.0, 0.0)	(99.0, 0.0)	(100.0, 0.0)
SRR29920122_2	(0.0, 0.0)	(1.0, 0.0)	(2.0, 0.0)	(3.0, 0.0)	(4.0, 0.0)	(5.0, 0.0)	(6.0, 0.0)	(7.0, 0.0)	(8.0, 0.0)	(9.0, 0.0)	(10.0, 0.0)	(11.0, 0.0)	(12.0, 0.0)	(13.0, 0.0)	(14.0, 0.0)	(15.0, 0.0)	(16.0, 0.0)	(17.0, 0.0)	(18.0, 0.0)	(19.0, 0.0)	(20.0, 0.0)	(21.0, 0.0)	(22.0, 0.0)	(23.0, 0.0)	(24.0, 0.0)	(25.0, 0.0)	(26.0, 0.0)	(27.0, 0.0)	(28.0, 0.0)	(29.0, 0.0)	(30.0, 0.0)	(31.0, 0.0)	(32.0, 0.0)	(33.0, 0.0)	(34.0, 0.0)	(35.0, 0.0)	(36.0, 0.0)	(37.0, 0.0)	(38.0, 0.0)	(39.0, 0.0)	(40.0, 0.0)	(41.0, 0.6666666666666666)	(42.0, 0.3333333333333333)	(43.0, 0.3333333333333333)	(44.0, 0.6666666666666666)	(45.0, 0.0)	(46.0, 0.6666666666666666)	(47.0, 1.6666666666666665)	(48.0, 4.0)	(49.0, 20.999999999999993)	(50.0, 44.33333333333337)	(51.0, 84.33333333333321)	(52.0, 569.9999999999949)	(53.0, 1523.6666666665994)	(54.0, 5117.999999999815)	(55.0, 13053.00000000586)	(56.0, 8222.666666663741)	(57.0, 1184.00000000001)	(58.0, 549.9999999999926)	(59.0, 650.3333333333374)	(60.0, 807.6666666666886)	(61.0, 596.999999999998)	(62.0, 368.9999999999965)	(63.0, 106.66666666666623)	(64.0, 38.33333333333333)	(65.0, 20.33333333333333)	(66.0, 12.000000000000004)	(67.0, 7.33333333333333)	(68.0, 4.999999999999999)	(69.0, 3.0)	(70.0, 1.9999999999999998)	(71.0, 1.9999999999999998)	(72.0, 0.6666666666666666)	(73.0, 0.6666666666666666)	(74.0, 0.6666666666666666)	(75.0, 0.3333333333333333)	(76.0, 0.0)	(77.0, 0.3333333333333333)	(78.0, 0.3333333333333333)	(79.0, 0.0)	(80.0, 0.6666666666666666)	(81.0, 0.3333333333333333)	(82.0, 0.3333333333333333)	(83.0, 0.0)	(84.0, 0.0)	(85.0, 0.0)	(86.0, 0.0)	(87.0, 0.0)	(88.0, 0.0)	(89.0, 0.3333333333333333)	(90.0, 0.3333333333333333)	(91.0, 0.0)	(92.0, 0.0)	(93.0, 0.0)	(94.0, 0.0)	(95.0, 0.0)	(96.0, 0.0)	(97.0, 0.0)	(98.0, 0.0)	(99.0, 0.0)	(100.0, 0.0)
SRR29920123_1	(0.0, 0.0)	(1.0, 0.0)	(2.0, 0.0)	(3.0, 0.0)	(4.0, 0.0)	(5.0, 0.0)	(6.0, 0.0)	(7.0, 0.0)	(8.0, 0.0)	(9.0, 0.0)	(10.0, 0.0)	(11.0, 0.0)	(12.0, 0.0)	(13.0, 0.0)	(14.0, 0.0)	(15.0, 0.0)	(16.0, 0.0)	(17.0, 0.0)	(18.0, 0.0)	(19.0, 0.0)	(20.0, 0.0)	(21.0, 0.0)	(22.0, 0.3333333333333333)	(23.0, 0.3333333333333333)	(24.0, 0.0)	(25.0, 0.0)	(26.0, 0.0)	(27.0, 0.0)	(28.0, 0.3333333333333333)	(29.0, 0.3333333333333333)	(30.0, 0.0)	(31.0, 0.0)	(32.0, 0.0)	(33.0, 0.0)	(34.0, 0.3333333333333333)	(35.0, 0.6666666666666666)	(36.0, 0.3333333333333333)	(37.0, 0.0)	(38.0, 0.3333333333333333)	(39.0, 0.3333333333333333)	(40.0, 0.0)	(41.0, 0.0)	(42.0, 0.0)	(43.0, 0.0)	(44.0, 0.3333333333333333)	(45.0, 1.0)	(46.0, 8.999999999999998)	(47.0, 20.66666666666666)	(48.0, 13.33333333333334)	(49.0, 47.66666666666673)	(50.0, 278.00000000000165)	(51.0, 756.000000000016)	(52.0, 4245.000000000609)	(53.0, 18497.666666670895)	(54.0, 13680.000000007001)	(55.0, 2157.66666666653)	(56.0, 872.3333333333626)	(57.0, 1776.3333333332087)	(58.0, 2097.9999999998363)	(59.0, 463.9999999999911)	(60.0, 106.66666666666623)	(61.0, 33.999999999999964)	(62.0, 8.33333333333333)	(63.0, 4.0)	(64.0, 2.6666666666666665)	(65.0, 1.6666666666666665)	(66.0, 1.9999999999999998)	(67.0, 0.6666666666666666)	(68.0, 0.0)	(69.0, 1.0)	(70.0, 1.3333333333333333)	(71.0, 0.6666666666666666)	(72.0, 0.3333333333333333)	(73.0, 0.0)	(74.0, 0.0)	(75.0, 0.0)	(76.0, 0.0)	(77.0, 0.0)	(78.0, 0.0)	(79.0, 0.0)	(80.0, 0.0)	(81.0, 0.0)	(82.0, 0.0)	(83.0, 0.0)	(84.0, 0.0)	(85.0, 0.0)	(86.0, 0.0)	(87.0, 0.0)	(88.0, 0.0)	(89.0, 0.0)	(90.0, 0.0)	(91.0, 0.0)	(92.0, 0.0)	(93.0, 0.0)	(94.0, 0.0)	(95.0, 0.0)	(96.0, 0.0)	(97.0, 0.0)	(98.0, 0.0)	(99.0, 0.0)	(100.0, 0.0)
SRR29920123_2	(0.0, 0.0)	(1.0, 0.0)	(2.0, 0.0)	(3.0, 0.0)	(4.0, 0.0)	(5.0, 0.0)	(6.0, 0.0)	(7.0, 0.0)	(8.0, 0.0)	(9.0, 0.0)	(10.0, 0.0)	(11.0, 0.0)	(12.0, 0.0)	(13.0, 0.0)	(14.0, 0.0)	(15.0, 0.0)	(16.0, 0.0)	(17.0, 0.0)	(18.0, 0.0)	(19.0, 0.0)	(20.0, 0.0)	(21.0, 0.0)	(22.0, 0.0)	(23.0, 0.0)	(24.0, 0.0)	(25.0, 0.0)	(26.0, 0.0)	(27.0, 0.0)	(28.0, 0.0)	(29.0, 0.0)	(30.0, 0.0)	(31.0, 0.0)	(32.0, 0.0)	(33.0, 0.0)	(34.0, 0.0)	(35.0, 0.0)	(36.0, 0.0)	(37.0, 0.0)	(38.0, 0.3333333333333333)	(39.0, 0.3333333333333333)	(40.0, 0.3333333333333333)	(41.0, 0.0)	(42.0, 0.0)	(43.0, 0.0)	(44.0, 0.0)	(45.0, 0.3333333333333333)	(46.0, 0.6666666666666666)	(47.0, 1.9999999999999998)	(48.0, 4.666666666666666)	(49.0, 8.999999999999998)	(50.0, 23.999999999999982)	(51.0, 122.666666666666)	(52.0, 612.6666666666664)	(53.0, 1765.6666666665444)	(54.0, 7020.999999998085)	(55.0, 17759.000000006916)	(56.0, 10087.000000000466)	(57.0, 1381.999999999965)	(58.0, 648.0000000000038)	(59.0, 1116.3333333333587)	(60.0, 2222.6666666665596)	(61.0, 1350.6666666666388)	(62.0, 562.9999999999941)	(63.0, 157.00000000000009)	(64.0, 74.00000000000003)	(65.0, 33.66666666666663)	(66.0, 18.333333333333336)	(67.0, 16.00000000000001)	(68.0, 11.000000000000002)	(69.0, 6.666666666666664)	(70.0, 3.0)	(71.0, 1.9999999999999998)	(72.0, 1.3333333333333333)	(73.0, 1.3333333333333333)	(74.0, 1.6666666666666665)	(75.0, 1.0)	(76.0, 0.0)	(77.0, 0.6666666666666666)	(78.0, 1.0)	(79.0, 0.6666666666666666)	(80.0, 1.0)	(81.0, 0.0)	(82.0, 0.0)	(83.0, 0.0)	(84.0, 0.0)	(85.0, 0.0)	(86.0, 0.0)	(87.0, 0.0)	(88.0, 0.0)	(89.0, 0.0)	(90.0, 0.0)	(91.0, 0.0)	(92.0, 0.0)	(93.0, 0.0)	(94.0, 0.0)	(95.0, 0.0)	(96.0, 0.0)	(97.0, 0.0)	(98.0, 0.3333333333333333)	(99.0, 0.0)	(100.0, 0.0)
SRR29920124_1	(0.0, 0.0)	(1.0, 0.0)	(2.0, 0.0)	(3.0, 0.0)	(4.0, 0.0)	(5.0, 0.0)	(6.0, 0.0)	(7.0, 0.0)	(8.0, 0.0)	(9.0, 0.0)	(10.0, 0.0)	(11.0, 0.0)	(12.0, 0.0)	(13.0, 0.0)	(14.0, 0.0)	(15.0, 0.0)	(16.0, 0.0)	(17.0, 0.0)	(18.0, 0.0)	(19.0, 0.0)	(20.0, 0.0)	(21.0, 0.0)	(22.0, 0.0)	(23.0, 0.0)	(24.0, 0.0)	(25.0, 0.0)	(26.0, 0.0)	(27.0, 0.0)	(28.0, 0.0)	(29.0, 0.0)	(30.0, 0.0)	(31.0, 0.0)	(32.0, 0.0)	(33.0, 0.0)	(34.0, 0.0)	(35.0, 0.0)	(36.0, 0.0)	(37.0, 0.3333333333333333)	(38.0, 0.3333333333333333)	(39.0, 0.3333333333333333)	(40.0, 0.3333333333333333)	(41.0, 0.0)	(42.0, 0.3333333333333333)	(43.0, 0.0)	(44.0, 0.0)	(45.0, 0.3333333333333333)	(46.0, 5.333333333333332)	(47.0, 13.33333333333334)	(48.0, 18.000000000000004)	(49.0, 98.66666666666634)	(50.0, 561.3333333333272)	(51.0, 1625.9999999999095)	(52.0, 4726.666666666838)	(53.0, 9782.333333333245)	(54.0, 6341.333333332036)	(55.0, 1152.3333333333505)	(56.0, 374.6666666666628)	(57.0, 337.3333333333316)	(58.0, 309.99999999999983)	(59.0, 91.99999999999977)	(60.0, 41.000000000000014)	(61.0, 14.333333333333341)	(62.0, 4.0)	(63.0, 0.6666666666666666)	(64.0, 0.6666666666666666)	(65.0, 1.3333333333333333)	(66.0, 1.9999999999999998)	(67.0, 1.0)	(68.0, 0.0)	(69.0, 0.0)	(70.0, 0.0)	(71.0, 0.6666666666666666)	(72.0, 1.0)	(73.0, 0.0)	(74.0, 0.3333333333333333)	(75.0, 0.0)	(76.0, 0.0)	(77.0, 0.0)	(78.0, 0.3333333333333333)	(79.0, 0.0)	(80.0, 0.0)	(81.0, 0.0)	(82.0, 0.0)	(83.0, 0.0)	(84.0, 0.0)	(85.0, 0.0)	(86.0, 0.0)	(87.0, 0.0)	(88.0, 0.0)	(89.0, 0.0)	(90.0, 0.0)	(91.0, 0.0)	(92.0, 0.0)	(93.0, 0.0)	(94.0, 0.0)	(95.0, 0.0)	(96.0, 0.0)	(97.0, 0.0)	(98.0, 0.0)	(99.0, 0.0)	(100.0, 0.0)
SRR29920124_2	(0.0, 0.0)	(1.0, 0.0)	(2.0, 0.0)	(3.0, 0.0)	(4.0, 0.0)	(5.0, 0.0)	(6.0, 0.0)	(7.0, 0.0)	(8.0, 0.0)	(9.0, 0.0)	(10.0, 0.0)	(11.0, 0.0)	(12.0, 0.0)	(13.0, 0.0)	(14.0, 0.0)	(15.0, 0.0)	(16.0, 0.0)	(17.0, 0.0)	(18.0, 0.0)	(19.0, 0.0)	(20.0, 0.0)	(21.0, 0.0)	(22.0, 0.0)	(23.0, 0.0)	(24.0, 0.0)	(25.0, 0.0)	(26.0, 0.0)	(27.0, 0.0)	(28.0, 0.0)	(29.0, 0.0)	(30.0, 0.0)	(31.0, 0.0)	(32.0, 0.0)	(33.0, 0.0)	(34.0, 0.0)	(35.0, 0.0)	(36.0, 0.0)	(37.0, 0.0)	(38.0, 0.0)	(39.0, 0.3333333333333333)	(40.0, 0.0)	(41.0, 0.0)	(42.0, 0.0)	(43.0, 0.6666666666666666)	(44.0, 1.6666666666666665)	(45.0, 0.6666666666666666)	(46.0, 1.0)	(47.0, 1.0)	(48.0, 2.333333333333333)	(49.0, 14.333333333333341)	(50.0, 57.333333333333464)	(51.0, 179.33333333333405)	(52.0, 1190.6666666666752)	(53.0, 2919.0000000002096)	(54.0, 5196.9999999997435)	(55.0, 7972.666666663886)	(56.0, 4842.666666666732)	(57.0, 915.6666666667008)	(58.0, 518.3333333333223)	(59.0, 583.3333333333297)	(60.0, 574.3333333333287)	(61.0, 310.66666666666646)	(62.0, 129.33333333333263)	(63.0, 36.333333333333314)	(64.0, 19.333333333333332)	(65.0, 11.333333333333336)	(66.0, 4.666666666666666)	(67.0, 4.0)	(68.0, 3.666666666666667)	(69.0, 1.3333333333333333)	(70.0, 0.3333333333333333)	(71.0, 1.9999999999999998)	(72.0, 1.6666666666666665)	(73.0, 0.3333333333333333)	(74.0, 0.3333333333333333)	(75.0, 1.0)	(76.0, 0.3333333333333333)	(77.0, 0.3333333333333333)	(78.0, 0.3333333333333333)	(79.0, 0.0)	(80.0, 0.0)	(81.0, 0.0)	(82.0, 0.0)	(83.0, 0.0)	(84.0, 0.0)	(85.0, 0.0)	(86.0, 0.0)	(87.0, 0.0)	(88.0, 0.0)	(89.0, 0.0)	(90.0, 0.0)	(91.0, 0.3333333333333333)	(92.0, 0.0)	(93.0, 0.0)	(94.0, 0.0)	(95.0, 0.0)	(96.0, 0.0)	(97.0, 0.0)	(98.0, 0.0)	(99.0, 0.0)	(100.0, 0.0)
SRR29920125_1	(0.0, 0.0)	(1.0, 0.0)	(2.0, 0.0)	(3.0, 0.0)	(4.0, 0.0)	(5.0, 0.0)	(6.0, 0.0)	(7.0, 0.0)	(8.0, 0.0)	(9.0, 0.0)	(10.0, 0.0)	(11.0, 0.0)	(12.0, 0.0)	(13.0, 0.0)	(14.0, 0.0)	(15.0, 0.0)	(16.0, 0.0)	(17.0, 0.0)	(18.0, 0.0)	(19.0, 0.0)	(20.0, 0.0)	(21.0, 0.0)	(22.0, 0.0)	(23.0, 0.0)	(24.0, 0.0)	(25.0, 0.0)	(26.0, 0.3333333333333333)	(27.0, 0.0)	(28.0, 0.0)	(29.0, 0.0)	(30.0, 0.3333333333333333)	(31.0, 0.0)	(32.0, 0.0)	(33.0, 0.0)	(34.0, 0.0)	(35.0, 0.0)	(36.0, 0.0)	(37.0, 0.3333333333333333)	(38.0, 0.6666666666666666)	(39.0, 0.6666666666666666)	(40.0, 0.0)	(41.0, 0.0)	(42.0, 0.0)	(43.0, 0.0)	(44.0, 0.3333333333333333)	(45.0, 0.3333333333333333)	(46.0, 4.333333333333333)	(47.0, 30.999999999999957)	(48.0, 173.00000000000054)	(49.0, 307.66666666666663)	(50.0, 1009.0000000000448)	(51.0, 1884.333333333184)	(52.0, 3478.000000000464)	(53.0, 8719.666666664645)	(54.0, 7382.999999997755)	(55.0, 2748.000000000132)	(56.0, 982.0000000000417)	(57.0, 1590.6666666665842)	(58.0, 1649.6666666665708)	(59.0, 341.3333333333314)	(60.0, 58.000000000000135)	(61.0, 16.666666666666675)	(62.0, 6.333333333333331)	(63.0, 1.6666666666666665)	(64.0, 2.6666666666666665)	(65.0, 1.3333333333333333)	(66.0, 1.9999999999999998)	(67.0, 1.6666666666666665)	(68.0, 1.0)	(69.0, 1.6666666666666665)	(70.0, 0.3333333333333333)	(71.0, 1.0)	(72.0, 0.0)	(73.0, 0.0)	(74.0, 0.3333333333333333)	(75.0, 0.0)	(76.0, 0.0)	(77.0, 0.0)	(78.0, 0.0)	(79.0, 0.0)	(80.0, 0.0)	(81.0, 0.0)	(82.0, 0.0)	(83.0, 0.0)	(84.0, 0.0)	(85.0, 0.0)	(86.0, 0.0)	(87.0, 0.0)	(88.0, 0.0)	(89.0, 0.0)	(90.0, 0.0)	(91.0, 0.0)	(92.0, 0.0)	(93.0, 0.0)	(94.0, 0.0)	(95.0, 0.0)	(96.0, 0.0)	(97.0, 0.0)	(98.0, 0.0)	(99.0, 0.0)	(100.0, 0.0)
SRR29920125_2	(0.0, 0.0)	(1.0, 0.0)	(2.0, 0.0)	(3.0, 0.0)	(4.0, 0.0)	(5.0, 0.0)	(6.0, 0.0)	(7.0, 0.0)	(8.0, 0.0)	(9.0, 0.0)	(10.0, 0.0)	(11.0, 0.0)	(12.0, 0.0)	(13.0, 0.0)	(14.0, 0.0)	(15.0, 0.0)	(16.0, 0.0)	(17.0, 0.0)	(18.0, 0.0)	(19.0, 0.0)	(20.0, 0.0)	(21.0, 0.0)	(22.0, 0.0)	(23.0, 0.0)	(24.0, 0.0)	(25.0, 0.0)	(26.0, 0.0)	(27.0, 0.0)	(28.0, 0.0)	(29.0, 0.0)	(30.0, 0.0)	(31.0, 0.0)	(32.0, 0.0)	(33.0, 0.0)	(34.0, 0.0)	(35.0, 0.0)	(36.0, 0.0)	(37.0, 0.0)	(38.0, 0.0)	(39.0, 0.0)	(40.0, 0.0)	(41.0, 0.0)	(42.0, 0.3333333333333333)	(43.0, 0.3333333333333333)	(44.0, 0.6666666666666666)	(45.0, 1.0)	(46.0, 1.9999999999999998)	(47.0, 0.6666666666666666)	(48.0, 0.3333333333333333)	(49.0, 13.666666666666673)	(50.0, 91.99999999999977)	(51.0, 240.00000000000244)	(52.0, 759.6666666666831)	(53.0, 1677.9999999998977)	(54.0, 4479.0000000003965)	(55.0, 7910.666666663942)	(56.0, 4685.000000000209)	(57.0, 2832.666666666837)	(58.0, 1991.666666666493)	(59.0, 1140.3333333333533)	(60.0, 1858.9999999998565)	(61.0, 1471.6666666666113)	(62.0, 815.0000000000227)	(63.0, 203.0000000000014)	(64.0, 71.00000000000007)	(65.0, 31.999999999999954)	(66.0, 14.333333333333341)	(67.0, 10.0)	(68.0, 5.333333333333332)	(69.0, 4.666666666666666)	(70.0, 4.0)	(71.0, 1.9999999999999998)	(72.0, 1.9999999999999998)	(73.0, 1.6666666666666665)	(74.0, 1.3333333333333333)	(75.0, 0.6666666666666666)	(76.0, 0.3333333333333333)	(77.0, 0.0)	(78.0, 0.0)	(79.0, 0.0)	(80.0, 0.3333333333333333)	(81.0, 0.3333333333333333)	(82.0, 0.0)	(83.0, 0.0)	(84.0, 0.0)	(85.0, 0.0)	(86.0, 0.0)	(87.0, 0.0)	(88.0, 0.0)	(89.0, 0.0)	(90.0, 0.0)	(91.0, 0.0)	(92.0, 0.0)	(93.0, 0.0)	(94.0, 0.0)	(95.0, 0.0)	(96.0, 0.0)	(97.0, 0.0)	(98.0, 0.0)	(99.0, 0.0)	(100.0, 0.0)
SRR29920126_1	(0.0, 0.0)	(1.0, 0.0)	(2.0, 0.0)	(3.0, 0.0)	(4.0, 0.0)	(5.0, 0.0)	(6.0, 0.0)	(7.0, 0.0)	(8.0, 0.0)	(9.0, 0.0)	(10.0, 0.0)	(11.0, 0.0)	(12.0, 0.0)	(13.0, 0.0)	(14.0, 0.0)	(15.0, 0.0)	(16.0, 0.0)	(17.0, 0.0)	(18.0, 0.0)	(19.0, 0.0)	(20.0, 0.0)	(21.0, 0.0)	(22.0, 0.0)	(23.0, 0.0)	(24.0, 0.0)	(25.0, 0.0)	(26.0, 0.0)	(27.0, 0.0)	(28.0, 0.0)	(29.0, 0.0)	(30.0, 0.0)	(31.0, 0.0)	(32.0, 0.0)	(33.0, 0.0)	(34.0, 0.0)	(35.0, 0.3333333333333333)	(36.0, 0.0)	(37.0, 0.3333333333333333)	(38.0, 0.0)	(39.0, 0.3333333333333333)	(40.0, 0.3333333333333333)	(41.0, 0.3333333333333333)	(42.0, 0.6666666666666666)	(43.0, 0.6666666666666666)	(44.0, 0.0)	(45.0, 0.3333333333333333)	(46.0, 12.000000000000004)	(47.0, 49.66666666666674)	(48.0, 198.3333333333346)	(49.0, 800.000000000021)	(50.0, 3844.6666666672972)	(51.0, 4954.999999999964)	(52.0, 6063.666666665622)	(53.0, 9421.999999999256)	(54.0, 4965.999999999954)	(55.0, 1267.3333333333244)	(56.0, 643.6666666666699)	(57.0, 1196.0000000000073)	(58.0, 1571.9999999999218)	(59.0, 490.3333333333229)	(60.0, 154.33333333333334)	(61.0, 35.66666666666664)	(62.0, 8.666666666666664)	(63.0, 2.333333333333333)	(64.0, 3.666666666666667)	(65.0, 2.6666666666666665)	(66.0, 0.3333333333333333)	(67.0, 0.0)	(68.0, 0.6666666666666666)	(69.0, 1.3333333333333333)	(70.0, 1.0)	(71.0, 1.0)	(72.0, 1.3333333333333333)	(73.0, 0.0)	(74.0, 0.0)	(75.0, 0.0)	(76.0, 0.0)	(77.0, 0.0)	(78.0, 0.0)	(79.0, 0.0)	(80.0, 0.0)	(81.0, 0.0)	(82.0, 0.0)	(83.0, 0.0)	(84.0, 0.0)	(85.0, 0.0)	(86.0, 0.0)	(87.0, 0.0)	(88.0, 0.0)	(89.0, 0.0)	(90.0, 0.0)	(91.0, 0.0)	(92.0, 0.0)	(93.0, 0.0)	(94.0, 0.0)	(95.0, 0.0)	(96.0, 0.0)	(97.0, 0.0)	(98.0, 0.0)	(99.0, 0.0)	(100.0, 0.0)
SRR29920126_2	(0.0, 0.0)	(1.0, 0.0)	(2.0, 0.0)	(3.0, 0.0)	(4.0, 0.0)	(5.0, 0.0)	(6.0, 0.0)	(7.0, 0.0)	(8.0, 0.0)	(9.0, 0.0)	(10.0, 0.0)	(11.0, 0.0)	(12.0, 0.0)	(13.0, 0.0)	(14.0, 0.0)	(15.0, 0.0)	(16.0, 0.0)	(17.0, 0.0)	(18.0, 0.0)	(19.0, 0.0)	(20.0, 0.0)	(21.0, 0.0)	(22.0, 0.0)	(23.0, 0.0)	(24.0, 0.0)	(25.0, 0.0)	(26.0, 0.0)	(27.0, 0.0)	(28.0, 0.0)	(29.0, 0.0)	(30.0, 0.0)	(31.0, 0.0)	(32.0, 0.0)	(33.0, 0.0)	(34.0, 0.0)	(35.0, 0.0)	(36.0, 0.0)	(37.0, 0.0)	(38.0, 0.0)	(39.0, 0.0)	(40.0, 0.0)	(41.0, 0.0)	(42.0, 0.3333333333333333)	(43.0, 0.3333333333333333)	(44.0, 0.6666666666666666)	(45.0, 0.3333333333333333)	(46.0, 1.6666666666666665)	(47.0, 4.0)	(48.0, 12.666666666666671)	(49.0, 59.00000000000014)	(50.0, 295.0000000000007)	(51.0, 592.6666666666641)	(52.0, 1135.3333333333544)	(53.0, 3316.666666667057)	(54.0, 9074.66666666529)	(55.0, 10100.333333333823)	(56.0, 4353.666666667177)	(57.0, 1639.9999999999063)	(58.0, 754.3333333333492)	(59.0, 1045.0000000000416)	(60.0, 1847.3333333331925)	(61.0, 1025.3333333333794)	(62.0, 324.33333333333235)	(63.0, 97.66666666666636)	(64.0, 42.00000000000002)	(65.0, 23.333333333333318)	(66.0, 11.66666666666667)	(67.0, 5.666666666666665)	(68.0, 2.333333333333333)	(69.0, 1.9999999999999998)	(70.0, 3.0)	(71.0, 1.0)	(72.0, 0.3333333333333333)	(73.0, 1.0)	(74.0, 1.0)	(75.0, 0.3333333333333333)	(76.0, 0.3333333333333333)	(77.0, 0.3333333333333333)	(78.0, 0.3333333333333333)	(79.0, 0.3333333333333333)	(80.0, 0.3333333333333333)	(81.0, 0.0)	(82.0, 0.0)	(83.0, 0.0)	(84.0, 0.0)	(85.0, 0.0)	(86.0, 0.0)	(87.0, 0.0)	(88.0, 0.0)	(89.0, 0.0)	(90.0, 0.0)	(91.0, 0.0)	(92.0, 0.0)	(93.0, 0.0)	(94.0, 0.0)	(95.0, 0.0)	(96.0, 0.0)	(97.0, 0.0)	(98.0, 0.0)	(99.0, 0.0)	(100.0, 0.0)
SRR29920127_1	(0.0, 0.0)	(1.0, 0.0)	(2.0, 0.0)	(3.0, 0.0)	(4.0, 0.0)	(5.0, 0.0)	(6.0, 0.0)	(7.0, 0.0)	(8.0, 0.0)	(9.0, 0.0)	(10.0, 0.0)	(11.0, 0.0)	(12.0, 0.0)	(13.0, 0.0)	(14.0, 0.0)	(15.0, 0.0)	(16.0, 0.0)	(17.0, 0.0)	(18.0, 0.0)	(19.0, 0.0)	(20.0, 0.0)	(21.0, 0.0)	(22.0, 0.0)	(23.0, 0.0)	(24.0, 0.0)	(25.0, 0.0)	(26.0, 0.0)	(27.0, 0.0)	(28.0, 0.0)	(29.0, 0.0)	(30.0, 0.0)	(31.0, 0.0)	(32.0, 0.3333333333333333)	(33.0, 0.0)	(34.0, 0.3333333333333333)	(35.0, 0.0)	(36.0, 0.0)	(37.0, 0.3333333333333333)	(38.0, 0.0)	(39.0, 1.0)	(40.0, 1.3333333333333333)	(41.0, 1.0)	(42.0, 0.3333333333333333)	(43.0, 0.3333333333333333)	(44.0, 0.6666666666666666)	(45.0, 1.0)	(46.0, 2.6666666666666665)	(47.0, 2.6666666666666665)	(48.0, 11.333333333333336)	(49.0, 134.33333333333277)	(50.0, 646.3333333333369)	(51.0, 1692.3333333332278)	(52.0, 5320.666666666298)	(53.0, 12734.333333338614)	(54.0, 8181.333333330363)	(55.0, 1231.999999999999)	(56.0, 546.9999999999923)	(57.0, 712.3333333333444)	(58.0, 443.6666666666589)	(59.0, 75.66666666666667)	(60.0, 24.99999999999998)	(61.0, 10.0)	(62.0, 3.3333333333333335)	(63.0, 2.333333333333333)	(64.0, 1.0)	(65.0, 3.0)	(66.0, 1.6666666666666665)	(67.0, 0.6666666666666666)	(68.0, 0.3333333333333333)	(69.0, 0.0)	(70.0, 0.0)	(71.0, 0.0)	(72.0, 0.0)	(73.0, 0.0)	(74.0, 0.0)	(75.0, 0.0)	(76.0, 0.0)	(77.0, 0.0)	(78.0, 0.0)	(79.0, 0.0)	(80.0, 0.0)	(81.0, 0.0)	(82.0, 0.0)	(83.0, 0.0)	(84.0, 0.0)	(85.0, 0.0)	(86.0, 0.0)	(87.0, 0.0)	(88.0, 0.0)	(89.0, 0.0)	(90.0, 0.0)	(91.0, 0.0)	(92.0, 0.0)	(93.0, 0.0)	(94.0, 0.0)	(95.0, 0.0)	(96.0, 0.0)	(97.0, 0.0)	(98.0, 0.0)	(99.0, 0.0)	(100.0, 0.0)
SRR29920127_2	(0.0, 0.0)	(1.0, 0.0)	(2.0, 0.0)	(3.0, 0.0)	(4.0, 0.0)	(5.0, 0.0)	(6.0, 0.0)	(7.0, 0.0)	(8.0, 0.0)	(9.0, 0.0)	(10.0, 0.0)	(11.0, 0.0)	(12.0, 0.0)	(13.0, 0.0)	(14.0, 0.0)	(15.0, 0.0)	(16.0, 0.0)	(17.0, 0.0)	(18.0, 0.0)	(19.0, 0.0)	(20.0, 0.0)	(21.0, 0.0)	(22.0, 0.0)	(23.0, 0.0)	(24.0, 0.0)	(25.0, 0.0)	(26.0, 0.0)	(27.0, 0.0)	(28.0, 0.0)	(29.0, 0.0)	(30.0, 0.0)	(31.0, 0.0)	(32.0, 0.0)	(33.0, 0.0)	(34.0, 0.0)	(35.0, 0.0)	(36.0, 0.0)	(37.0, 0.0)	(38.0, 0.0)	(39.0, 0.3333333333333333)	(40.0, 0.0)	(41.0, 0.0)	(42.0, 0.0)	(43.0, 0.0)	(44.0, 0.0)	(45.0, 0.0)	(46.0, 0.6666666666666666)	(47.0, 1.6666666666666665)	(48.0, 3.3333333333333335)	(49.0, 47.66666666666673)	(50.0, 140.99999999999963)	(51.0, 127.66666666666593)	(52.0, 275.33333333333513)	(53.0, 1129.666666666689)	(54.0, 5742.666666665914)	(55.0, 12752.666666671981)	(56.0, 7659.66666666417)	(57.0, 1258.3333333333264)	(58.0, 553.3333333333263)	(59.0, 344.3333333333312)	(60.0, 242.0000000000025)	(61.0, 590.3333333333305)	(62.0, 593.3333333333309)	(63.0, 107.33333333333289)	(64.0, 28.999999999999964)	(65.0, 13.33333333333334)	(66.0, 6.333333333333331)	(67.0, 3.666666666666667)	(68.0, 3.3333333333333335)	(69.0, 3.3333333333333335)	(70.0, 1.3333333333333333)	(71.0, 0.6666666666666666)	(72.0, 1.3333333333333333)	(73.0, 0.6666666666666666)	(74.0, 0.6666666666666666)	(75.0, 0.6666666666666666)	(76.0, 0.3333333333333333)	(77.0, 0.3333333333333333)	(78.0, 0.0)	(79.0, 0.3333333333333333)	(80.0, 0.3333333333333333)	(81.0, 0.0)	(82.0, 0.0)	(83.0, 0.0)	(84.0, 0.0)	(85.0, 0.0)	(86.0, 0.0)	(87.0, 0.0)	(88.0, 0.0)	(89.0, 0.0)	(90.0, 0.0)	(91.0, 0.0)	(92.0, 0.0)	(93.0, 0.0)	(94.0, 0.0)	(95.0, 0.0)	(96.0, 0.0)	(97.0, 0.0)	(98.0, 0.0)	(99.0, 0.0)	(100.0, 0.0)
SRR29920128_1	(0.0, 0.0)	(1.0, 0.0)	(2.0, 0.0)	(3.0, 0.0)	(4.0, 0.0)	(5.0, 0.0)	(6.0, 0.0)	(7.0, 0.0)	(8.0, 0.0)	(9.0, 0.0)	(10.0, 0.0)	(11.0, 0.0)	(12.0, 0.0)	(13.0, 0.0)	(14.0, 0.0)	(15.0, 0.0)	(16.0, 0.0)	(17.0, 0.0)	(18.0, 0.0)	(19.0, 0.0)	(20.0, 0.0)	(21.0, 0.0)	(22.0, 0.0)	(23.0, 0.0)	(24.0, 0.0)	(25.0, 0.0)	(26.0, 0.0)	(27.0, 0.0)	(28.0, 0.3333333333333333)	(29.0, 0.3333333333333333)	(30.0, 0.0)	(31.0, 0.0)	(32.0, 0.0)	(33.0, 0.0)	(34.0, 0.3333333333333333)	(35.0, 0.6666666666666666)	(36.0, 0.3333333333333333)	(37.0, 0.6666666666666666)	(38.0, 0.0)	(39.0, 0.3333333333333333)	(40.0, 0.0)	(41.0, 0.0)	(42.0, 0.3333333333333333)	(43.0, 0.3333333333333333)	(44.0, 1.0)	(45.0, 1.3333333333333333)	(46.0, 1.3333333333333333)	(47.0, 1.6666666666666665)	(48.0, 6.333333333333331)	(49.0, 42.33333333333336)	(50.0, 234.33333333333562)	(51.0, 591.9999999999974)	(52.0, 3231.333333333685)	(53.0, 13460.333333339935)	(54.0, 9559.999999999507)	(55.0, 1219.000000000002)	(56.0, 531.6666666666572)	(57.0, 1110.33333333336)	(58.0, 727.6666666666795)	(59.0, 101.33333333333297)	(60.0, 27.333333333333304)	(61.0, 15.000000000000009)	(62.0, 7.9999999999999964)	(63.0, 3.3333333333333335)	(64.0, 2.333333333333333)	(65.0, 1.3333333333333333)	(66.0, 0.6666666666666666)	(67.0, 0.3333333333333333)	(68.0, 0.0)	(69.0, 0.0)	(70.0, 0.0)	(71.0, 0.0)	(72.0, 0.0)	(73.0, 0.0)	(74.0, 0.0)	(75.0, 0.0)	(76.0, 0.0)	(77.0, 0.0)	(78.0, 0.0)	(79.0, 0.0)	(80.0, 0.0)	(81.0, 0.0)	(82.0, 0.0)	(83.0, 0.0)	(84.0, 0.0)	(85.0, 0.0)	(86.0, 0.0)	(87.0, 0.0)	(88.0, 0.0)	(89.0, 0.0)	(90.0, 0.0)	(91.0, 0.0)	(92.0, 0.0)	(93.0, 0.0)	(94.0, 0.0)	(95.0, 0.0)	(96.0, 0.0)	(97.0, 0.0)	(98.0, 0.0)	(99.0, 0.0)	(100.0, 0.0)
SRR29920128_2	(0.0, 0.0)	(1.0, 0.0)	(2.0, 0.0)	(3.0, 0.0)	(4.0, 0.0)	(5.0, 0.0)	(6.0, 0.0)	(7.0, 0.0)	(8.0, 0.0)	(9.0, 0.0)	(10.0, 0.0)	(11.0, 0.0)	(12.0, 0.0)	(13.0, 0.0)	(14.0, 0.0)	(15.0, 0.0)	(16.0, 0.0)	(17.0, 0.0)	(18.0, 0.0)	(19.0, 0.0)	(20.0, 0.0)	(21.0, 0.0)	(22.0, 0.0)	(23.0, 0.0)	(24.0, 0.0)	(25.0, 0.0)	(26.0, 0.0)	(27.0, 0.0)	(28.0, 0.0)	(29.0, 0.0)	(30.0, 0.0)	(31.0, 0.0)	(32.0, 0.0)	(33.0, 0.0)	(34.0, 0.0)	(35.0, 0.0)	(36.0, 0.0)	(37.0, 0.0)	(38.0, 0.0)	(39.0, 0.0)	(40.0, 0.0)	(41.0, 0.0)	(42.0, 0.3333333333333333)	(43.0, 0.3333333333333333)	(44.0, 0.6666666666666666)	(45.0, 1.3333333333333333)	(46.0, 0.6666666666666666)	(47.0, 0.3333333333333333)	(48.0, 0.3333333333333333)	(49.0, 6.666666666666664)	(50.0, 24.333333333333314)	(51.0, 47.33333333333339)	(52.0, 124.33333333333265)	(53.0, 722.6666666666789)	(54.0, 4149.000000000697)	(55.0, 12853.333333338831)	(56.0, 9046.66666666524)	(57.0, 1122.6666666666906)	(58.0, 277.333333333335)	(59.0, 166.33333333333368)	(60.0, 221.0000000000019)	(61.0, 943.666666666704)	(62.0, 989.3333333333759)	(63.0, 183.33333333333417)	(64.0, 46.333333333333385)	(65.0, 24.99999999999998)	(66.0, 12.666666666666671)	(67.0, 7.666666666666663)	(68.0, 4.999999999999999)	(69.0, 2.333333333333333)	(70.0, 1.9999999999999998)	(71.0, 1.6666666666666665)	(72.0, 1.3333333333333333)	(73.0, 1.3333333333333333)	(74.0, 0.0)	(75.0, 0.0)	(76.0, 0.0)	(77.0, 0.0)	(78.0, 1.0)	(79.0, 0.6666666666666666)	(80.0, 0.6666666666666666)	(81.0, 0.6666666666666666)	(82.0, 0.3333333333333333)	(83.0, 0.3333333333333333)	(84.0, 0.0)	(85.0, 0.0)	(86.0, 0.0)	(87.0, 0.0)	(88.0, 0.0)	(89.0, 0.0)	(90.0, 0.0)	(91.0, 0.0)	(92.0, 0.0)	(93.0, 0.0)	(94.0, 0.0)	(95.0, 0.0)	(96.0, 0.0)	(97.0, 0.0)	(98.0, 0.3333333333333333)	(99.0, 0.0)	(100.0, 0.0)
SRR29920129_1	(0.0, 0.0)	(1.0, 0.0)	(2.0, 0.0)	(3.0, 0.0)	(4.0, 0.0)	(5.0, 0.0)	(6.0, 0.0)	(7.0, 0.0)	(8.0, 0.0)	(9.0, 0.0)	(10.0, 0.0)	(11.0, 0.0)	(12.0, 0.0)	(13.0, 0.0)	(14.0, 0.0)	(15.0, 0.0)	(16.0, 0.0)	(17.0, 0.0)	(18.0, 0.0)	(19.0, 0.0)	(20.0, 0.0)	(21.0, 0.0)	(22.0, 0.0)	(23.0, 0.0)	(24.0, 0.0)	(25.0, 0.0)	(26.0, 0.0)	(27.0, 0.3333333333333333)	(28.0, 0.0)	(29.0, 0.0)	(30.0, 0.0)	(31.0, 0.0)	(32.0, 0.0)	(33.0, 0.3333333333333333)	(34.0, 1.0)	(35.0, 0.3333333333333333)	(36.0, 0.3333333333333333)	(37.0, 0.0)	(38.0, 0.3333333333333333)	(39.0, 0.0)	(40.0, 1.3333333333333333)	(41.0, 1.0)	(42.0, 0.0)	(43.0, 0.6666666666666666)	(44.0, 0.6666666666666666)	(45.0, 1.0)	(46.0, 1.6666666666666665)	(47.0, 11.66666666666667)	(48.0, 127.66666666666593)	(49.0, 312.66666666666634)	(50.0, 364.3333333333301)	(51.0, 777.6666666666852)	(52.0, 3596.6666666671845)	(53.0, 16043.0000000113)	(54.0, 12589.666666671685)	(55.0, 2543.6666666667056)	(56.0, 972.6666666667073)	(57.0, 1172.0000000000127)	(58.0, 1039.000000000043)	(59.0, 234.66666666666896)	(60.0, 57.6666666666668)	(61.0, 22.999999999999986)	(62.0, 12.333333333333337)	(63.0, 2.6666666666666665)	(64.0, 1.9999999999999998)	(65.0, 1.6666666666666665)	(66.0, 2.6666666666666665)	(67.0, 1.0)	(68.0, 0.6666666666666666)	(69.0, 1.6666666666666665)	(70.0, 2.333333333333333)	(71.0, 0.0)	(72.0, 0.0)	(73.0, 0.0)	(74.0, 0.0)	(75.0, 0.0)	(76.0, 0.0)	(77.0, 0.0)	(78.0, 0.0)	(79.0, 0.0)	(80.0, 0.0)	(81.0, 0.0)	(82.0, 0.0)	(83.0, 0.0)	(84.0, 0.0)	(85.0, 0.0)	(86.0, 0.0)	(87.0, 0.0)	(88.0, 0.0)	(89.0, 0.0)	(90.0, 0.0)	(91.0, 0.0)	(92.0, 0.0)	(93.0, 0.0)	(94.0, 0.0)	(95.0, 0.0)	(96.0, 0.0)	(97.0, 0.0)	(98.0, 0.0)	(99.0, 0.0)	(100.0, 0.0)
SRR29920129_2	(0.0, 0.0)	(1.0, 0.0)	(2.0, 0.0)	(3.0, 0.0)	(4.0, 0.0)	(5.0, 0.0)	(6.0, 0.0)	(7.0, 0.0)	(8.0, 0.0)	(9.0, 0.0)	(10.0, 0.0)	(11.0, 0.0)	(12.0, 0.0)	(13.0, 0.0)	(14.0, 0.0)	(15.0, 0.0)	(16.0, 0.0)	(17.0, 0.0)	(18.0, 0.0)	(19.0, 0.0)	(20.0, 0.0)	(21.0, 0.0)	(22.0, 0.0)	(23.0, 0.0)	(24.0, 0.0)	(25.0, 0.0)	(26.0, 0.0)	(27.0, 0.0)	(28.0, 0.0)	(29.0, 0.0)	(30.0, 0.0)	(31.0, 0.0)	(32.0, 0.0)	(33.0, 0.0)	(34.0, 0.0)	(35.0, 0.0)	(36.0, 0.3333333333333333)	(37.0, 0.3333333333333333)	(38.0, 0.0)	(39.0, 0.0)	(40.0, 0.0)	(41.0, 0.0)	(42.0, 0.0)	(43.0, 0.0)	(44.0, 1.0)	(45.0, 1.6666666666666665)	(46.0, 0.6666666666666666)	(47.0, 0.6666666666666666)	(48.0, 4.0)	(49.0, 12.666666666666671)	(50.0, 28.999999999999964)	(51.0, 132.33333333333272)	(52.0, 742.0000000000144)	(53.0, 1455.666666666615)	(54.0, 5089.333333333175)	(55.0, 15465.333333343582)	(56.0, 10487.000000001193)	(57.0, 2242.3333333332353)	(58.0, 1097.333333333363)	(59.0, 585.33333333333)	(60.0, 893.6666666666983)	(61.0, 826.3333333333574)	(62.0, 596.6666666666646)	(63.0, 147.99999999999983)	(64.0, 51.000000000000085)	(65.0, 24.99999999999998)	(66.0, 13.666666666666673)	(67.0, 7.666666666666663)	(68.0, 5.999999999999998)	(69.0, 6.333333333333331)	(70.0, 1.3333333333333333)	(71.0, 2.333333333333333)	(72.0, 0.6666666666666666)	(73.0, 0.6666666666666666)	(74.0, 1.0)	(75.0, 1.0)	(76.0, 0.6666666666666666)	(77.0, 1.3333333333333333)	(78.0, 0.3333333333333333)	(79.0, 0.0)	(80.0, 0.0)	(81.0, 0.0)	(82.0, 0.0)	(83.0, 0.3333333333333333)	(84.0, 0.0)	(85.0, 0.0)	(86.0, 0.0)	(87.0, 0.0)	(88.0, 0.0)	(89.0, 0.0)	(90.0, 0.0)	(91.0, 0.0)	(92.0, 0.0)	(93.0, 0.0)	(94.0, 0.0)	(95.0, 0.0)	(96.0, 0.0)	(97.0, 0.0)	(98.0, 0.0)	(99.0, 0.0)	(100.0, 0.0)
SRR29920130_1	(0.0, 0.0)	(1.0, 0.0)	(2.0, 0.0)	(3.0, 0.0)	(4.0, 0.0)	(5.0, 0.0)	(6.0, 0.0)	(7.0, 0.0)	(8.0, 0.0)	(9.0, 0.0)	(10.0, 0.0)	(11.0, 0.0)	(12.0, 0.0)	(13.0, 0.0)	(14.0, 0.0)	(15.0, 0.0)	(16.0, 0.0)	(17.0, 0.0)	(18.0, 0.0)	(19.0, 0.0)	(20.0, 0.0)	(21.0, 0.0)	(22.0, 0.0)	(23.0, 0.0)	(24.0, 0.0)	(25.0, 0.0)	(26.0, 0.0)	(27.0, 0.0)	(28.0, 0.0)	(29.0, 0.0)	(30.0, 0.0)	(31.0, 0.0)	(32.0, 0.0)	(33.0, 0.0)	(34.0, 0.0)	(35.0, 0.3333333333333333)	(36.0, 0.0)	(37.0, 0.0)	(38.0, 0.0)	(39.0, 0.6666666666666666)	(40.0, 0.3333333333333333)	(41.0, 0.3333333333333333)	(42.0, 0.6666666666666666)	(43.0, 0.0)	(44.0, 0.6666666666666666)	(45.0, 0.6666666666666666)	(46.0, 1.6666666666666665)	(47.0, 19.333333333333332)	(48.0, 270.3333333333354)	(49.0, 591.3333333333306)	(50.0, 406.9999999999943)	(51.0, 409.66666666666083)	(52.0, 2369.333333333293)	(53.0, 11636.000000003283)	(54.0, 9813.333333333301)	(55.0, 2249.3333333332384)	(56.0, 687.6666666666749)	(57.0, 1132.333333333355)	(58.0, 1135.0000000000211)	(59.0, 220.33333333333522)	(60.0, 33.33333333333329)	(61.0, 15.333333333333343)	(62.0, 7.33333333333333)	(63.0, 1.9999999999999998)	(64.0, 1.6666666666666665)	(65.0, 1.6666666666666665)	(66.0, 1.0)	(67.0, 1.0)	(68.0, 0.3333333333333333)	(69.0, 0.6666666666666666)	(70.0, 1.6666666666666665)	(71.0, 0.0)	(72.0, 0.0)	(73.0, 0.0)	(74.0, 0.0)	(75.0, 0.0)	(76.0, 0.0)	(77.0, 0.0)	(78.0, 0.0)	(79.0, 0.0)	(80.0, 0.0)	(81.0, 0.0)	(82.0, 0.0)	(83.0, 0.0)	(84.0, 0.0)	(85.0, 0.0)	(86.0, 0.0)	(87.0, 0.0)	(88.0, 0.0)	(89.0, 0.0)	(90.0, 0.0)	(91.0, 0.0)	(92.0, 0.0)	(93.0, 0.0)	(94.0, 0.0)	(95.0, 0.0)	(96.0, 0.0)	(97.0, 0.0)	(98.0, 0.0)	(99.0, 0.0)	(100.0, 0.0)
SRR29920130_2	(0.0, 0.0)	(1.0, 0.0)	(2.0, 0.0)	(3.0, 0.0)	(4.0, 0.0)	(5.0, 0.0)	(6.0, 0.0)	(7.0, 0.0)	(8.0, 0.0)	(9.0, 0.0)	(10.0, 0.0)	(11.0, 0.0)	(12.0, 0.0)	(13.0, 0.0)	(14.0, 0.0)	(15.0, 0.0)	(16.0, 0.0)	(17.0, 0.0)	(18.0, 0.0)	(19.0, 0.0)	(20.0, 0.0)	(21.0, 0.0)	(22.0, 0.0)	(23.0, 0.0)	(24.0, 0.0)	(25.0, 0.0)	(26.0, 0.0)	(27.0, 0.0)	(28.0, 0.0)	(29.0, 0.0)	(30.0, 0.0)	(31.0, 0.0)	(32.0, 0.0)	(33.0, 0.0)	(34.0, 0.0)	(35.0, 0.0)	(36.0, 0.0)	(37.0, 0.0)	(38.0, 0.0)	(39.0, 0.3333333333333333)	(40.0, 0.6666666666666666)	(41.0, 0.3333333333333333)	(42.0, 0.3333333333333333)	(43.0, 0.0)	(44.0, 0.0)	(45.0, 0.3333333333333333)	(46.0, 0.3333333333333333)	(47.0, 1.0)	(48.0, 1.6666666666666665)	(49.0, 4.999999999999999)	(50.0, 14.666666666666675)	(51.0, 31.33333333333329)	(52.0, 102.33333333333296)	(53.0, 387.9999999999954)	(54.0, 3518.666666667149)	(55.0, 11961.666666670542)	(56.0, 8479.333333330875)	(57.0, 2191.333333333212)	(58.0, 1026.000000000046)	(59.0, 649.6666666666706)	(60.0, 1068.3333333333696)	(61.0, 854.0000000000272)	(62.0, 550.6666666666594)	(63.0, 145.99999999999977)	(64.0, 46.00000000000005)	(65.0, 23.66666666666665)	(66.0, 14.666666666666675)	(67.0, 6.333333333333331)	(68.0, 5.333333333333332)	(69.0, 4.0)	(70.0, 2.6666666666666665)	(71.0, 0.6666666666666666)	(72.0, 1.3333333333333333)	(73.0, 3.0)	(74.0, 3.3333333333333335)	(75.0, 0.6666666666666666)	(76.0, 0.3333333333333333)	(77.0, 0.0)	(78.0, 0.3333333333333333)	(79.0, 0.3333333333333333)	(80.0, 0.3333333333333333)	(81.0, 0.3333333333333333)	(82.0, 0.0)	(83.0, 0.0)	(84.0, 0.0)	(85.0, 0.3333333333333333)	(86.0, 0.3333333333333333)	(87.0, 0.0)	(88.0, 0.0)	(89.0, 0.0)	(90.0, 0.0)	(91.0, 0.0)	(92.0, 0.0)	(93.0, 0.0)	(94.0, 0.0)	(95.0, 0.0)	(96.0, 0.0)	(97.0, 0.0)	(98.0, 0.0)	(99.0, 0.0)	(100.0, 0.0)
SRR29920131_1	(0.0, 0.0)	(1.0, 0.0)	(2.0, 0.0)	(3.0, 0.0)	(4.0, 0.0)	(5.0, 0.0)	(6.0, 0.0)	(7.0, 0.0)	(8.0, 0.0)	(9.0, 0.0)	(10.0, 0.0)	(11.0, 0.0)	(12.0, 0.0)	(13.0, 0.0)	(14.0, 0.0)	(15.0, 0.0)	(16.0, 0.0)	(17.0, 0.0)	(18.0, 0.0)	(19.0, 0.0)	(20.0, 0.0)	(21.0, 0.0)	(22.0, 0.0)	(23.0, 0.0)	(24.0, 0.0)	(25.0, 0.0)	(26.0, 0.0)	(27.0, 0.0)	(28.0, 0.0)	(29.0, 0.0)	(30.0, 0.0)	(31.0, 0.3333333333333333)	(32.0, 0.3333333333333333)	(33.0, 0.0)	(34.0, 0.3333333333333333)	(35.0, 0.3333333333333333)	(36.0, 0.0)	(37.0, 0.0)	(38.0, 0.0)	(39.0, 0.0)	(40.0, 0.0)	(41.0, 0.0)	(42.0, 0.0)	(43.0, 0.3333333333333333)	(44.0, 0.0)	(45.0, 0.3333333333333333)	(46.0, 1.6666666666666665)	(47.0, 4.0)	(48.0, 31.999999999999954)	(49.0, 102.99999999999962)	(50.0, 378.6666666666626)	(51.0, 1107.666666666694)	(52.0, 2829.6666666668357)	(53.0, 8259.333333330474)	(54.0, 5761.666666665897)	(55.0, 1273.333333333323)	(56.0, 1120.3333333333578)	(57.0, 1048.3333333333742)	(58.0, 610.9999999999995)	(59.0, 129.66666666666598)	(60.0, 75.66666666666667)	(61.0, 21.666666666666657)	(62.0, 7.33333333333333)	(63.0, 2.333333333333333)	(64.0, 1.6666666666666665)	(65.0, 1.3333333333333333)	(66.0, 1.3333333333333333)	(67.0, 1.6666666666666665)	(68.0, 0.3333333333333333)	(69.0, 0.3333333333333333)	(70.0, 0.0)	(71.0, 0.6666666666666666)	(72.0, 1.0)	(73.0, 0.0)	(74.0, 0.0)	(75.0, 0.0)	(76.0, 0.0)	(77.0, 0.0)	(78.0, 0.0)	(79.0, 0.0)	(80.0, 0.0)	(81.0, 0.0)	(82.0, 0.0)	(83.0, 0.0)	(84.0, 0.0)	(85.0, 0.0)	(86.0, 0.0)	(87.0, 0.0)	(88.0, 0.0)	(89.0, 0.0)	(90.0, 0.0)	(91.0, 0.0)	(92.0, 0.0)	(93.0, 0.0)	(94.0, 0.0)	(95.0, 0.0)	(96.0, 0.0)	(97.0, 0.0)	(98.0, 0.0)	(99.0, 0.0)	(100.0, 0.0)
SRR29920131_2	(0.0, 0.0)	(1.0, 0.0)	(2.0, 0.0)	(3.0, 0.0)	(4.0, 0.0)	(5.0, 0.0)	(6.0, 0.0)	(7.0, 0.0)	(8.0, 0.0)	(9.0, 0.0)	(10.0, 0.0)	(11.0, 0.0)	(12.0, 0.0)	(13.0, 0.0)	(14.0, 0.0)	(15.0, 0.0)	(16.0, 0.0)	(17.0, 0.0)	(18.0, 0.0)	(19.0, 0.0)	(20.0, 0.0)	(21.0, 0.0)	(22.0, 0.0)	(23.0, 0.0)	(24.0, 0.0)	(25.0, 0.0)	(26.0, 0.0)	(27.0, 0.0)	(28.0, 0.0)	(29.0, 0.0)	(30.0, 0.0)	(31.0, 0.0)	(32.0, 0.0)	(33.0, 0.0)	(34.0, 0.0)	(35.0, 0.0)	(36.0, 0.0)	(37.0, 0.3333333333333333)	(38.0, 0.3333333333333333)	(39.0, 0.0)	(40.0, 0.0)	(41.0, 0.3333333333333333)	(42.0, 0.3333333333333333)	(43.0, 0.3333333333333333)	(44.0, 0.6666666666666666)	(45.0, 0.6666666666666666)	(46.0, 1.0)	(47.0, 1.6666666666666665)	(48.0, 3.0)	(49.0, 47.66666666666673)	(50.0, 301.33333333333366)	(51.0, 431.9999999999929)	(52.0, 1406.3333333332928)	(53.0, 2435.99999999999)	(54.0, 4499.333333333711)	(55.0, 7656.666666664173)	(56.0, 2948.3333333335563)	(57.0, 634.3333333333355)	(58.0, 332.9999999999985)	(59.0, 179.33333333333405)	(60.0, 285.00000000000125)	(61.0, 754.3333333333492)	(62.0, 704.0000000000101)	(63.0, 138.3333333333329)	(64.0, 37.33333333333332)	(65.0, 17.66666666666667)	(66.0, 9.666666666666666)	(67.0, 7.33333333333333)	(68.0, 7.33333333333333)	(69.0, 2.333333333333333)	(70.0, 2.6666666666666665)	(71.0, 1.9999999999999998)	(72.0, 0.3333333333333333)	(73.0, 1.3333333333333333)	(74.0, 1.3333333333333333)	(75.0, 0.0)	(76.0, 0.6666666666666666)	(77.0, 0.6666666666666666)	(78.0, 0.0)	(79.0, 0.0)	(80.0, 0.0)	(81.0, 0.3333333333333333)	(82.0, 0.3333333333333333)	(83.0, 0.0)	(84.0, 0.0)	(85.0, 0.0)	(86.0, 0.0)	(87.0, 0.0)	(88.0, 0.0)	(89.0, 0.0)	(90.0, 0.0)	(91.0, 0.0)	(92.0, 0.0)	(93.0, 0.0)	(94.0, 0.0)	(95.0, 0.0)	(96.0, 0.0)	(97.0, 0.0)	(98.0, 0.0)	(99.0, 0.0)	(100.0, 0.0)
SRR29920132_1	(0.0, 0.0)	(1.0, 0.0)	(2.0, 0.0)	(3.0, 0.0)	(4.0, 0.0)	(5.0, 0.0)	(6.0, 0.0)	(7.0, 0.0)	(8.0, 0.0)	(9.0, 0.0)	(10.0, 0.0)	(11.0, 0.0)	(12.0, 0.0)	(13.0, 0.0)	(14.0, 0.0)	(15.0, 0.0)	(16.0, 0.0)	(17.0, 0.0)	(18.0, 0.0)	(19.0, 0.0)	(20.0, 0.0)	(21.0, 0.0)	(22.0, 0.0)	(23.0, 0.0)	(24.0, 0.0)	(25.0, 0.0)	(26.0, 0.0)	(27.0, 0.0)	(28.0, 0.0)	(29.0, 0.0)	(30.0, 0.0)	(31.0, 0.0)	(32.0, 0.0)	(33.0, 0.0)	(34.0, 0.0)	(35.0, 0.0)	(36.0, 0.0)	(37.0, 0.6666666666666666)	(38.0, 0.6666666666666666)	(39.0, 0.6666666666666666)	(40.0, 0.6666666666666666)	(41.0, 0.6666666666666666)	(42.0, 0.3333333333333333)	(43.0, 0.0)	(44.0, 0.3333333333333333)	(45.0, 1.3333333333333333)	(46.0, 0.6666666666666666)	(47.0, 3.666666666666667)	(48.0, 30.999999999999957)	(49.0, 220.00000000000188)	(50.0, 1300.333333333317)	(51.0, 2126.666666666516)	(52.0, 3948.6666666673445)	(53.0, 10145.333333333905)	(54.0, 6496.333333331895)	(55.0, 845.6666666666929)	(56.0, 376.6666666666627)	(57.0, 719.0000000000118)	(58.0, 488.66666666665634)	(59.0, 123.99999999999932)	(60.0, 36.999999999999986)	(61.0, 12.333333333333337)	(62.0, 3.666666666666667)	(63.0, 5.666666666666665)	(64.0, 3.0)	(65.0, 1.6666666666666665)	(66.0, 1.3333333333333333)	(67.0, 0.0)	(68.0, 0.0)	(69.0, 0.6666666666666666)	(70.0, 0.3333333333333333)	(71.0, 0.6666666666666666)	(72.0, 0.3333333333333333)	(73.0, 0.0)	(74.0, 0.3333333333333333)	(75.0, 0.3333333333333333)	(76.0, 0.0)	(77.0, 0.0)	(78.0, 0.0)	(79.0, 0.0)	(80.0, 0.0)	(81.0, 0.0)	(82.0, 0.0)	(83.0, 0.0)	(84.0, 0.0)	(85.0, 0.0)	(86.0, 0.0)	(87.0, 0.0)	(88.0, 0.0)	(89.0, 0.0)	(90.0, 0.0)	(91.0, 0.0)	(92.0, 0.0)	(93.0, 0.0)	(94.0, 0.0)	(95.0, 0.0)	(96.0, 0.0)	(97.0, 0.0)	(98.0, 0.0)	(99.0, 0.0)	(100.0, 0.0)
SRR29920132_2	(0.0, 0.0)	(1.0, 0.0)	(2.0, 0.0)	(3.0, 0.0)	(4.0, 0.0)	(5.0, 0.0)	(6.0, 0.0)	(7.0, 0.0)	(8.0, 0.0)	(9.0, 0.0)	(10.0, 0.0)	(11.0, 0.0)	(12.0, 0.0)	(13.0, 0.0)	(14.0, 0.0)	(15.0, 0.0)	(16.0, 0.0)	(17.0, 0.0)	(18.0, 0.0)	(19.0, 0.0)	(20.0, 0.0)	(21.0, 0.0)	(22.0, 0.0)	(23.0, 0.0)	(24.0, 0.0)	(25.0, 0.0)	(26.0, 0.0)	(27.0, 0.0)	(28.0, 0.0)	(29.0, 0.0)	(30.0, 0.0)	(31.0, 0.0)	(32.0, 0.0)	(33.0, 0.0)	(34.0, 0.0)	(35.0, 0.0)	(36.0, 0.0)	(37.0, 0.0)	(38.0, 0.3333333333333333)	(39.0, 0.6666666666666666)	(40.0, 0.0)	(41.0, 0.0)	(42.0, 0.3333333333333333)	(43.0, 0.6666666666666666)	(44.0, 0.3333333333333333)	(45.0, 0.0)	(46.0, 0.3333333333333333)	(47.0, 1.9999999999999998)	(48.0, 2.6666666666666665)	(49.0, 22.666666666666654)	(50.0, 81.66666666666659)	(51.0, 175.33333333333394)	(52.0, 765.000000000017)	(53.0, 2158.333333333197)	(54.0, 6319.333333332056)	(55.0, 10673.333333334866)	(56.0, 3920.000000000665)	(57.0, 547.666666666659)	(58.0, 287.66666666666777)	(59.0, 354.33333333333064)	(60.0, 295.333333333334)	(61.0, 581.9999999999962)	(62.0, 611.9999999999997)	(63.0, 129.66666666666598)	(64.0, 31.33333333333329)	(65.0, 17.33333333333334)	(66.0, 9.666666666666666)	(67.0, 6.666666666666664)	(68.0, 2.6666666666666665)	(69.0, 1.9999999999999998)	(70.0, 1.0)	(71.0, 1.3333333333333333)	(72.0, 1.3333333333333333)	(73.0, 0.3333333333333333)	(74.0, 0.6666666666666666)	(75.0, 0.6666666666666666)	(76.0, 0.0)	(77.0, 0.0)	(78.0, 0.0)	(79.0, 0.3333333333333333)	(80.0, 0.0)	(81.0, 0.0)	(82.0, 0.0)	(83.0, 0.0)	(84.0, 0.0)	(85.0, 0.0)	(86.0, 0.0)	(87.0, 0.0)	(88.0, 0.0)	(89.0, 0.0)	(90.0, 0.0)	(91.0, 0.0)	(92.0, 0.0)	(93.0, 0.0)	(94.0, 0.0)	(95.0, 0.0)	(96.0, 0.0)	(97.0, 0.0)	(98.0, 0.0)	(99.0, 0.0)	(100.0, 0.0)
SRR29920133_1	(0.0, 0.0)	(1.0, 0.0)	(2.0, 0.0)	(3.0, 0.0)	(4.0, 0.0)	(5.0, 0.0)	(6.0, 0.0)	(7.0, 0.0)	(8.0, 0.0)	(9.0, 0.0)	(10.0, 0.0)	(11.0, 0.0)	(12.0, 0.0)	(13.0, 0.0)	(14.0, 0.0)	(15.0, 0.0)	(16.0, 0.0)	(17.0, 0.0)	(18.0, 0.0)	(19.0, 0.0)	(20.0, 0.0)	(21.0, 0.0)	(22.0, 0.0)	(23.0, 0.0)	(24.0, 0.0)	(25.0, 0.0)	(26.0, 0.0)	(27.0, 0.0)	(28.0, 0.0)	(29.0, 0.0)	(30.0, 0.0)	(31.0, 0.0)	(32.0, 0.0)	(33.0, 0.0)	(34.0, 0.0)	(35.0, 0.0)	(36.0, 0.0)	(37.0, 0.3333333333333333)	(38.0, 0.3333333333333333)	(39.0, 1.0)	(40.0, 0.0)	(41.0, 0.0)	(42.0, 0.6666666666666666)	(43.0, 1.0)	(44.0, 0.0)	(45.0, 0.6666666666666666)	(46.0, 0.6666666666666666)	(47.0, 10.666666666666668)	(48.0, 25.666666666666643)	(49.0, 45.00000000000004)	(50.0, 126.33333333333262)	(51.0, 372.66666666666293)	(52.0, 2309.3333333332657)	(53.0, 11686.333333336708)	(54.0, 9620.666666666284)	(55.0, 2034.9999999998165)	(56.0, 594.9999999999977)	(57.0, 534.9999999999909)	(58.0, 434.6666666666594)	(59.0, 87.33333333333317)	(60.0, 24.99999999999998)	(61.0, 10.0)	(62.0, 6.333333333333331)	(63.0, 3.0)	(64.0, 0.3333333333333333)	(65.0, 0.6666666666666666)	(66.0, 0.3333333333333333)	(67.0, 0.3333333333333333)	(68.0, 0.0)	(69.0, 0.0)	(70.0, 0.6666666666666666)	(71.0, 0.3333333333333333)	(72.0, 0.3333333333333333)	(73.0, 0.0)	(74.0, 0.0)	(75.0, 0.0)	(76.0, 0.0)	(77.0, 0.0)	(78.0, 0.0)	(79.0, 0.0)	(80.0, 0.0)	(81.0, 0.0)	(82.0, 0.0)	(83.0, 0.0)	(84.0, 0.0)	(85.0, 0.0)	(86.0, 0.0)	(87.0, 0.0)	(88.0, 0.0)	(89.0, 0.0)	(90.0, 0.0)	(91.0, 0.0)	(92.0, 0.0)	(93.0, 0.0)	(94.0, 0.0)	(95.0, 0.0)	(96.0, 0.0)	(97.0, 0.0)	(98.0, 0.0)	(99.0, 0.0)	(100.0, 0.0)
SRR29920133_2	(0.0, 0.0)	(1.0, 0.0)	(2.0, 0.0)	(3.0, 0.0)	(4.0, 0.0)	(5.0, 0.0)	(6.0, 0.0)	(7.0, 0.0)	(8.0, 0.0)	(9.0, 0.0)	(10.0, 0.0)	(11.0, 0.0)	(12.0, 0.0)	(13.0, 0.0)	(14.0, 0.0)	(15.0, 0.0)	(16.0, 0.0)	(17.0, 0.0)	(18.0, 0.0)	(19.0, 0.0)	(20.0, 0.0)	(21.0, 0.0)	(22.0, 0.0)	(23.0, 0.0)	(24.0, 0.0)	(25.0, 0.0)	(26.0, 0.0)	(27.0, 0.0)	(28.0, 0.0)	(29.0, 0.0)	(30.0, 0.0)	(31.0, 0.0)	(32.0, 0.0)	(33.0, 0.0)	(34.0, 0.0)	(35.0, 0.0)	(36.0, 0.0)	(37.0, 0.0)	(38.0, 0.0)	(39.0, 0.0)	(40.0, 0.0)	(41.0, 0.6666666666666666)	(42.0, 0.3333333333333333)	(43.0, 0.3333333333333333)	(44.0, 0.3333333333333333)	(45.0, 0.3333333333333333)	(46.0, 0.3333333333333333)	(47.0, 1.6666666666666665)	(48.0, 2.333333333333333)	(49.0, 3.3333333333333335)	(50.0, 11.66666666666667)	(51.0, 34.99999999999997)	(52.0, 197.6666666666679)	(53.0, 532.3333333333239)	(54.0, 2860.3333333335163)	(55.0, 11183.00000000246)	(56.0, 8959.666666665082)	(57.0, 1725.6666666665535)	(58.0, 771.0000000000177)	(59.0, 345.66666666666447)	(60.0, 366.33333333332996)	(61.0, 404.99999999999443)	(62.0, 325.3333333333323)	(63.0, 81.99999999999991)	(64.0, 28.666666666666632)	(65.0, 16.666666666666675)	(66.0, 11.000000000000002)	(67.0, 8.666666666666664)	(68.0, 4.999999999999999)	(69.0, 4.0)	(70.0, 3.666666666666667)	(71.0, 1.9999999999999998)	(72.0, 0.6666666666666666)	(73.0, 0.0)	(74.0, 0.3333333333333333)	(75.0, 0.3333333333333333)	(76.0, 0.3333333333333333)	(77.0, 0.0)	(78.0, 0.0)	(79.0, 0.0)	(80.0, 0.0)	(81.0, 0.3333333333333333)	(82.0, 0.0)	(83.0, 0.0)	(84.0, 0.0)	(85.0, 0.0)	(86.0, 0.0)	(87.0, 0.0)	(88.0, 0.0)	(89.0, 0.0)	(90.0, 0.0)	(91.0, 0.0)	(92.0, 0.0)	(93.0, 0.0)	(94.0, 0.0)	(95.0, 0.0)	(96.0, 0.0)	(97.0, 0.0)	(98.0, 0.0)	(99.0, 0.0)	(100.0, 0.0)
SRR29920134_1	(0.0, 0.0)	(1.0, 0.0)	(2.0, 0.0)	(3.0, 0.0)	(4.0, 0.0)	(5.0, 0.0)	(6.0, 0.0)	(7.0, 0.0)	(8.0, 0.0)	(9.0, 0.0)	(10.0, 0.0)	(11.0, 0.0)	(12.0, 0.0)	(13.0, 0.0)	(14.0, 0.0)	(15.0, 0.0)	(16.0, 0.0)	(17.0, 0.0)	(18.0, 0.0)	(19.0, 0.0)	(20.0, 0.0)	(21.0, 0.0)	(22.0, 0.0)	(23.0, 0.0)	(24.0, 0.0)	(25.0, 0.0)	(26.0, 0.0)	(27.0, 0.0)	(28.0, 0.0)	(29.0, 0.0)	(30.0, 0.0)	(31.0, 0.0)	(32.0, 0.0)	(33.0, 0.0)	(34.0, 0.0)	(35.0, 0.0)	(36.0, 0.3333333333333333)	(37.0, 0.3333333333333333)	(38.0, 0.0)	(39.0, 0.0)	(40.0, 0.3333333333333333)	(41.0, 0.0)	(42.0, 0.0)	(43.0, 0.0)	(44.0, 0.0)	(45.0, 0.3333333333333333)	(46.0, 1.0)	(47.0, 0.3333333333333333)	(48.0, 19.333333333333332)	(49.0, 149.3333333333332)	(50.0, 658.6666666666716)	(51.0, 1310.9999999999811)	(52.0, 3611.333333333858)	(53.0, 10461.33333333448)	(54.0, 6783.666666664967)	(55.0, 920.0000000000347)	(56.0, 468.9999999999908)	(57.0, 1072.3333333333687)	(58.0, 743.0000000000146)	(59.0, 163.66666666666694)	(60.0, 45.666666666666714)	(61.0, 15.000000000000009)	(62.0, 10.333333333333334)	(63.0, 7.9999999999999964)	(64.0, 1.6666666666666665)	(65.0, 0.3333333333333333)	(66.0, 0.0)	(67.0, 0.0)	(68.0, 0.3333333333333333)	(69.0, 1.9999999999999998)	(70.0, 2.333333333333333)	(71.0, 0.6666666666666666)	(72.0, 0.0)	(73.0, 0.0)	(74.0, 0.0)	(75.0, 0.0)	(76.0, 0.0)	(77.0, 0.0)	(78.0, 0.0)	(79.0, 0.0)	(80.0, 0.0)	(81.0, 0.0)	(82.0, 0.0)	(83.0, 0.0)	(84.0, 0.0)	(85.0, 0.0)	(86.0, 0.0)	(87.0, 0.0)	(88.0, 0.0)	(89.0, 0.0)	(90.0, 0.0)	(91.0, 0.0)	(92.0, 0.0)	(93.0, 0.0)	(94.0, 0.0)	(95.0, 0.0)	(96.0, 0.0)	(97.0, 0.0)	(98.0, 0.0)	(99.0, 0.0)	(100.0, 0.0)
SRR29920134_2	(0.0, 0.0)	(1.0, 0.0)	(2.0, 0.0)	(3.0, 0.0)	(4.0, 0.0)	(5.0, 0.0)	(6.0, 0.0)	(7.0, 0.0)	(8.0, 0.0)	(9.0, 0.0)	(10.0, 0.0)	(11.0, 0.0)	(12.0, 0.0)	(13.0, 0.0)	(14.0, 0.0)	(15.0, 0.0)	(16.0, 0.0)	(17.0, 0.0)	(18.0, 0.0)	(19.0, 0.0)	(20.0, 0.0)	(21.0, 0.0)	(22.0, 0.0)	(23.0, 0.0)	(24.0, 0.0)	(25.0, 0.0)	(26.0, 0.0)	(27.0, 0.0)	(28.0, 0.0)	(29.0, 0.0)	(30.0, 0.0)	(31.0, 0.0)	(32.0, 0.0)	(33.0, 0.0)	(34.0, 0.0)	(35.0, 0.0)	(36.0, 0.0)	(37.0, 0.0)	(38.0, 0.0)	(39.0, 0.0)	(40.0, 0.0)	(41.0, 0.0)	(42.0, 0.0)	(43.0, 0.3333333333333333)	(44.0, 0.0)	(45.0, 1.0)	(46.0, 1.0)	(47.0, 1.6666666666666665)	(48.0, 4.0)	(49.0, 19.0)	(50.0, 75.33333333333334)	(51.0, 283.3333333333347)	(52.0, 1352.333333333305)	(53.0, 2289.9999999999236)	(54.0, 5215.999999999726)	(55.0, 9603.666666666253)	(56.0, 3828.000000000623)	(57.0, 641.3333333333363)	(58.0, 342.66666666666464)	(59.0, 337.99999999999824)	(60.0, 369.6666666666631)	(61.0, 899.666666666699)	(62.0, 908.6666666667)	(63.0, 218.6666666666685)	(64.0, 62.666666666666835)	(65.0, 33.66666666666663)	(66.0, 15.333333333333343)	(67.0, 6.999999999999997)	(68.0, 4.666666666666666)	(69.0, 3.666666666666667)	(70.0, 2.6666666666666665)	(71.0, 1.0)	(72.0, 1.0)	(73.0, 1.3333333333333333)	(74.0, 0.6666666666666666)	(75.0, 0.6666666666666666)	(76.0, 0.0)	(77.0, 0.0)	(78.0, 0.6666666666666666)	(79.0, 0.6666666666666666)	(80.0, 0.6666666666666666)	(81.0, 0.0)	(82.0, 0.0)	(83.0, 0.3333333333333333)	(84.0, 0.0)	(85.0, 0.0)	(86.0, 0.0)	(87.0, 0.0)	(88.0, 0.0)	(89.0, 0.0)	(90.0, 0.0)	(91.0, 0.0)	(92.0, 0.0)	(93.0, 0.6666666666666666)	(94.0, 0.3333333333333333)	(95.0, 0.0)	(96.0, 0.0)	(97.0, 0.0)	(98.0, 0.0)	(99.0, 0.0)	(100.0, 0.0)
SRR29920135_1	(0.0, 0.0)	(1.0, 0.0)	(2.0, 0.0)	(3.0, 0.0)	(4.0, 0.0)	(5.0, 0.0)	(6.0, 0.0)	(7.0, 0.0)	(8.0, 0.0)	(9.0, 0.0)	(10.0, 0.0)	(11.0, 0.0)	(12.0, 0.0)	(13.0, 0.0)	(14.0, 0.0)	(15.0, 0.0)	(16.0, 0.0)	(17.0, 0.0)	(18.0, 0.0)	(19.0, 0.0)	(20.0, 0.0)	(21.0, 0.0)	(22.0, 0.0)	(23.0, 0.0)	(24.0, 0.0)	(25.0, 0.0)	(26.0, 0.0)	(27.0, 0.0)	(28.0, 0.0)	(29.0, 0.3333333333333333)	(30.0, 0.0)	(31.0, 0.0)	(32.0, 0.0)	(33.0, 0.3333333333333333)	(34.0, 0.3333333333333333)	(35.0, 0.0)	(36.0, 0.0)	(37.0, 0.3333333333333333)	(38.0, 1.0)	(39.0, 1.0)	(40.0, 0.0)	(41.0, 0.3333333333333333)	(42.0, 0.3333333333333333)	(43.0, 0.6666666666666666)	(44.0, 0.6666666666666666)	(45.0, 0.3333333333333333)	(46.0, 8.33333333333333)	(47.0, 34.666666666666636)	(48.0, 164.33333333333363)	(49.0, 808.0000000000219)	(50.0, 3591.666666667182)	(51.0, 4174.000000000674)	(52.0, 5629.333333332684)	(53.0, 10177.00000000063)	(54.0, 6065.66666666562)	(55.0, 1451.999999999949)	(56.0, 561.3333333333272)	(57.0, 870.3333333333624)	(58.0, 995.66666666671)	(59.0, 241.00000000000247)	(60.0, 68.66666666666677)	(61.0, 20.66666666666666)	(62.0, 5.666666666666665)	(63.0, 2.6666666666666665)	(64.0, 2.6666666666666665)	(65.0, 2.333333333333333)	(66.0, 1.6666666666666665)	(67.0, 0.6666666666666666)	(68.0, 1.6666666666666665)	(69.0, 1.6666666666666665)	(70.0, 0.0)	(71.0, 0.6666666666666666)	(72.0, 0.6666666666666666)	(73.0, 0.0)	(74.0, 0.0)	(75.0, 0.0)	(76.0, 0.0)	(77.0, 0.0)	(78.0, 0.0)	(79.0, 0.0)	(80.0, 0.0)	(81.0, 0.0)	(82.0, 0.0)	(83.0, 0.0)	(84.0, 0.0)	(85.0, 0.0)	(86.0, 0.0)	(87.0, 0.0)	(88.0, 0.0)	(89.0, 0.0)	(90.0, 0.0)	(91.0, 0.0)	(92.0, 0.0)	(93.0, 0.0)	(94.0, 0.0)	(95.0, 0.0)	(96.0, 0.0)	(97.0, 0.0)	(98.0, 0.0)	(99.0, 0.0)	(100.0, 0.0)
SRR29920135_2	(0.0, 0.0)	(1.0, 0.0)	(2.0, 0.0)	(3.0, 0.0)	(4.0, 0.0)	(5.0, 0.0)	(6.0, 0.0)	(7.0, 0.0)	(8.0, 0.0)	(9.0, 0.0)	(10.0, 0.0)	(11.0, 0.0)	(12.0, 0.0)	(13.0, 0.0)	(14.0, 0.0)	(15.0, 0.0)	(16.0, 0.0)	(17.0, 0.0)	(18.0, 0.0)	(19.0, 0.0)	(20.0, 0.0)	(21.0, 0.0)	(22.0, 0.0)	(23.0, 0.0)	(24.0, 0.0)	(25.0, 0.0)	(26.0, 0.0)	(27.0, 0.0)	(28.0, 0.0)	(29.0, 0.0)	(30.0, 0.0)	(31.0, 0.0)	(32.0, 0.0)	(33.0, 0.0)	(34.0, 0.0)	(35.0, 0.0)	(36.0, 0.3333333333333333)	(37.0, 0.0)	(38.0, 0.0)	(39.0, 0.0)	(40.0, 0.0)	(41.0, 0.0)	(42.0, 0.6666666666666666)	(43.0, 0.3333333333333333)	(44.0, 0.6666666666666666)	(45.0, 1.0)	(46.0, 1.0)	(47.0, 1.0)	(48.0, 5.666666666666665)	(49.0, 54.66666666666678)	(50.0, 264.33333333333576)	(51.0, 494.3333333333227)	(52.0, 825.3333333333572)	(53.0, 2552.3333333333762)	(54.0, 8751.666666664703)	(55.0, 10021.000000000346)	(56.0, 4457.33333333375)	(57.0, 1787.9999999998727)	(58.0, 678.3333333333405)	(59.0, 852.000000000027)	(60.0, 1905.6666666665126)	(61.0, 1433.3333333332866)	(62.0, 521.9999999999894)	(63.0, 137.99999999999955)	(64.0, 59.33333333333348)	(65.0, 35.66666666666664)	(66.0, 21.99999999999999)	(67.0, 11.66666666666667)	(68.0, 5.333333333333332)	(69.0, 3.3333333333333335)	(70.0, 1.6666666666666665)	(71.0, 1.3333333333333333)	(72.0, 2.6666666666666665)	(73.0, 1.3333333333333333)	(74.0, 1.0)	(75.0, 1.3333333333333333)	(76.0, 0.6666666666666666)	(77.0, 0.3333333333333333)	(78.0, 0.3333333333333333)	(79.0, 0.3333333333333333)	(80.0, 0.0)	(81.0, 0.0)	(82.0, 0.0)	(83.0, 0.0)	(84.0, 0.0)	(85.0, 0.0)	(86.0, 0.0)	(87.0, 0.0)	(88.0, 0.0)	(89.0, 0.0)	(90.0, 0.0)	(91.0, 0.0)	(92.0, 0.0)	(93.0, 0.0)	(94.0, 0.0)	(95.0, 0.0)	(96.0, 0.0)	(97.0, 0.0)	(98.0, 0.0)	(99.0, 0.0)	(100.0, 0.0)
SRR29920136_1	(0.0, 0.0)	(1.0, 0.0)	(2.0, 0.0)	(3.0, 0.0)	(4.0, 0.0)	(5.0, 0.0)	(6.0, 0.0)	(7.0, 0.0)	(8.0, 0.0)	(9.0, 0.0)	(10.0, 0.0)	(11.0, 0.0)	(12.0, 0.0)	(13.0, 0.0)	(14.0, 0.0)	(15.0, 0.0)	(16.0, 0.0)	(17.0, 0.0)	(18.0, 0.0)	(19.0, 0.0)	(20.0, 0.0)	(21.0, 0.0)	(22.0, 0.0)	(23.0, 0.0)	(24.0, 0.0)	(25.0, 0.0)	(26.0, 0.0)	(27.0, 0.0)	(28.0, 0.0)	(29.0, 0.0)	(30.0, 0.0)	(31.0, 0.0)	(32.0, 0.3333333333333333)	(33.0, 0.0)	(34.0, 0.0)	(35.0, 0.0)	(36.0, 0.0)	(37.0, 0.3333333333333333)	(38.0, 0.0)	(39.0, 0.3333333333333333)	(40.0, 0.6666666666666666)	(41.0, 0.6666666666666666)	(42.0, 0.6666666666666666)	(43.0, 0.3333333333333333)	(44.0, 0.3333333333333333)	(45.0, 0.6666666666666666)	(46.0, 5.333333333333332)	(47.0, 13.666666666666673)	(48.0, 156.3333333333334)	(49.0, 466.3333333333243)	(50.0, 1927.9999999998408)	(51.0, 4143.000000000702)	(52.0, 3369.6666666670812)	(53.0, 6867.999999998224)	(54.0, 5697.666666665955)	(55.0, 1740.66666666655)	(56.0, 799.0000000000209)	(57.0, 2002.6666666664905)	(58.0, 2131.9999999998518)	(59.0, 392.6666666666618)	(60.0, 54.00000000000011)	(61.0, 18.000000000000004)	(62.0, 7.666666666666663)	(63.0, 3.3333333333333335)	(64.0, 2.333333333333333)	(65.0, 1.3333333333333333)	(66.0, 1.3333333333333333)	(67.0, 0.0)	(68.0, 0.3333333333333333)	(69.0, 1.6666666666666665)	(70.0, 0.3333333333333333)	(71.0, 0.0)	(72.0, 0.0)	(73.0, 0.0)	(74.0, 0.0)	(75.0, 0.0)	(76.0, 0.0)	(77.0, 0.0)	(78.0, 0.0)	(79.0, 0.0)	(80.0, 0.0)	(81.0, 0.0)	(82.0, 0.0)	(83.0, 0.0)	(84.0, 0.0)	(85.0, 0.0)	(86.0, 0.0)	(87.0, 0.0)	(88.0, 0.0)	(89.0, 0.0)	(90.0, 0.0)	(91.0, 0.0)	(92.0, 0.0)	(93.0, 0.0)	(94.0, 0.0)	(95.0, 0.0)	(96.0, 0.0)	(97.0, 0.0)	(98.0, 0.0)	(99.0, 0.0)	(100.0, 0.0)
SRR29920136_2	(0.0, 0.0)	(1.0, 0.0)	(2.0, 0.0)	(3.0, 0.0)	(4.0, 0.0)	(5.0, 0.0)	(6.0, 0.0)	(7.0, 0.0)	(8.0, 0.0)	(9.0, 0.0)	(10.0, 0.0)	(11.0, 0.0)	(12.0, 0.0)	(13.0, 0.0)	(14.0, 0.0)	(15.0, 0.0)	(16.0, 0.0)	(17.0, 0.0)	(18.0, 0.0)	(19.0, 0.0)	(20.0, 0.0)	(21.0, 0.0)	(22.0, 0.0)	(23.0, 0.0)	(24.0, 0.0)	(25.0, 0.0)	(26.0, 0.0)	(27.0, 0.0)	(28.0, 0.0)	(29.0, 0.0)	(30.0, 0.0)	(31.0, 0.0)	(32.0, 0.0)	(33.0, 0.0)	(34.0, 0.0)	(35.0, 0.0)	(36.0, 0.0)	(37.0, 0.0)	(38.0, 0.0)	(39.0, 0.0)	(40.0, 0.0)	(41.0, 0.0)	(42.0, 0.0)	(43.0, 0.3333333333333333)	(44.0, 0.6666666666666666)	(45.0, 1.0)	(46.0, 0.3333333333333333)	(47.0, 1.3333333333333333)	(48.0, 7.9999999999999964)	(49.0, 110.66666666666617)	(50.0, 343.6666666666646)	(51.0, 402.66666666666123)	(52.0, 442.33333333332564)	(53.0, 1515.333333333268)	(54.0, 4519.00000000036)	(55.0, 8027.666666663836)	(56.0, 5322.666666666296)	(57.0, 2032.999999999817)	(58.0, 1168.6666666666802)	(59.0, 1012.0000000000451)	(60.0, 1739.6666666665503)	(61.0, 1559.333333333258)	(62.0, 1084.333333333366)	(63.0, 280.33333333333485)	(64.0, 103.66666666666627)	(65.0, 53.333333333333435)	(66.0, 23.999999999999982)	(67.0, 11.66666666666667)	(68.0, 7.666666666666663)	(69.0, 4.333333333333333)	(70.0, 1.3333333333333333)	(71.0, 2.333333333333333)	(72.0, 1.6666666666666665)	(73.0, 1.0)	(74.0, 0.0)	(75.0, 0.3333333333333333)	(76.0, 1.6666666666666665)	(77.0, 1.9999999999999998)	(78.0, 0.0)	(79.0, 0.3333333333333333)	(80.0, 0.0)	(81.0, 0.0)	(82.0, 0.0)	(83.0, 0.0)	(84.0, 0.0)	(85.0, 0.0)	(86.0, 0.0)	(87.0, 0.0)	(88.0, 0.0)	(89.0, 0.0)	(90.0, 0.0)	(91.0, 0.0)	(92.0, 0.0)	(93.0, 0.0)	(94.0, 0.0)	(95.0, 0.3333333333333333)	(96.0, 0.3333333333333333)	(97.0, 0.0)	(98.0, 0.0)	(99.0, 0.0)	(100.0, 0.5)
SRR29920137_1	(0.0, 0.0)	(1.0, 0.0)	(2.0, 0.0)	(3.0, 0.0)	(4.0, 0.0)	(5.0, 0.0)	(6.0, 0.0)	(7.0, 0.0)	(8.0, 0.0)	(9.0, 0.0)	(10.0, 0.0)	(11.0, 0.0)	(12.0, 0.0)	(13.0, 0.0)	(14.0, 0.0)	(15.0, 0.0)	(16.0, 0.0)	(17.0, 0.0)	(18.0, 0.0)	(19.0, 0.0)	(20.0, 0.0)	(21.0, 0.0)	(22.0, 0.0)	(23.0, 0.0)	(24.0, 0.0)	(25.0, 0.0)	(26.0, 0.0)	(27.0, 0.0)	(28.0, 0.0)	(29.0, 0.0)	(30.0, 0.3333333333333333)	(31.0, 0.6666666666666666)	(32.0, 0.0)	(33.0, 0.0)	(34.0, 0.0)	(35.0, 0.6666666666666666)	(36.0, 1.3333333333333333)	(37.0, 0.3333333333333333)	(38.0, 0.3333333333333333)	(39.0, 0.3333333333333333)	(40.0, 0.3333333333333333)	(41.0, 0.3333333333333333)	(42.0, 0.0)	(43.0, 0.0)	(44.0, 0.3333333333333333)	(45.0, 0.6666666666666666)	(46.0, 5.666666666666665)	(47.0, 19.999999999999996)	(48.0, 116.99999999999942)	(49.0, 438.9999999999925)	(50.0, 2705.6666666667793)	(51.0, 5365.333333332924)	(52.0, 3794.6666666672745)	(53.0, 7234.99999999789)	(54.0, 6063.333333332289)	(55.0, 1894.3333333331818)	(56.0, 778.0000000000185)	(57.0, 1234.9999999999984)	(58.0, 1401.9999999999604)	(59.0, 308.9999999999999)	(60.0, 42.33333333333336)	(61.0, 16.00000000000001)	(62.0, 6.666666666666664)	(63.0, 2.6666666666666665)	(64.0, 1.9999999999999998)	(65.0, 1.3333333333333333)	(66.0, 1.9999999999999998)	(67.0, 0.3333333333333333)	(68.0, 0.3333333333333333)	(69.0, 1.6666666666666665)	(70.0, 1.0)	(71.0, 0.0)	(72.0, 0.6666666666666666)	(73.0, 0.0)	(74.0, 0.3333333333333333)	(75.0, 0.0)	(76.0, 0.0)	(77.0, 0.0)	(78.0, 0.0)	(79.0, 0.0)	(80.0, 0.0)	(81.0, 0.0)	(82.0, 0.0)	(83.0, 0.0)	(84.0, 0.0)	(85.0, 0.0)	(86.0, 0.0)	(87.0, 0.0)	(88.0, 0.0)	(89.0, 0.0)	(90.0, 0.0)	(91.0, 0.0)	(92.0, 0.0)	(93.0, 0.0)	(94.0, 0.0)	(95.0, 0.0)	(96.0, 0.0)	(97.0, 0.0)	(98.0, 0.0)	(99.0, 0.0)	(100.0, 0.0)
SRR29920137_2	(0.0, 0.0)	(1.0, 0.0)	(2.0, 0.0)	(3.0, 0.0)	(4.0, 0.0)	(5.0, 0.0)	(6.0, 0.0)	(7.0, 0.0)	(8.0, 0.0)	(9.0, 0.0)	(10.0, 0.0)	(11.0, 0.0)	(12.0, 0.0)	(13.0, 0.0)	(14.0, 0.0)	(15.0, 0.0)	(16.0, 0.0)	(17.0, 0.0)	(18.0, 0.0)	(19.0, 0.0)	(20.0, 0.0)	(21.0, 0.0)	(22.0, 0.0)	(23.0, 0.0)	(24.0, 0.0)	(25.0, 0.0)	(26.0, 0.0)	(27.0, 0.0)	(28.0, 0.0)	(29.0, 0.0)	(30.0, 0.0)	(31.0, 0.0)	(32.0, 0.0)	(33.0, 0.0)	(34.0, 0.0)	(35.0, 0.0)	(36.0, 0.3333333333333333)	(37.0, 0.0)	(38.0, 0.0)	(39.0, 0.0)	(40.0, 0.0)	(41.0, 0.0)	(42.0, 0.6666666666666666)	(43.0, 0.6666666666666666)	(44.0, 0.3333333333333333)	(45.0, 0.6666666666666666)	(46.0, 1.9999999999999998)	(47.0, 4.333333333333333)	(48.0, 12.333333333333337)	(49.0, 245.33333333333593)	(50.0, 659.3333333333384)	(51.0, 487.9999999999897)	(52.0, 591.666666666664)	(53.0, 2268.999999999914)	(54.0, 5602.999999999374)	(55.0, 8366.666666664003)	(56.0, 5709.666666665944)	(57.0, 2010.3333333331555)	(58.0, 1052.00000000004)	(59.0, 1057.3333333333721)	(60.0, 1543.3333333332616)	(61.0, 1046.666666666708)	(62.0, 581.9999999999962)	(63.0, 177.333333333334)	(64.0, 70.00000000000009)	(65.0, 34.3333333333333)	(66.0, 18.333333333333336)	(67.0, 7.9999999999999964)	(68.0, 6.333333333333331)	(69.0, 4.666666666666666)	(70.0, 1.0)	(71.0, 0.6666666666666666)	(72.0, 1.3333333333333333)	(73.0, 1.0)	(74.0, 0.6666666666666666)	(75.0, 0.3333333333333333)	(76.0, 0.3333333333333333)	(77.0, 0.0)	(78.0, 0.3333333333333333)	(79.0, 0.3333333333333333)	(80.0, 0.6666666666666666)	(81.0, 0.0)	(82.0, 0.3333333333333333)	(83.0, 0.0)	(84.0, 0.3333333333333333)	(85.0, 0.0)	(86.0, 0.0)	(87.0, 0.0)	(88.0, 0.0)	(89.0, 0.0)	(90.0, 0.0)	(91.0, 0.0)	(92.0, 0.0)	(93.0, 0.0)	(94.0, 0.0)	(95.0, 0.0)	(96.0, 0.0)	(97.0, 0.0)	(98.0, 0.0)	(99.0, 0.0)	(100.0, 0.0)
SRR29920138_1	(0.0, 0.0)	(1.0, 0.0)	(2.0, 0.0)	(3.0, 0.0)	(4.0, 0.0)	(5.0, 0.0)	(6.0, 0.0)	(7.0, 0.0)	(8.0, 0.0)	(9.0, 0.0)	(10.0, 0.0)	(11.0, 0.0)	(12.0, 0.0)	(13.0, 0.0)	(14.0, 0.0)	(15.0, 0.0)	(16.0, 0.0)	(17.0, 0.0)	(18.0, 0.0)	(19.0, 0.0)	(20.0, 0.0)	(21.0, 0.0)	(22.0, 0.0)	(23.0, 0.0)	(24.0, 0.0)	(25.0, 0.0)	(26.0, 0.0)	(27.0, 0.0)	(28.0, 0.3333333333333333)	(29.0, 0.0)	(30.0, 0.3333333333333333)	(31.0, 0.6666666666666666)	(32.0, 0.3333333333333333)	(33.0, 0.3333333333333333)	(34.0, 0.3333333333333333)	(35.0, 0.3333333333333333)	(36.0, 1.3333333333333333)	(37.0, 0.3333333333333333)	(38.0, 0.6666666666666666)	(39.0, 1.0)	(40.0, 0.3333333333333333)	(41.0, 1.0)	(42.0, 0.3333333333333333)	(43.0, 0.0)	(44.0, 0.3333333333333333)	(45.0, 1.0)	(46.0, 9.333333333333332)	(47.0, 42.00000000000002)	(48.0, 384.99999999999557)	(49.0, 1050.666666666707)	(50.0, 2906.333333333537)	(51.0, 5393.333333332898)	(52.0, 5068.99999999986)	(53.0, 10695.66666666824)	(54.0, 9186.33333333216)	(55.0, 3244.333333333691)	(56.0, 1179.0000000000111)	(57.0, 1958.6666666665005)	(58.0, 1786.999999999873)	(59.0, 327.9999999999988)	(60.0, 48.000000000000064)	(61.0, 17.000000000000007)	(62.0, 6.666666666666664)	(63.0, 4.333333333333333)	(64.0, 1.6666666666666665)	(65.0, 1.6666666666666665)	(66.0, 0.3333333333333333)	(67.0, 0.3333333333333333)	(68.0, 1.3333333333333333)	(69.0, 0.0)	(70.0, 0.3333333333333333)	(71.0, 1.3333333333333333)	(72.0, 0.3333333333333333)	(73.0, 0.0)	(74.0, 0.3333333333333333)	(75.0, 0.3333333333333333)	(76.0, 0.0)	(77.0, 0.0)	(78.0, 0.0)	(79.0, 0.0)	(80.0, 0.0)	(81.0, 0.0)	(82.0, 0.0)	(83.0, 0.0)	(84.0, 0.0)	(85.0, 0.0)	(86.0, 0.0)	(87.0, 0.0)	(88.0, 0.0)	(89.0, 0.0)	(90.0, 0.0)	(91.0, 0.0)	(92.0, 0.0)	(93.0, 0.0)	(94.0, 0.0)	(95.0, 0.0)	(96.0, 0.0)	(97.0, 0.0)	(98.0, 0.0)	(99.0, 0.0)	(100.0, 0.0)
SRR29920138_2	(0.0, 0.0)	(1.0, 0.0)	(2.0, 0.0)	(3.0, 0.0)	(4.0, 0.0)	(5.0, 0.0)	(6.0, 0.0)	(7.0, 0.0)	(8.0, 0.0)	(9.0, 0.0)	(10.0, 0.0)	(11.0, 0.0)	(12.0, 0.0)	(13.0, 0.0)	(14.0, 0.0)	(15.0, 0.0)	(16.0, 0.0)	(17.0, 0.0)	(18.0, 0.0)	(19.0, 0.0)	(20.0, 0.0)	(21.0, 0.0)	(22.0, 0.0)	(23.0, 0.0)	(24.0, 0.0)	(25.0, 0.0)	(26.0, 0.0)	(27.0, 0.0)	(28.0, 0.0)	(29.0, 0.0)	(30.0, 0.0)	(31.0, 0.0)	(32.0, 0.0)	(33.0, 0.0)	(34.0, 0.0)	(35.0, 0.0)	(36.0, 0.3333333333333333)	(37.0, 0.3333333333333333)	(38.0, 0.0)	(39.0, 0.0)	(40.0, 0.0)	(41.0, 0.0)	(42.0, 0.0)	(43.0, 0.0)	(44.0, 0.0)	(45.0, 0.3333333333333333)	(46.0, 1.3333333333333333)	(47.0, 1.3333333333333333)	(48.0, 4.333333333333333)	(49.0, 93.66666666666642)	(50.0, 245.0000000000026)	(51.0, 243.33333333333587)	(52.0, 781.0000000000189)	(53.0, 2932.333333333549)	(54.0, 6713.666666665031)	(55.0, 11174.333333335777)	(56.0, 8697.666666664605)	(57.0, 3994.6666666673655)	(58.0, 2172.3333333332034)	(59.0, 1327.3333333333107)	(60.0, 1760.6666666665456)	(61.0, 1673.6666666665653)	(62.0, 1212.333333333337)	(63.0, 209.00000000000156)	(64.0, 65.33333333333348)	(65.0, 26.333333333333307)	(66.0, 15.000000000000009)	(67.0, 11.66666666666667)	(68.0, 5.999999999999998)	(69.0, 2.333333333333333)	(70.0, 2.6666666666666665)	(71.0, 2.6666666666666665)	(72.0, 1.0)	(73.0, 1.3333333333333333)	(74.0, 0.6666666666666666)	(75.0, 0.6666666666666666)	(76.0, 1.0)	(77.0, 1.0)	(78.0, 0.6666666666666666)	(79.0, 0.6666666666666666)	(80.0, 0.0)	(81.0, 0.3333333333333333)	(82.0, 0.3333333333333333)	(83.0, 0.0)	(84.0, 0.0)	(85.0, 0.0)	(86.0, 0.0)	(87.0, 0.0)	(88.0, 0.0)	(89.0, 0.0)	(90.0, 0.3333333333333333)	(91.0, 0.6666666666666666)	(92.0, 0.0)	(93.0, 0.0)	(94.0, 0.0)	(95.0, 0.0)	(96.0, 0.0)	(97.0, 0.0)	(98.0, 0.0)	(99.0, 0.0)	(100.0, 0.0)
SRR29920139_1	(0.0, 0.0)	(1.0, 0.0)	(2.0, 0.0)	(3.0, 0.0)	(4.0, 0.0)	(5.0, 0.0)	(6.0, 0.0)	(7.0, 0.0)	(8.0, 0.0)	(9.0, 0.0)	(10.0, 0.0)	(11.0, 0.0)	(12.0, 0.0)	(13.0, 0.0)	(14.0, 0.0)	(15.0, 0.0)	(16.0, 0.0)	(17.0, 0.0)	(18.0, 0.0)	(19.0, 0.0)	(20.0, 0.0)	(21.0, 0.0)	(22.0, 0.0)	(23.0, 0.0)	(24.0, 0.0)	(25.0, 0.0)	(26.0, 0.0)	(27.0, 0.0)	(28.0, 0.0)	(29.0, 0.0)	(30.0, 0.0)	(31.0, 0.3333333333333333)	(32.0, 0.6666666666666666)	(33.0, 0.6666666666666666)	(34.0, 0.0)	(35.0, 0.0)	(36.0, 0.0)	(37.0, 0.3333333333333333)	(38.0, 0.0)	(39.0, 0.6666666666666666)	(40.0, 0.6666666666666666)	(41.0, 0.3333333333333333)	(42.0, 0.3333333333333333)	(43.0, 1.3333333333333333)	(44.0, 1.9999999999999998)	(45.0, 1.9999999999999998)	(46.0, 10.0)	(47.0, 30.999999999999957)	(48.0, 52.00000000000009)	(49.0, 499.3333333333224)	(50.0, 2070.333333333157)	(51.0, 3215.3333333336777)	(52.0, 5376.666666666247)	(53.0, 12794.333333338724)	(54.0, 9204.333333332193)	(55.0, 2286.9999999999222)	(56.0, 896.000000000032)	(57.0, 1205.0000000000052)	(58.0, 1261.3333333333258)	(59.0, 251.00000000000276)	(60.0, 32.99999999999996)	(61.0, 17.66666666666667)	(62.0, 7.33333333333333)	(63.0, 1.3333333333333333)	(64.0, 1.0)	(65.0, 1.3333333333333333)	(66.0, 1.6666666666666665)	(67.0, 1.3333333333333333)	(68.0, 0.6666666666666666)	(69.0, 0.6666666666666666)	(70.0, 0.6666666666666666)	(71.0, 0.6666666666666666)	(72.0, 0.3333333333333333)	(73.0, 0.0)	(74.0, 0.0)	(75.0, 0.0)	(76.0, 0.0)	(77.0, 0.0)	(78.0, 0.0)	(79.0, 0.0)	(80.0, 0.0)	(81.0, 0.0)	(82.0, 0.0)	(83.0, 0.0)	(84.0, 0.0)	(85.0, 0.0)	(86.0, 0.0)	(87.0, 0.0)	(88.0, 0.0)	(89.0, 0.0)	(90.0, 0.0)	(91.0, 0.0)	(92.0, 0.0)	(93.0, 0.0)	(94.0, 0.0)	(95.0, 0.0)	(96.0, 0.0)	(97.0, 0.0)	(98.0, 0.0)	(99.0, 0.0)	(100.0, 0.0)
SRR29920139_2	(0.0, 0.0)	(1.0, 0.0)	(2.0, 0.0)	(3.0, 0.0)	(4.0, 0.0)	(5.0, 0.0)	(6.0, 0.0)	(7.0, 0.0)	(8.0, 0.0)	(9.0, 0.0)	(10.0, 0.0)	(11.0, 0.0)	(12.0, 0.0)	(13.0, 0.0)	(14.0, 0.0)	(15.0, 0.0)	(16.0, 0.0)	(17.0, 0.0)	(18.0, 0.0)	(19.0, 0.0)	(20.0, 0.0)	(21.0, 0.0)	(22.0, 0.0)	(23.0, 0.0)	(24.0, 0.0)	(25.0, 0.0)	(26.0, 0.0)	(27.0, 0.0)	(28.0, 0.0)	(29.0, 0.0)	(30.0, 0.0)	(31.0, 0.0)	(32.0, 0.0)	(33.0, 0.0)	(34.0, 0.0)	(35.0, 0.0)	(36.0, 0.0)	(37.0, 0.0)	(38.0, 0.0)	(39.0, 0.0)	(40.0, 0.0)	(41.0, 0.0)	(42.0, 0.0)	(43.0, 0.3333333333333333)	(44.0, 0.6666666666666666)	(45.0, 0.3333333333333333)	(46.0, 1.3333333333333333)	(47.0, 1.0)	(48.0, 3.3333333333333335)	(49.0, 19.999999999999996)	(50.0, 61.66666666666683)	(51.0, 115.33333333333277)	(52.0, 457.6666666666581)	(53.0, 2208.33333333322)	(54.0, 6540.999999998521)	(55.0, 12819.333333338769)	(56.0, 8778.666666664752)	(57.0, 2399.9999999999736)	(58.0, 1392.333333333296)	(59.0, 992.6666666667096)	(60.0, 1526.3333333332655)	(61.0, 1017.3333333333791)	(62.0, 521.3333333333227)	(63.0, 146.66666666666646)	(64.0, 55.000000000000114)	(65.0, 28.3333333333333)	(66.0, 13.33333333333334)	(67.0, 8.33333333333333)	(68.0, 6.999999999999997)	(69.0, 3.666666666666667)	(70.0, 1.6666666666666665)	(71.0, 1.3333333333333333)	(72.0, 1.0)	(73.0, 1.0)	(74.0, 1.0)	(75.0, 0.6666666666666666)	(76.0, 0.0)	(77.0, 0.0)	(78.0, 0.3333333333333333)	(79.0, 0.0)	(80.0, 0.0)	(81.0, 0.0)	(82.0, 0.0)	(83.0, 0.0)	(84.0, 0.0)	(85.0, 0.0)	(86.0, 0.0)	(87.0, 0.0)	(88.0, 0.0)	(89.0, 0.0)	(90.0, 0.0)	(91.0, 0.0)	(92.0, 0.0)	(93.0, 0.0)	(94.0, 0.0)	(95.0, 0.6666666666666666)	(96.0, 0.3333333333333333)	(97.0, 0.0)	(98.0, 0.0)	(99.0, 0.0)	(100.0, 0.5)
SRR29920140_1	(0.0, 0.0)	(1.0, 0.0)	(2.0, 0.0)	(3.0, 0.0)	(4.0, 0.0)	(5.0, 0.0)	(6.0, 0.0)	(7.0, 0.0)	(8.0, 0.0)	(9.0, 0.0)	(10.0, 0.0)	(11.0, 0.0)	(12.0, 0.0)	(13.0, 0.0)	(14.0, 0.0)	(15.0, 0.0)	(16.0, 0.0)	(17.0, 0.0)	(18.0, 0.0)	(19.0, 0.0)	(20.0, 0.0)	(21.0, 0.0)	(22.0, 0.0)	(23.0, 0.0)	(24.0, 0.0)	(25.0, 0.0)	(26.0, 0.0)	(27.0, 0.0)	(28.0, 0.0)	(29.0, 0.0)	(30.0, 0.0)	(31.0, 0.0)	(32.0, 0.0)	(33.0, 0.0)	(34.0, 0.0)	(35.0, 0.0)	(36.0, 0.3333333333333333)	(37.0, 0.0)	(38.0, 0.0)	(39.0, 0.0)	(40.0, 0.0)	(41.0, 0.3333333333333333)	(42.0, 0.0)	(43.0, 0.6666666666666666)	(44.0, 1.6666666666666665)	(45.0, 1.0)	(46.0, 15.000000000000009)	(47.0, 66.00000000000014)	(48.0, 469.99999999999073)	(49.0, 1304.9999999999825)	(50.0, 2163.666666666533)	(51.0, 2805.000000000158)	(52.0, 5450.6666666661795)	(53.0, 11587.333333336528)	(54.0, 8927.999999998357)	(55.0, 2758.33333333347)	(56.0, 917.0000000000343)	(57.0, 1234.333333333332)	(58.0, 1315.3333333333135)	(59.0, 283.00000000000136)	(60.0, 49.00000000000007)	(61.0, 19.999999999999996)	(62.0, 8.999999999999998)	(63.0, 6.999999999999997)	(64.0, 3.666666666666667)	(65.0, 1.3333333333333333)	(66.0, 1.0)	(67.0, 1.3333333333333333)	(68.0, 1.0)	(69.0, 0.6666666666666666)	(70.0, 0.0)	(71.0, 0.3333333333333333)	(72.0, 0.3333333333333333)	(73.0, 0.3333333333333333)	(74.0, 0.0)	(75.0, 0.0)	(76.0, 0.0)	(77.0, 0.0)	(78.0, 0.0)	(79.0, 0.0)	(80.0, 0.0)	(81.0, 0.0)	(82.0, 0.0)	(83.0, 0.0)	(84.0, 0.0)	(85.0, 0.0)	(86.0, 0.0)	(87.0, 0.0)	(88.0, 0.0)	(89.0, 0.0)	(90.0, 0.0)	(91.0, 0.0)	(92.0, 0.0)	(93.0, 0.0)	(94.0, 0.0)	(95.0, 0.0)	(96.0, 0.0)	(97.0, 0.0)	(98.0, 0.0)	(99.0, 0.0)	(100.0, 0.0)
SRR29920140_2	(0.0, 0.0)	(1.0, 0.0)	(2.0, 0.0)	(3.0, 0.0)	(4.0, 0.0)	(5.0, 0.0)	(6.0, 0.0)	(7.0, 0.0)	(8.0, 0.0)	(9.0, 0.0)	(10.0, 0.0)	(11.0, 0.0)	(12.0, 0.0)	(13.0, 0.0)	(14.0, 0.0)	(15.0, 0.0)	(16.0, 0.0)	(17.0, 0.0)	(18.0, 0.0)	(19.0, 0.0)	(20.0, 0.0)	(21.0, 0.0)	(22.0, 0.0)	(23.0, 0.0)	(24.0, 0.0)	(25.0, 0.0)	(26.0, 0.0)	(27.0, 0.0)	(28.0, 0.0)	(29.0, 0.0)	(30.0, 0.0)	(31.0, 0.0)	(32.0, 0.0)	(33.0, 0.0)	(34.0, 0.0)	(35.0, 0.0)	(36.0, 0.0)	(37.0, 0.0)	(38.0, 0.0)	(39.0, 0.0)	(40.0, 0.0)	(41.0, 0.6666666666666666)	(42.0, 0.3333333333333333)	(43.0, 0.0)	(44.0, 0.3333333333333333)	(45.0, 0.6666666666666666)	(46.0, 0.6666666666666666)	(47.0, 1.6666666666666665)	(48.0, 3.666666666666667)	(49.0, 19.999999999999996)	(50.0, 76.0)	(51.0, 273.00000000000193)	(52.0, 985.0000000000421)	(53.0, 2241.999999999902)	(54.0, 6096.333333332259)	(55.0, 11071.666666668923)	(56.0, 7134.333333331315)	(57.0, 4136.666666667375)	(58.0, 2506.3333333333553)	(59.0, 1281.9999999999877)	(60.0, 1663.9999999999009)	(61.0, 1116.3333333333587)	(62.0, 558.6666666666603)	(63.0, 163.66666666666694)	(64.0, 70.33333333333341)	(65.0, 32.99999999999996)	(66.0, 19.0)	(67.0, 12.000000000000004)	(68.0, 6.999999999999997)	(69.0, 4.333333333333333)	(70.0, 4.0)	(71.0, 2.6666666666666665)	(72.0, 3.3333333333333335)	(73.0, 1.0)	(74.0, 0.0)	(75.0, 0.3333333333333333)	(76.0, 0.6666666666666666)	(77.0, 0.3333333333333333)	(78.0, 0.3333333333333333)	(79.0, 0.0)	(80.0, 0.3333333333333333)	(81.0, 0.0)	(82.0, 0.0)	(83.0, 0.0)	(84.0, 0.0)	(85.0, 0.0)	(86.0, 0.0)	(87.0, 0.0)	(88.0, 0.0)	(89.0, 0.3333333333333333)	(90.0, 0.3333333333333333)	(91.0, 0.0)	(92.0, 0.0)	(93.0, 0.0)	(94.0, 0.0)	(95.0, 0.0)	(96.0, 0.0)	(97.0, 0.0)	(98.0, 0.0)	(99.0, 0.0)	(100.0, 0.0)
SRR29920141_1	(0.0, 0.0)	(1.0, 0.0)	(2.0, 0.0)	(3.0, 0.0)	(4.0, 0.0)	(5.0, 0.0)	(6.0, 0.0)	(7.0, 0.0)	(8.0, 0.0)	(9.0, 0.0)	(10.0, 0.0)	(11.0, 0.0)	(12.0, 0.0)	(13.0, 0.0)	(14.0, 0.0)	(15.0, 0.0)	(16.0, 0.0)	(17.0, 0.0)	(18.0, 0.0)	(19.0, 0.0)	(20.0, 0.0)	(21.0, 0.0)	(22.0, 0.0)	(23.0, 0.0)	(24.0, 0.0)	(25.0, 0.0)	(26.0, 0.0)	(27.0, 0.0)	(28.0, 0.0)	(29.0, 0.0)	(30.0, 0.0)	(31.0, 0.0)	(32.0, 0.0)	(33.0, 0.3333333333333333)	(34.0, 0.0)	(35.0, 0.3333333333333333)	(36.0, 0.0)	(37.0, 0.0)	(38.0, 0.6666666666666666)	(39.0, 0.3333333333333333)	(40.0, 0.3333333333333333)	(41.0, 0.0)	(42.0, 0.0)	(43.0, 0.0)	(44.0, 0.0)	(45.0, 0.0)	(46.0, 1.6666666666666665)	(47.0, 6.999999999999997)	(48.0, 118.33333333333273)	(49.0, 377.33333333332934)	(50.0, 509.33333333332183)	(51.0, 592.3333333333308)	(52.0, 2128.3333333331834)	(53.0, 9332.66666666576)	(54.0, 7662.333333330835)	(55.0, 1673.6666666665653)	(56.0, 578.6666666666625)	(57.0, 1072.0000000000355)	(58.0, 977.0000000000412)	(59.0, 200.33333333333465)	(60.0, 44.66666666666671)	(61.0, 16.666666666666675)	(62.0, 8.999999999999998)	(63.0, 3.666666666666667)	(64.0, 1.9999999999999998)	(65.0, 1.0)	(66.0, 0.3333333333333333)	(67.0, 0.0)	(68.0, 0.0)	(69.0, 0.0)	(70.0, 0.6666666666666666)	(71.0, 1.0)	(72.0, 0.6666666666666666)	(73.0, 0.3333333333333333)	(74.0, 0.0)	(75.0, 0.0)	(76.0, 0.0)	(77.0, 0.0)	(78.0, 0.0)	(79.0, 0.0)	(80.0, 0.0)	(81.0, 0.0)	(82.0, 0.0)	(83.0, 0.0)	(84.0, 0.0)	(85.0, 0.0)	(86.0, 0.0)	(87.0, 0.0)	(88.0, 0.0)	(89.0, 0.0)	(90.0, 0.0)	(91.0, 0.0)	(92.0, 0.0)	(93.0, 0.0)	(94.0, 0.0)	(95.0, 0.0)	(96.0, 0.0)	(97.0, 0.0)	(98.0, 0.0)	(99.0, 0.0)	(100.0, 0.0)
SRR29920141_2	(0.0, 0.0)	(1.0, 0.0)	(2.0, 0.0)	(3.0, 0.0)	(4.0, 0.0)	(5.0, 0.0)	(6.0, 0.0)	(7.0, 0.0)	(8.0, 0.0)	(9.0, 0.0)	(10.0, 0.0)	(11.0, 0.0)	(12.0, 0.0)	(13.0, 0.0)	(14.0, 0.0)	(15.0, 0.0)	(16.0, 0.0)	(17.0, 0.0)	(18.0, 0.0)	(19.0, 0.0)	(20.0, 0.0)	(21.0, 0.0)	(22.0, 0.0)	(23.0, 0.0)	(24.0, 0.0)	(25.0, 0.0)	(26.0, 0.0)	(27.0, 0.0)	(28.0, 0.0)	(29.0, 0.0)	(30.0, 0.0)	(31.0, 0.0)	(32.0, 0.0)	(33.0, 0.0)	(34.0, 0.0)	(35.0, 0.0)	(36.0, 0.0)	(37.0, 0.0)	(38.0, 0.0)	(39.0, 0.3333333333333333)	(40.0, 0.3333333333333333)	(41.0, 0.0)	(42.0, 0.0)	(43.0, 0.0)	(44.0, 0.3333333333333333)	(45.0, 0.3333333333333333)	(46.0, 0.0)	(47.0, 0.6666666666666666)	(48.0, 3.0)	(49.0, 6.999999999999997)	(50.0, 19.0)	(51.0, 43.00000000000003)	(52.0, 168.0000000000004)	(53.0, 460.66666666665793)	(54.0, 2478.666666666676)	(55.0, 9032.999999998548)	(56.0, 7200.999999997921)	(57.0, 1792.9999999998715)	(58.0, 812.0000000000224)	(59.0, 559.6666666666604)	(60.0, 852.6666666666937)	(61.0, 863.3333333333616)	(62.0, 646.3333333333369)	(63.0, 132.9999999999994)	(64.0, 45.666666666666714)	(65.0, 22.666666666666654)	(66.0, 12.333333333333337)	(67.0, 5.666666666666665)	(68.0, 4.0)	(69.0, 4.666666666666666)	(70.0, 1.9999999999999998)	(71.0, 1.6666666666666665)	(72.0, 1.3333333333333333)	(73.0, 1.6666666666666665)	(74.0, 1.0)	(75.0, 0.3333333333333333)	(76.0, 0.6666666666666666)	(77.0, 0.6666666666666666)	(78.0, 0.3333333333333333)	(79.0, 0.3333333333333333)	(80.0, 0.0)	(81.0, 0.3333333333333333)	(82.0, 0.0)	(83.0, 0.0)	(84.0, 0.0)	(85.0, 0.0)	(86.0, 0.0)	(87.0, 0.0)	(88.0, 0.0)	(89.0, 0.0)	(90.0, 0.0)	(91.0, 0.3333333333333333)	(92.0, 0.3333333333333333)	(93.0, 0.0)	(94.0, 0.0)	(95.0, 0.0)	(96.0, 0.0)	(97.0, 0.0)	(98.0, 0.0)	(99.0, 0.0)	(100.0, 0.0)
SRR29920142_1	(0.0, 0.0)	(1.0, 0.0)	(2.0, 0.0)	(3.0, 0.0)	(4.0, 0.0)	(5.0, 0.0)	(6.0, 0.0)	(7.0, 0.0)	(8.0, 0.0)	(9.0, 0.0)	(10.0, 0.0)	(11.0, 0.0)	(12.0, 0.0)	(13.0, 0.0)	(14.0, 0.0)	(15.0, 0.0)	(16.0, 0.0)	(17.0, 0.0)	(18.0, 0.0)	(19.0, 0.0)	(20.0, 0.0)	(21.0, 0.0)	(22.0, 0.0)	(23.0, 0.0)	(24.0, 0.0)	(25.0, 0.0)	(26.0, 0.0)	(27.0, 0.0)	(28.0, 0.0)	(29.0, 0.0)	(30.0, 0.0)	(31.0, 0.0)	(32.0, 0.0)	(33.0, 0.0)	(34.0, 0.0)	(35.0, 0.0)	(36.0, 0.0)	(37.0, 0.3333333333333333)	(38.0, 0.3333333333333333)	(39.0, 0.0)	(40.0, 0.3333333333333333)	(41.0, 0.3333333333333333)	(42.0, 0.3333333333333333)	(43.0, 0.0)	(44.0, 0.0)	(45.0, 0.3333333333333333)	(46.0, 0.6666666666666666)	(47.0, 2.6666666666666665)	(48.0, 8.666666666666664)	(49.0, 42.33333333333336)	(50.0, 183.00000000000082)	(51.0, 583.6666666666631)	(52.0, 2308.9999999999322)	(53.0, 7507.333333330976)	(54.0, 5039.666666666553)	(55.0, 1068.3333333333696)	(56.0, 1062.6666666667043)	(57.0, 1489.6666666666072)	(58.0, 970.3333333333737)	(59.0, 158.6666666666668)	(60.0, 65.66666666666681)	(61.0, 21.333333333333325)	(62.0, 7.9999999999999964)	(63.0, 4.0)	(64.0, 1.9999999999999998)	(65.0, 1.9999999999999998)	(66.0, 0.3333333333333333)	(67.0, 0.0)	(68.0, 0.3333333333333333)	(69.0, 0.3333333333333333)	(70.0, 0.6666666666666666)	(71.0, 0.0)	(72.0, 0.0)	(73.0, 0.0)	(74.0, 0.0)	(75.0, 0.0)	(76.0, 0.0)	(77.0, 0.0)	(78.0, 0.0)	(79.0, 0.0)	(80.0, 0.0)	(81.0, 0.0)	(82.0, 0.0)	(83.0, 0.0)	(84.0, 0.0)	(85.0, 0.0)	(86.0, 0.0)	(87.0, 0.0)	(88.0, 0.0)	(89.0, 0.0)	(90.0, 0.0)	(91.0, 0.0)	(92.0, 0.0)	(93.0, 0.0)	(94.0, 0.0)	(95.0, 0.0)	(96.0, 0.0)	(97.0, 0.0)	(98.0, 0.0)	(99.0, 0.0)	(100.0, 0.0)
SRR29920142_2	(0.0, 0.0)	(1.0, 0.0)	(2.0, 0.0)	(3.0, 0.0)	(4.0, 0.0)	(5.0, 0.0)	(6.0, 0.0)	(7.0, 0.0)	(8.0, 0.0)	(9.0, 0.0)	(10.0, 0.0)	(11.0, 0.0)	(12.0, 0.0)	(13.0, 0.0)	(14.0, 0.0)	(15.0, 0.0)	(16.0, 0.0)	(17.0, 0.0)	(18.0, 0.0)	(19.0, 0.0)	(20.0, 0.0)	(21.0, 0.0)	(22.0, 0.0)	(23.0, 0.0)	(24.0, 0.0)	(25.0, 0.0)	(26.0, 0.0)	(27.0, 0.0)	(28.0, 0.0)	(29.0, 0.0)	(30.0, 0.0)	(31.0, 0.0)	(32.0, 0.0)	(33.0, 0.0)	(34.0, 0.0)	(35.0, 0.0)	(36.0, 0.0)	(37.0, 0.0)	(38.0, 0.0)	(39.0, 0.0)	(40.0, 0.0)	(41.0, 0.0)	(42.0, 0.0)	(43.0, 0.0)	(44.0, 0.3333333333333333)	(45.0, 0.3333333333333333)	(46.0, 0.3333333333333333)	(47.0, 0.6666666666666666)	(48.0, 2.6666666666666665)	(49.0, 20.999999999999993)	(50.0, 136.66666666666617)	(51.0, 310.9999999999998)	(52.0, 1365.333333333302)	(53.0, 1789.3333333332057)	(54.0, 3425.6666666671067)	(55.0, 6860.333333331564)	(56.0, 2702.3333333334444)	(57.0, 461.33333333332456)	(58.0, 231.66666666666887)	(59.0, 186.6666666666676)	(60.0, 330.333333333332)	(61.0, 1182.3333333333437)	(62.0, 1223.3333333333344)	(63.0, 216.66666666666845)	(64.0, 58.33333333333347)	(65.0, 22.999999999999986)	(66.0, 10.333333333333334)	(67.0, 6.333333333333331)	(68.0, 4.0)	(69.0, 1.9999999999999998)	(70.0, 2.6666666666666665)	(71.0, 1.3333333333333333)	(72.0, 1.9999999999999998)	(73.0, 1.3333333333333333)	(74.0, 0.6666666666666666)	(75.0, 0.6666666666666666)	(76.0, 0.6666666666666666)	(77.0, 1.0)	(78.0, 0.3333333333333333)	(79.0, 0.3333333333333333)	(80.0, 0.3333333333333333)	(81.0, 0.0)	(82.0, 0.0)	(83.0, 0.3333333333333333)	(84.0, 0.0)	(85.0, 0.3333333333333333)	(86.0, 0.0)	(87.0, 0.3333333333333333)	(88.0, 0.0)	(89.0, 0.0)	(90.0, 0.0)	(91.0, 0.0)	(92.0, 0.0)	(93.0, 0.0)	(94.0, 0.0)	(95.0, 0.0)	(96.0, 0.0)	(97.0, 0.0)	(98.0, 0.0)	(99.0, 0.0)	(100.0, 0.0)
SRR29920143_1	(0.0, 0.0)	(1.0, 0.0)	(2.0, 0.0)	(3.0, 0.0)	(4.0, 0.0)	(5.0, 0.0)	(6.0, 0.0)	(7.0, 0.0)	(8.0, 0.0)	(9.0, 0.0)	(10.0, 0.0)	(11.0, 0.0)	(12.0, 0.0)	(13.0, 0.0)	(14.0, 0.0)	(15.0, 0.0)	(16.0, 0.0)	(17.0, 0.0)	(18.0, 0.0)	(19.0, 0.0)	(20.0, 0.0)	(21.0, 0.0)	(22.0, 0.0)	(23.0, 0.0)	(24.0, 0.0)	(25.0, 0.0)	(26.0, 0.0)	(27.0, 0.3333333333333333)	(28.0, 0.3333333333333333)	(29.0, 1.3333333333333333)	(30.0, 0.6666666666666666)	(31.0, 0.0)	(32.0, 0.0)	(33.0, 0.0)	(34.0, 0.0)	(35.0, 0.0)	(36.0, 0.0)	(37.0, 0.0)	(38.0, 0.0)	(39.0, 0.3333333333333333)	(40.0, 0.3333333333333333)	(41.0, 0.3333333333333333)	(42.0, 0.3333333333333333)	(43.0, 0.6666666666666666)	(44.0, 0.3333333333333333)	(45.0, 0.6666666666666666)	(46.0, 9.666666666666666)	(47.0, 20.999999999999993)	(48.0, 222.66666666666862)	(49.0, 763.0000000000168)	(50.0, 1314.9999999999802)	(51.0, 1743.9999999998827)	(52.0, 3579.6666666671767)	(53.0, 9626.999999999629)	(54.0, 7619.99999999754)	(55.0, 2224.999999999894)	(56.0, 660.0000000000051)	(57.0, 684.3333333333412)	(58.0, 652.666666666671)	(59.0, 142.9999999999997)	(60.0, 33.999999999999964)	(61.0, 11.66666666666667)	(62.0, 6.333333333333331)	(63.0, 4.333333333333333)	(64.0, 1.3333333333333333)	(65.0, 0.6666666666666666)	(66.0, 2.333333333333333)	(67.0, 1.0)	(68.0, 0.3333333333333333)	(69.0, 0.0)	(70.0, 0.0)	(71.0, 0.0)	(72.0, 0.0)	(73.0, 0.0)	(74.0, 0.0)	(75.0, 0.0)	(76.0, 0.0)	(77.0, 0.0)	(78.0, 0.0)	(79.0, 0.0)	(80.0, 0.0)	(81.0, 0.0)	(82.0, 0.0)	(83.0, 0.0)	(84.0, 0.0)	(85.0, 0.0)	(86.0, 0.0)	(87.0, 0.0)	(88.0, 0.0)	(89.0, 0.0)	(90.0, 0.0)	(91.0, 0.0)	(92.0, 0.0)	(93.0, 0.0)	(94.0, 0.0)	(95.0, 0.0)	(96.0, 0.0)	(97.0, 0.0)	(98.0, 0.0)	(99.0, 0.0)	(100.0, 0.0)
SRR29920143_2	(0.0, 0.0)	(1.0, 0.0)	(2.0, 0.0)	(3.0, 0.0)	(4.0, 0.0)	(5.0, 0.0)	(6.0, 0.0)	(7.0, 0.0)	(8.0, 0.0)	(9.0, 0.0)	(10.0, 0.0)	(11.0, 0.0)	(12.0, 0.0)	(13.0, 0.0)	(14.0, 0.0)	(15.0, 0.0)	(16.0, 0.0)	(17.0, 0.0)	(18.0, 0.0)	(19.0, 0.0)	(20.0, 0.0)	(21.0, 0.0)	(22.0, 0.0)	(23.0, 0.0)	(24.0, 0.0)	(25.0, 0.0)	(26.0, 0.0)	(27.0, 0.0)	(28.0, 0.0)	(29.0, 0.0)	(30.0, 0.0)	(31.0, 0.0)	(32.0, 0.0)	(33.0, 0.0)	(34.0, 0.0)	(35.0, 0.0)	(36.0, 0.0)	(37.0, 0.3333333333333333)	(38.0, 0.3333333333333333)	(39.0, 0.0)	(40.0, 0.3333333333333333)	(41.0, 0.3333333333333333)	(42.0, 0.0)	(43.0, 0.3333333333333333)	(44.0, 0.3333333333333333)	(45.0, 0.3333333333333333)	(46.0, 1.0)	(47.0, 1.0)	(48.0, 1.6666666666666665)	(49.0, 20.999999999999993)	(50.0, 77.66666666666664)	(51.0, 231.33333333333553)	(52.0, 663.6666666666722)	(53.0, 1282.333333333321)	(54.0, 3239.000000000355)	(55.0, 8699.666666664609)	(56.0, 7248.666666664544)	(57.0, 2850.0000000001783)	(58.0, 1583.999999999919)	(59.0, 1212.6666666666702)	(60.0, 1142.0000000000196)	(61.0, 609.6666666666661)	(62.0, 324.33333333333235)	(63.0, 80.33333333333327)	(64.0, 38.666666666666664)	(65.0, 25.33333333333331)	(66.0, 11.000000000000002)	(67.0, 9.333333333333332)	(68.0, 7.33333333333333)	(69.0, 3.666666666666667)	(70.0, 2.6666666666666665)	(71.0, 2.333333333333333)	(72.0, 1.6666666666666665)	(73.0, 0.6666666666666666)	(74.0, 1.3333333333333333)	(75.0, 0.3333333333333333)	(76.0, 1.0)	(77.0, 0.6666666666666666)	(78.0, 0.0)	(79.0, 0.3333333333333333)	(80.0, 0.3333333333333333)	(81.0, 0.0)	(82.0, 0.0)	(83.0, 0.0)	(84.0, 0.0)	(85.0, 0.0)	(86.0, 0.0)	(87.0, 0.0)	(88.0, 0.0)	(89.0, 0.0)	(90.0, 0.0)	(91.0, 0.0)	(92.0, 0.0)	(93.0, 0.0)	(94.0, 0.0)	(95.0, 0.0)	(96.0, 0.0)	(97.0, 0.0)	(98.0, 0.0)	(99.0, 0.0)	(100.0, 0.0)
SRR29920144_1	(0.0, 0.0)	(1.0, 0.0)	(2.0, 0.0)	(3.0, 0.0)	(4.0, 0.0)	(5.0, 0.0)	(6.0, 0.0)	(7.0, 0.0)	(8.0, 0.0)	(9.0, 0.0)	(10.0, 0.0)	(11.0, 0.0)	(12.0, 0.0)	(13.0, 0.0)	(14.0, 0.0)	(15.0, 0.0)	(16.0, 0.0)	(17.0, 0.0)	(18.0, 0.0)	(19.0, 0.0)	(20.0, 0.0)	(21.0, 0.0)	(22.0, 0.0)	(23.0, 0.0)	(24.0, 0.0)	(25.0, 0.0)	(26.0, 0.0)	(27.0, 0.0)	(28.0, 0.0)	(29.0, 0.0)	(30.0, 0.3333333333333333)	(31.0, 0.0)	(32.0, 0.0)	(33.0, 0.0)	(34.0, 0.0)	(35.0, 0.3333333333333333)	(36.0, 0.6666666666666666)	(37.0, 0.6666666666666666)	(38.0, 1.0)	(39.0, 0.3333333333333333)	(40.0, 1.0)	(41.0, 1.9999999999999998)	(42.0, 1.0)	(43.0, 1.0)	(44.0, 0.6666666666666666)	(45.0, 1.3333333333333333)	(46.0, 6.666666666666664)	(47.0, 25.33333333333331)	(48.0, 619.6666666666672)	(49.0, 1678.333333333231)	(50.0, 2409.999999999978)	(51.0, 3011.6666666669184)	(52.0, 5278.666666666336)	(53.0, 13270.666666672923)	(54.0, 10951.666666668705)	(55.0, 3145.0000000003124)	(56.0, 925.3333333333686)	(57.0, 1293.999999999985)	(58.0, 1221.3333333333348)	(59.0, 242.33333333333584)	(60.0, 55.000000000000114)	(61.0, 23.999999999999982)	(62.0, 9.666666666666666)	(63.0, 3.0)	(64.0, 1.6666666666666665)	(65.0, 0.6666666666666666)	(66.0, 0.0)	(67.0, 0.6666666666666666)	(68.0, 1.0)	(69.0, 1.3333333333333333)	(70.0, 0.0)	(71.0, 0.6666666666666666)	(72.0, 0.6666666666666666)	(73.0, 0.0)	(74.0, 0.0)	(75.0, 0.0)	(76.0, 0.0)	(77.0, 0.0)	(78.0, 0.0)	(79.0, 0.0)	(80.0, 0.0)	(81.0, 0.0)	(82.0, 0.0)	(83.0, 0.0)	(84.0, 0.0)	(85.0, 0.0)	(86.0, 0.0)	(87.0, 0.0)	(88.0, 0.0)	(89.0, 0.0)	(90.0, 0.0)	(91.0, 0.0)	(92.0, 0.0)	(93.0, 0.0)	(94.0, 0.0)	(95.0, 0.0)	(96.0, 0.0)	(97.0, 0.0)	(98.0, 0.0)	(99.0, 0.0)	(100.0, 0.0)
SRR29920144_2	(0.0, 0.0)	(1.0, 0.0)	(2.0, 0.0)	(3.0, 0.0)	(4.0, 0.0)	(5.0, 0.0)	(6.0, 0.0)	(7.0, 0.0)	(8.0, 0.0)	(9.0, 0.0)	(10.0, 0.0)	(11.0, 0.0)	(12.0, 0.0)	(13.0, 0.0)	(14.0, 0.0)	(15.0, 0.0)	(16.0, 0.0)	(17.0, 0.0)	(18.0, 0.0)	(19.0, 0.0)	(20.0, 0.0)	(21.0, 0.0)	(22.0, 0.0)	(23.0, 0.0)	(24.0, 0.0)	(25.0, 0.0)	(26.0, 0.0)	(27.0, 0.0)	(28.0, 0.0)	(29.0, 0.0)	(30.0, 0.0)	(31.0, 0.0)	(32.0, 0.0)	(33.0, 0.0)	(34.0, 0.0)	(35.0, 0.0)	(36.0, 0.0)	(37.0, 0.0)	(38.0, 0.0)	(39.0, 0.3333333333333333)	(40.0, 0.3333333333333333)	(41.0, 0.3333333333333333)	(42.0, 0.3333333333333333)	(43.0, 0.0)	(44.0, 0.3333333333333333)	(45.0, 0.0)	(46.0, 0.3333333333333333)	(47.0, 1.9999999999999998)	(48.0, 6.333333333333331)	(49.0, 6.333333333333331)	(50.0, 45.666666666666714)	(51.0, 185.33333333333422)	(52.0, 687.3333333333416)	(53.0, 1642.3333333332391)	(54.0, 6229.333333332138)	(55.0, 13351.66666667307)	(56.0, 9255.999999998954)	(57.0, 4708.000000000188)	(58.0, 2497.6666666666847)	(59.0, 1590.9999999999175)	(60.0, 1745.666666666549)	(61.0, 1270.666666666657)	(62.0, 764.0000000000169)	(63.0, 182.33333333333414)	(64.0, 64.00000000000017)	(65.0, 40.00000000000001)	(66.0, 21.99999999999999)	(67.0, 11.333333333333336)	(68.0, 10.333333333333334)	(69.0, 4.999999999999999)	(70.0, 4.999999999999999)	(71.0, 4.999999999999999)	(72.0, 3.666666666666667)	(73.0, 2.333333333333333)	(74.0, 1.6666666666666665)	(75.0, 1.9999999999999998)	(76.0, 1.0)	(77.0, 0.6666666666666666)	(78.0, 0.6666666666666666)	(79.0, 0.3333333333333333)	(80.0, 0.3333333333333333)	(81.0, 0.3333333333333333)	(82.0, 0.3333333333333333)	(83.0, 0.0)	(84.0, 0.3333333333333333)	(85.0, 0.3333333333333333)	(86.0, 0.0)	(87.0, 0.3333333333333333)	(88.0, 0.6666666666666666)	(89.0, 0.0)	(90.0, 0.0)	(91.0, 0.0)	(92.0, 0.0)	(93.0, 0.0)	(94.0, 0.0)	(95.0, 0.0)	(96.0, 0.0)	(97.0, 0.0)	(98.0, 0.0)	(99.0, 0.0)	(100.0, 0.0)
SRR29920145_1	(0.0, 0.0)	(1.0, 0.0)	(2.0, 0.0)	(3.0, 0.0)	(4.0, 0.0)	(5.0, 0.0)	(6.0, 0.0)	(7.0, 0.0)	(8.0, 0.0)	(9.0, 0.0)	(10.0, 0.0)	(11.0, 0.0)	(12.0, 0.0)	(13.0, 0.0)	(14.0, 0.0)	(15.0, 0.0)	(16.0, 0.0)	(17.0, 0.0)	(18.0, 0.0)	(19.0, 0.0)	(20.0, 0.0)	(21.0, 0.0)	(22.0, 0.0)	(23.0, 0.0)	(24.0, 0.0)	(25.0, 0.0)	(26.0, 0.0)	(27.0, 0.0)	(28.0, 0.0)	(29.0, 0.0)	(30.0, 0.3333333333333333)	(31.0, 0.0)	(32.0, 0.0)	(33.0, 0.0)	(34.0, 0.0)	(35.0, 0.0)	(36.0, 0.0)	(37.0, 0.3333333333333333)	(38.0, 0.3333333333333333)	(39.0, 0.0)	(40.0, 0.0)	(41.0, 0.0)	(42.0, 0.0)	(43.0, 0.0)	(44.0, 0.3333333333333333)	(45.0, 1.0)	(46.0, 5.999999999999998)	(47.0, 13.666666666666673)	(48.0, 402.66666666666123)	(49.0, 1125.3333333333567)	(50.0, 1400.3333333332941)	(51.0, 1769.9999999998768)	(52.0, 3511.666666667146)	(53.0, 9157.999999998776)	(54.0, 7315.666666664483)	(55.0, 2052.6666666664823)	(56.0, 654.0000000000044)	(57.0, 974.6666666667076)	(58.0, 909.3333333333668)	(59.0, 158.0000000000001)	(60.0, 32.66666666666662)	(61.0, 14.000000000000007)	(62.0, 7.666666666666663)	(63.0, 3.3333333333333335)	(64.0, 0.6666666666666666)	(65.0, 1.0)	(66.0, 1.0)	(67.0, 0.3333333333333333)	(68.0, 0.3333333333333333)	(69.0, 0.3333333333333333)	(70.0, 0.0)	(71.0, 0.3333333333333333)	(72.0, 0.6666666666666666)	(73.0, 0.3333333333333333)	(74.0, 0.0)	(75.0, 0.0)	(76.0, 0.0)	(77.0, 0.0)	(78.0, 0.0)	(79.0, 0.0)	(80.0, 0.0)	(81.0, 0.0)	(82.0, 0.0)	(83.0, 0.0)	(84.0, 0.0)	(85.0, 0.0)	(86.0, 0.0)	(87.0, 0.0)	(88.0, 0.0)	(89.0, 0.0)	(90.0, 0.0)	(91.0, 0.0)	(92.0, 0.0)	(93.0, 0.0)	(94.0, 0.0)	(95.0, 0.0)	(96.0, 0.0)	(97.0, 0.0)	(98.0, 0.0)	(99.0, 0.3333333333333333)	(100.0, 0.5)
SRR29920145_2	(0.0, 0.0)	(1.0, 0.0)	(2.0, 0.0)	(3.0, 0.0)	(4.0, 0.0)	(5.0, 0.0)	(6.0, 0.0)	(7.0, 0.0)	(8.0, 0.0)	(9.0, 0.0)	(10.0, 0.0)	(11.0, 0.0)	(12.0, 0.0)	(13.0, 0.0)	(14.0, 0.0)	(15.0, 0.0)	(16.0, 0.0)	(17.0, 0.0)	(18.0, 0.0)	(19.0, 0.0)	(20.0, 0.0)	(21.0, 0.0)	(22.0, 0.0)	(23.0, 0.0)	(24.0, 0.0)	(25.0, 0.0)	(26.0, 0.0)	(27.0, 0.0)	(28.0, 0.0)	(29.0, 0.0)	(30.0, 0.0)	(31.0, 0.0)	(32.0, 0.0)	(33.0, 0.0)	(34.0, 0.0)	(35.0, 0.0)	(36.0, 0.0)	(37.0, 0.0)	(38.0, 0.0)	(39.0, 0.0)	(40.0, 0.0)	(41.0, 0.0)	(42.0, 0.0)	(43.0, 0.0)	(44.0, 0.6666666666666666)	(45.0, 1.0)	(46.0, 1.0)	(47.0, 0.3333333333333333)	(48.0, 1.3333333333333333)	(49.0, 5.999999999999998)	(50.0, 36.66666666666665)	(51.0, 150.66666666666657)	(52.0, 490.99999999998954)	(53.0, 1154.6666666666833)	(54.0, 4108.000000000734)	(55.0, 9045.333333331904)	(56.0, 6242.333333332126)	(57.0, 2894.6666666668652)	(58.0, 1447.3333333332835)	(59.0, 1124.333333333357)	(60.0, 1183.0000000000102)	(61.0, 833.0000000000248)	(62.0, 561.999999999994)	(63.0, 121.99999999999935)	(64.0, 43.333333333333364)	(65.0, 26.66666666666664)	(66.0, 10.0)	(67.0, 6.333333333333331)	(68.0, 4.333333333333333)	(69.0, 3.3333333333333335)	(70.0, 1.9999999999999998)	(71.0, 1.0)	(72.0, 1.0)	(73.0, 0.6666666666666666)	(74.0, 0.6666666666666666)	(75.0, 0.6666666666666666)	(76.0, 0.3333333333333333)	(77.0, 0.3333333333333333)	(78.0, 1.0)	(79.0, 0.3333333333333333)	(80.0, 0.3333333333333333)	(81.0, 0.3333333333333333)	(82.0, 0.3333333333333333)	(83.0, 0.0)	(84.0, 0.0)	(85.0, 0.3333333333333333)	(86.0, 0.0)	(87.0, 0.0)	(88.0, 0.0)	(89.0, 0.0)	(90.0, 0.0)	(91.0, 0.0)	(92.0, 0.0)	(93.0, 0.0)	(94.0, 0.0)	(95.0, 0.0)	(96.0, 0.0)	(97.0, 0.0)	(98.0, 0.0)	(99.0, 0.0)	(100.0, 0.0)
SRR29920146_1	(0.0, 0.0)	(1.0, 0.0)	(2.0, 0.0)	(3.0, 0.0)	(4.0, 0.0)	(5.0, 0.0)	(6.0, 0.0)	(7.0, 0.0)	(8.0, 0.0)	(9.0, 0.0)	(10.0, 0.0)	(11.0, 0.0)	(12.0, 0.0)	(13.0, 0.0)	(14.0, 0.0)	(15.0, 0.0)	(16.0, 0.0)	(17.0, 0.0)	(18.0, 0.0)	(19.0, 0.0)	(20.0, 0.0)	(21.0, 0.0)	(22.0, 0.0)	(23.0, 0.0)	(24.0, 0.0)	(25.0, 0.0)	(26.0, 0.0)	(27.0, 0.0)	(28.0, 0.0)	(29.0, 0.0)	(30.0, 0.0)	(31.0, 0.0)	(32.0, 0.0)	(33.0, 0.0)	(34.0, 0.0)	(35.0, 0.0)	(36.0, 0.3333333333333333)	(37.0, 0.3333333333333333)	(38.0, 0.3333333333333333)	(39.0, 0.3333333333333333)	(40.0, 0.3333333333333333)	(41.0, 0.3333333333333333)	(42.0, 1.0)	(43.0, 1.6666666666666665)	(44.0, 0.0)	(45.0, 0.6666666666666666)	(46.0, 8.999999999999998)	(47.0, 30.999999999999957)	(48.0, 432.3333333333262)	(49.0, 1230.3333333333328)	(50.0, 1846.666666666526)	(51.0, 2398.6666666666397)	(52.0, 4186.000000000663)	(53.0, 9857.666666666715)	(54.0, 7947.333333330575)	(55.0, 2195.6666666665474)	(56.0, 693.6666666666756)	(57.0, 1199.3333333333399)	(58.0, 1123.0000000000239)	(59.0, 209.66666666666825)	(60.0, 40.66666666666668)	(61.0, 15.000000000000009)	(62.0, 4.666666666666666)	(63.0, 3.3333333333333335)	(64.0, 0.3333333333333333)	(65.0, 0.6666666666666666)	(66.0, 2.333333333333333)	(67.0, 1.3333333333333333)	(68.0, 0.3333333333333333)	(69.0, 0.6666666666666666)	(70.0, 0.0)	(71.0, 0.0)	(72.0, 0.0)	(73.0, 0.0)	(74.0, 0.0)	(75.0, 0.0)	(76.0, 0.0)	(77.0, 0.0)	(78.0, 0.0)	(79.0, 0.0)	(80.0, 0.0)	(81.0, 0.0)	(82.0, 0.0)	(83.0, 0.0)	(84.0, 0.0)	(85.0, 0.0)	(86.0, 0.0)	(87.0, 0.0)	(88.0, 0.0)	(89.0, 0.0)	(90.0, 0.0)	(91.0, 0.0)	(92.0, 0.0)	(93.0, 0.0)	(94.0, 0.0)	(95.0, 0.0)	(96.0, 0.0)	(97.0, 0.0)	(98.0, 0.0)	(99.0, 0.0)	(100.0, 0.0)
SRR29920146_2	(0.0, 0.0)	(1.0, 0.0)	(2.0, 0.0)	(3.0, 0.0)	(4.0, 0.0)	(5.0, 0.0)	(6.0, 0.0)	(7.0, 0.0)	(8.0, 0.0)	(9.0, 0.0)	(10.0, 0.0)	(11.0, 0.0)	(12.0, 0.0)	(13.0, 0.0)	(14.0, 0.0)	(15.0, 0.0)	(16.0, 0.0)	(17.0, 0.0)	(18.0, 0.0)	(19.0, 0.0)	(20.0, 0.0)	(21.0, 0.0)	(22.0, 0.0)	(23.0, 0.0)	(24.0, 0.0)	(25.0, 0.0)	(26.0, 0.0)	(27.0, 0.0)	(28.0, 0.0)	(29.0, 0.0)	(30.0, 0.0)	(31.0, 0.0)	(32.0, 0.0)	(33.0, 0.0)	(34.0, 0.0)	(35.0, 0.0)	(36.0, 0.0)	(37.0, 0.0)	(38.0, 0.0)	(39.0, 0.0)	(40.0, 0.0)	(41.0, 0.0)	(42.0, 0.3333333333333333)	(43.0, 0.6666666666666666)	(44.0, 0.3333333333333333)	(45.0, 0.6666666666666666)	(46.0, 0.6666666666666666)	(47.0, 1.0)	(48.0, 2.333333333333333)	(49.0, 6.666666666666664)	(50.0, 36.333333333333314)	(51.0, 156.66666666666674)	(52.0, 582.9999999999964)	(53.0, 1292.666666666652)	(54.0, 4313.666666667214)	(55.0, 9493.999999999387)	(56.0, 7598.666666664226)	(57.0, 3454.66666666712)	(58.0, 1551.666666666593)	(59.0, 1185.6666666666763)	(60.0, 1503.3333333332707)	(61.0, 1216.333333333336)	(62.0, 718.3333333333451)	(63.0, 177.66666666666734)	(64.0, 65.00000000000016)	(65.0, 35.99999999999998)	(66.0, 17.33333333333334)	(67.0, 10.333333333333334)	(68.0, 8.999999999999998)	(69.0, 6.999999999999997)	(70.0, 3.3333333333333335)	(71.0, 3.3333333333333335)	(72.0, 1.6666666666666665)	(73.0, 1.3333333333333333)	(74.0, 0.6666666666666666)	(75.0, 1.0)	(76.0, 1.6666666666666665)	(77.0, 0.3333333333333333)	(78.0, 0.0)	(79.0, 0.0)	(80.0, 0.0)	(81.0, 0.0)	(82.0, 0.0)	(83.0, 0.0)	(84.0, 0.0)	(85.0, 0.0)	(86.0, 0.0)	(87.0, 0.0)	(88.0, 0.0)	(89.0, 0.0)	(90.0, 0.3333333333333333)	(91.0, 0.0)	(92.0, 0.0)	(93.0, 0.0)	(94.0, 0.0)	(95.0, 0.0)	(96.0, 0.0)	(97.0, 0.0)	(98.0, 0.0)	(99.0, 0.0)	(100.0, 0.0)
SRR29920147_1	(0.0, 0.0)	(1.0, 0.0)	(2.0, 0.0)	(3.0, 0.0)	(4.0, 0.0)	(5.0, 0.0)	(6.0, 0.0)	(7.0, 0.0)	(8.0, 0.0)	(9.0, 0.0)	(10.0, 0.0)	(11.0, 0.0)	(12.0, 0.0)	(13.0, 0.0)	(14.0, 0.0)	(15.0, 0.0)	(16.0, 0.0)	(17.0, 0.0)	(18.0, 0.0)	(19.0, 0.0)	(20.0, 0.0)	(21.0, 0.0)	(22.0, 0.0)	(23.0, 0.0)	(24.0, 0.0)	(25.0, 0.0)	(26.0, 0.0)	(27.0, 0.0)	(28.0, 0.0)	(29.0, 0.0)	(30.0, 0.0)	(31.0, 0.0)	(32.0, 0.0)	(33.0, 0.0)	(34.0, 0.0)	(35.0, 0.3333333333333333)	(36.0, 0.0)	(37.0, 0.0)	(38.0, 0.3333333333333333)	(39.0, 0.0)	(40.0, 0.3333333333333333)	(41.0, 1.0)	(42.0, 0.3333333333333333)	(43.0, 0.6666666666666666)	(44.0, 0.3333333333333333)	(45.0, 1.0)	(46.0, 3.0)	(47.0, 4.0)	(48.0, 3.666666666666667)	(49.0, 17.33333333333334)	(50.0, 92.66666666666643)	(51.0, 231.66666666666887)	(52.0, 2486.333333333346)	(53.0, 15034.000000009464)	(54.0, 12093.666666670782)	(55.0, 1996.9999999998251)	(56.0, 651.0000000000041)	(57.0, 617.666666666667)	(58.0, 380.33333333332916)	(59.0, 78.99999999999996)	(60.0, 46.333333333333385)	(61.0, 15.666666666666677)	(62.0, 5.999999999999998)	(63.0, 3.3333333333333335)	(64.0, 1.9999999999999998)	(65.0, 1.3333333333333333)	(66.0, 1.9999999999999998)	(67.0, 0.6666666666666666)	(68.0, 0.3333333333333333)	(69.0, 1.6666666666666665)	(70.0, 2.6666666666666665)	(71.0, 1.0)	(72.0, 0.3333333333333333)	(73.0, 0.0)	(74.0, 0.0)	(75.0, 0.0)	(76.0, 0.0)	(77.0, 0.0)	(78.0, 0.0)	(79.0, 0.0)	(80.0, 0.0)	(81.0, 0.0)	(82.0, 0.0)	(83.0, 0.0)	(84.0, 0.0)	(85.0, 0.0)	(86.0, 0.0)	(87.0, 0.0)	(88.0, 0.0)	(89.0, 0.0)	(90.0, 0.0)	(91.0, 0.0)	(92.0, 0.0)	(93.0, 0.0)	(94.0, 0.0)	(95.0, 0.0)	(96.0, 0.0)	(97.0, 0.0)	(98.0, 0.0)	(99.0, 0.0)	(100.0, 0.0)
SRR29920147_2	(0.0, 0.0)	(1.0, 0.0)	(2.0, 0.0)	(3.0, 0.0)	(4.0, 0.0)	(5.0, 0.0)	(6.0, 0.0)	(7.0, 0.0)	(8.0, 0.0)	(9.0, 0.0)	(10.0, 0.0)	(11.0, 0.0)	(12.0, 0.0)	(13.0, 0.0)	(14.0, 0.0)	(15.0, 0.0)	(16.0, 0.0)	(17.0, 0.0)	(18.0, 0.0)	(19.0, 0.0)	(20.0, 0.0)	(21.0, 0.0)	(22.0, 0.0)	(23.0, 0.0)	(24.0, 0.0)	(25.0, 0.0)	(26.0, 0.0)	(27.0, 0.0)	(28.0, 0.0)	(29.0, 0.0)	(30.0, 0.0)	(31.0, 0.0)	(32.0, 0.0)	(33.0, 0.0)	(34.0, 0.0)	(35.0, 0.0)	(36.0, 0.3333333333333333)	(37.0, 0.3333333333333333)	(38.0, 0.3333333333333333)	(39.0, 0.0)	(40.0, 0.3333333333333333)	(41.0, 0.3333333333333333)	(42.0, 0.0)	(43.0, 0.6666666666666666)	(44.0, 1.0)	(45.0, 2.333333333333333)	(46.0, 2.333333333333333)	(47.0, 3.3333333333333335)	(48.0, 3.0)	(49.0, 4.999999999999999)	(50.0, 10.0)	(51.0, 48.000000000000064)	(52.0, 238.66666666666907)	(53.0, 522.3333333333228)	(54.0, 2764.666666666806)	(55.0, 13736.000000007103)	(56.0, 12322.000000004531)	(57.0, 1776.9999999998752)	(58.0, 543.9999999999919)	(59.0, 304.6666666666668)	(60.0, 279.0000000000016)	(61.0, 516.9999999999889)	(62.0, 469.6666666666574)	(63.0, 114.99999999999945)	(64.0, 40.66666666666668)	(65.0, 19.999999999999996)	(66.0, 10.333333333333334)	(67.0, 7.9999999999999964)	(68.0, 4.999999999999999)	(69.0, 1.9999999999999998)	(70.0, 0.6666666666666666)	(71.0, 1.0)	(72.0, 0.3333333333333333)	(73.0, 0.0)	(74.0, 1.0)	(75.0, 0.6666666666666666)	(76.0, 0.6666666666666666)	(77.0, 0.6666666666666666)	(78.0, 0.0)	(79.0, 0.0)	(80.0, 0.3333333333333333)	(81.0, 0.3333333333333333)	(82.0, 0.0)	(83.0, 0.0)	(84.0, 0.0)	(85.0, 0.0)	(86.0, 0.0)	(87.0, 0.0)	(88.0, 0.0)	(89.0, 0.0)	(90.0, 0.0)	(91.0, 0.3333333333333333)	(92.0, 0.3333333333333333)	(93.0, 0.0)	(94.0, 0.0)	(95.0, 0.0)	(96.0, 0.0)	(97.0, 0.0)	(98.0, 0.0)	(99.0, 0.0)	(100.0, 0.0)
SRR29920148_1	(0.0, 0.0)	(1.0, 0.0)	(2.0, 0.0)	(3.0, 0.0)	(4.0, 0.0)	(5.0, 0.0)	(6.0, 0.0)	(7.0, 0.0)	(8.0, 0.0)	(9.0, 0.0)	(10.0, 0.0)	(11.0, 0.0)	(12.0, 0.0)	(13.0, 0.0)	(14.0, 0.0)	(15.0, 0.0)	(16.0, 0.0)	(17.0, 0.0)	(18.0, 0.0)	(19.0, 0.0)	(20.0, 0.0)	(21.0, 0.0)	(22.0, 0.0)	(23.0, 0.3333333333333333)	(24.0, 0.3333333333333333)	(25.0, 0.0)	(26.0, 0.0)	(27.0, 0.0)	(28.0, 0.3333333333333333)	(29.0, 0.3333333333333333)	(30.0, 0.0)	(31.0, 0.0)	(32.0, 0.0)	(33.0, 0.0)	(34.0, 0.0)	(35.0, 0.0)	(36.0, 0.3333333333333333)	(37.0, 0.0)	(38.0, 0.0)	(39.0, 0.0)	(40.0, 0.6666666666666666)	(41.0, 0.3333333333333333)	(42.0, 0.0)	(43.0, 0.3333333333333333)	(44.0, 0.3333333333333333)	(45.0, 0.3333333333333333)	(46.0, 1.3333333333333333)	(47.0, 1.0)	(48.0, 4.333333333333333)	(49.0, 23.66666666666665)	(50.0, 140.99999999999963)	(51.0, 300.3333333333337)	(52.0, 2618.3333333334062)	(53.0, 14773.333333342323)	(54.0, 11186.666666669133)	(55.0, 1413.3333333332912)	(56.0, 529.9999999999903)	(57.0, 730.0000000000131)	(58.0, 424.9999999999933)	(59.0, 64.66666666666683)	(60.0, 26.66666666666664)	(61.0, 12.333333333333337)	(62.0, 5.666666666666665)	(63.0, 3.0)	(64.0, 1.3333333333333333)	(65.0, 1.6666666666666665)	(66.0, 2.6666666666666665)	(67.0, 1.0)	(68.0, 0.0)	(69.0, 2.6666666666666665)	(70.0, 1.9999999999999998)	(71.0, 0.6666666666666666)	(72.0, 0.0)	(73.0, 0.0)	(74.0, 0.0)	(75.0, 0.0)	(76.0, 0.0)	(77.0, 0.0)	(78.0, 0.0)	(79.0, 0.0)	(80.0, 0.0)	(81.0, 0.0)	(82.0, 0.0)	(83.0, 0.0)	(84.0, 0.0)	(85.0, 0.0)	(86.0, 0.0)	(87.0, 0.0)	(88.0, 0.0)	(89.0, 0.0)	(90.0, 0.0)	(91.0, 0.0)	(92.0, 0.0)	(93.0, 0.0)	(94.0, 0.0)	(95.0, 0.0)	(96.0, 0.0)	(97.0, 0.0)	(98.0, 0.0)	(99.0, 0.0)	(100.0, 0.0)
SRR29920148_2	(0.0, 0.0)	(1.0, 0.0)	(2.0, 0.0)	(3.0, 0.0)	(4.0, 0.0)	(5.0, 0.0)	(6.0, 0.0)	(7.0, 0.0)	(8.0, 0.0)	(9.0, 0.0)	(10.0, 0.0)	(11.0, 0.0)	(12.0, 0.0)	(13.0, 0.0)	(14.0, 0.0)	(15.0, 0.0)	(16.0, 0.0)	(17.0, 0.0)	(18.0, 0.0)	(19.0, 0.0)	(20.0, 0.0)	(21.0, 0.0)	(22.0, 0.0)	(23.0, 0.0)	(24.0, 0.0)	(25.0, 0.0)	(26.0, 0.0)	(27.0, 0.0)	(28.0, 0.0)	(29.0, 0.0)	(30.0, 0.0)	(31.0, 0.0)	(32.0, 0.3333333333333333)	(33.0, 0.3333333333333333)	(34.0, 0.0)	(35.0, 0.0)	(36.0, 0.0)	(37.0, 0.0)	(38.0, 0.0)	(39.0, 0.0)	(40.0, 0.0)	(41.0, 0.0)	(42.0, 0.3333333333333333)	(43.0, 0.3333333333333333)	(44.0, 0.3333333333333333)	(45.0, 1.3333333333333333)	(46.0, 1.3333333333333333)	(47.0, 0.6666666666666666)	(48.0, 2.333333333333333)	(49.0, 7.666666666666663)	(50.0, 14.000000000000007)	(51.0, 26.66666666666664)	(52.0, 119.33333333333272)	(53.0, 352.33333333333076)	(54.0, 2515.000000000026)	(55.0, 13235.333333339526)	(56.0, 11938.6666666705)	(57.0, 1546.6666666665942)	(58.0, 473.9999999999905)	(59.0, 305.66666666666674)	(60.0, 247.333333333336)	(61.0, 595.3333333333311)	(62.0, 628.3333333333348)	(63.0, 132.9999999999994)	(64.0, 45.00000000000004)	(65.0, 23.66666666666665)	(66.0, 11.333333333333336)	(67.0, 6.666666666666664)	(68.0, 5.666666666666665)	(69.0, 4.0)	(70.0, 1.9999999999999998)	(71.0, 0.6666666666666666)	(72.0, 0.3333333333333333)	(73.0, 0.0)	(74.0, 0.3333333333333333)	(75.0, 0.3333333333333333)	(76.0, 0.0)	(77.0, 0.0)	(78.0, 0.0)	(79.0, 0.3333333333333333)	(80.0, 1.3333333333333333)	(81.0, 0.6666666666666666)	(82.0, 0.3333333333333333)	(83.0, 0.0)	(84.0, 0.0)	(85.0, 0.0)	(86.0, 0.0)	(87.0, 0.0)	(88.0, 0.0)	(89.0, 0.0)	(90.0, 0.0)	(91.0, 0.3333333333333333)	(92.0, 0.0)	(93.0, 0.0)	(94.0, 0.0)	(95.0, 0.0)	(96.0, 0.0)	(97.0, 0.0)	(98.0, 0.0)	(99.0, 0.0)	(100.0, 0.0)
SRR29920149_1	(0.0, 0.0)	(1.0, 0.0)	(2.0, 0.0)	(3.0, 0.0)	(4.0, 0.0)	(5.0, 0.0)	(6.0, 0.0)	(7.0, 0.0)	(8.0, 0.0)	(9.0, 0.0)	(10.0, 0.0)	(11.0, 0.0)	(12.0, 0.0)	(13.0, 0.0)	(14.0, 0.0)	(15.0, 0.0)	(16.0, 0.0)	(17.0, 0.0)	(18.0, 0.0)	(19.0, 0.0)	(20.0, 0.0)	(21.0, 0.0)	(22.0, 0.0)	(23.0, 0.0)	(24.0, 0.0)	(25.0, 0.0)	(26.0, 0.0)	(27.0, 0.0)	(28.0, 0.0)	(29.0, 0.0)	(30.0, 0.0)	(31.0, 0.0)	(32.0, 0.0)	(33.0, 0.0)	(34.0, 0.0)	(35.0, 0.0)	(36.0, 0.0)	(37.0, 0.0)	(38.0, 0.0)	(39.0, 0.0)	(40.0, 0.0)	(41.0, 0.3333333333333333)	(42.0, 0.3333333333333333)	(43.0, 0.0)	(44.0, 0.0)	(45.0, 0.3333333333333333)	(46.0, 1.0)	(47.0, 4.0)	(48.0, 7.9999999999999964)	(49.0, 55.33333333333345)	(50.0, 354.33333333333064)	(51.0, 641.6666666666697)	(52.0, 1981.333333333162)	(53.0, 7473.66666666434)	(54.0, 5469.999999999495)	(55.0, 1038.0000000000432)	(56.0, 678.0000000000072)	(57.0, 410.33333333332746)	(58.0, 216.3333333333351)	(59.0, 57.6666666666668)	(60.0, 44.33333333333337)	(61.0, 15.333333333333343)	(62.0, 5.333333333333332)	(63.0, 3.0)	(64.0, 0.3333333333333333)	(65.0, 0.6666666666666666)	(66.0, 0.6666666666666666)	(67.0, 0.0)	(68.0, 0.0)	(69.0, 0.3333333333333333)	(70.0, 0.3333333333333333)	(71.0, 0.0)	(72.0, 0.0)	(73.0, 0.0)	(74.0, 0.3333333333333333)	(75.0, 0.0)	(76.0, 0.0)	(77.0, 0.0)	(78.0, 0.0)	(79.0, 0.0)	(80.0, 0.0)	(81.0, 0.0)	(82.0, 0.0)	(83.0, 0.0)	(84.0, 0.0)	(85.0, 0.0)	(86.0, 0.0)	(87.0, 0.0)	(88.0, 0.0)	(89.0, 0.0)	(90.0, 0.0)	(91.0, 0.0)	(92.0, 0.0)	(93.0, 0.0)	(94.0, 0.0)	(95.0, 0.0)	(96.0, 0.0)	(97.0, 0.0)	(98.0, 0.0)	(99.0, 0.0)	(100.0, 0.0)
SRR29920149_2	(0.0, 0.0)	(1.0, 0.0)	(2.0, 0.0)	(3.0, 0.0)	(4.0, 0.0)	(5.0, 0.0)	(6.0, 0.0)	(7.0, 0.0)	(8.0, 0.0)	(9.0, 0.0)	(10.0, 0.0)	(11.0, 0.0)	(12.0, 0.0)	(13.0, 0.0)	(14.0, 0.0)	(15.0, 0.0)	(16.0, 0.0)	(17.0, 0.0)	(18.0, 0.0)	(19.0, 0.0)	(20.0, 0.0)	(21.0, 0.0)	(22.0, 0.0)	(23.0, 0.0)	(24.0, 0.0)	(25.0, 0.0)	(26.0, 0.0)	(27.0, 0.0)	(28.0, 0.0)	(29.0, 0.0)	(30.0, 0.0)	(31.0, 0.0)	(32.0, 0.0)	(33.0, 0.0)	(34.0, 0.0)	(35.0, 0.0)	(36.0, 0.0)	(37.0, 0.0)	(38.0, 0.0)	(39.0, 0.0)	(40.0, 0.0)	(41.0, 0.0)	(42.0, 0.3333333333333333)	(43.0, 0.6666666666666666)	(44.0, 0.6666666666666666)	(45.0, 0.6666666666666666)	(46.0, 0.6666666666666666)	(47.0, 0.6666666666666666)	(48.0, 1.9999999999999998)	(49.0, 16.333333333333343)	(50.0, 35.33333333333331)	(51.0, 68.33333333333344)	(52.0, 432.6666666666595)	(53.0, 869.3333333333622)	(54.0, 2357.3333333332876)	(55.0, 7146.99999999797)	(56.0, 5300.999999999649)	(57.0, 837.0000000000252)	(58.0, 325.9999999999989)	(59.0, 209.66666666666825)	(60.0, 181.00000000000077)	(61.0, 305.3333333333334)	(62.0, 273.00000000000193)	(63.0, 56.00000000000012)	(64.0, 28.666666666666632)	(65.0, 15.666666666666677)	(66.0, 4.666666666666666)	(67.0, 2.6666666666666665)	(68.0, 2.333333333333333)	(69.0, 1.3333333333333333)	(70.0, 1.0)	(71.0, 0.6666666666666666)	(72.0, 0.3333333333333333)	(73.0, 0.3333333333333333)	(74.0, 0.0)	(75.0, 0.0)	(76.0, 0.3333333333333333)	(77.0, 0.0)	(78.0, 0.0)	(79.0, 0.0)	(80.0, 0.0)	(81.0, 0.0)	(82.0, 0.0)	(83.0, 0.0)	(84.0, 0.0)	(85.0, 0.0)	(86.0, 0.0)	(87.0, 0.3333333333333333)	(88.0, 0.0)	(89.0, 0.0)	(90.0, 0.0)	(91.0, 0.0)	(92.0, 0.0)	(93.0, 0.0)	(94.0, 0.0)	(95.0, 0.0)	(96.0, 0.0)	(97.0, 0.0)	(98.0, 0.0)	(99.0, 0.0)	(100.0, 0.0)
SRR29920150_1	(0.0, 0.0)	(1.0, 0.0)	(2.0, 0.0)	(3.0, 0.0)	(4.0, 0.0)	(5.0, 0.0)	(6.0, 0.0)	(7.0, 0.0)	(8.0, 0.0)	(9.0, 0.0)	(10.0, 0.0)	(11.0, 0.0)	(12.0, 0.0)	(13.0, 0.0)	(14.0, 0.0)	(15.0, 0.0)	(16.0, 0.0)	(17.0, 0.0)	(18.0, 0.0)	(19.0, 0.0)	(20.0, 0.0)	(21.0, 0.0)	(22.0, 0.0)	(23.0, 0.0)	(24.0, 0.0)	(25.0, 0.0)	(26.0, 0.0)	(27.0, 0.0)	(28.0, 0.0)	(29.0, 0.0)	(30.0, 0.0)	(31.0, 0.3333333333333333)	(32.0, 0.3333333333333333)	(33.0, 0.0)	(34.0, 0.3333333333333333)	(35.0, 0.3333333333333333)	(36.0, 0.0)	(37.0, 0.0)	(38.0, 0.0)	(39.0, 0.0)	(40.0, 0.3333333333333333)	(41.0, 0.3333333333333333)	(42.0, 0.0)	(43.0, 0.3333333333333333)	(44.0, 0.0)	(45.0, 0.0)	(46.0, 0.0)	(47.0, 0.6666666666666666)	(48.0, 6.333333333333331)	(49.0, 30.999999999999957)	(50.0, 133.99999999999943)	(51.0, 603.9999999999987)	(52.0, 2605.666666666734)	(53.0, 9122.333333332044)	(54.0, 6444.666666665275)	(55.0, 953.6666666667052)	(56.0, 302.0000000000003)	(57.0, 264.00000000000244)	(58.0, 153.33333333333331)	(59.0, 37.66666666666666)	(60.0, 16.666666666666675)	(61.0, 8.666666666666664)	(62.0, 4.333333333333333)	(63.0, 4.0)	(64.0, 0.6666666666666666)	(65.0, 0.3333333333333333)	(66.0, 1.3333333333333333)	(67.0, 0.3333333333333333)	(68.0, 0.6666666666666666)	(69.0, 0.3333333333333333)	(70.0, 0.3333333333333333)	(71.0, 0.3333333333333333)	(72.0, 0.0)	(73.0, 0.0)	(74.0, 0.0)	(75.0, 0.0)	(76.0, 0.0)	(77.0, 0.0)	(78.0, 0.0)	(79.0, 0.0)	(80.0, 0.0)	(81.0, 0.0)	(82.0, 0.0)	(83.0, 0.0)	(84.0, 0.0)	(85.0, 0.0)	(86.0, 0.0)	(87.0, 0.0)	(88.0, 0.0)	(89.0, 0.0)	(90.0, 0.0)	(91.0, 0.0)	(92.0, 0.0)	(93.0, 0.0)	(94.0, 0.0)	(95.0, 0.0)	(96.0, 0.0)	(97.0, 0.0)	(98.0, 0.0)	(99.0, 0.0)	(100.0, 0.0)
SRR29920150_2	(0.0, 0.0)	(1.0, 0.0)	(2.0, 0.0)	(3.0, 0.0)	(4.0, 0.0)	(5.0, 0.0)	(6.0, 0.0)	(7.0, 0.0)	(8.0, 0.0)	(9.0, 0.0)	(10.0, 0.0)	(11.0, 0.0)	(12.0, 0.0)	(13.0, 0.0)	(14.0, 0.0)	(15.0, 0.0)	(16.0, 0.0)	(17.0, 0.0)	(18.0, 0.0)	(19.0, 0.0)	(20.0, 0.0)	(21.0, 0.0)	(22.0, 0.0)	(23.0, 0.0)	(24.0, 0.0)	(25.0, 0.0)	(26.0, 0.0)	(27.0, 0.0)	(28.0, 0.0)	(29.0, 0.0)	(30.0, 0.0)	(31.0, 0.0)	(32.0, 0.0)	(33.0, 0.0)	(34.0, 0.0)	(35.0, 0.0)	(36.0, 0.0)	(37.0, 0.0)	(38.0, 0.0)	(39.0, 0.0)	(40.0, 0.0)	(41.0, 0.3333333333333333)	(42.0, 0.6666666666666666)	(43.0, 0.3333333333333333)	(44.0, 0.6666666666666666)	(45.0, 1.0)	(46.0, 0.6666666666666666)	(47.0, 1.6666666666666665)	(48.0, 2.6666666666666665)	(49.0, 11.66666666666667)	(50.0, 42.33333333333336)	(51.0, 120.3333333333327)	(52.0, 780.6666666666855)	(53.0, 1715.6666666665558)	(54.0, 3593.000000000516)	(55.0, 7928.666666663926)	(56.0, 4729.000000000169)	(57.0, 723.0000000000123)	(58.0, 298.66666666666714)	(59.0, 156.00000000000006)	(60.0, 104.33333333333293)	(61.0, 186.0000000000009)	(62.0, 176.00000000000063)	(63.0, 42.33333333333336)	(64.0, 16.00000000000001)	(65.0, 6.333333333333331)	(66.0, 4.666666666666666)	(67.0, 4.999999999999999)	(68.0, 2.333333333333333)	(69.0, 2.333333333333333)	(70.0, 1.3333333333333333)	(71.0, 0.6666666666666666)	(72.0, 0.0)	(73.0, 0.0)	(74.0, 0.3333333333333333)	(75.0, 0.0)	(76.0, 0.0)	(77.0, 0.0)	(78.0, 0.0)	(79.0, 0.0)	(80.0, 0.0)	(81.0, 0.0)	(82.0, 0.0)	(83.0, 0.0)	(84.0, 0.0)	(85.0, 0.0)	(86.0, 0.0)	(87.0, 0.0)	(88.0, 0.0)	(89.0, 0.0)	(90.0, 0.0)	(91.0, 0.0)	(92.0, 0.0)	(93.0, 0.0)	(94.0, 0.0)	(95.0, 0.0)	(96.0, 0.0)	(97.0, 0.3333333333333333)	(98.0, 0.0)	(99.0, 0.0)	(100.0, 0.0)
SRR29920151_1	(0.0, 0.0)	(1.0, 0.0)	(2.0, 0.0)	(3.0, 0.0)	(4.0, 0.0)	(5.0, 0.0)	(6.0, 0.0)	(7.0, 0.0)	(8.0, 0.0)	(9.0, 0.0)	(10.0, 0.0)	(11.0, 0.0)	(12.0, 0.0)	(13.0, 0.0)	(14.0, 0.0)	(15.0, 0.0)	(16.0, 0.0)	(17.0, 0.0)	(18.0, 0.0)	(19.0, 0.0)	(20.0, 0.0)	(21.0, 0.0)	(22.0, 0.0)	(23.0, 0.0)	(24.0, 0.0)	(25.0, 0.0)	(26.0, 0.0)	(27.0, 0.0)	(28.0, 0.3333333333333333)	(29.0, 0.3333333333333333)	(30.0, 0.0)	(31.0, 0.0)	(32.0, 0.0)	(33.0, 0.0)	(34.0, 0.0)	(35.0, 0.0)	(36.0, 0.3333333333333333)	(37.0, 0.3333333333333333)	(38.0, 0.6666666666666666)	(39.0, 0.0)	(40.0, 0.0)	(41.0, 0.6666666666666666)	(42.0, 0.6666666666666666)	(43.0, 0.3333333333333333)	(44.0, 1.3333333333333333)	(45.0, 1.3333333333333333)	(46.0, 3.0)	(47.0, 21.333333333333325)	(48.0, 63.00000000000017)	(49.0, 86.99999999999984)	(50.0, 296.66666666666725)	(51.0, 1242.9999999999966)	(52.0, 5132.333333333136)	(53.0, 9378.999999999178)	(54.0, 6111.666666665578)	(55.0, 2098.33333333317)	(56.0, 1213.0000000000034)	(57.0, 563.3333333333275)	(58.0, 250.00000000000273)	(59.0, 50.66666666666675)	(60.0, 18.333333333333336)	(61.0, 10.0)	(62.0, 3.0)	(63.0, 1.6666666666666665)	(64.0, 1.6666666666666665)	(65.0, 2.333333333333333)	(66.0, 1.3333333333333333)	(67.0, 1.0)	(68.0, 0.3333333333333333)	(69.0, 0.6666666666666666)	(70.0, 0.3333333333333333)	(71.0, 0.6666666666666666)	(72.0, 0.3333333333333333)	(73.0, 0.0)	(74.0, 0.0)	(75.0, 0.0)	(76.0, 0.0)	(77.0, 0.0)	(78.0, 0.0)	(79.0, 0.0)	(80.0, 0.0)	(81.0, 0.0)	(82.0, 0.0)	(83.0, 0.0)	(84.0, 0.0)	(85.0, 0.0)	(86.0, 0.0)	(87.0, 0.0)	(88.0, 0.0)	(89.0, 0.0)	(90.0, 0.0)	(91.0, 0.0)	(92.0, 0.0)	(93.0, 0.0)	(94.0, 0.0)	(95.0, 0.0)	(96.0, 0.0)	(97.0, 0.0)	(98.0, 0.0)	(99.0, 0.0)	(100.0, 0.0)
SRR29920151_2	(0.0, 0.0)	(1.0, 0.0)	(2.0, 0.0)	(3.0, 0.0)	(4.0, 0.0)	(5.0, 0.0)	(6.0, 0.0)	(7.0, 0.0)	(8.0, 0.0)	(9.0, 0.0)	(10.0, 0.0)	(11.0, 0.0)	(12.0, 0.0)	(13.0, 0.0)	(14.0, 0.0)	(15.0, 0.0)	(16.0, 0.0)	(17.0, 0.0)	(18.0, 0.0)	(19.0, 0.0)	(20.0, 0.0)	(21.0, 0.0)	(22.0, 0.0)	(23.0, 0.0)	(24.0, 0.0)	(25.0, 0.0)	(26.0, 0.0)	(27.0, 0.0)	(28.0, 0.0)	(29.0, 0.0)	(30.0, 0.0)	(31.0, 0.0)	(32.0, 0.0)	(33.0, 0.0)	(34.0, 0.0)	(35.0, 0.0)	(36.0, 0.0)	(37.0, 0.0)	(38.0, 0.0)	(39.0, 0.0)	(40.0, 0.6666666666666666)	(41.0, 0.6666666666666666)	(42.0, 0.6666666666666666)	(43.0, 0.6666666666666666)	(44.0, 0.3333333333333333)	(45.0, 1.3333333333333333)	(46.0, 1.3333333333333333)	(47.0, 1.0)	(48.0, 3.3333333333333335)	(49.0, 17.000000000000007)	(50.0, 67.00000000000013)	(51.0, 179.0000000000007)	(52.0, 875.0000000000296)	(53.0, 1894.9999999998483)	(54.0, 5559.333333332747)	(55.0, 9170.333333332132)	(56.0, 4401.3333333338005)	(57.0, 1535.3333333332635)	(58.0, 1044.0000000000418)	(59.0, 512.666666666655)	(60.0, 411.99999999999403)	(61.0, 401.33333333332797)	(62.0, 338.33333333333155)	(63.0, 78.66666666666663)	(64.0, 27.333333333333304)	(65.0, 11.66666666666667)	(66.0, 5.333333333333332)	(67.0, 1.9999999999999998)	(68.0, 1.3333333333333333)	(69.0, 0.6666666666666666)	(70.0, 1.0)	(71.0, 1.6666666666666665)	(72.0, 0.3333333333333333)	(73.0, 0.3333333333333333)	(74.0, 0.3333333333333333)	(75.0, 0.6666666666666666)	(76.0, 0.6666666666666666)	(77.0, 0.3333333333333333)	(78.0, 0.3333333333333333)	(79.0, 0.0)	(80.0, 0.0)	(81.0, 0.0)	(82.0, 0.0)	(83.0, 0.0)	(84.0, 0.0)	(85.0, 0.3333333333333333)	(86.0, 0.3333333333333333)	(87.0, 0.0)	(88.0, 0.0)	(89.0, 0.0)	(90.0, 0.0)	(91.0, 0.0)	(92.0, 0.0)	(93.0, 0.0)	(94.0, 0.0)	(95.0, 0.0)	(96.0, 0.0)	(97.0, 0.0)	(98.0, 0.0)	(99.0, 0.6666666666666666)	(100.0, 0.5)
SRR29920152_1	(0.0, 0.0)	(1.0, 0.0)	(2.0, 0.0)	(3.0, 0.0)	(4.0, 0.0)	(5.0, 0.0)	(6.0, 0.0)	(7.0, 0.0)	(8.0, 0.0)	(9.0, 0.0)	(10.0, 0.0)	(11.0, 0.0)	(12.0, 0.0)	(13.0, 0.0)	(14.0, 0.0)	(15.0, 0.0)	(16.0, 0.0)	(17.0, 0.0)	(18.0, 0.0)	(19.0, 0.0)	(20.0, 0.0)	(21.0, 0.0)	(22.0, 0.0)	(23.0, 0.0)	(24.0, 0.0)	(25.0, 0.0)	(26.0, 0.0)	(27.0, 0.0)	(28.0, 0.0)	(29.0, 0.0)	(30.0, 0.0)	(31.0, 0.0)	(32.0, 0.0)	(33.0, 0.0)	(34.0, 0.0)	(35.0, 0.0)	(36.0, 0.0)	(37.0, 0.0)	(38.0, 0.6666666666666666)	(39.0, 0.3333333333333333)	(40.0, 0.3333333333333333)	(41.0, 0.0)	(42.0, 0.0)	(43.0, 0.0)	(44.0, 0.3333333333333333)	(45.0, 0.6666666666666666)	(46.0, 4.0)	(47.0, 20.999999999999993)	(48.0, 51.000000000000085)	(49.0, 116.33333333333276)	(50.0, 671.0000000000064)	(51.0, 2483.333333333345)	(52.0, 6386.666666665328)	(53.0, 6187.999999998842)	(54.0, 3690.0000000005602)	(55.0, 2549.333333333375)	(56.0, 1375.9999999999663)	(57.0, 349.3333333333309)	(58.0, 120.99999999999936)	(59.0, 43.333333333333364)	(60.0, 16.666666666666675)	(61.0, 7.9999999999999964)	(62.0, 4.999999999999999)	(63.0, 2.6666666666666665)	(64.0, 1.3333333333333333)	(65.0, 1.0)	(66.0, 0.6666666666666666)	(67.0, 0.6666666666666666)	(68.0, 0.0)	(69.0, 1.6666666666666665)	(70.0, 2.333333333333333)	(71.0, 0.0)	(72.0, 0.0)	(73.0, 0.0)	(74.0, 0.0)	(75.0, 0.0)	(76.0, 0.0)	(77.0, 0.0)	(78.0, 0.0)	(79.0, 0.0)	(80.0, 0.0)	(81.0, 0.0)	(82.0, 0.0)	(83.0, 0.0)	(84.0, 0.0)	(85.0, 0.0)	(86.0, 0.0)	(87.0, 0.0)	(88.0, 0.0)	(89.0, 0.0)	(90.0, 0.0)	(91.0, 0.0)	(92.0, 0.0)	(93.0, 0.0)	(94.0, 0.0)	(95.0, 0.0)	(96.0, 0.0)	(97.0, 0.0)	(98.0, 0.0)	(99.0, 0.0)	(100.0, 0.0)
SRR29920152_2	(0.0, 0.0)	(1.0, 0.0)	(2.0, 0.0)	(3.0, 0.0)	(4.0, 0.0)	(5.0, 0.0)	(6.0, 0.0)	(7.0, 0.0)	(8.0, 0.0)	(9.0, 0.0)	(10.0, 0.0)	(11.0, 0.0)	(12.0, 0.0)	(13.0, 0.0)	(14.0, 0.0)	(15.0, 0.0)	(16.0, 0.0)	(17.0, 0.0)	(18.0, 0.0)	(19.0, 0.0)	(20.0, 0.0)	(21.0, 0.0)	(22.0, 0.0)	(23.0, 0.0)	(24.0, 0.0)	(25.0, 0.0)	(26.0, 0.0)	(27.0, 0.0)	(28.0, 0.0)	(29.0, 0.0)	(30.0, 0.0)	(31.0, 0.0)	(32.0, 0.0)	(33.0, 0.0)	(34.0, 0.0)	(35.0, 0.0)	(36.0, 0.0)	(37.0, 0.0)	(38.0, 0.0)	(39.0, 0.0)	(40.0, 0.3333333333333333)	(41.0, 0.0)	(42.0, 0.0)	(43.0, 0.3333333333333333)	(44.0, 0.3333333333333333)	(45.0, 0.3333333333333333)	(46.0, 1.6666666666666665)	(47.0, 1.3333333333333333)	(48.0, 4.666666666666666)	(49.0, 19.999999999999996)	(50.0, 102.99999999999962)	(51.0, 245.66666666666927)	(52.0, 604.9999999999989)	(53.0, 2313.3333333332675)	(54.0, 6965.999999998135)	(55.0, 7248.666666664544)	(56.0, 3084.0000000002847)	(57.0, 1574.999999999921)	(58.0, 755.0000000000159)	(59.0, 314.3333333333329)	(60.0, 302.6666666666669)	(61.0, 274.0000000000019)	(62.0, 169.6666666666671)	(63.0, 43.333333333333364)	(64.0, 19.333333333333332)	(65.0, 13.666666666666673)	(66.0, 6.999999999999997)	(67.0, 4.333333333333333)	(68.0, 1.6666666666666665)	(69.0, 1.6666666666666665)	(70.0, 0.6666666666666666)	(71.0, 0.3333333333333333)	(72.0, 0.6666666666666666)	(73.0, 0.6666666666666666)	(74.0, 0.0)	(75.0, 0.6666666666666666)	(76.0, 0.6666666666666666)	(77.0, 0.0)	(78.0, 0.0)	(79.0, 0.0)	(80.0, 0.0)	(81.0, 0.0)	(82.0, 0.0)	(83.0, 0.0)	(84.0, 0.0)	(85.0, 0.0)	(86.0, 0.0)	(87.0, 0.0)	(88.0, 0.0)	(89.0, 0.0)	(90.0, 0.0)	(91.0, 0.0)	(92.0, 0.0)	(93.0, 0.0)	(94.0, 0.0)	(95.0, 0.0)	(96.0, 0.0)	(97.0, 0.0)	(98.0, 0.0)	(99.0, 0.0)	(100.0, 0.0)
SRR29920153_1	(0.0, 0.0)	(1.0, 0.0)	(2.0, 0.0)	(3.0, 0.0)	(4.0, 0.0)	(5.0, 0.0)	(6.0, 0.0)	(7.0, 0.0)	(8.0, 0.0)	(9.0, 0.0)	(10.0, 0.0)	(11.0, 0.0)	(12.0, 0.0)	(13.0, 0.0)	(14.0, 0.0)	(15.0, 0.0)	(16.0, 0.0)	(17.0, 0.0)	(18.0, 0.0)	(19.0, 0.0)	(20.0, 0.0)	(21.0, 0.0)	(22.0, 0.0)	(23.0, 0.0)	(24.0, 0.0)	(25.0, 0.0)	(26.0, 0.0)	(27.0, 0.0)	(28.0, 0.0)	(29.0, 0.0)	(30.0, 0.0)	(31.0, 0.0)	(32.0, 0.0)	(33.0, 0.0)	(34.0, 0.0)	(35.0, 0.0)	(36.0, 0.0)	(37.0, 0.0)	(38.0, 0.3333333333333333)	(39.0, 0.3333333333333333)	(40.0, 0.6666666666666666)	(41.0, 1.0)	(42.0, 0.6666666666666666)	(43.0, 0.6666666666666666)	(44.0, 0.3333333333333333)	(45.0, 0.3333333333333333)	(46.0, 2.6666666666666665)	(47.0, 10.333333333333334)	(48.0, 12.000000000000004)	(49.0, 166.33333333333368)	(50.0, 877.6666666666965)	(51.0, 1560.3333333332578)	(52.0, 3293.0000000003797)	(53.0, 8132.333333330407)	(54.0, 6250.999999998785)	(55.0, 2023.999999999819)	(56.0, 497.3333333333225)	(57.0, 265.0000000000024)	(58.0, 233.00000000000225)	(59.0, 56.66666666666679)	(60.0, 9.333333333333332)	(61.0, 5.999999999999998)	(62.0, 3.3333333333333335)	(63.0, 1.3333333333333333)	(64.0, 1.9999999999999998)	(65.0, 3.0)	(66.0, 1.0)	(67.0, 0.3333333333333333)	(68.0, 0.3333333333333333)	(69.0, 1.0)	(70.0, 1.0)	(71.0, 0.3333333333333333)	(72.0, 0.3333333333333333)	(73.0, 0.3333333333333333)	(74.0, 0.0)	(75.0, 0.0)	(76.0, 0.0)	(77.0, 0.0)	(78.0, 0.0)	(79.0, 0.0)	(80.0, 0.0)	(81.0, 0.0)	(82.0, 0.0)	(83.0, 0.0)	(84.0, 0.0)	(85.0, 0.0)	(86.0, 0.0)	(87.0, 0.0)	(88.0, 0.0)	(89.0, 0.0)	(90.0, 0.0)	(91.0, 0.0)	(92.0, 0.0)	(93.0, 0.0)	(94.0, 0.0)	(95.0, 0.0)	(96.0, 0.0)	(97.0, 0.0)	(98.0, 0.0)	(99.0, 0.0)	(100.0, 0.0)
SRR29920153_2	(0.0, 0.0)	(1.0, 0.0)	(2.0, 0.0)	(3.0, 0.0)	(4.0, 0.0)	(5.0, 0.0)	(6.0, 0.0)	(7.0, 0.0)	(8.0, 0.0)	(9.0, 0.0)	(10.0, 0.0)	(11.0, 0.0)	(12.0, 0.0)	(13.0, 0.0)	(14.0, 0.0)	(15.0, 0.0)	(16.0, 0.0)	(17.0, 0.0)	(18.0, 0.0)	(19.0, 0.0)	(20.0, 0.0)	(21.0, 0.0)	(22.0, 0.0)	(23.0, 0.0)	(24.0, 0.0)	(25.0, 0.0)	(26.0, 0.0)	(27.0, 0.0)	(28.0, 0.0)	(29.0, 0.0)	(30.0, 0.0)	(31.0, 0.0)	(32.0, 0.0)	(33.0, 0.0)	(34.0, 0.0)	(35.0, 0.0)	(36.0, 0.0)	(37.0, 0.0)	(38.0, 0.3333333333333333)	(39.0, 0.0)	(40.0, 0.0)	(41.0, 0.0)	(42.0, 0.0)	(43.0, 0.3333333333333333)	(44.0, 0.6666666666666666)	(45.0, 1.0)	(46.0, 0.3333333333333333)	(47.0, 1.3333333333333333)	(48.0, 1.9999999999999998)	(49.0, 11.333333333333336)	(50.0, 38.33333333333333)	(51.0, 98.99999999999967)	(52.0, 273.33333333333525)	(53.0, 1137.0000000000207)	(54.0, 4048.3333333340565)	(55.0, 7762.99999999741)	(56.0, 5126.333333333141)	(57.0, 2180.6666666665406)	(58.0, 1383.9999999999645)	(59.0, 443.6666666666589)	(60.0, 387.6666666666621)	(61.0, 251.00000000000276)	(62.0, 130.666666666666)	(63.0, 45.666666666666714)	(64.0, 18.000000000000004)	(65.0, 13.000000000000005)	(66.0, 7.33333333333333)	(67.0, 4.666666666666666)	(68.0, 3.3333333333333335)	(69.0, 2.6666666666666665)	(70.0, 1.6666666666666665)	(71.0, 1.3333333333333333)	(72.0, 0.3333333333333333)	(73.0, 1.0)	(74.0, 0.6666666666666666)	(75.0, 0.6666666666666666)	(76.0, 0.6666666666666666)	(77.0, 0.3333333333333333)	(78.0, 0.0)	(79.0, 0.0)	(80.0, 0.0)	(81.0, 0.0)	(82.0, 0.0)	(83.0, 0.3333333333333333)	(84.0, 0.3333333333333333)	(85.0, 0.0)	(86.0, 0.0)	(87.0, 0.0)	(88.0, 0.0)	(89.0, 0.0)	(90.0, 0.0)	(91.0, 0.0)	(92.0, 0.0)	(93.0, 0.0)	(94.0, 0.0)	(95.0, 0.0)	(96.0, 0.0)	(97.0, 0.0)	(98.0, 0.0)	(99.0, 0.0)	(100.0, 0.0)
SRR29920154_1	(0.0, 0.0)	(1.0, 0.0)	(2.0, 0.0)	(3.0, 0.0)	(4.0, 0.0)	(5.0, 0.0)	(6.0, 0.0)	(7.0, 0.0)	(8.0, 0.0)	(9.0, 0.0)	(10.0, 0.0)	(11.0, 0.0)	(12.0, 0.0)	(13.0, 0.0)	(14.0, 0.0)	(15.0, 0.0)	(16.0, 0.0)	(17.0, 0.0)	(18.0, 0.0)	(19.0, 0.0)	(20.0, 0.0)	(21.0, 0.0)	(22.0, 0.0)	(23.0, 0.0)	(24.0, 0.0)	(25.0, 0.0)	(26.0, 0.0)	(27.0, 0.0)	(28.0, 0.0)	(29.0, 0.0)	(30.0, 0.0)	(31.0, 0.0)	(32.0, 0.0)	(33.0, 0.0)	(34.0, 0.0)	(35.0, 0.0)	(36.0, 0.0)	(37.0, 0.3333333333333333)	(38.0, 0.0)	(39.0, 0.3333333333333333)	(40.0, 0.6666666666666666)	(41.0, 0.0)	(42.0, 0.3333333333333333)	(43.0, 1.0)	(44.0, 0.6666666666666666)	(45.0, 0.0)	(46.0, 0.0)	(47.0, 1.3333333333333333)	(48.0, 15.000000000000009)	(49.0, 66.6666666666668)	(50.0, 336.666666666665)	(51.0, 1257.66666666666)	(52.0, 6397.999999998651)	(53.0, 13869.333333340679)	(54.0, 6874.666666664884)	(55.0, 1269.9999999999905)	(56.0, 536.3333333333244)	(57.0, 465.66666666665765)	(58.0, 404.99999999999443)	(59.0, 114.99999999999945)	(60.0, 38.33333333333333)	(61.0, 14.666666666666675)	(62.0, 8.666666666666664)	(63.0, 2.6666666666666665)	(64.0, 0.6666666666666666)	(65.0, 0.0)	(66.0, 0.3333333333333333)	(67.0, 0.6666666666666666)	(68.0, 0.6666666666666666)	(69.0, 1.0)	(70.0, 1.9999999999999998)	(71.0, 0.3333333333333333)	(72.0, 0.0)	(73.0, 0.0)	(74.0, 0.3333333333333333)	(75.0, 0.3333333333333333)	(76.0, 0.0)	(77.0, 0.0)	(78.0, 0.0)	(79.0, 0.0)	(80.0, 0.0)	(81.0, 0.0)	(82.0, 0.0)	(83.0, 0.0)	(84.0, 0.0)	(85.0, 0.0)	(86.0, 0.0)	(87.0, 0.0)	(88.0, 0.0)	(89.0, 0.0)	(90.0, 0.0)	(91.0, 0.0)	(92.0, 0.0)	(93.0, 0.0)	(94.0, 0.0)	(95.0, 0.0)	(96.0, 0.0)	(97.0, 0.0)	(98.0, 0.0)	(99.0, 0.0)	(100.0, 0.0)
SRR29920154_2	(0.0, 0.0)	(1.0, 0.0)	(2.0, 0.0)	(3.0, 0.0)	(4.0, 0.0)	(5.0, 0.0)	(6.0, 0.0)	(7.0, 0.0)	(8.0, 0.0)	(9.0, 0.0)	(10.0, 0.0)	(11.0, 0.0)	(12.0, 0.0)	(13.0, 0.0)	(14.0, 0.0)	(15.0, 0.0)	(16.0, 0.0)	(17.0, 0.0)	(18.0, 0.0)	(19.0, 0.0)	(20.0, 0.0)	(21.0, 0.0)	(22.0, 0.0)	(23.0, 0.0)	(24.0, 0.0)	(25.0, 0.0)	(26.0, 0.0)	(27.0, 0.0)	(28.0, 0.0)	(29.0, 0.0)	(30.0, 0.0)	(31.0, 0.0)	(32.0, 0.0)	(33.0, 0.0)	(34.0, 0.0)	(35.0, 0.0)	(36.0, 0.0)	(37.0, 0.0)	(38.0, 0.0)	(39.0, 0.0)	(40.0, 0.6666666666666666)	(41.0, 1.0)	(42.0, 1.0)	(43.0, 2.333333333333333)	(44.0, 2.333333333333333)	(45.0, 1.0)	(46.0, 1.6666666666666665)	(47.0, 2.6666666666666665)	(48.0, 7.33333333333333)	(49.0, 21.333333333333325)	(50.0, 87.33333333333317)	(51.0, 1088.6666666666983)	(52.0, 6463.999999998591)	(53.0, 7356.666666664446)	(54.0, 5076.999999999853)	(55.0, 6841.333333331581)	(56.0, 2640.6666666667497)	(57.0, 470.9999999999907)	(58.0, 229.33333333333547)	(59.0, 224.000000000002)	(60.0, 359.33333333333036)	(61.0, 345.33333333333115)	(62.0, 229.66666666666882)	(63.0, 53.333333333333435)	(64.0, 21.333333333333325)	(65.0, 12.666666666666671)	(66.0, 7.666666666666663)	(67.0, 3.666666666666667)	(68.0, 3.666666666666667)	(69.0, 2.333333333333333)	(70.0, 2.6666666666666665)	(71.0, 1.3333333333333333)	(72.0, 1.6666666666666665)	(73.0, 0.6666666666666666)	(74.0, 0.6666666666666666)	(75.0, 0.6666666666666666)	(76.0, 0.3333333333333333)	(77.0, 1.0)	(78.0, 0.3333333333333333)	(79.0, 0.3333333333333333)	(80.0, 0.6666666666666666)	(81.0, 0.3333333333333333)	(82.0, 0.0)	(83.0, 0.0)	(84.0, 0.0)	(85.0, 0.0)	(86.0, 0.0)	(87.0, 0.0)	(88.0, 0.0)	(89.0, 0.0)	(90.0, 0.0)	(91.0, 0.0)	(92.0, 0.0)	(93.0, 0.0)	(94.0, 0.0)	(95.0, 0.0)	(96.0, 0.0)	(97.0, 0.0)	(98.0, 0.0)	(99.0, 0.3333333333333333)	(100.0, 0.5)
SRR29920155_1	(0.0, 0.0)	(1.0, 0.0)	(2.0, 0.0)	(3.0, 0.0)	(4.0, 0.0)	(5.0, 0.0)	(6.0, 0.0)	(7.0, 0.0)	(8.0, 0.0)	(9.0, 0.0)	(10.0, 0.0)	(11.0, 0.0)	(12.0, 0.0)	(13.0, 0.0)	(14.0, 0.0)	(15.0, 0.0)	(16.0, 0.0)	(17.0, 0.0)	(18.0, 0.0)	(19.0, 0.0)	(20.0, 0.0)	(21.0, 0.0)	(22.0, 0.0)	(23.0, 0.0)	(24.0, 0.0)	(25.0, 0.3333333333333333)	(26.0, 0.3333333333333333)	(27.0, 0.0)	(28.0, 0.0)	(29.0, 0.0)	(30.0, 0.0)	(31.0, 0.0)	(32.0, 0.0)	(33.0, 0.0)	(34.0, 0.0)	(35.0, 0.0)	(36.0, 0.0)	(37.0, 0.3333333333333333)	(38.0, 1.0)	(39.0, 0.0)	(40.0, 0.3333333333333333)	(41.0, 0.6666666666666666)	(42.0, 0.6666666666666666)	(43.0, 0.3333333333333333)	(44.0, 0.3333333333333333)	(45.0, 0.3333333333333333)	(46.0, 0.3333333333333333)	(47.0, 3.0)	(48.0, 23.999999999999982)	(49.0, 159.00000000000014)	(50.0, 1098.666666666696)	(51.0, 2304.3333333332635)	(52.0, 4198.000000000652)	(53.0, 13803.333333340559)	(54.0, 10317.000000000884)	(55.0, 1701.666666666559)	(56.0, 439.6666666666591)	(57.0, 248.66666666666936)	(58.0, 139.66666666666626)	(59.0, 47.00000000000006)	(60.0, 25.33333333333331)	(61.0, 11.333333333333336)	(62.0, 5.999999999999998)	(63.0, 4.333333333333333)	(64.0, 0.6666666666666666)	(65.0, 1.3333333333333333)	(66.0, 1.3333333333333333)	(67.0, 0.3333333333333333)	(68.0, 1.6666666666666665)	(69.0, 1.6666666666666665)	(70.0, 1.3333333333333333)	(71.0, 1.0)	(72.0, 0.6666666666666666)	(73.0, 0.3333333333333333)	(74.0, 0.0)	(75.0, 0.0)	(76.0, 0.0)	(77.0, 0.0)	(78.0, 0.0)	(79.0, 0.0)	(80.0, 0.0)	(81.0, 0.0)	(82.0, 0.0)	(83.0, 0.0)	(84.0, 0.0)	(85.0, 0.0)	(86.0, 0.0)	(87.0, 0.0)	(88.0, 0.0)	(89.0, 0.0)	(90.0, 0.0)	(91.0, 0.0)	(92.0, 0.0)	(93.0, 0.0)	(94.0, 0.0)	(95.0, 0.0)	(96.0, 0.0)	(97.0, 0.0)	(98.0, 0.0)	(99.0, 0.0)	(100.0, 0.0)
SRR29920155_2	(0.0, 0.0)	(1.0, 0.0)	(2.0, 0.0)	(3.0, 0.0)	(4.0, 0.0)	(5.0, 0.0)	(6.0, 0.0)	(7.0, 0.0)	(8.0, 0.0)	(9.0, 0.0)	(10.0, 0.0)	(11.0, 0.0)	(12.0, 0.0)	(13.0, 0.0)	(14.0, 0.0)	(15.0, 0.0)	(16.0, 0.0)	(17.0, 0.0)	(18.0, 0.0)	(19.0, 0.0)	(20.0, 0.0)	(21.0, 0.0)	(22.0, 0.0)	(23.0, 0.0)	(24.0, 0.0)	(25.0, 0.0)	(26.0, 0.0)	(27.0, 0.0)	(28.0, 0.0)	(29.0, 0.0)	(30.0, 0.0)	(31.0, 0.0)	(32.0, 0.0)	(33.0, 0.0)	(34.0, 0.0)	(35.0, 0.0)	(36.0, 0.0)	(37.0, 0.3333333333333333)	(38.0, 0.3333333333333333)	(39.0, 0.0)	(40.0, 0.3333333333333333)	(41.0, 0.3333333333333333)	(42.0, 0.0)	(43.0, 0.0)	(44.0, 1.3333333333333333)	(45.0, 1.6666666666666665)	(46.0, 0.6666666666666666)	(47.0, 3.3333333333333335)	(48.0, 4.0)	(49.0, 7.9999999999999964)	(50.0, 24.99999999999998)	(51.0, 218.00000000000182)	(52.0, 1139.0000000000202)	(53.0, 2556.0000000000446)	(54.0, 6725.333333331687)	(55.0, 12701.333333338554)	(56.0, 6983.666666664785)	(57.0, 1394.3333333332955)	(58.0, 709.0000000000107)	(59.0, 497.3333333333225)	(60.0, 692.0000000000088)	(61.0, 592.6666666666641)	(62.0, 201.00000000000134)	(63.0, 64.00000000000017)	(64.0, 32.66666666666662)	(65.0, 16.333333333333343)	(66.0, 7.666666666666663)	(67.0, 5.666666666666665)	(68.0, 4.333333333333333)	(69.0, 3.3333333333333335)	(70.0, 1.9999999999999998)	(71.0, 2.6666666666666665)	(72.0, 1.6666666666666665)	(73.0, 1.0)	(74.0, 0.6666666666666666)	(75.0, 0.3333333333333333)	(76.0, 0.6666666666666666)	(77.0, 0.0)	(78.0, 0.6666666666666666)	(79.0, 1.0)	(80.0, 0.0)	(81.0, 0.0)	(82.0, 0.0)	(83.0, 0.0)	(84.0, 0.0)	(85.0, 0.0)	(86.0, 0.0)	(87.0, 0.0)	(88.0, 0.0)	(89.0, 0.3333333333333333)	(90.0, 0.3333333333333333)	(91.0, 0.3333333333333333)	(92.0, 0.0)	(93.0, 0.0)	(94.0, 0.0)	(95.0, 0.0)	(96.0, 0.0)	(97.0, 0.0)	(98.0, 0.0)	(99.0, 0.3333333333333333)	(100.0, 0.5)
SRR29920156_1	(0.0, 0.0)	(1.0, 0.0)	(2.0, 0.0)	(3.0, 0.0)	(4.0, 0.0)	(5.0, 0.0)	(6.0, 0.0)	(7.0, 0.0)	(8.0, 0.0)	(9.0, 0.0)	(10.0, 0.0)	(11.0, 0.0)	(12.0, 0.0)	(13.0, 0.0)	(14.0, 0.0)	(15.0, 0.0)	(16.0, 0.0)	(17.0, 0.0)	(18.0, 0.0)	(19.0, 0.0)	(20.0, 0.0)	(21.0, 0.0)	(22.0, 0.0)	(23.0, 0.0)	(24.0, 0.0)	(25.0, 0.0)	(26.0, 0.0)	(27.0, 0.0)	(28.0, 0.0)	(29.0, 0.0)	(30.0, 0.0)	(31.0, 0.0)	(32.0, 0.0)	(33.0, 0.0)	(34.0, 0.0)	(35.0, 0.0)	(36.0, 0.6666666666666666)	(37.0, 1.0)	(38.0, 0.6666666666666666)	(39.0, 0.0)	(40.0, 0.0)	(41.0, 0.3333333333333333)	(42.0, 0.3333333333333333)	(43.0, 0.3333333333333333)	(44.0, 0.6666666666666666)	(45.0, 0.3333333333333333)	(46.0, 0.6666666666666666)	(47.0, 5.999999999999998)	(48.0, 58.666666666666806)	(49.0, 574.3333333333287)	(50.0, 2530.6666666666997)	(51.0, 5316.333333332968)	(52.0, 8220.999999997071)	(53.0, 9592.3333333329)	(54.0, 6144.666666665548)	(55.0, 1608.9999999999134)	(56.0, 1068.3333333333696)	(57.0, 874.6666666666962)	(58.0, 822.6666666666903)	(59.0, 233.00000000000225)	(60.0, 76.0)	(61.0, 29.66666666666663)	(62.0, 10.666666666666668)	(63.0, 3.0)	(64.0, 1.3333333333333333)	(65.0, 3.666666666666667)	(66.0, 1.0)	(67.0, 0.3333333333333333)	(68.0, 0.3333333333333333)	(69.0, 2.6666666666666665)	(70.0, 2.333333333333333)	(71.0, 0.6666666666666666)	(72.0, 0.6666666666666666)	(73.0, 0.6666666666666666)	(74.0, 0.0)	(75.0, 0.0)	(76.0, 0.0)	(77.0, 0.0)	(78.0, 0.0)	(79.0, 0.0)	(80.0, 0.0)	(81.0, 0.0)	(82.0, 0.0)	(83.0, 0.0)	(84.0, 0.0)	(85.0, 0.0)	(86.0, 0.0)	(87.0, 0.0)	(88.0, 0.0)	(89.0, 0.0)	(90.0, 0.0)	(91.0, 0.0)	(92.0, 0.0)	(93.0, 0.0)	(94.0, 0.0)	(95.0, 0.0)	(96.0, 0.0)	(97.0, 0.0)	(98.0, 0.0)	(99.0, 0.0)	(100.0, 0.0)
SRR29920156_2	(0.0, 0.0)	(1.0, 0.0)	(2.0, 0.0)	(3.0, 0.0)	(4.0, 0.0)	(5.0, 0.0)	(6.0, 0.0)	(7.0, 0.0)	(8.0, 0.0)	(9.0, 0.0)	(10.0, 0.0)	(11.0, 0.0)	(12.0, 0.0)	(13.0, 0.0)	(14.0, 0.0)	(15.0, 0.0)	(16.0, 0.0)	(17.0, 0.0)	(18.0, 0.0)	(19.0, 0.0)	(20.0, 0.0)	(21.0, 0.0)	(22.0, 0.0)	(23.0, 0.0)	(24.0, 0.0)	(25.0, 0.0)	(26.0, 0.0)	(27.0, 0.0)	(28.0, 0.0)	(29.0, 0.0)	(30.0, 0.0)	(31.0, 0.0)	(32.0, 0.0)	(33.0, 0.0)	(34.0, 0.0)	(35.0, 0.0)	(36.0, 0.0)	(37.0, 0.0)	(38.0, 0.0)	(39.0, 0.0)	(40.0, 0.3333333333333333)	(41.0, 0.0)	(42.0, 0.0)	(43.0, 0.0)	(44.0, 0.0)	(45.0, 0.6666666666666666)	(46.0, 0.6666666666666666)	(47.0, 1.0)	(48.0, 4.666666666666666)	(49.0, 28.666666666666632)	(50.0, 169.00000000000043)	(51.0, 557.6666666666601)	(52.0, 3152.0000000003156)	(53.0, 6930.9999999981665)	(54.0, 7837.3333333306755)	(55.0, 9751.333333333188)	(56.0, 3930.0000000006694)	(57.0, 1148.0000000000182)	(58.0, 745.0000000000148)	(59.0, 582.666666666663)	(60.0, 1065.000000000037)	(61.0, 791.6666666666868)	(62.0, 303.33333333333354)	(63.0, 93.66666666666642)	(64.0, 50.00000000000008)	(65.0, 24.99999999999998)	(66.0, 13.33333333333334)	(67.0, 9.333333333333332)	(68.0, 5.333333333333332)	(69.0, 3.666666666666667)	(70.0, 3.666666666666667)	(71.0, 3.0)	(72.0, 1.3333333333333333)	(73.0, 0.3333333333333333)	(74.0, 1.3333333333333333)	(75.0, 0.6666666666666666)	(76.0, 0.3333333333333333)	(77.0, 1.0)	(78.0, 0.3333333333333333)	(79.0, 0.3333333333333333)	(80.0, 0.0)	(81.0, 0.3333333333333333)	(82.0, 0.6666666666666666)	(83.0, 0.6666666666666666)	(84.0, 0.0)	(85.0, 0.0)	(86.0, 0.0)	(87.0, 0.0)	(88.0, 0.0)	(89.0, 0.0)	(90.0, 0.0)	(91.0, 0.0)	(92.0, 0.0)	(93.0, 0.0)	(94.0, 0.0)	(95.0, 0.0)	(96.0, 0.0)	(97.0, 0.0)	(98.0, 0.0)	(99.0, 0.6666666666666666)	(100.0, 0.5)
SRR29920157_1	(0.0, 0.0)	(1.0, 0.0)	(2.0, 0.0)	(3.0, 0.0)	(4.0, 0.0)	(5.0, 0.0)	(6.0, 0.0)	(7.0, 0.0)	(8.0, 0.0)	(9.0, 0.0)	(10.0, 0.0)	(11.0, 0.0)	(12.0, 0.0)	(13.0, 0.0)	(14.0, 0.0)	(15.0, 0.0)	(16.0, 0.0)	(17.0, 0.0)	(18.0, 0.0)	(19.0, 0.0)	(20.0, 0.0)	(21.0, 0.0)	(22.0, 0.0)	(23.0, 0.0)	(24.0, 0.0)	(25.0, 0.0)	(26.0, 0.0)	(27.0, 0.0)	(28.0, 0.0)	(29.0, 0.0)	(30.0, 0.0)	(31.0, 0.0)	(32.0, 0.0)	(33.0, 0.0)	(34.0, 0.3333333333333333)	(35.0, 0.6666666666666666)	(36.0, 1.0)	(37.0, 0.0)	(38.0, 1.0)	(39.0, 0.3333333333333333)	(40.0, 0.0)	(41.0, 0.0)	(42.0, 0.0)	(43.0, 0.0)	(44.0, 0.6666666666666666)	(45.0, 0.6666666666666666)	(46.0, 0.0)	(47.0, 1.0)	(48.0, 15.666666666666677)	(49.0, 65.00000000000016)	(50.0, 321.99999999999915)	(51.0, 1069.3333333333694)	(52.0, 3930.6666666673364)	(53.0, 13852.333333340648)	(54.0, 9635.333333332977)	(55.0, 1293.3333333333185)	(56.0, 491.9999999999895)	(57.0, 627.6666666666681)	(58.0, 647.0000000000036)	(59.0, 194.33333333333448)	(60.0, 74.33333333333336)	(61.0, 29.333333333333297)	(62.0, 7.666666666666663)	(63.0, 3.0)	(64.0, 2.6666666666666665)	(65.0, 1.6666666666666665)	(66.0, 2.333333333333333)	(67.0, 0.6666666666666666)	(68.0, 0.0)	(69.0, 1.0)	(70.0, 1.0)	(71.0, 0.0)	(72.0, 0.0)	(73.0, 0.0)	(74.0, 0.0)	(75.0, 0.0)	(76.0, 0.0)	(77.0, 0.0)	(78.0, 0.0)	(79.0, 0.0)	(80.0, 0.0)	(81.0, 0.0)	(82.0, 0.0)	(83.0, 0.0)	(84.0, 0.0)	(85.0, 0.0)	(86.0, 0.0)	(87.0, 0.0)	(88.0, 0.0)	(89.0, 0.0)	(90.0, 0.0)	(91.0, 0.0)	(92.0, 0.0)	(93.0, 0.0)	(94.0, 0.0)	(95.0, 0.0)	(96.0, 0.0)	(97.0, 0.0)	(98.0, 0.0)	(99.0, 0.0)	(100.0, 0.0)
SRR29920157_2	(0.0, 0.0)	(1.0, 0.0)	(2.0, 0.0)	(3.0, 0.0)	(4.0, 0.0)	(5.0, 0.0)	(6.0, 0.0)	(7.0, 0.0)	(8.0, 0.0)	(9.0, 0.0)	(10.0, 0.0)	(11.0, 0.0)	(12.0, 0.0)	(13.0, 0.0)	(14.0, 0.0)	(15.0, 0.0)	(16.0, 0.0)	(17.0, 0.0)	(18.0, 0.0)	(19.0, 0.0)	(20.0, 0.0)	(21.0, 0.0)	(22.0, 0.0)	(23.0, 0.0)	(24.0, 0.0)	(25.0, 0.0)	(26.0, 0.0)	(27.0, 0.0)	(28.0, 0.0)	(29.0, 0.0)	(30.0, 0.0)	(31.0, 0.0)	(32.0, 0.3333333333333333)	(33.0, 0.3333333333333333)	(34.0, 0.0)	(35.0, 0.0)	(36.0, 0.0)	(37.0, 0.3333333333333333)	(38.0, 0.3333333333333333)	(39.0, 0.0)	(40.0, 0.0)	(41.0, 0.0)	(42.0, 0.3333333333333333)	(43.0, 0.3333333333333333)	(44.0, 0.0)	(45.0, 1.0)	(46.0, 0.6666666666666666)	(47.0, 0.6666666666666666)	(48.0, 1.6666666666666665)	(49.0, 7.33333333333333)	(50.0, 44.66666666666671)	(51.0, 209.00000000000156)	(52.0, 1121.0000000000243)	(53.0, 2296.6666666665933)	(54.0, 6703.999999998373)	(55.0, 13655.666666673624)	(56.0, 5339.333333332947)	(57.0, 737.6666666666806)	(58.0, 360.99999999999693)	(59.0, 378.3333333333293)	(60.0, 668.6666666666728)	(61.0, 474.3333333333238)	(62.0, 213.00000000000168)	(63.0, 70.00000000000009)	(64.0, 35.33333333333331)	(65.0, 19.0)	(66.0, 13.33333333333334)	(67.0, 10.0)	(68.0, 4.999999999999999)	(69.0, 4.0)	(70.0, 3.666666666666667)	(71.0, 1.0)	(72.0, 0.3333333333333333)	(73.0, 0.6666666666666666)	(74.0, 0.3333333333333333)	(75.0, 0.0)	(76.0, 0.0)	(77.0, 0.0)	(78.0, 0.0)	(79.0, 0.0)	(80.0, 0.0)	(81.0, 0.0)	(82.0, 0.0)	(83.0, 0.0)	(84.0, 0.0)	(85.0, 0.0)	(86.0, 0.0)	(87.0, 0.0)	(88.0, 0.0)	(89.0, 0.0)	(90.0, 0.0)	(91.0, 0.0)	(92.0, 0.0)	(93.0, 0.0)	(94.0, 0.0)	(95.0, 0.0)	(96.0, 0.0)	(97.0, 0.0)	(98.0, 0.3333333333333333)	(99.0, 0.3333333333333333)	(100.0, 0.0)
SRR29920158_1	(0.0, 0.0)	(1.0, 0.0)	(2.0, 0.0)	(3.0, 0.0)	(4.0, 0.0)	(5.0, 0.0)	(6.0, 0.0)	(7.0, 0.0)	(8.0, 0.0)	(9.0, 0.0)	(10.0, 0.0)	(11.0, 0.0)	(12.0, 0.0)	(13.0, 0.0)	(14.0, 0.0)	(15.0, 0.0)	(16.0, 0.0)	(17.0, 0.0)	(18.0, 0.0)	(19.0, 0.0)	(20.0, 0.0)	(21.0, 0.0)	(22.0, 0.0)	(23.0, 0.0)	(24.0, 0.0)	(25.0, 0.0)	(26.0, 0.0)	(27.0, 0.0)	(28.0, 0.0)	(29.0, 0.0)	(30.0, 0.0)	(31.0, 0.0)	(32.0, 0.3333333333333333)	(33.0, 0.3333333333333333)	(34.0, 0.0)	(35.0, 0.0)	(36.0, 0.3333333333333333)	(37.0, 0.3333333333333333)	(38.0, 0.3333333333333333)	(39.0, 0.0)	(40.0, 1.0)	(41.0, 1.0)	(42.0, 0.6666666666666666)	(43.0, 1.0)	(44.0, 0.6666666666666666)	(45.0, 0.6666666666666666)	(46.0, 1.0)	(47.0, 10.666666666666668)	(48.0, 72.00000000000006)	(49.0, 519.3333333333225)	(50.0, 3375.3333333337505)	(51.0, 6367.6666666653455)	(52.0, 7118.666666664662)	(53.0, 11946.666666670515)	(54.0, 6528.666666665199)	(55.0, 1083.6666666666995)	(56.0, 323.6666666666657)	(57.0, 307.3333333333333)	(58.0, 186.33333333333425)	(59.0, 39.66666666666667)	(60.0, 19.999999999999996)	(61.0, 10.666666666666668)	(62.0, 4.666666666666666)	(63.0, 4.333333333333333)	(64.0, 3.3333333333333335)	(65.0, 1.6666666666666665)	(66.0, 0.6666666666666666)	(67.0, 1.0)	(68.0, 1.9999999999999998)	(69.0, 1.6666666666666665)	(70.0, 1.0)	(71.0, 0.3333333333333333)	(72.0, 0.3333333333333333)	(73.0, 0.0)	(74.0, 0.0)	(75.0, 0.0)	(76.0, 0.0)	(77.0, 0.0)	(78.0, 0.0)	(79.0, 0.0)	(80.0, 0.0)	(81.0, 0.0)	(82.0, 0.0)	(83.0, 0.0)	(84.0, 0.0)	(85.0, 0.0)	(86.0, 0.0)	(87.0, 0.0)	(88.0, 0.0)	(89.0, 0.0)	(90.0, 0.0)	(91.0, 0.0)	(92.0, 0.0)	(93.0, 0.0)	(94.0, 0.0)	(95.0, 0.0)	(96.0, 0.0)	(97.0, 0.0)	(98.0, 0.0)	(99.0, 0.0)	(100.0, 0.0)
SRR29920158_2	(0.0, 0.0)	(1.0, 0.0)	(2.0, 0.0)	(3.0, 0.0)	(4.0, 0.0)	(5.0, 0.0)	(6.0, 0.0)	(7.0, 0.0)	(8.0, 0.0)	(9.0, 0.0)	(10.0, 0.0)	(11.0, 0.0)	(12.0, 0.0)	(13.0, 0.0)	(14.0, 0.0)	(15.0, 0.0)	(16.0, 0.0)	(17.0, 0.0)	(18.0, 0.0)	(19.0, 0.0)	(20.0, 0.0)	(21.0, 0.0)	(22.0, 0.0)	(23.0, 0.0)	(24.0, 0.0)	(25.0, 0.0)	(26.0, 0.0)	(27.0, 0.0)	(28.0, 0.0)	(29.0, 0.0)	(30.0, 0.0)	(31.0, 0.0)	(32.0, 0.0)	(33.0, 0.0)	(34.0, 0.0)	(35.0, 0.0)	(36.0, 0.0)	(37.0, 0.0)	(38.0, 0.0)	(39.0, 0.0)	(40.0, 0.3333333333333333)	(41.0, 0.0)	(42.0, 0.3333333333333333)	(43.0, 0.3333333333333333)	(44.0, 0.3333333333333333)	(45.0, 0.3333333333333333)	(46.0, 1.6666666666666665)	(47.0, 4.0)	(48.0, 9.333333333333332)	(49.0, 80.99999999999993)	(50.0, 445.6666666666588)	(51.0, 824.3333333333571)	(52.0, 2166.666666666534)	(53.0, 5119.3333333331475)	(54.0, 10910.333333335297)	(55.0, 11302.33333333601)	(56.0, 4221.000000000631)	(57.0, 1013.3333333333786)	(58.0, 507.33333333332195)	(59.0, 326.33333333333223)	(60.0, 395.6666666666616)	(61.0, 377.99999999999596)	(62.0, 208.66666666666822)	(63.0, 57.6666666666668)	(64.0, 22.999999999999986)	(65.0, 13.33333333333334)	(66.0, 5.999999999999998)	(67.0, 5.333333333333332)	(68.0, 4.333333333333333)	(69.0, 1.0)	(70.0, 1.0)	(71.0, 0.3333333333333333)	(72.0, 0.0)	(73.0, 0.6666666666666666)	(74.0, 1.3333333333333333)	(75.0, 0.6666666666666666)	(76.0, 0.0)	(77.0, 1.0)	(78.0, 1.0)	(79.0, 0.6666666666666666)	(80.0, 1.0)	(81.0, 0.0)	(82.0, 0.0)	(83.0, 0.0)	(84.0, 0.3333333333333333)	(85.0, 0.3333333333333333)	(86.0, 0.0)	(87.0, 0.3333333333333333)	(88.0, 0.3333333333333333)	(89.0, 0.3333333333333333)	(90.0, 0.3333333333333333)	(91.0, 0.0)	(92.0, 0.0)	(93.0, 0.0)	(94.0, 0.0)	(95.0, 0.0)	(96.0, 0.0)	(97.0, 0.0)	(98.0, 0.0)	(99.0, 0.0)	(100.0, 0.0)
SRR29920159_1	(0.0, 0.0)	(1.0, 0.0)	(2.0, 0.0)	(3.0, 0.0)	(4.0, 0.0)	(5.0, 0.0)	(6.0, 0.0)	(7.0, 0.0)	(8.0, 0.0)	(9.0, 0.0)	(10.0, 0.0)	(11.0, 0.0)	(12.0, 0.0)	(13.0, 0.0)	(14.0, 0.0)	(15.0, 0.0)	(16.0, 0.0)	(17.0, 0.0)	(18.0, 0.0)	(19.0, 0.0)	(20.0, 0.0)	(21.0, 0.0)	(22.0, 0.0)	(23.0, 0.0)	(24.0, 0.0)	(25.0, 0.0)	(26.0, 0.0)	(27.0, 0.0)	(28.0, 0.0)	(29.0, 0.0)	(30.0, 0.0)	(31.0, 0.0)	(32.0, 0.0)	(33.0, 0.0)	(34.0, 0.0)	(35.0, 0.0)	(36.0, 0.0)	(37.0, 0.0)	(38.0, 0.0)	(39.0, 0.0)	(40.0, 0.3333333333333333)	(41.0, 0.3333333333333333)	(42.0, 0.0)	(43.0, 0.0)	(44.0, 0.6666666666666666)	(45.0, 0.6666666666666666)	(46.0, 7.9999999999999964)	(47.0, 58.33333333333347)	(48.0, 142.9999999999997)	(49.0, 200.33333333333465)	(50.0, 860.3333333333612)	(51.0, 2739.3333333334613)	(52.0, 7175.999999997944)	(53.0, 5443.666666666186)	(54.0, 1693.999999999894)	(55.0, 2717.000000000118)	(56.0, 2610.3333333334026)	(57.0, 583.3333333333297)	(58.0, 132.33333333333272)	(59.0, 49.66666666666674)	(60.0, 22.33333333333332)	(61.0, 6.999999999999997)	(62.0, 1.9999999999999998)	(63.0, 1.6666666666666665)	(64.0, 2.6666666666666665)	(65.0, 3.0)	(66.0, 1.0)	(67.0, 1.6666666666666665)	(68.0, 0.0)	(69.0, 1.3333333333333333)	(70.0, 2.333333333333333)	(71.0, 0.0)	(72.0, 0.0)	(73.0, 0.0)	(74.0, 0.0)	(75.0, 0.0)	(76.0, 0.0)	(77.0, 0.0)	(78.0, 0.0)	(79.0, 0.0)	(80.0, 0.0)	(81.0, 0.0)	(82.0, 0.0)	(83.0, 0.0)	(84.0, 0.0)	(85.0, 0.0)	(86.0, 0.0)	(87.0, 0.0)	(88.0, 0.0)	(89.0, 0.0)	(90.0, 0.0)	(91.0, 0.0)	(92.0, 0.0)	(93.0, 0.0)	(94.0, 0.0)	(95.0, 0.0)	(96.0, 0.0)	(97.0, 0.0)	(98.0, 0.0)	(99.0, 0.0)	(100.0, 0.0)
SRR29920159_2	(0.0, 0.0)	(1.0, 0.0)	(2.0, 0.0)	(3.0, 0.0)	(4.0, 0.0)	(5.0, 0.0)	(6.0, 0.0)	(7.0, 0.0)	(8.0, 0.0)	(9.0, 0.0)	(10.0, 0.0)	(11.0, 0.0)	(12.0, 0.0)	(13.0, 0.0)	(14.0, 0.0)	(15.0, 0.0)	(16.0, 0.0)	(17.0, 0.0)	(18.0, 0.0)	(19.0, 0.0)	(20.0, 0.0)	(21.0, 0.0)	(22.0, 0.0)	(23.0, 0.0)	(24.0, 0.0)	(25.0, 0.0)	(26.0, 0.0)	(27.0, 0.0)	(28.0, 0.0)	(29.0, 0.0)	(30.0, 0.0)	(31.0, 0.0)	(32.0, 0.0)	(33.0, 0.0)	(34.0, 0.0)	(35.0, 0.0)	(36.0, 0.0)	(37.0, 0.0)	(38.0, 0.0)	(39.0, 0.0)	(40.0, 0.0)	(41.0, 0.3333333333333333)	(42.0, 0.0)	(43.0, 0.0)	(44.0, 0.3333333333333333)	(45.0, 0.3333333333333333)	(46.0, 0.6666666666666666)	(47.0, 0.6666666666666666)	(48.0, 4.0)	(49.0, 27.333333333333304)	(50.0, 106.99999999999956)	(51.0, 345.33333333333115)	(52.0, 1798.9999999998702)	(53.0, 3990.33333333403)	(54.0, 7795.333333330714)	(55.0, 6577.9999999984875)	(56.0, 1784.66666666654)	(57.0, 759.3333333333497)	(58.0, 458.66666666665805)	(59.0, 287.66666666666777)	(60.0, 190.33333333333437)	(61.0, 139.66666666666626)	(62.0, 98.33333333333302)	(63.0, 19.333333333333332)	(64.0, 7.9999999999999964)	(65.0, 5.666666666666665)	(66.0, 3.3333333333333335)	(67.0, 2.6666666666666665)	(68.0, 1.9999999999999998)	(69.0, 1.6666666666666665)	(70.0, 0.6666666666666666)	(71.0, 1.0)	(72.0, 1.0)	(73.0, 0.3333333333333333)	(74.0, 0.0)	(75.0, 0.0)	(76.0, 0.3333333333333333)	(77.0, 0.0)	(78.0, 0.0)	(79.0, 0.0)	(80.0, 0.0)	(81.0, 0.0)	(82.0, 0.0)	(83.0, 0.0)	(84.0, 0.3333333333333333)	(85.0, 0.3333333333333333)	(86.0, 0.0)	(87.0, 0.0)	(88.0, 0.0)	(89.0, 0.0)	(90.0, 0.0)	(91.0, 0.0)	(92.0, 0.0)	(93.0, 0.0)	(94.0, 0.0)	(95.0, 0.0)	(96.0, 0.0)	(97.0, 0.0)	(98.0, 0.0)	(99.0, 0.0)	(100.0, 0.0)
SRR29920160_1	(0.0, 0.0)	(1.0, 0.0)	(2.0, 0.0)	(3.0, 0.0)	(4.0, 0.0)	(5.0, 0.0)	(6.0, 0.0)	(7.0, 0.0)	(8.0, 0.0)	(9.0, 0.0)	(10.0, 0.0)	(11.0, 0.0)	(12.0, 0.0)	(13.0, 0.0)	(14.0, 0.0)	(15.0, 0.0)	(16.0, 0.0)	(17.0, 0.0)	(18.0, 0.0)	(19.0, 0.0)	(20.0, 0.0)	(21.0, 0.0)	(22.0, 0.0)	(23.0, 0.0)	(24.0, 0.0)	(25.0, 0.0)	(26.0, 0.0)	(27.0, 0.3333333333333333)	(28.0, 0.0)	(29.0, 0.3333333333333333)	(30.0, 0.0)	(31.0, 0.0)	(32.0, 0.0)	(33.0, 0.3333333333333333)	(34.0, 0.3333333333333333)	(35.0, 0.0)	(36.0, 0.0)	(37.0, 0.3333333333333333)	(38.0, 0.3333333333333333)	(39.0, 0.0)	(40.0, 0.0)	(41.0, 0.0)	(42.0, 0.3333333333333333)	(43.0, 0.3333333333333333)	(44.0, 0.6666666666666666)	(45.0, 0.0)	(46.0, 12.666666666666671)	(47.0, 111.99999999999949)	(48.0, 1254.3333333333273)	(49.0, 2631.0000000000787)	(50.0, 2516.6666666666933)	(51.0, 3263.3333333336996)	(52.0, 3527.3333333338196)	(53.0, 4050.3333333340574)	(54.0, 3713.6666666672377)	(55.0, 1627.999999999909)	(56.0, 478.3333333333236)	(57.0, 1060.0000000000382)	(58.0, 1517.3333333332675)	(59.0, 371.3333333333297)	(60.0, 55.33333333333345)	(61.0, 19.999999999999996)	(62.0, 9.333333333333332)	(63.0, 4.0)	(64.0, 1.0)	(65.0, 0.3333333333333333)	(66.0, 0.6666666666666666)	(67.0, 0.3333333333333333)	(68.0, 1.0)	(69.0, 1.0)	(70.0, 0.0)	(71.0, 0.0)	(72.0, 0.0)	(73.0, 0.0)	(74.0, 0.3333333333333333)	(75.0, 0.3333333333333333)	(76.0, 0.0)	(77.0, 0.0)	(78.0, 0.3333333333333333)	(79.0, 0.3333333333333333)	(80.0, 0.0)	(81.0, 0.0)	(82.0, 0.0)	(83.0, 0.0)	(84.0, 0.0)	(85.0, 0.0)	(86.0, 0.0)	(87.0, 0.0)	(88.0, 0.0)	(89.0, 0.0)	(90.0, 0.0)	(91.0, 0.0)	(92.0, 0.0)	(93.0, 0.0)	(94.0, 0.0)	(95.0, 0.0)	(96.0, 0.0)	(97.0, 0.0)	(98.0, 0.0)	(99.0, 0.0)	(100.0, 0.0)
SRR29920160_2	(0.0, 0.0)	(1.0, 0.0)	(2.0, 0.0)	(3.0, 0.0)	(4.0, 0.0)	(5.0, 0.0)	(6.0, 0.0)	(7.0, 0.0)	(8.0, 0.0)	(9.0, 0.0)	(10.0, 0.0)	(11.0, 0.0)	(12.0, 0.0)	(13.0, 0.0)	(14.0, 0.0)	(15.0, 0.0)	(16.0, 0.0)	(17.0, 0.0)	(18.0, 0.0)	(19.0, 0.0)	(20.0, 0.0)	(21.0, 0.0)	(22.0, 0.0)	(23.0, 0.0)	(24.0, 0.0)	(25.0, 0.0)	(26.0, 0.0)	(27.0, 0.0)	(28.0, 0.0)	(29.0, 0.0)	(30.0, 0.0)	(31.0, 0.0)	(32.0, 0.3333333333333333)	(33.0, 0.3333333333333333)	(34.0, 0.0)	(35.0, 0.0)	(36.0, 0.0)	(37.0, 0.0)	(38.0, 0.0)	(39.0, 0.0)	(40.0, 0.0)	(41.0, 0.0)	(42.0, 0.0)	(43.0, 0.3333333333333333)	(44.0, 1.0)	(45.0, 0.0)	(46.0, 1.3333333333333333)	(47.0, 2.6666666666666665)	(48.0, 14.000000000000007)	(49.0, 264.6666666666691)	(50.0, 741.3333333333477)	(51.0, 598.9999999999982)	(52.0, 932.000000000036)	(53.0, 1328.999999999977)	(54.0, 2017.6666666664871)	(55.0, 3841.000000000629)	(56.0, 4935.999999999981)	(57.0, 4872.333333333372)	(58.0, 2131.6666666665183)	(59.0, 1236.999999999998)	(60.0, 1816.3333333331996)	(61.0, 922.6666666667016)	(62.0, 330.6666666666653)	(63.0, 118.33333333333273)	(64.0, 58.33333333333347)	(65.0, 33.33333333333329)	(66.0, 20.66666666666666)	(67.0, 11.000000000000002)	(68.0, 4.0)	(69.0, 3.3333333333333335)	(70.0, 4.333333333333333)	(71.0, 4.0)	(72.0, 2.6666666666666665)	(73.0, 1.6666666666666665)	(74.0, 1.3333333333333333)	(75.0, 0.6666666666666666)	(76.0, 1.0)	(77.0, 1.0)	(78.0, 0.0)	(79.0, 0.3333333333333333)	(80.0, 0.6666666666666666)	(81.0, 0.3333333333333333)	(82.0, 0.0)	(83.0, 0.0)	(84.0, 0.0)	(85.0, 0.3333333333333333)	(86.0, 0.0)	(87.0, 0.0)	(88.0, 0.0)	(89.0, 0.0)	(90.0, 0.0)	(91.0, 0.0)	(92.0, 0.0)	(93.0, 0.0)	(94.0, 0.0)	(95.0, 0.0)	(96.0, 0.3333333333333333)	(97.0, 0.0)	(98.0, 0.0)	(99.0, 0.0)	(100.0, 0.0)
SRR29920161_1	(0.0, 0.0)	(1.0, 0.0)	(2.0, 0.0)	(3.0, 0.0)	(4.0, 0.0)	(5.0, 0.0)	(6.0, 0.0)	(7.0, 0.0)	(8.0, 0.0)	(9.0, 0.0)	(10.0, 0.0)	(11.0, 0.0)	(12.0, 0.0)	(13.0, 0.0)	(14.0, 0.0)	(15.0, 0.0)	(16.0, 0.0)	(17.0, 0.0)	(18.0, 0.0)	(19.0, 0.0)	(20.0, 0.0)	(21.0, 0.0)	(22.0, 0.0)	(23.0, 0.0)	(24.0, 0.3333333333333333)	(25.0, 0.0)	(26.0, 0.0)	(27.0, 0.0)	(28.0, 0.0)	(29.0, 0.0)	(30.0, 0.0)	(31.0, 0.3333333333333333)	(32.0, 0.0)	(33.0, 0.0)	(34.0, 0.3333333333333333)	(35.0, 0.0)	(36.0, 0.0)	(37.0, 0.0)	(38.0, 0.3333333333333333)	(39.0, 0.3333333333333333)	(40.0, 0.6666666666666666)	(41.0, 0.3333333333333333)	(42.0, 0.0)	(43.0, 0.3333333333333333)	(44.0, 0.3333333333333333)	(45.0, 1.9999999999999998)	(46.0, 16.666666666666675)	(47.0, 68.00000000000011)	(48.0, 439.99999999999244)	(49.0, 994.6666666667098)	(50.0, 1532.9999999999307)	(51.0, 4779.000000000124)	(52.0, 7621.666666664205)	(53.0, 5086.3333333331775)	(54.0, 4261.333333333928)	(55.0, 2162.6666666665324)	(56.0, 465.66666666665765)	(57.0, 420.6666666666602)	(58.0, 481.3333333333234)	(59.0, 119.33333333333272)	(60.0, 21.666666666666657)	(61.0, 8.999999999999998)	(62.0, 4.333333333333333)	(63.0, 1.6666666666666665)	(64.0, 1.3333333333333333)	(65.0, 0.3333333333333333)	(66.0, 0.0)	(67.0, 0.3333333333333333)	(68.0, 0.0)	(69.0, 0.0)	(70.0, 0.0)	(71.0, 0.0)	(72.0, 0.6666666666666666)	(73.0, 0.0)	(74.0, 0.0)	(75.0, 0.0)	(76.0, 0.0)	(77.0, 0.0)	(78.0, 0.0)	(79.0, 0.0)	(80.0, 0.0)	(81.0, 0.0)	(82.0, 0.0)	(83.0, 0.0)	(84.0, 0.0)	(85.0, 0.0)	(86.0, 0.0)	(87.0, 0.0)	(88.0, 0.0)	(89.0, 0.0)	(90.0, 0.0)	(91.0, 0.0)	(92.0, 0.0)	(93.0, 0.0)	(94.0, 0.0)	(95.0, 0.0)	(96.0, 0.0)	(97.0, 0.0)	(98.0, 0.0)	(99.0, 0.0)	(100.0, 0.0)
SRR29920161_2	(0.0, 0.0)	(1.0, 0.0)	(2.0, 0.0)	(3.0, 0.0)	(4.0, 0.0)	(5.0, 0.0)	(6.0, 0.0)	(7.0, 0.0)	(8.0, 0.0)	(9.0, 0.0)	(10.0, 0.0)	(11.0, 0.0)	(12.0, 0.0)	(13.0, 0.0)	(14.0, 0.0)	(15.0, 0.0)	(16.0, 0.0)	(17.0, 0.0)	(18.0, 0.0)	(19.0, 0.0)	(20.0, 0.0)	(21.0, 0.0)	(22.0, 0.0)	(23.0, 0.0)	(24.0, 0.0)	(25.0, 0.0)	(26.0, 0.0)	(27.0, 0.0)	(28.0, 0.0)	(29.0, 0.0)	(30.0, 0.0)	(31.0, 0.0)	(32.0, 0.0)	(33.0, 0.0)	(34.0, 0.0)	(35.0, 0.0)	(36.0, 0.0)	(37.0, 0.0)	(38.0, 0.0)	(39.0, 0.0)	(40.0, 0.0)	(41.0, 0.0)	(42.0, 0.3333333333333333)	(43.0, 0.3333333333333333)	(44.0, 0.3333333333333333)	(45.0, 0.3333333333333333)	(46.0, 0.6666666666666666)	(47.0, 1.3333333333333333)	(48.0, 6.666666666666664)	(49.0, 226.66666666666873)	(50.0, 564.9999999999943)	(51.0, 432.6666666666595)	(52.0, 2996.6666666669116)	(53.0, 6939.666666664825)	(54.0, 3834.6666666672927)	(55.0, 2816.3333333334963)	(56.0, 2753.000000000134)	(57.0, 3383.6666666670876)	(58.0, 2046.3333333331473)	(59.0, 888.3333333333644)	(60.0, 899.666666666699)	(61.0, 422.3333333333268)	(62.0, 143.33333333333303)	(63.0, 59.00000000000014)	(64.0, 32.333333333333286)	(65.0, 15.000000000000009)	(66.0, 5.333333333333332)	(67.0, 5.333333333333332)	(68.0, 4.999999999999999)	(69.0, 1.3333333333333333)	(70.0, 1.0)	(71.0, 1.0)	(72.0, 1.0)	(73.0, 1.0)	(74.0, 1.3333333333333333)	(75.0, 0.3333333333333333)	(76.0, 0.0)	(77.0, 0.0)	(78.0, 0.3333333333333333)	(79.0, 0.3333333333333333)	(80.0, 0.0)	(81.0, 0.0)	(82.0, 0.0)	(83.0, 0.3333333333333333)	(84.0, 0.0)	(85.0, 0.0)	(86.0, 0.0)	(87.0, 0.0)	(88.0, 0.0)	(89.0, 0.0)	(90.0, 0.0)	(91.0, 0.0)	(92.0, 0.0)	(93.0, 0.0)	(94.0, 0.0)	(95.0, 0.0)	(96.0, 0.0)	(97.0, 0.0)	(98.0, 0.0)	(99.0, 0.0)	(100.0, 0.0)
SRR29920162_1	(0.0, 0.0)	(1.0, 0.0)	(2.0, 0.0)	(3.0, 0.0)	(4.0, 0.0)	(5.0, 0.0)	(6.0, 0.0)	(7.0, 0.0)	(8.0, 0.0)	(9.0, 0.0)	(10.0, 0.0)	(11.0, 0.0)	(12.0, 0.0)	(13.0, 0.0)	(14.0, 0.0)	(15.0, 0.0)	(16.0, 0.0)	(17.0, 0.0)	(18.0, 0.0)	(19.0, 0.0)	(20.0, 0.0)	(21.0, 0.0)	(22.0, 0.0)	(23.0, 0.0)	(24.0, 0.0)	(25.0, 0.0)	(26.0, 0.0)	(27.0, 0.0)	(28.0, 0.0)	(29.0, 0.0)	(30.0, 0.0)	(31.0, 0.0)	(32.0, 0.3333333333333333)	(33.0, 0.3333333333333333)	(34.0, 0.0)	(35.0, 0.3333333333333333)	(36.0, 0.3333333333333333)	(37.0, 0.6666666666666666)	(38.0, 1.0)	(39.0, 0.3333333333333333)	(40.0, 0.0)	(41.0, 0.0)	(42.0, 0.6666666666666666)	(43.0, 1.6666666666666665)	(44.0, 0.6666666666666666)	(45.0, 0.3333333333333333)	(46.0, 8.33333333333333)	(47.0, 43.333333333333364)	(48.0, 863.3333333333616)	(49.0, 2118.333333333179)	(50.0, 2020.3333333331532)	(51.0, 2531.3333333333667)	(52.0, 4648.000000000243)	(53.0, 11852.33333333701)	(54.0, 9180.999999998818)	(55.0, 2962.666666666896)	(56.0, 955.333333333372)	(57.0, 619.6666666666672)	(58.0, 531.6666666666572)	(59.0, 133.6666666666661)	(60.0, 35.66666666666664)	(61.0, 14.666666666666675)	(62.0, 6.333333333333331)	(63.0, 5.666666666666665)	(64.0, 1.3333333333333333)	(65.0, 1.6666666666666665)	(66.0, 2.333333333333333)	(67.0, 1.0)	(68.0, 1.3333333333333333)	(69.0, 1.3333333333333333)	(70.0, 0.3333333333333333)	(71.0, 0.3333333333333333)	(72.0, 0.3333333333333333)	(73.0, 0.0)	(74.0, 0.0)	(75.0, 0.0)	(76.0, 0.0)	(77.0, 0.0)	(78.0, 0.0)	(79.0, 0.0)	(80.0, 0.0)	(81.0, 0.0)	(82.0, 0.0)	(83.0, 0.0)	(84.0, 0.0)	(85.0, 0.0)	(86.0, 0.0)	(87.0, 0.0)	(88.0, 0.0)	(89.0, 0.0)	(90.0, 0.0)	(91.0, 0.0)	(92.0, 0.0)	(93.0, 0.0)	(94.0, 0.0)	(95.0, 0.0)	(96.0, 0.0)	(97.0, 0.0)	(98.0, 0.0)	(99.0, 0.0)	(100.0, 0.0)
SRR29920162_2	(0.0, 0.0)	(1.0, 0.0)	(2.0, 0.0)	(3.0, 0.0)	(4.0, 0.0)	(5.0, 0.0)	(6.0, 0.0)	(7.0, 0.0)	(8.0, 0.0)	(9.0, 0.0)	(10.0, 0.0)	(11.0, 0.0)	(12.0, 0.0)	(13.0, 0.0)	(14.0, 0.0)	(15.0, 0.0)	(16.0, 0.0)	(17.0, 0.0)	(18.0, 0.0)	(19.0, 0.0)	(20.0, 0.0)	(21.0, 0.0)	(22.0, 0.0)	(23.0, 0.0)	(24.0, 0.0)	(25.0, 0.0)	(26.0, 0.0)	(27.0, 0.0)	(28.0, 0.0)	(29.0, 0.0)	(30.0, 0.0)	(31.0, 0.0)	(32.0, 0.0)	(33.0, 0.0)	(34.0, 0.0)	(35.0, 0.0)	(36.0, 0.0)	(37.0, 0.0)	(38.0, 0.0)	(39.0, 0.0)	(40.0, 0.0)	(41.0, 0.0)	(42.0, 0.3333333333333333)	(43.0, 0.6666666666666666)	(44.0, 0.6666666666666666)	(45.0, 0.6666666666666666)	(46.0, 1.3333333333333333)	(47.0, 1.3333333333333333)	(48.0, 17.66666666666667)	(49.0, 192.00000000000108)	(50.0, 337.99999999999824)	(51.0, 260.0000000000027)	(52.0, 734.0000000000135)	(53.0, 2001.6666666664908)	(54.0, 4997.9999999999245)	(55.0, 10546.666666667968)	(56.0, 7704.9999999974625)	(57.0, 5189.666666666417)	(58.0, 2827.3333333335013)	(59.0, 1459.3333333332807)	(60.0, 1072.0000000000355)	(61.0, 535.3333333333243)	(62.0, 303.33333333333354)	(63.0, 102.66666666666629)	(64.0, 45.00000000000004)	(65.0, 23.999999999999982)	(66.0, 13.666666666666673)	(67.0, 7.9999999999999964)	(68.0, 5.666666666666665)	(69.0, 4.999999999999999)	(70.0, 4.333333333333333)	(71.0, 4.999999999999999)	(72.0, 2.333333333333333)	(73.0, 2.6666666666666665)	(74.0, 3.666666666666667)	(75.0, 1.6666666666666665)	(76.0, 1.3333333333333333)	(77.0, 1.3333333333333333)	(78.0, 1.3333333333333333)	(79.0, 0.3333333333333333)	(80.0, 0.3333333333333333)	(81.0, 0.3333333333333333)	(82.0, 0.0)	(83.0, 0.0)	(84.0, 0.0)	(85.0, 0.0)	(86.0, 0.0)	(87.0, 0.0)	(88.0, 0.0)	(89.0, 0.0)	(90.0, 0.0)	(91.0, 0.0)	(92.0, 0.0)	(93.0, 0.0)	(94.0, 0.0)	(95.0, 0.0)	(96.0, 0.0)	(97.0, 0.0)	(98.0, 0.0)	(99.0, 0.0)	(100.0, 0.0)
SRR29920163_1	(0.0, 0.0)	(1.0, 0.0)	(2.0, 0.0)	(3.0, 0.0)	(4.0, 0.0)	(5.0, 0.0)	(6.0, 0.0)	(7.0, 0.0)	(8.0, 0.0)	(9.0, 0.0)	(10.0, 0.0)	(11.0, 0.0)	(12.0, 0.0)	(13.0, 0.0)	(14.0, 0.0)	(15.0, 0.0)	(16.0, 0.0)	(17.0, 0.0)	(18.0, 0.0)	(19.0, 0.0)	(20.0, 0.0)	(21.0, 0.0)	(22.0, 0.0)	(23.0, 0.0)	(24.0, 0.0)	(25.0, 0.0)	(26.0, 0.3333333333333333)	(27.0, 0.3333333333333333)	(28.0, 0.0)	(29.0, 0.0)	(30.0, 0.0)	(31.0, 0.0)	(32.0, 0.0)	(33.0, 0.0)	(34.0, 0.0)	(35.0, 0.0)	(36.0, 0.3333333333333333)	(37.0, 0.3333333333333333)	(38.0, 0.0)	(39.0, 0.0)	(40.0, 0.0)	(41.0, 0.6666666666666666)	(42.0, 0.6666666666666666)	(43.0, 0.0)	(44.0, 0.0)	(45.0, 0.3333333333333333)	(46.0, 7.666666666666663)	(47.0, 36.999999999999986)	(48.0, 682.0000000000076)	(49.0, 1695.9999999998936)	(50.0, 1305.666666666649)	(51.0, 1387.6666666666304)	(52.0, 3232.000000000352)	(53.0, 9874.666666666746)	(54.0, 7941.666666663914)	(55.0, 2368.666666666626)	(56.0, 675.3333333333402)	(57.0, 411.3333333333274)	(58.0, 323.99999999999903)	(59.0, 78.99999999999996)	(60.0, 20.999999999999993)	(61.0, 9.333333333333332)	(62.0, 4.999999999999999)	(63.0, 2.6666666666666665)	(64.0, 1.6666666666666665)	(65.0, 0.6666666666666666)	(66.0, 3.0)	(67.0, 1.6666666666666665)	(68.0, 1.0)	(69.0, 0.6666666666666666)	(70.0, 1.6666666666666665)	(71.0, 1.3333333333333333)	(72.0, 0.0)	(73.0, 0.0)	(74.0, 0.0)	(75.0, 0.0)	(76.0, 0.0)	(77.0, 0.0)	(78.0, 0.0)	(79.0, 0.0)	(80.0, 0.0)	(81.0, 0.0)	(82.0, 0.0)	(83.0, 0.0)	(84.0, 0.0)	(85.0, 0.0)	(86.0, 0.0)	(87.0, 0.0)	(88.0, 0.0)	(89.0, 0.0)	(90.0, 0.0)	(91.0, 0.0)	(92.0, 0.0)	(93.0, 0.0)	(94.0, 0.0)	(95.0, 0.0)	(96.0, 0.0)	(97.0, 0.0)	(98.0, 0.0)	(99.0, 0.0)	(100.0, 0.0)
SRR29920163_2	(0.0, 0.0)	(1.0, 0.0)	(2.0, 0.0)	(3.0, 0.0)	(4.0, 0.0)	(5.0, 0.0)	(6.0, 0.0)	(7.0, 0.0)	(8.0, 0.0)	(9.0, 0.0)	(10.0, 0.0)	(11.0, 0.0)	(12.0, 0.0)	(13.0, 0.0)	(14.0, 0.0)	(15.0, 0.0)	(16.0, 0.0)	(17.0, 0.0)	(18.0, 0.0)	(19.0, 0.0)	(20.0, 0.0)	(21.0, 0.0)	(22.0, 0.0)	(23.0, 0.0)	(24.0, 0.0)	(25.0, 0.0)	(26.0, 0.0)	(27.0, 0.0)	(28.0, 0.0)	(29.0, 0.0)	(30.0, 0.0)	(31.0, 0.0)	(32.0, 0.0)	(33.0, 0.0)	(34.0, 0.0)	(35.0, 0.0)	(36.0, 0.0)	(37.0, 0.0)	(38.0, 0.0)	(39.0, 0.0)	(40.0, 0.0)	(41.0, 0.0)	(42.0, 0.0)	(43.0, 0.0)	(44.0, 0.3333333333333333)	(45.0, 0.0)	(46.0, 0.6666666666666666)	(47.0, 1.6666666666666665)	(48.0, 7.666666666666663)	(49.0, 49.00000000000007)	(50.0, 103.66666666666627)	(51.0, 134.66666666666612)	(52.0, 535.3333333333243)	(53.0, 1329.6666666666436)	(54.0, 3084.333333333618)	(55.0, 8644.333333331175)	(56.0, 7874.333333330642)	(57.0, 4061.666666667396)	(58.0, 2159.3333333331975)	(59.0, 782.000000000019)	(60.0, 617.0000000000002)	(61.0, 365.33333333333)	(62.0, 218.00000000000182)	(63.0, 61.000000000000156)	(64.0, 29.333333333333297)	(65.0, 12.333333333333337)	(66.0, 6.666666666666664)	(67.0, 4.999999999999999)	(68.0, 5.666666666666665)	(69.0, 4.333333333333333)	(70.0, 1.6666666666666665)	(71.0, 0.6666666666666666)	(72.0, 1.0)	(73.0, 1.0)	(74.0, 0.6666666666666666)	(75.0, 0.0)	(76.0, 0.3333333333333333)	(77.0, 0.6666666666666666)	(78.0, 0.0)	(79.0, 0.0)	(80.0, 0.0)	(81.0, 0.0)	(82.0, 0.0)	(83.0, 0.0)	(84.0, 0.0)	(85.0, 0.0)	(86.0, 0.0)	(87.0, 0.3333333333333333)	(88.0, 0.3333333333333333)	(89.0, 0.0)	(90.0, 0.0)	(91.0, 0.0)	(92.0, 0.0)	(93.0, 0.0)	(94.0, 0.3333333333333333)	(95.0, 0.0)	(96.0, 0.0)	(97.0, 0.0)	(98.0, 0.3333333333333333)	(99.0, 0.3333333333333333)	(100.0, 0.0)
SRR29920164_1	(0.0, 0.0)	(1.0, 0.0)	(2.0, 0.0)	(3.0, 0.0)	(4.0, 0.0)	(5.0, 0.0)	(6.0, 0.0)	(7.0, 0.0)	(8.0, 0.0)	(9.0, 0.0)	(10.0, 0.0)	(11.0, 0.0)	(12.0, 0.0)	(13.0, 0.0)	(14.0, 0.0)	(15.0, 0.0)	(16.0, 0.0)	(17.0, 0.0)	(18.0, 0.0)	(19.0, 0.0)	(20.0, 0.0)	(21.0, 0.0)	(22.0, 0.0)	(23.0, 0.0)	(24.0, 0.0)	(25.0, 0.0)	(26.0, 0.0)	(27.0, 0.0)	(28.0, 0.0)	(29.0, 0.0)	(30.0, 0.0)	(31.0, 0.3333333333333333)	(32.0, 0.3333333333333333)	(33.0, 0.0)	(34.0, 0.0)	(35.0, 0.0)	(36.0, 0.3333333333333333)	(37.0, 0.0)	(38.0, 0.3333333333333333)	(39.0, 0.3333333333333333)	(40.0, 0.6666666666666666)	(41.0, 0.6666666666666666)	(42.0, 0.3333333333333333)	(43.0, 0.0)	(44.0, 0.3333333333333333)	(45.0, 0.0)	(46.0, 1.6666666666666665)	(47.0, 3.3333333333333335)	(48.0, 20.66666666666666)	(49.0, 222.00000000000193)	(50.0, 1359.3333333333035)	(51.0, 2352.6666666666188)	(52.0, 4205.000000000646)	(53.0, 6851.999999998238)	(54.0, 4348.000000000516)	(55.0, 1928.333333333174)	(56.0, 494.3333333333227)	(57.0, 234.00000000000227)	(58.0, 186.0000000000009)	(59.0, 45.00000000000004)	(60.0, 12.333333333333337)	(61.0, 7.9999999999999964)	(62.0, 4.0)	(63.0, 1.6666666666666665)	(64.0, 1.9999999999999998)	(65.0, 2.333333333333333)	(66.0, 1.6666666666666665)	(67.0, 0.0)	(68.0, 1.9999999999999998)	(69.0, 1.6666666666666665)	(70.0, 0.3333333333333333)	(71.0, 0.3333333333333333)	(72.0, 0.0)	(73.0, 0.0)	(74.0, 0.0)	(75.0, 0.0)	(76.0, 0.0)	(77.0, 0.0)	(78.0, 0.0)	(79.0, 0.0)	(80.0, 0.0)	(81.0, 0.0)	(82.0, 0.0)	(83.0, 0.0)	(84.0, 0.0)	(85.0, 0.0)	(86.0, 0.0)	(87.0, 0.0)	(88.0, 0.0)	(89.0, 0.0)	(90.0, 0.0)	(91.0, 0.0)	(92.0, 0.0)	(93.0, 0.0)	(94.0, 0.0)	(95.0, 0.0)	(96.0, 0.0)	(97.0, 0.0)	(98.0, 0.0)	(99.0, 0.0)	(100.0, 0.0)
SRR29920164_2	(0.0, 0.0)	(1.0, 0.0)	(2.0, 0.0)	(3.0, 0.0)	(4.0, 0.0)	(5.0, 0.0)	(6.0, 0.0)	(7.0, 0.0)	(8.0, 0.0)	(9.0, 0.0)	(10.0, 0.0)	(11.0, 0.0)	(12.0, 0.0)	(13.0, 0.0)	(14.0, 0.0)	(15.0, 0.0)	(16.0, 0.0)	(17.0, 0.0)	(18.0, 0.0)	(19.0, 0.0)	(20.0, 0.0)	(21.0, 0.0)	(22.0, 0.0)	(23.0, 0.0)	(24.0, 0.0)	(25.0, 0.0)	(26.0, 0.0)	(27.0, 0.0)	(28.0, 0.0)	(29.0, 0.0)	(30.0, 0.0)	(31.0, 0.0)	(32.0, 0.0)	(33.0, 0.0)	(34.0, 0.0)	(35.0, 0.0)	(36.0, 0.0)	(37.0, 0.0)	(38.0, 0.0)	(39.0, 0.0)	(40.0, 0.0)	(41.0, 0.3333333333333333)	(42.0, 0.6666666666666666)	(43.0, 0.3333333333333333)	(44.0, 0.3333333333333333)	(45.0, 0.3333333333333333)	(46.0, 0.6666666666666666)	(47.0, 0.6666666666666666)	(48.0, 1.9999999999999998)	(49.0, 7.666666666666663)	(50.0, 49.66666666666674)	(51.0, 145.99999999999977)	(52.0, 528.3333333333235)	(53.0, 1812.3333333332005)	(54.0, 5258.333333333021)	(55.0, 6135.333333332223)	(56.0, 3123.0000000003024)	(57.0, 2203.3333333332175)	(58.0, 1539.3333333332625)	(59.0, 496.6666666666559)	(60.0, 433.9999999999928)	(61.0, 277.66666666666833)	(62.0, 116.66666666666609)	(63.0, 34.666666666666636)	(64.0, 16.666666666666675)	(65.0, 12.000000000000004)	(66.0, 7.33333333333333)	(67.0, 5.666666666666665)	(68.0, 3.666666666666667)	(69.0, 3.3333333333333335)	(70.0, 1.9999999999999998)	(71.0, 0.6666666666666666)	(72.0, 0.6666666666666666)	(73.0, 0.0)	(74.0, 1.0)	(75.0, 1.3333333333333333)	(76.0, 0.3333333333333333)	(77.0, 0.6666666666666666)	(78.0, 0.0)	(79.0, 0.0)	(80.0, 0.6666666666666666)	(81.0, 0.3333333333333333)	(82.0, 0.0)	(83.0, 0.0)	(84.0, 0.0)	(85.0, 0.0)	(86.0, 0.0)	(87.0, 0.0)	(88.0, 0.0)	(89.0, 0.0)	(90.0, 0.0)	(91.0, 0.0)	(92.0, 0.0)	(93.0, 0.0)	(94.0, 0.0)	(95.0, 0.0)	(96.0, 0.0)	(97.0, 0.0)	(98.0, 0.0)	(99.0, 0.0)	(100.0, 0.0)
SRR29920165_1	(0.0, 0.0)	(1.0, 0.0)	(2.0, 0.0)	(3.0, 0.0)	(4.0, 0.0)	(5.0, 0.0)	(6.0, 0.0)	(7.0, 0.0)	(8.0, 0.0)	(9.0, 0.0)	(10.0, 0.0)	(11.0, 0.0)	(12.0, 0.0)	(13.0, 0.0)	(14.0, 0.0)	(15.0, 0.0)	(16.0, 0.0)	(17.0, 0.0)	(18.0, 0.0)	(19.0, 0.0)	(20.0, 0.0)	(21.0, 0.0)	(22.0, 0.0)	(23.0, 0.0)	(24.0, 0.0)	(25.0, 0.0)	(26.0, 0.0)	(27.0, 0.0)	(28.0, 0.0)	(29.0, 0.0)	(30.0, 0.0)	(31.0, 0.0)	(32.0, 0.3333333333333333)	(33.0, 0.3333333333333333)	(34.0, 0.3333333333333333)	(35.0, 0.3333333333333333)	(36.0, 0.0)	(37.0, 0.0)	(38.0, 0.0)	(39.0, 0.3333333333333333)	(40.0, 0.3333333333333333)	(41.0, 0.3333333333333333)	(42.0, 0.3333333333333333)	(43.0, 1.0)	(44.0, 0.3333333333333333)	(45.0, 1.6666666666666665)	(46.0, 10.0)	(47.0, 38.666666666666664)	(48.0, 620.3333333333339)	(49.0, 1554.6666666665924)	(50.0, 1977.333333333163)	(51.0, 2914.0000000002074)	(52.0, 4722.0000000001755)	(53.0, 11088.000000002286)	(54.0, 8622.999999997803)	(55.0, 2788.00000000015)	(56.0, 900.6666666666991)	(57.0, 477.66666666665697)	(58.0, 380.6666666666625)	(59.0, 100.99999999999964)	(60.0, 34.3333333333333)	(61.0, 13.000000000000005)	(62.0, 7.666666666666663)	(63.0, 2.333333333333333)	(64.0, 0.3333333333333333)	(65.0, 1.0)	(66.0, 1.3333333333333333)	(67.0, 1.3333333333333333)	(68.0, 0.6666666666666666)	(69.0, 0.3333333333333333)	(70.0, 0.3333333333333333)	(71.0, 0.3333333333333333)	(72.0, 0.3333333333333333)	(73.0, 0.6666666666666666)	(74.0, 0.0)	(75.0, 0.0)	(76.0, 0.0)	(77.0, 0.0)	(78.0, 0.0)	(79.0, 0.0)	(80.0, 0.0)	(81.0, 0.0)	(82.0, 0.0)	(83.0, 0.0)	(84.0, 0.0)	(85.0, 0.0)	(86.0, 0.0)	(87.0, 0.0)	(88.0, 0.0)	(89.0, 0.0)	(90.0, 0.0)	(91.0, 0.0)	(92.0, 0.0)	(93.0, 0.0)	(94.0, 0.0)	(95.0, 0.0)	(96.0, 0.0)	(97.0, 0.0)	(98.0, 0.0)	(99.0, 0.0)	(100.0, 0.0)
SRR29920165_2	(0.0, 0.0)	(1.0, 0.0)	(2.0, 0.0)	(3.0, 0.0)	(4.0, 0.0)	(5.0, 0.0)	(6.0, 0.0)	(7.0, 0.0)	(8.0, 0.0)	(9.0, 0.0)	(10.0, 0.0)	(11.0, 0.0)	(12.0, 0.0)	(13.0, 0.0)	(14.0, 0.0)	(15.0, 0.0)	(16.0, 0.0)	(17.0, 0.0)	(18.0, 0.0)	(19.0, 0.0)	(20.0, 0.0)	(21.0, 0.0)	(22.0, 0.0)	(23.0, 0.0)	(24.0, 0.0)	(25.0, 0.0)	(26.0, 0.0)	(27.0, 0.0)	(28.0, 0.0)	(29.0, 0.0)	(30.0, 0.0)	(31.0, 0.0)	(32.0, 0.0)	(33.0, 0.0)	(34.0, 0.0)	(35.0, 0.0)	(36.0, 0.0)	(37.0, 0.0)	(38.0, 0.0)	(39.0, 0.0)	(40.0, 0.3333333333333333)	(41.0, 0.6666666666666666)	(42.0, 0.6666666666666666)	(43.0, 0.0)	(44.0, 0.0)	(45.0, 0.0)	(46.0, 1.3333333333333333)	(47.0, 3.666666666666667)	(48.0, 16.333333333333343)	(49.0, 182.0000000000008)	(50.0, 324.999999999999)	(51.0, 290.00000000000097)	(52.0, 1026.3333333333792)	(53.0, 2546.3333333333735)	(54.0, 4561.333333333655)	(55.0, 9700.999999999764)	(56.0, 8009.999999997185)	(57.0, 4723.333333333508)	(58.0, 2412.9999999999795)	(59.0, 978.666666666708)	(60.0, 726.0000000000126)	(61.0, 367.99999999999653)	(62.0, 202.3333333333347)	(63.0, 64.00000000000017)	(64.0, 31.66666666666662)	(65.0, 12.333333333333337)	(66.0, 7.666666666666663)	(67.0, 4.999999999999999)	(68.0, 1.6666666666666665)	(69.0, 3.0)	(70.0, 3.0)	(71.0, 1.6666666666666665)	(72.0, 0.6666666666666666)	(73.0, 0.6666666666666666)	(74.0, 0.3333333333333333)	(75.0, 0.3333333333333333)	(76.0, 1.0)	(77.0, 0.3333333333333333)	(78.0, 0.0)	(79.0, 0.0)	(80.0, 0.3333333333333333)	(81.0, 0.3333333333333333)	(82.0, 0.0)	(83.0, 0.0)	(84.0, 0.0)	(85.0, 0.0)	(86.0, 0.0)	(87.0, 0.0)	(88.0, 0.0)	(89.0, 0.0)	(90.0, 0.0)	(91.0, 0.0)	(92.0, 0.0)	(93.0, 0.0)	(94.0, 0.0)	(95.0, 0.0)	(96.0, 0.0)	(97.0, 0.3333333333333333)	(98.0, 0.3333333333333333)	(99.0, 0.0)	(100.0, 0.0)
SRR29920166_1	(0.0, 0.0)	(1.0, 0.0)	(2.0, 0.0)	(3.0, 0.0)	(4.0, 0.0)	(5.0, 0.0)	(6.0, 0.0)	(7.0, 0.0)	(8.0, 0.0)	(9.0, 0.0)	(10.0, 0.0)	(11.0, 0.0)	(12.0, 0.0)	(13.0, 0.0)	(14.0, 0.0)	(15.0, 0.0)	(16.0, 0.0)	(17.0, 0.0)	(18.0, 0.0)	(19.0, 0.0)	(20.0, 0.0)	(21.0, 0.0)	(22.0, 0.0)	(23.0, 0.0)	(24.0, 0.3333333333333333)	(25.0, 0.0)	(26.0, 0.0)	(27.0, 0.0)	(28.0, 0.0)	(29.0, 0.0)	(30.0, 0.0)	(31.0, 0.0)	(32.0, 0.0)	(33.0, 0.0)	(34.0, 0.0)	(35.0, 0.6666666666666666)	(36.0, 1.3333333333333333)	(37.0, 0.3333333333333333)	(38.0, 0.3333333333333333)	(39.0, 0.0)	(40.0, 0.3333333333333333)	(41.0, 0.3333333333333333)	(42.0, 0.3333333333333333)	(43.0, 0.3333333333333333)	(44.0, 0.3333333333333333)	(45.0, 1.3333333333333333)	(46.0, 14.000000000000007)	(47.0, 47.66666666666673)	(48.0, 736.3333333333471)	(49.0, 1892.3333333331823)	(50.0, 1637.6666666665735)	(51.0, 1865.6666666665217)	(52.0, 2539.000000000037)	(53.0, 4437.666666667101)	(54.0, 3987.6666666673623)	(55.0, 2048.333333333147)	(56.0, 716.3333333333449)	(57.0, 332.3333333333319)	(58.0, 337.3333333333316)	(59.0, 83.33333333333323)	(60.0, 22.999999999999986)	(61.0, 8.666666666666664)	(62.0, 4.333333333333333)	(63.0, 1.6666666666666665)	(64.0, 0.0)	(65.0, 1.0)	(66.0, 0.6666666666666666)	(67.0, 0.0)	(68.0, 0.3333333333333333)	(69.0, 0.0)	(70.0, 0.0)	(71.0, 0.0)	(72.0, 0.0)	(73.0, 0.0)	(74.0, 0.0)	(75.0, 0.0)	(76.0, 0.0)	(77.0, 0.0)	(78.0, 0.0)	(79.0, 0.0)	(80.0, 0.0)	(81.0, 0.0)	(82.0, 0.0)	(83.0, 0.0)	(84.0, 0.0)	(85.0, 0.0)	(86.0, 0.0)	(87.0, 0.0)	(88.0, 0.0)	(89.0, 0.0)	(90.0, 0.0)	(91.0, 0.0)	(92.0, 0.0)	(93.0, 0.0)	(94.0, 0.0)	(95.0, 0.0)	(96.0, 0.0)	(97.0, 0.0)	(98.0, 0.0)	(99.0, 0.0)	(100.0, 0.0)
SRR29920166_2	(0.0, 0.0)	(1.0, 0.0)	(2.0, 0.0)	(3.0, 0.0)	(4.0, 0.0)	(5.0, 0.0)	(6.0, 0.0)	(7.0, 0.0)	(8.0, 0.0)	(9.0, 0.0)	(10.0, 0.0)	(11.0, 0.0)	(12.0, 0.0)	(13.0, 0.0)	(14.0, 0.0)	(15.0, 0.0)	(16.0, 0.0)	(17.0, 0.0)	(18.0, 0.0)	(19.0, 0.0)	(20.0, 0.0)	(21.0, 0.0)	(22.0, 0.0)	(23.0, 0.0)	(24.0, 0.3333333333333333)	(25.0, 0.3333333333333333)	(26.0, 0.0)	(27.0, 0.0)	(28.0, 0.0)	(29.0, 0.0)	(30.0, 0.0)	(31.0, 0.0)	(32.0, 0.0)	(33.0, 0.0)	(34.0, 0.0)	(35.0, 0.0)	(36.0, 0.0)	(37.0, 0.0)	(38.0, 0.0)	(39.0, 0.3333333333333333)	(40.0, 0.6666666666666666)	(41.0, 0.3333333333333333)	(42.0, 0.0)	(43.0, 0.3333333333333333)	(44.0, 0.3333333333333333)	(45.0, 1.3333333333333333)	(46.0, 1.0)	(47.0, 1.9999999999999998)	(48.0, 8.33333333333333)	(49.0, 142.9999999999997)	(50.0, 394.6666666666617)	(51.0, 399.9999999999947)	(52.0, 891.0000000000314)	(53.0, 1685.3333333332293)	(54.0, 2153.6666666665283)	(55.0, 3909.3333333339933)	(56.0, 4587.666666666964)	(57.0, 3572.0000000005066)	(58.0, 1667.9999999999)	(59.0, 439.3333333333258)	(60.0, 452.6666666666584)	(61.0, 227.33333333333542)	(62.0, 76.0)	(63.0, 32.333333333333286)	(64.0, 19.666666666666664)	(65.0, 10.333333333333334)	(66.0, 4.999999999999999)	(67.0, 3.3333333333333335)	(68.0, 2.6666666666666665)	(69.0, 0.6666666666666666)	(70.0, 0.6666666666666666)	(71.0, 0.6666666666666666)	(72.0, 0.6666666666666666)	(73.0, 0.6666666666666666)	(74.0, 0.0)	(75.0, 0.0)	(76.0, 0.0)	(77.0, 0.0)	(78.0, 0.0)	(79.0, 0.0)	(80.0, 0.0)	(81.0, 0.0)	(82.0, 0.0)	(83.0, 0.0)	(84.0, 0.0)	(85.0, 0.0)	(86.0, 0.0)	(87.0, 0.0)	(88.0, 0.0)	(89.0, 0.0)	(90.0, 0.0)	(91.0, 0.0)	(92.0, 0.0)	(93.0, 0.0)	(94.0, 0.0)	(95.0, 0.0)	(96.0, 0.0)	(97.0, 0.0)	(98.0, 0.0)	(99.0, 0.0)	(100.0, 0.0)
SRR29920167_1	(0.0, 0.0)	(1.0, 0.0)	(2.0, 0.0)	(3.0, 0.0)	(4.0, 0.0)	(5.0, 0.0)	(6.0, 0.0)	(7.0, 0.0)	(8.0, 0.0)	(9.0, 0.0)	(10.0, 0.0)	(11.0, 0.0)	(12.0, 0.0)	(13.0, 0.0)	(14.0, 0.0)	(15.0, 0.0)	(16.0, 0.0)	(17.0, 0.0)	(18.0, 0.0)	(19.0, 0.0)	(20.0, 0.0)	(21.0, 0.0)	(22.0, 0.0)	(23.0, 0.0)	(24.0, 0.3333333333333333)	(25.0, 0.3333333333333333)	(26.0, 0.0)	(27.0, 0.0)	(28.0, 0.0)	(29.0, 0.0)	(30.0, 0.0)	(31.0, 0.0)	(32.0, 0.0)	(33.0, 0.3333333333333333)	(34.0, 0.3333333333333333)	(35.0, 0.0)	(36.0, 0.3333333333333333)	(37.0, 0.3333333333333333)	(38.0, 0.3333333333333333)	(39.0, 0.0)	(40.0, 0.0)	(41.0, 0.0)	(42.0, 0.6666666666666666)	(43.0, 0.3333333333333333)	(44.0, 0.0)	(45.0, 1.0)	(46.0, 13.33333333333334)	(47.0, 45.666666666666714)	(48.0, 772.0000000000178)	(49.0, 2006.6666666664896)	(50.0, 2388.3333333333017)	(51.0, 3001.000000000247)	(52.0, 2574.6666666667197)	(53.0, 3759.0000000005916)	(54.0, 4179.333333334002)	(55.0, 2805.3333333334913)	(56.0, 1134.3333333333546)	(57.0, 559.333333333327)	(58.0, 586.3333333333301)	(59.0, 164.00000000000028)	(60.0, 45.33333333333338)	(61.0, 18.000000000000004)	(62.0, 8.666666666666664)	(63.0, 2.6666666666666665)	(64.0, 1.3333333333333333)	(65.0, 1.6666666666666665)	(66.0, 1.3333333333333333)	(67.0, 1.0)	(68.0, 1.3333333333333333)	(69.0, 1.0)	(70.0, 1.0)	(71.0, 0.0)	(72.0, 0.3333333333333333)	(73.0, 0.0)	(74.0, 0.0)	(75.0, 0.0)	(76.0, 0.0)	(77.0, 0.0)	(78.0, 0.0)	(79.0, 0.0)	(80.0, 0.0)	(81.0, 0.0)	(82.0, 0.0)	(83.0, 0.0)	(84.0, 0.0)	(85.0, 0.0)	(86.0, 0.0)	(87.0, 0.0)	(88.0, 0.0)	(89.0, 0.0)	(90.0, 0.0)	(91.0, 0.0)	(92.0, 0.0)	(93.0, 0.0)	(94.0, 0.0)	(95.0, 0.0)	(96.0, 0.0)	(97.0, 0.0)	(98.0, 0.0)	(99.0, 0.0)	(100.0, 0.0)
SRR29920167_2	(0.0, 0.0)	(1.0, 0.0)	(2.0, 0.0)	(3.0, 0.0)	(4.0, 0.0)	(5.0, 0.0)	(6.0, 0.0)	(7.0, 0.0)	(8.0, 0.0)	(9.0, 0.0)	(10.0, 0.0)	(11.0, 0.0)	(12.0, 0.0)	(13.0, 0.0)	(14.0, 0.0)	(15.0, 0.0)	(16.0, 0.0)	(17.0, 0.0)	(18.0, 0.0)	(19.0, 0.0)	(20.0, 0.0)	(21.0, 0.0)	(22.0, 0.0)	(23.0, 0.0)	(24.0, 0.0)	(25.0, 0.0)	(26.0, 0.0)	(27.0, 0.0)	(28.0, 0.0)	(29.0, 0.0)	(30.0, 0.0)	(31.0, 0.0)	(32.0, 0.0)	(33.0, 0.0)	(34.0, 0.0)	(35.0, 0.0)	(36.0, 0.0)	(37.0, 0.0)	(38.0, 0.0)	(39.0, 0.0)	(40.0, 0.3333333333333333)	(41.0, 0.3333333333333333)	(42.0, 0.6666666666666666)	(43.0, 0.3333333333333333)	(44.0, 0.6666666666666666)	(45.0, 0.3333333333333333)	(46.0, 1.9999999999999998)	(47.0, 3.0)	(48.0, 20.999999999999993)	(49.0, 423.99999999999335)	(50.0, 1042.0000000000423)	(51.0, 667.0000000000059)	(52.0, 755.6666666666827)	(53.0, 1712.6666666665565)	(54.0, 2646.0000000000855)	(55.0, 3904.333333333991)	(56.0, 4429.000000000442)	(57.0, 4306.66666666722)	(58.0, 2346.666666666616)	(59.0, 698.3333333333428)	(60.0, 674.6666666666734)	(61.0, 348.6666666666643)	(62.0, 115.33333333333277)	(63.0, 41.33333333333335)	(64.0, 21.666666666666657)	(65.0, 13.000000000000005)	(66.0, 4.999999999999999)	(67.0, 1.3333333333333333)	(68.0, 2.333333333333333)	(69.0, 2.6666666666666665)	(70.0, 3.3333333333333335)	(71.0, 3.0)	(72.0, 2.333333333333333)	(73.0, 0.3333333333333333)	(74.0, 1.3333333333333333)	(75.0, 0.3333333333333333)	(76.0, 0.0)	(77.0, 1.0)	(78.0, 0.6666666666666666)	(79.0, 0.3333333333333333)	(80.0, 0.0)	(81.0, 0.3333333333333333)	(82.0, 0.3333333333333333)	(83.0, 0.0)	(84.0, 0.0)	(85.0, 0.0)	(86.0, 0.0)	(87.0, 0.0)	(88.0, 0.0)	(89.0, 0.0)	(90.0, 0.0)	(91.0, 0.0)	(92.0, 0.0)	(93.0, 0.0)	(94.0, 0.0)	(95.0, 0.0)	(96.0, 0.0)	(97.0, 0.0)	(98.0, 0.0)	(99.0, 0.3333333333333333)	(100.0, 0.0)
SRR29920168_1	(0.0, 0.0)	(1.0, 0.0)	(2.0, 0.0)	(3.0, 0.0)	(4.0, 0.0)	(5.0, 0.0)	(6.0, 0.0)	(7.0, 0.0)	(8.0, 0.0)	(9.0, 0.0)	(10.0, 0.0)	(11.0, 0.0)	(12.0, 0.0)	(13.0, 0.0)	(14.0, 0.0)	(15.0, 0.0)	(16.0, 0.0)	(17.0, 0.0)	(18.0, 0.0)	(19.0, 0.0)	(20.0, 0.0)	(21.0, 0.0)	(22.0, 0.0)	(23.0, 0.0)	(24.0, 0.0)	(25.0, 0.0)	(26.0, 0.0)	(27.0, 0.0)	(28.0, 0.0)	(29.0, 0.0)	(30.0, 0.0)	(31.0, 0.0)	(32.0, 0.0)	(33.0, 0.0)	(34.0, 0.0)	(35.0, 0.0)	(36.0, 0.0)	(37.0, 0.0)	(38.0, 0.6666666666666666)	(39.0, 0.3333333333333333)	(40.0, 0.3333333333333333)	(41.0, 0.3333333333333333)	(42.0, 0.3333333333333333)	(43.0, 0.6666666666666666)	(44.0, 0.6666666666666666)	(45.0, 0.3333333333333333)	(46.0, 9.333333333333332)	(47.0, 54.00000000000011)	(48.0, 406.666666666661)	(49.0, 1112.0000000000264)	(50.0, 1578.3333333332537)	(51.0, 2363.6666666666238)	(52.0, 5281.666666666333)	(53.0, 11040.333333335533)	(54.0, 8844.666666664873)	(55.0, 3551.3333333338305)	(56.0, 1449.9999999999495)	(57.0, 1277.9999999999886)	(58.0, 1310.3333333333146)	(59.0, 317.33333333333275)	(60.0, 88.66666666666649)	(61.0, 27.333333333333304)	(62.0, 6.999999999999997)	(63.0, 4.666666666666666)	(64.0, 2.333333333333333)	(65.0, 0.6666666666666666)	(66.0, 1.3333333333333333)	(67.0, 0.3333333333333333)	(68.0, 1.6666666666666665)	(69.0, 0.3333333333333333)	(70.0, 1.0)	(71.0, 0.0)	(72.0, 0.0)	(73.0, 0.0)	(74.0, 0.0)	(75.0, 0.0)	(76.0, 0.0)	(77.0, 0.0)	(78.0, 0.0)	(79.0, 0.0)	(80.0, 0.0)	(81.0, 0.0)	(82.0, 0.0)	(83.0, 0.0)	(84.0, 0.0)	(85.0, 0.0)	(86.0, 0.0)	(87.0, 0.0)	(88.0, 0.0)	(89.0, 0.0)	(90.0, 0.0)	(91.0, 0.0)	(92.0, 0.0)	(93.0, 0.0)	(94.0, 0.0)	(95.0, 0.0)	(96.0, 0.0)	(97.0, 0.0)	(98.0, 0.0)	(99.0, 0.0)	(100.0, 0.0)
SRR29920168_2	(0.0, 0.0)	(1.0, 0.0)	(2.0, 0.0)	(3.0, 0.0)	(4.0, 0.0)	(5.0, 0.0)	(6.0, 0.0)	(7.0, 0.0)	(8.0, 0.0)	(9.0, 0.0)	(10.0, 0.0)	(11.0, 0.0)	(12.0, 0.0)	(13.0, 0.0)	(14.0, 0.0)	(15.0, 0.0)	(16.0, 0.0)	(17.0, 0.0)	(18.0, 0.0)	(19.0, 0.0)	(20.0, 0.0)	(21.0, 0.0)	(22.0, 0.0)	(23.0, 0.0)	(24.0, 0.0)	(25.0, 0.0)	(26.0, 0.0)	(27.0, 0.0)	(28.0, 0.0)	(29.0, 0.0)	(30.0, 0.0)	(31.0, 0.0)	(32.0, 0.0)	(33.0, 0.0)	(34.0, 0.0)	(35.0, 0.0)	(36.0, 0.0)	(37.0, 0.0)	(38.0, 0.0)	(39.0, 0.0)	(40.0, 0.0)	(41.0, 0.3333333333333333)	(42.0, 1.6666666666666665)	(43.0, 0.6666666666666666)	(44.0, 1.3333333333333333)	(45.0, 1.3333333333333333)	(46.0, 1.6666666666666665)	(47.0, 3.0)	(48.0, 6.333333333333331)	(49.0, 37.66666666666666)	(50.0, 123.99999999999932)	(51.0, 308.33333333333326)	(52.0, 1485.3333333332748)	(53.0, 3427.6666666671076)	(54.0, 6104.666666665585)	(55.0, 9977.666666666933)	(56.0, 6074.333333332279)	(57.0, 3752.6666666672554)	(58.0, 2341.9999999999472)	(59.0, 1469.6666666666117)	(60.0, 1762.3333333332118)	(61.0, 1016.333333333379)	(62.0, 488.99999999998965)	(63.0, 150.99999999999991)	(64.0, 62.3333333333335)	(65.0, 27.999999999999968)	(66.0, 18.000000000000004)	(67.0, 10.333333333333334)	(68.0, 6.666666666666664)	(69.0, 4.0)	(70.0, 2.333333333333333)	(71.0, 1.9999999999999998)	(72.0, 1.9999999999999998)	(73.0, 0.3333333333333333)	(74.0, 0.3333333333333333)	(75.0, 1.0)	(76.0, 0.3333333333333333)	(77.0, 0.0)	(78.0, 0.0)	(79.0, 0.0)	(80.0, 0.0)	(81.0, 0.6666666666666666)	(82.0, 0.0)	(83.0, 0.0)	(84.0, 0.0)	(85.0, 0.0)	(86.0, 0.3333333333333333)	(87.0, 0.0)	(88.0, 0.0)	(89.0, 0.0)	(90.0, 0.0)	(91.0, 0.0)	(92.0, 0.0)	(93.0, 0.0)	(94.0, 0.0)	(95.0, 0.0)	(96.0, 0.0)	(97.0, 0.0)	(98.0, 0.0)	(99.0, 0.0)	(100.0, 0.0)
SRR29920169_1	(0.0, 0.0)	(1.0, 0.0)	(2.0, 0.0)	(3.0, 0.0)	(4.0, 0.0)	(5.0, 0.0)	(6.0, 0.0)	(7.0, 0.0)	(8.0, 0.0)	(9.0, 0.0)	(10.0, 0.0)	(11.0, 0.0)	(12.0, 0.0)	(13.0, 0.0)	(14.0, 0.0)	(15.0, 0.0)	(16.0, 0.0)	(17.0, 0.0)	(18.0, 0.0)	(19.0, 0.0)	(20.0, 0.0)	(21.0, 0.0)	(22.0, 0.0)	(23.0, 0.0)	(24.0, 0.3333333333333333)	(25.0, 0.3333333333333333)	(26.0, 0.0)	(27.0, 0.0)	(28.0, 0.0)	(29.0, 0.0)	(30.0, 0.0)	(31.0, 0.0)	(32.0, 0.3333333333333333)	(33.0, 0.0)	(34.0, 0.0)	(35.0, 0.0)	(36.0, 0.0)	(37.0, 0.3333333333333333)	(38.0, 0.6666666666666666)	(39.0, 1.9999999999999998)	(40.0, 0.6666666666666666)	(41.0, 0.0)	(42.0, 0.0)	(43.0, 0.0)	(44.0, 1.6666666666666665)	(45.0, 1.0)	(46.0, 14.666666666666675)	(47.0, 63.66666666666684)	(48.0, 297.00000000000057)	(49.0, 770.333333333351)	(50.0, 1433.9999999999532)	(51.0, 2788.00000000015)	(52.0, 5467.999999999497)	(53.0, 8136.333333330404)	(54.0, 6414.666666665303)	(55.0, 2730.6666666667907)	(56.0, 982.3333333333751)	(57.0, 803.3333333333547)	(58.0, 763.3333333333502)	(59.0, 195.3333333333345)	(60.0, 55.666666666666785)	(61.0, 19.333333333333332)	(62.0, 8.999999999999998)	(63.0, 3.0)	(64.0, 1.9999999999999998)	(65.0, 1.3333333333333333)	(66.0, 0.6666666666666666)	(67.0, 1.0)	(68.0, 1.6666666666666665)	(69.0, 1.0)	(70.0, 0.0)	(71.0, 0.0)	(72.0, 0.0)	(73.0, 0.0)	(74.0, 0.0)	(75.0, 0.0)	(76.0, 0.0)	(77.0, 0.0)	(78.0, 0.0)	(79.0, 0.0)	(80.0, 0.0)	(81.0, 0.0)	(82.0, 0.0)	(83.0, 0.0)	(84.0, 0.0)	(85.0, 0.0)	(86.0, 0.0)	(87.0, 0.0)	(88.0, 0.0)	(89.0, 0.0)	(90.0, 0.0)	(91.0, 0.0)	(92.0, 0.0)	(93.0, 0.0)	(94.0, 0.0)	(95.0, 0.0)	(96.0, 0.0)	(97.0, 0.0)	(98.0, 0.0)	(99.0, 0.0)	(100.0, 0.0)
SRR29920169_2	(0.0, 0.0)	(1.0, 0.0)	(2.0, 0.0)	(3.0, 0.0)	(4.0, 0.0)	(5.0, 0.0)	(6.0, 0.0)	(7.0, 0.0)	(8.0, 0.0)	(9.0, 0.0)	(10.0, 0.0)	(11.0, 0.0)	(12.0, 0.0)	(13.0, 0.0)	(14.0, 0.0)	(15.0, 0.0)	(16.0, 0.0)	(17.0, 0.0)	(18.0, 0.0)	(19.0, 0.0)	(20.0, 0.0)	(21.0, 0.0)	(22.0, 0.0)	(23.0, 0.0)	(24.0, 0.0)	(25.0, 0.0)	(26.0, 0.0)	(27.0, 0.0)	(28.0, 0.0)	(29.0, 0.0)	(30.0, 0.0)	(31.0, 0.0)	(32.0, 0.0)	(33.0, 0.0)	(34.0, 0.0)	(35.0, 0.0)	(36.0, 0.0)	(37.0, 0.0)	(38.0, 0.0)	(39.0, 0.0)	(40.0, 0.0)	(41.0, 0.0)	(42.0, 0.3333333333333333)	(43.0, 0.6666666666666666)	(44.0, 0.0)	(45.0, 0.3333333333333333)	(46.0, 1.0)	(47.0, 1.0)	(48.0, 4.0)	(49.0, 47.33333333333339)	(50.0, 146.9999999999998)	(51.0, 279.6666666666682)	(52.0, 1457.6666666666144)	(53.0, 3684.0000000005575)	(54.0, 5773.666666665886)	(55.0, 7993.333333330534)	(56.0, 4156.666666667356)	(57.0, 2818.333333333497)	(58.0, 1743.3333333332162)	(59.0, 766.3333333333505)	(60.0, 919.6666666667013)	(61.0, 655.3333333333379)	(62.0, 344.6666666666645)	(63.0, 101.33333333333297)	(64.0, 37.66666666666666)	(65.0, 18.000000000000004)	(66.0, 12.000000000000004)	(67.0, 8.33333333333333)	(68.0, 4.333333333333333)	(69.0, 1.6666666666666665)	(70.0, 1.6666666666666665)	(71.0, 1.0)	(72.0, 1.0)	(73.0, 0.6666666666666666)	(74.0, 0.3333333333333333)	(75.0, 1.6666666666666665)	(76.0, 1.0)	(77.0, 0.6666666666666666)	(78.0, 0.3333333333333333)	(79.0, 0.0)	(80.0, 0.6666666666666666)	(81.0, 0.3333333333333333)	(82.0, 0.0)	(83.0, 0.0)	(84.0, 0.0)	(85.0, 0.3333333333333333)	(86.0, 0.0)	(87.0, 0.0)	(88.0, 0.3333333333333333)	(89.0, 0.3333333333333333)	(90.0, 0.0)	(91.0, 0.0)	(92.0, 0.0)	(93.0, 0.0)	(94.0, 0.0)	(95.0, 0.0)	(96.0, 0.3333333333333333)	(97.0, 0.3333333333333333)	(98.0, 0.0)	(99.0, 0.0)	(100.0, 0.0)
SRR29920170_1	(0.0, 0.0)	(1.0, 0.0)	(2.0, 0.0)	(3.0, 0.0)	(4.0, 0.0)	(5.0, 0.0)	(6.0, 0.0)	(7.0, 0.0)	(8.0, 0.0)	(9.0, 0.0)	(10.0, 0.0)	(11.0, 0.0)	(12.0, 0.0)	(13.0, 0.0)	(14.0, 0.0)	(15.0, 0.0)	(16.0, 0.0)	(17.0, 0.0)	(18.0, 0.0)	(19.0, 0.0)	(20.0, 0.0)	(21.0, 0.0)	(22.0, 0.0)	(23.0, 0.0)	(24.0, 0.0)	(25.0, 0.0)	(26.0, 0.0)	(27.0, 0.0)	(28.0, 0.0)	(29.0, 0.3333333333333333)	(30.0, 0.3333333333333333)	(31.0, 0.0)	(32.0, 0.3333333333333333)	(33.0, 0.0)	(34.0, 0.0)	(35.0, 0.0)	(36.0, 0.6666666666666666)	(37.0, 0.3333333333333333)	(38.0, 0.0)	(39.0, 0.0)	(40.0, 0.0)	(41.0, 0.0)	(42.0, 0.3333333333333333)	(43.0, 0.3333333333333333)	(44.0, 0.6666666666666666)	(45.0, 0.6666666666666666)	(46.0, 6.666666666666664)	(47.0, 40.66666666666668)	(48.0, 594.333333333331)	(49.0, 1482.999999999942)	(50.0, 1151.0000000000175)	(51.0, 1215.3333333333362)	(52.0, 2809.0000000001596)	(53.0, 8193.666666663688)	(54.0, 7057.333333331385)	(55.0, 2402.999999999975)	(56.0, 723.3333333333456)	(57.0, 728.0000000000128)	(58.0, 604.6666666666655)	(59.0, 133.6666666666661)	(60.0, 37.99999999999999)	(61.0, 12.000000000000004)	(62.0, 5.333333333333332)	(63.0, 1.3333333333333333)	(64.0, 1.0)	(65.0, 0.0)	(66.0, 0.3333333333333333)	(67.0, 0.3333333333333333)	(68.0, 0.6666666666666666)	(69.0, 0.3333333333333333)	(70.0, 0.0)	(71.0, 0.3333333333333333)	(72.0, 0.3333333333333333)	(73.0, 0.0)	(74.0, 0.0)	(75.0, 0.0)	(76.0, 0.0)	(77.0, 0.0)	(78.0, 0.0)	(79.0, 0.0)	(80.0, 0.0)	(81.0, 0.0)	(82.0, 0.0)	(83.0, 0.0)	(84.0, 0.0)	(85.0, 0.0)	(86.0, 0.0)	(87.0, 0.0)	(88.0, 0.0)	(89.0, 0.0)	(90.0, 0.0)	(91.0, 0.0)	(92.0, 0.0)	(93.0, 0.0)	(94.0, 0.0)	(95.0, 0.0)	(96.0, 0.0)	(97.0, 0.0)	(98.0, 0.0)	(99.0, 0.0)	(100.0, 0.0)
SRR29920170_2	(0.0, 0.0)	(1.0, 0.0)	(2.0, 0.0)	(3.0, 0.0)	(4.0, 0.0)	(5.0, 0.0)	(6.0, 0.0)	(7.0, 0.0)	(8.0, 0.0)	(9.0, 0.0)	(10.0, 0.0)	(11.0, 0.0)	(12.0, 0.0)	(13.0, 0.0)	(14.0, 0.0)	(15.0, 0.0)	(16.0, 0.0)	(17.0, 0.0)	(18.0, 0.0)	(19.0, 0.0)	(20.0, 0.0)	(21.0, 0.0)	(22.0, 0.0)	(23.0, 0.0)	(24.0, 0.0)	(25.0, 0.0)	(26.0, 0.0)	(27.0, 0.0)	(28.0, 0.0)	(29.0, 0.0)	(30.0, 0.0)	(31.0, 0.0)	(32.0, 0.0)	(33.0, 0.0)	(34.0, 0.0)	(35.0, 0.0)	(36.0, 0.0)	(37.0, 0.0)	(38.0, 0.0)	(39.0, 0.0)	(40.0, 0.0)	(41.0, 0.3333333333333333)	(42.0, 0.3333333333333333)	(43.0, 0.0)	(44.0, 0.3333333333333333)	(45.0, 1.3333333333333333)	(46.0, 1.0)	(47.0, 0.6666666666666666)	(48.0, 3.666666666666667)	(49.0, 13.666666666666673)	(50.0, 41.000000000000014)	(51.0, 118.33333333333273)	(52.0, 471.6666666666573)	(53.0, 1057.3333333333721)	(54.0, 3369.3333333337478)	(55.0, 7917.666666663936)	(56.0, 5869.333333332465)	(57.0, 3530.333333333821)	(58.0, 1920.6666666665092)	(59.0, 794.3333333333537)	(60.0, 790.3333333333533)	(61.0, 613.3333333333331)	(62.0, 431.9999999999929)	(63.0, 132.9999999999994)	(64.0, 54.66666666666678)	(65.0, 22.33333333333332)	(66.0, 10.333333333333334)	(67.0, 6.333333333333331)	(68.0, 7.33333333333333)	(69.0, 4.0)	(70.0, 3.0)	(71.0, 2.6666666666666665)	(72.0, 2.6666666666666665)	(73.0, 0.6666666666666666)	(74.0, 1.0)	(75.0, 0.3333333333333333)	(76.0, 0.3333333333333333)	(77.0, 0.3333333333333333)	(78.0, 0.0)	(79.0, 0.0)	(80.0, 0.0)	(81.0, 0.0)	(82.0, 0.3333333333333333)	(83.0, 0.0)	(84.0, 0.0)	(85.0, 0.3333333333333333)	(86.0, 0.3333333333333333)	(87.0, 0.0)	(88.0, 0.0)	(89.0, 0.0)	(90.0, 0.0)	(91.0, 0.0)	(92.0, 0.0)	(93.0, 0.3333333333333333)	(94.0, 0.3333333333333333)	(95.0, 0.0)	(96.0, 0.0)	(97.0, 0.0)	(98.0, 0.0)	(99.0, 0.0)	(100.0, 0.0)
SRR29920171_1	(0.0, 0.0)	(1.0, 0.0)	(2.0, 0.0)	(3.0, 0.0)	(4.0, 0.0)	(5.0, 0.0)	(6.0, 0.0)	(7.0, 0.0)	(8.0, 0.0)	(9.0, 0.0)	(10.0, 0.0)	(11.0, 0.0)	(12.0, 0.0)	(13.0, 0.0)	(14.0, 0.0)	(15.0, 0.0)	(16.0, 0.0)	(17.0, 0.0)	(18.0, 0.0)	(19.0, 0.0)	(20.0, 0.0)	(21.0, 0.0)	(22.0, 0.0)	(23.0, 0.0)	(24.0, 0.0)	(25.0, 0.0)	(26.0, 0.0)	(27.0, 0.0)	(28.0, 0.0)	(29.0, 0.0)	(30.0, 0.0)	(31.0, 0.0)	(32.0, 0.0)	(33.0, 0.0)	(34.0, 0.0)	(35.0, 0.0)	(36.0, 0.0)	(37.0, 0.0)	(38.0, 0.0)	(39.0, 1.0)	(40.0, 0.6666666666666666)	(41.0, 0.6666666666666666)	(42.0, 0.6666666666666666)	(43.0, 0.3333333333333333)	(44.0, 0.0)	(45.0, 1.3333333333333333)	(46.0, 13.000000000000005)	(47.0, 38.33333333333333)	(48.0, 46.333333333333385)	(49.0, 229.33333333333547)	(50.0, 1241.3333333333303)	(51.0, 2403.3333333333085)	(52.0, 4823.333333333417)	(53.0, 8880.999999998272)	(54.0, 7012.333333331426)	(55.0, 3077.0000000002815)	(56.0, 754.0000000000158)	(57.0, 739.3333333333475)	(58.0, 765.6666666666838)	(59.0, 180.66666666666742)	(60.0, 28.999999999999964)	(61.0, 10.666666666666668)	(62.0, 3.666666666666667)	(63.0, 0.6666666666666666)	(64.0, 1.3333333333333333)	(65.0, 1.6666666666666665)	(66.0, 1.6666666666666665)	(67.0, 0.6666666666666666)	(68.0, 0.6666666666666666)	(69.0, 0.0)	(70.0, 0.0)	(71.0, 0.6666666666666666)	(72.0, 0.3333333333333333)	(73.0, 0.3333333333333333)	(74.0, 0.0)	(75.0, 0.0)	(76.0, 0.0)	(77.0, 0.0)	(78.0, 0.0)	(79.0, 0.0)	(80.0, 0.0)	(81.0, 0.0)	(82.0, 0.0)	(83.0, 0.0)	(84.0, 0.0)	(85.0, 0.0)	(86.0, 0.0)	(87.0, 0.0)	(88.0, 0.0)	(89.0, 0.0)	(90.0, 0.0)	(91.0, 0.0)	(92.0, 0.0)	(93.0, 0.0)	(94.0, 0.0)	(95.0, 0.0)	(96.0, 0.0)	(97.0, 0.0)	(98.0, 0.0)	(99.0, 0.0)	(100.0, 0.0)
SRR29920171_2	(0.0, 0.0)	(1.0, 0.0)	(2.0, 0.0)	(3.0, 0.0)	(4.0, 0.0)	(5.0, 0.0)	(6.0, 0.0)	(7.0, 0.0)	(8.0, 0.0)	(9.0, 0.0)	(10.0, 0.0)	(11.0, 0.0)	(12.0, 0.0)	(13.0, 0.0)	(14.0, 0.0)	(15.0, 0.0)	(16.0, 0.0)	(17.0, 0.0)	(18.0, 0.0)	(19.0, 0.0)	(20.0, 0.0)	(21.0, 0.0)	(22.0, 0.0)	(23.0, 0.0)	(24.0, 0.0)	(25.0, 0.0)	(26.0, 0.0)	(27.0, 0.0)	(28.0, 0.0)	(29.0, 0.0)	(30.0, 0.0)	(31.0, 0.0)	(32.0, 0.0)	(33.0, 0.0)	(34.0, 0.0)	(35.0, 0.0)	(36.0, 0.0)	(37.0, 0.0)	(38.0, 0.0)	(39.0, 0.0)	(40.0, 0.0)	(41.0, 0.0)	(42.0, 0.0)	(43.0, 0.0)	(44.0, 0.0)	(45.0, 0.3333333333333333)	(46.0, 0.3333333333333333)	(47.0, 0.6666666666666666)	(48.0, 3.3333333333333335)	(49.0, 15.000000000000009)	(50.0, 52.00000000000009)	(51.0, 179.0000000000007)	(52.0, 740.0000000000142)	(53.0, 2171.99999999987)	(54.0, 5654.999999999327)	(55.0, 7428.3333333310475)	(56.0, 4327.333333333868)	(57.0, 3358.0000000004093)	(58.0, 2494.33333333335)	(59.0, 1145.3333333333521)	(60.0, 1322.9999999999784)	(61.0, 804.3333333333549)	(62.0, 353.666666666664)	(63.0, 93.66666666666642)	(64.0, 34.99999999999997)	(65.0, 23.333333333333318)	(66.0, 14.333333333333341)	(67.0, 10.0)	(68.0, 4.999999999999999)	(69.0, 1.3333333333333333)	(70.0, 1.6666666666666665)	(71.0, 3.0)	(72.0, 2.6666666666666665)	(73.0, 1.0)	(74.0, 1.0)	(75.0, 0.6666666666666666)	(76.0, 1.0)	(77.0, 0.6666666666666666)	(78.0, 0.3333333333333333)	(79.0, 0.0)	(80.0, 0.3333333333333333)	(81.0, 0.0)	(82.0, 0.0)	(83.0, 0.0)	(84.0, 0.0)	(85.0, 0.0)	(86.0, 0.0)	(87.0, 0.0)	(88.0, 0.0)	(89.0, 0.0)	(90.0, 0.0)	(91.0, 0.0)	(92.0, 0.0)	(93.0, 0.0)	(94.0, 0.0)	(95.0, 0.0)	(96.0, 0.0)	(97.0, 0.0)	(98.0, 0.0)	(99.0, 0.0)	(100.0, 0.0)
SRR29920172_1	(0.0, 0.0)	(1.0, 0.0)	(2.0, 0.0)	(3.0, 0.0)	(4.0, 0.0)	(5.0, 0.0)	(6.0, 0.0)	(7.0, 0.0)	(8.0, 0.0)	(9.0, 0.0)	(10.0, 0.0)	(11.0, 0.0)	(12.0, 0.0)	(13.0, 0.0)	(14.0, 0.0)	(15.0, 0.0)	(16.0, 0.0)	(17.0, 0.0)	(18.0, 0.0)	(19.0, 0.0)	(20.0, 0.0)	(21.0, 0.0)	(22.0, 0.0)	(23.0, 0.0)	(24.0, 0.0)	(25.0, 0.0)	(26.0, 0.0)	(27.0, 0.0)	(28.0, 0.0)	(29.0, 0.0)	(30.0, 0.0)	(31.0, 0.0)	(32.0, 0.0)	(33.0, 0.0)	(34.0, 0.3333333333333333)	(35.0, 0.3333333333333333)	(36.0, 0.0)	(37.0, 0.0)	(38.0, 0.0)	(39.0, 0.0)	(40.0, 0.6666666666666666)	(41.0, 0.6666666666666666)	(42.0, 0.0)	(43.0, 0.0)	(44.0, 0.3333333333333333)	(45.0, 0.6666666666666666)	(46.0, 0.6666666666666666)	(47.0, 1.6666666666666665)	(48.0, 16.00000000000001)	(49.0, 58.000000000000135)	(50.0, 224.33333333333533)	(51.0, 812.3333333333558)	(52.0, 2535.666666666702)	(53.0, 9992.333333333627)	(54.0, 7170.999999997948)	(55.0, 2055.33333333315)	(56.0, 2418.9999999999823)	(57.0, 1635.666666666574)	(58.0, 869.3333333333622)	(59.0, 180.66666666666742)	(60.0, 86.66666666666652)	(61.0, 26.99999999999997)	(62.0, 14.000000000000007)	(63.0, 6.999999999999997)	(64.0, 1.3333333333333333)	(65.0, 1.3333333333333333)	(66.0, 1.9999999999999998)	(67.0, 1.0)	(68.0, 0.3333333333333333)	(69.0, 0.0)	(70.0, 0.0)	(71.0, 0.3333333333333333)	(72.0, 0.3333333333333333)	(73.0, 0.0)	(74.0, 0.0)	(75.0, 0.0)	(76.0, 0.0)	(77.0, 0.0)	(78.0, 0.0)	(79.0, 0.0)	(80.0, 0.0)	(81.0, 0.0)	(82.0, 0.0)	(83.0, 0.0)	(84.0, 0.0)	(85.0, 0.0)	(86.0, 0.0)	(87.0, 0.0)	(88.0, 0.0)	(89.0, 0.0)	(90.0, 0.0)	(91.0, 0.0)	(92.0, 0.0)	(93.0, 0.0)	(94.0, 0.0)	(95.0, 0.0)	(96.0, 0.0)	(97.0, 0.0)	(98.0, 0.0)	(99.0, 0.0)	(100.0, 0.0)
SRR29920172_2	(0.0, 0.0)	(1.0, 0.0)	(2.0, 0.0)	(3.0, 0.0)	(4.0, 0.0)	(5.0, 0.0)	(6.0, 0.0)	(7.0, 0.0)	(8.0, 0.0)	(9.0, 0.0)	(10.0, 0.0)	(11.0, 0.0)	(12.0, 0.0)	(13.0, 0.0)	(14.0, 0.0)	(15.0, 0.0)	(16.0, 0.0)	(17.0, 0.0)	(18.0, 0.0)	(19.0, 0.0)	(20.0, 0.0)	(21.0, 0.0)	(22.0, 0.0)	(23.0, 0.0)	(24.0, 0.0)	(25.0, 0.0)	(26.0, 0.0)	(27.0, 0.0)	(28.0, 0.0)	(29.0, 0.0)	(30.0, 0.0)	(31.0, 0.0)	(32.0, 0.0)	(33.0, 0.0)	(34.0, 0.0)	(35.0, 0.0)	(36.0, 0.0)	(37.0, 0.0)	(38.0, 0.0)	(39.0, 0.0)	(40.0, 0.0)	(41.0, 0.0)	(42.0, 0.0)	(43.0, 0.0)	(44.0, 0.3333333333333333)	(45.0, 0.6666666666666666)	(46.0, 1.0)	(47.0, 1.6666666666666665)	(48.0, 3.0)	(49.0, 24.666666666666647)	(50.0, 80.33333333333327)	(51.0, 243.00000000000253)	(52.0, 1867.6666666665212)	(53.0, 3081.333333333617)	(54.0, 5194.666666666412)	(55.0, 9755.333333333196)	(56.0, 3852.000000000634)	(57.0, 652.3333333333376)	(58.0, 435.99999999999267)	(59.0, 287.66666666666777)	(60.0, 357.6666666666638)	(61.0, 1019.6666666667127)	(62.0, 1001.0000000000439)	(63.0, 186.0000000000009)	(64.0, 47.33333333333339)	(65.0, 21.333333333333325)	(66.0, 14.666666666666675)	(67.0, 7.33333333333333)	(68.0, 5.666666666666665)	(69.0, 4.0)	(70.0, 1.9999999999999998)	(71.0, 3.0)	(72.0, 2.333333333333333)	(73.0, 1.0)	(74.0, 1.9999999999999998)	(75.0, 1.0)	(76.0, 0.6666666666666666)	(77.0, 0.3333333333333333)	(78.0, 0.3333333333333333)	(79.0, 0.3333333333333333)	(80.0, 0.0)	(81.0, 0.0)	(82.0, 0.0)	(83.0, 0.0)	(84.0, 0.0)	(85.0, 0.0)	(86.0, 0.0)	(87.0, 0.0)	(88.0, 0.0)	(89.0, 0.0)	(90.0, 0.0)	(91.0, 0.0)	(92.0, 0.3333333333333333)	(93.0, 0.3333333333333333)	(94.0, 0.3333333333333333)	(95.0, 0.0)	(96.0, 0.0)	(97.0, 0.0)	(98.0, 0.0)	(99.0, 0.0)	(100.0, 0.0)
SRR29920173_1	(0.0, 0.0)	(1.0, 0.0)	(2.0, 0.0)	(3.0, 0.0)	(4.0, 0.0)	(5.0, 0.0)	(6.0, 0.0)	(7.0, 0.0)	(8.0, 0.0)	(9.0, 0.0)	(10.0, 0.0)	(11.0, 0.0)	(12.0, 0.0)	(13.0, 0.0)	(14.0, 0.0)	(15.0, 0.0)	(16.0, 0.0)	(17.0, 0.0)	(18.0, 0.0)	(19.0, 0.0)	(20.0, 0.0)	(21.0, 0.0)	(22.0, 0.0)	(23.0, 0.0)	(24.0, 0.0)	(25.0, 0.0)	(26.0, 0.3333333333333333)	(27.0, 0.3333333333333333)	(28.0, 0.0)	(29.0, 0.0)	(30.0, 0.0)	(31.0, 0.0)	(32.0, 0.0)	(33.0, 0.0)	(34.0, 0.0)	(35.0, 0.0)	(36.0, 0.3333333333333333)	(37.0, 0.6666666666666666)	(38.0, 0.3333333333333333)	(39.0, 0.6666666666666666)	(40.0, 0.3333333333333333)	(41.0, 0.0)	(42.0, 0.3333333333333333)	(43.0, 1.0)	(44.0, 0.6666666666666666)	(45.0, 0.6666666666666666)	(46.0, 0.6666666666666666)	(47.0, 4.0)	(48.0, 16.666666666666675)	(49.0, 64.3333333333335)	(50.0, 447.33333333332536)	(51.0, 1226.3333333333337)	(52.0, 2661.333333333426)	(53.0, 10383.333333334338)	(54.0, 7529.333333330956)	(55.0, 1643.6666666665722)	(56.0, 1618.999999999911)	(57.0, 941.0000000000371)	(58.0, 469.99999999999073)	(59.0, 129.66666666666598)	(60.0, 81.66666666666659)	(61.0, 22.999999999999986)	(62.0, 7.33333333333333)	(63.0, 4.0)	(64.0, 0.3333333333333333)	(65.0, 0.0)	(66.0, 1.3333333333333333)	(67.0, 1.3333333333333333)	(68.0, 0.0)	(69.0, 0.6666666666666666)	(70.0, 1.0)	(71.0, 0.0)	(72.0, 0.6666666666666666)	(73.0, 0.0)	(74.0, 0.0)	(75.0, 0.0)	(76.0, 0.0)	(77.0, 0.0)	(78.0, 0.0)	(79.0, 0.0)	(80.0, 0.3333333333333333)	(81.0, 0.3333333333333333)	(82.0, 0.0)	(83.0, 0.0)	(84.0, 0.0)	(85.0, 0.0)	(86.0, 0.0)	(87.0, 0.0)	(88.0, 0.0)	(89.0, 0.0)	(90.0, 0.0)	(91.0, 0.0)	(92.0, 0.0)	(93.0, 0.0)	(94.0, 0.0)	(95.0, 0.0)	(96.0, 0.0)	(97.0, 0.0)	(98.0, 0.0)	(99.0, 0.0)	(100.0, 0.0)
SRR29920173_2	(0.0, 0.0)	(1.0, 0.0)	(2.0, 0.0)	(3.0, 0.0)	(4.0, 0.0)	(5.0, 0.0)	(6.0, 0.0)	(7.0, 0.0)	(8.0, 0.0)	(9.0, 0.0)	(10.0, 0.0)	(11.0, 0.0)	(12.0, 0.0)	(13.0, 0.0)	(14.0, 0.0)	(15.0, 0.0)	(16.0, 0.0)	(17.0, 0.0)	(18.0, 0.0)	(19.0, 0.0)	(20.0, 0.0)	(21.0, 0.0)	(22.0, 0.0)	(23.0, 0.0)	(24.0, 0.0)	(25.0, 0.0)	(26.0, 0.0)	(27.0, 0.0)	(28.0, 0.0)	(29.0, 0.0)	(30.0, 0.0)	(31.0, 0.0)	(32.0, 0.0)	(33.0, 0.0)	(34.0, 0.0)	(35.0, 0.0)	(36.0, 0.0)	(37.0, 0.0)	(38.0, 0.0)	(39.0, 0.0)	(40.0, 0.0)	(41.0, 0.0)	(42.0, 0.0)	(43.0, 0.3333333333333333)	(44.0, 0.3333333333333333)	(45.0, 0.3333333333333333)	(46.0, 0.6666666666666666)	(47.0, 1.3333333333333333)	(48.0, 4.0)	(49.0, 54.00000000000011)	(50.0, 387.6666666666621)	(51.0, 477.66666666665697)	(52.0, 1381.999999999965)	(53.0, 2304.3333333332635)	(54.0, 5315.666666666302)	(55.0, 10521.666666667923)	(56.0, 4003.6666666673696)	(57.0, 608.3333333333326)	(58.0, 382.33333333332905)	(59.0, 242.6666666666692)	(60.0, 275.0000000000018)	(61.0, 611.9999999999997)	(62.0, 561.6666666666606)	(63.0, 104.33333333333293)	(64.0, 25.999999999999975)	(65.0, 14.333333333333341)	(66.0, 7.666666666666663)	(67.0, 4.0)	(68.0, 1.9999999999999998)	(69.0, 2.333333333333333)	(70.0, 2.6666666666666665)	(71.0, 1.9999999999999998)	(72.0, 1.3333333333333333)	(73.0, 0.3333333333333333)	(74.0, 0.0)	(75.0, 0.6666666666666666)	(76.0, 1.0)	(77.0, 0.6666666666666666)	(78.0, 0.0)	(79.0, 0.0)	(80.0, 0.6666666666666666)	(81.0, 0.6666666666666666)	(82.0, 0.0)	(83.0, 0.0)	(84.0, 0.0)	(85.0, 0.0)	(86.0, 0.0)	(87.0, 0.0)	(88.0, 0.0)	(89.0, 0.0)	(90.0, 0.0)	(91.0, 0.0)	(92.0, 0.0)	(93.0, 0.0)	(94.0, 0.0)	(95.0, 0.0)	(96.0, 0.0)	(97.0, 0.0)	(98.0, 0.0)	(99.0, 0.0)	(100.0, 0.0)
SRR29920174_1	(0.0, 0.0)	(1.0, 0.0)	(2.0, 0.0)	(3.0, 0.0)	(4.0, 0.0)	(5.0, 0.0)	(6.0, 0.0)	(7.0, 0.0)	(8.0, 0.0)	(9.0, 0.0)	(10.0, 0.0)	(11.0, 0.0)	(12.0, 0.0)	(13.0, 0.0)	(14.0, 0.0)	(15.0, 0.0)	(16.0, 0.0)	(17.0, 0.0)	(18.0, 0.0)	(19.0, 0.0)	(20.0, 0.0)	(21.0, 0.0)	(22.0, 0.0)	(23.0, 0.0)	(24.0, 0.0)	(25.0, 0.0)	(26.0, 0.3333333333333333)	(27.0, 0.0)	(28.0, 0.0)	(29.0, 0.0)	(30.0, 0.0)	(31.0, 0.0)	(32.0, 0.0)	(33.0, 0.0)	(34.0, 0.0)	(35.0, 0.0)	(36.0, 0.3333333333333333)	(37.0, 0.6666666666666666)	(38.0, 1.0)	(39.0, 0.0)	(40.0, 0.0)	(41.0, 0.0)	(42.0, 0.3333333333333333)	(43.0, 0.3333333333333333)	(44.0, 0.3333333333333333)	(45.0, 0.6666666666666666)	(46.0, 0.6666666666666666)	(47.0, 6.666666666666664)	(48.0, 19.999999999999996)	(49.0, 198.66666666666794)	(50.0, 874.6666666666962)	(51.0, 1392.333333333296)	(52.0, 3279.333333333707)	(53.0, 6581.666666665151)	(54.0, 5258.666666666354)	(55.0, 2429.9999999999873)	(56.0, 655.6666666666713)	(57.0, 376.6666666666627)	(58.0, 376.3333333333294)	(59.0, 97.99999999999969)	(60.0, 18.333333333333336)	(61.0, 4.666666666666666)	(62.0, 3.0)	(63.0, 2.333333333333333)	(64.0, 2.6666666666666665)	(65.0, 1.0)	(66.0, 0.6666666666666666)	(67.0, 0.6666666666666666)	(68.0, 0.3333333333333333)	(69.0, 0.3333333333333333)	(70.0, 0.3333333333333333)	(71.0, 0.3333333333333333)	(72.0, 0.0)	(73.0, 0.0)	(74.0, 0.0)	(75.0, 0.0)	(76.0, 0.0)	(77.0, 0.0)	(78.0, 0.0)	(79.0, 0.0)	(80.0, 0.0)	(81.0, 0.0)	(82.0, 0.0)	(83.0, 0.0)	(84.0, 0.0)	(85.0, 0.0)	(86.0, 0.0)	(87.0, 0.0)	(88.0, 0.0)	(89.0, 0.0)	(90.0, 0.0)	(91.0, 0.0)	(92.0, 0.0)	(93.0, 0.0)	(94.0, 0.0)	(95.0, 0.0)	(96.0, 0.0)	(97.0, 0.0)	(98.0, 0.0)	(99.0, 0.0)	(100.0, 0.0)
SRR29920174_2	(0.0, 0.0)	(1.0, 0.0)	(2.0, 0.0)	(3.0, 0.0)	(4.0, 0.0)	(5.0, 0.0)	(6.0, 0.0)	(7.0, 0.0)	(8.0, 0.0)	(9.0, 0.0)	(10.0, 0.0)	(11.0, 0.0)	(12.0, 0.0)	(13.0, 0.0)	(14.0, 0.0)	(15.0, 0.0)	(16.0, 0.0)	(17.0, 0.0)	(18.0, 0.0)	(19.0, 0.0)	(20.0, 0.0)	(21.0, 0.0)	(22.0, 0.0)	(23.0, 0.0)	(24.0, 0.0)	(25.0, 0.0)	(26.0, 0.0)	(27.0, 0.0)	(28.0, 0.0)	(29.0, 0.0)	(30.0, 0.0)	(31.0, 0.0)	(32.0, 0.0)	(33.0, 0.0)	(34.0, 0.0)	(35.0, 0.0)	(36.0, 0.0)	(37.0, 0.0)	(38.0, 0.0)	(39.0, 0.0)	(40.0, 0.0)	(41.0, 0.0)	(42.0, 0.3333333333333333)	(43.0, 0.3333333333333333)	(44.0, 0.6666666666666666)	(45.0, 1.3333333333333333)	(46.0, 1.6666666666666665)	(47.0, 1.3333333333333333)	(48.0, 4.0)	(49.0, 10.666666666666668)	(50.0, 34.3333333333333)	(51.0, 105.33333333333292)	(52.0, 395.3333333333283)	(53.0, 1164.3333333333478)	(54.0, 3581.333333333844)	(55.0, 5395.9999999995625)	(56.0, 3896.3333333339874)	(57.0, 2517.000000000027)	(58.0, 1551.9999999999263)	(59.0, 774.6666666666848)	(60.0, 1008.6666666667114)	(61.0, 657.0000000000048)	(62.0, 190.33333333333437)	(63.0, 68.33333333333344)	(64.0, 41.666666666666686)	(65.0, 24.99999999999998)	(66.0, 15.333333333333343)	(67.0, 10.333333333333334)	(68.0, 6.666666666666664)	(69.0, 4.666666666666666)	(70.0, 2.333333333333333)	(71.0, 2.333333333333333)	(72.0, 1.3333333333333333)	(73.0, 1.3333333333333333)	(74.0, 0.3333333333333333)	(75.0, 0.6666666666666666)	(76.0, 0.6666666666666666)	(77.0, 0.6666666666666666)	(78.0, 0.3333333333333333)	(79.0, 0.0)	(80.0, 0.3333333333333333)	(81.0, 0.0)	(82.0, 0.0)	(83.0, 0.0)	(84.0, 0.0)	(85.0, 0.0)	(86.0, 0.0)	(87.0, 0.0)	(88.0, 0.0)	(89.0, 0.0)	(90.0, 0.0)	(91.0, 0.0)	(92.0, 0.0)	(93.0, 0.0)	(94.0, 0.3333333333333333)	(95.0, 0.3333333333333333)	(96.0, 0.0)	(97.0, 0.0)	(98.0, 0.0)	(99.0, 0.0)	(100.0, 0.0)
SRR29920175_1	(0.0, 0.0)	(1.0, 0.0)	(2.0, 0.0)	(3.0, 0.0)	(4.0, 0.0)	(5.0, 0.0)	(6.0, 0.0)	(7.0, 0.0)	(8.0, 0.0)	(9.0, 0.0)	(10.0, 0.0)	(11.0, 0.0)	(12.0, 0.0)	(13.0, 0.0)	(14.0, 0.0)	(15.0, 0.0)	(16.0, 0.0)	(17.0, 0.0)	(18.0, 0.0)	(19.0, 0.0)	(20.0, 0.0)	(21.0, 0.0)	(22.0, 0.0)	(23.0, 0.0)	(24.0, 0.0)	(25.0, 0.0)	(26.0, 0.0)	(27.0, 0.0)	(28.0, 0.3333333333333333)	(29.0, 0.0)	(30.0, 0.0)	(31.0, 0.0)	(32.0, 0.0)	(33.0, 0.0)	(34.0, 0.0)	(35.0, 0.0)	(36.0, 0.6666666666666666)	(37.0, 0.3333333333333333)	(38.0, 0.3333333333333333)	(39.0, 0.6666666666666666)	(40.0, 0.3333333333333333)	(41.0, 0.0)	(42.0, 0.3333333333333333)	(43.0, 0.0)	(44.0, 1.0)	(45.0, 0.3333333333333333)	(46.0, 3.0)	(47.0, 8.666666666666664)	(48.0, 27.333333333333304)	(49.0, 251.3333333333361)	(50.0, 1377.6666666666326)	(51.0, 2727.333333333456)	(52.0, 5218.9999999997235)	(53.0, 9111.666666665358)	(54.0, 6361.666666665351)	(55.0, 2427.3333333333194)	(56.0, 657.0000000000048)	(57.0, 288.0000000000011)	(58.0, 236.66666666666902)	(59.0, 66.00000000000014)	(60.0, 15.666666666666677)	(61.0, 8.33333333333333)	(62.0, 3.0)	(63.0, 0.6666666666666666)	(64.0, 2.333333333333333)	(65.0, 2.333333333333333)	(66.0, 0.6666666666666666)	(67.0, 0.0)	(68.0, 1.6666666666666665)	(69.0, 1.6666666666666665)	(70.0, 0.3333333333333333)	(71.0, 0.3333333333333333)	(72.0, 0.3333333333333333)	(73.0, 0.0)	(74.0, 0.0)	(75.0, 0.0)	(76.0, 0.0)	(77.0, 0.0)	(78.0, 0.0)	(79.0, 0.0)	(80.0, 0.0)	(81.0, 0.0)	(82.0, 0.0)	(83.0, 0.0)	(84.0, 0.0)	(85.0, 0.0)	(86.0, 0.0)	(87.0, 0.0)	(88.0, 0.0)	(89.0, 0.0)	(90.0, 0.0)	(91.0, 0.0)	(92.0, 0.0)	(93.0, 0.0)	(94.0, 0.0)	(95.0, 0.0)	(96.0, 0.0)	(97.0, 0.0)	(98.0, 0.0)	(99.0, 0.0)	(100.0, 0.0)
SRR29920175_2	(0.0, 0.0)	(1.0, 0.0)	(2.0, 0.0)	(3.0, 0.0)	(4.0, 0.0)	(5.0, 0.0)	(6.0, 0.0)	(7.0, 0.0)	(8.0, 0.0)	(9.0, 0.0)	(10.0, 0.0)	(11.0, 0.0)	(12.0, 0.0)	(13.0, 0.0)	(14.0, 0.0)	(15.0, 0.0)	(16.0, 0.0)	(17.0, 0.0)	(18.0, 0.0)	(19.0, 0.0)	(20.0, 0.0)	(21.0, 0.0)	(22.0, 0.0)	(23.0, 0.0)	(24.0, 0.0)	(25.0, 0.0)	(26.0, 0.0)	(27.0, 0.0)	(28.0, 0.0)	(29.0, 0.0)	(30.0, 0.0)	(31.0, 0.0)	(32.0, 0.0)	(33.0, 0.0)	(34.0, 0.0)	(35.0, 0.0)	(36.0, 0.0)	(37.0, 0.0)	(38.0, 0.0)	(39.0, 0.3333333333333333)	(40.0, 0.3333333333333333)	(41.0, 0.3333333333333333)	(42.0, 0.0)	(43.0, 0.6666666666666666)	(44.0, 0.3333333333333333)	(45.0, 0.6666666666666666)	(46.0, 1.6666666666666665)	(47.0, 3.0)	(48.0, 7.666666666666663)	(49.0, 19.0)	(50.0, 68.33333333333344)	(51.0, 175.0000000000006)	(52.0, 500.66666666665566)	(53.0, 1896.6666666665146)	(54.0, 5776.33333333255)	(55.0, 8451.666666664158)	(56.0, 5298.666666666318)	(57.0, 2799.000000000155)	(58.0, 1886.3333333331836)	(59.0, 778.3333333333519)	(60.0, 572.3333333333285)	(61.0, 288.6666666666677)	(62.0, 132.66666666666606)	(63.0, 39.66666666666667)	(64.0, 22.666666666666654)	(65.0, 14.000000000000007)	(66.0, 9.333333333333332)	(67.0, 4.666666666666666)	(68.0, 3.3333333333333335)	(69.0, 3.666666666666667)	(70.0, 2.6666666666666665)	(71.0, 1.6666666666666665)	(72.0, 0.6666666666666666)	(73.0, 1.3333333333333333)	(74.0, 1.9999999999999998)	(75.0, 1.3333333333333333)	(76.0, 1.9999999999999998)	(77.0, 1.0)	(78.0, 0.0)	(79.0, 0.3333333333333333)	(80.0, 0.3333333333333333)	(81.0, 0.3333333333333333)	(82.0, 0.0)	(83.0, 0.0)	(84.0, 0.0)	(85.0, 0.0)	(86.0, 0.3333333333333333)	(87.0, 0.0)	(88.0, 0.0)	(89.0, 0.0)	(90.0, 0.0)	(91.0, 0.0)	(92.0, 0.0)	(93.0, 0.0)	(94.0, 0.0)	(95.0, 0.0)	(96.0, 0.0)	(97.0, 0.0)	(98.0, 0.0)	(99.0, 0.0)	(100.0, 0.0)
SRR29920176_1	(0.0, 0.0)	(1.0, 0.0)	(2.0, 0.0)	(3.0, 0.0)	(4.0, 0.0)	(5.0, 0.0)	(6.0, 0.0)	(7.0, 0.0)	(8.0, 0.0)	(9.0, 0.0)	(10.0, 0.0)	(11.0, 0.0)	(12.0, 0.0)	(13.0, 0.0)	(14.0, 0.0)	(15.0, 0.0)	(16.0, 0.0)	(17.0, 0.0)	(18.0, 0.0)	(19.0, 0.0)	(20.0, 0.0)	(21.0, 0.0)	(22.0, 0.0)	(23.0, 0.0)	(24.0, 0.0)	(25.0, 0.0)	(26.0, 0.0)	(27.0, 0.0)	(28.0, 0.0)	(29.0, 0.0)	(30.0, 0.0)	(31.0, 0.0)	(32.0, 0.0)	(33.0, 0.0)	(34.0, 0.0)	(35.0, 0.0)	(36.0, 0.0)	(37.0, 0.3333333333333333)	(38.0, 0.3333333333333333)	(39.0, 0.0)	(40.0, 0.0)	(41.0, 0.0)	(42.0, 0.0)	(43.0, 0.3333333333333333)	(44.0, 0.3333333333333333)	(45.0, 0.0)	(46.0, 1.9999999999999998)	(47.0, 7.666666666666663)	(48.0, 18.666666666666668)	(49.0, 129.99999999999932)	(50.0, 639.6666666666695)	(51.0, 1255.9999999999936)	(52.0, 3456.000000000454)	(53.0, 8714.666666664636)	(54.0, 7504.666666664311)	(55.0, 2853.333333333513)	(56.0, 739.6666666666808)	(57.0, 775.3333333333516)	(58.0, 912.0000000000338)	(59.0, 218.6666666666685)	(60.0, 34.99999999999997)	(61.0, 11.000000000000002)	(62.0, 3.666666666666667)	(63.0, 2.333333333333333)	(64.0, 1.3333333333333333)	(65.0, 2.333333333333333)	(66.0, 3.0)	(67.0, 0.3333333333333333)	(68.0, 0.0)	(69.0, 0.3333333333333333)	(70.0, 1.0)	(71.0, 1.0)	(72.0, 0.6666666666666666)	(73.0, 0.0)	(74.0, 0.0)	(75.0, 0.0)	(76.0, 0.0)	(77.0, 0.0)	(78.0, 0.0)	(79.0, 0.0)	(80.0, 0.0)	(81.0, 0.0)	(82.0, 0.0)	(83.0, 0.0)	(84.0, 0.0)	(85.0, 0.0)	(86.0, 0.0)	(87.0, 0.0)	(88.0, 0.0)	(89.0, 0.0)	(90.0, 0.0)	(91.0, 0.0)	(92.0, 0.0)	(93.0, 0.0)	(94.0, 0.0)	(95.0, 0.0)	(96.0, 0.0)	(97.0, 0.0)	(98.0, 0.0)	(99.0, 0.0)	(100.0, 0.0)
SRR29920176_2	(0.0, 0.0)	(1.0, 0.0)	(2.0, 0.0)	(3.0, 0.0)	(4.0, 0.0)	(5.0, 0.0)	(6.0, 0.0)	(7.0, 0.0)	(8.0, 0.0)	(9.0, 0.0)	(10.0, 0.0)	(11.0, 0.0)	(12.0, 0.0)	(13.0, 0.0)	(14.0, 0.0)	(15.0, 0.0)	(16.0, 0.0)	(17.0, 0.0)	(18.0, 0.0)	(19.0, 0.0)	(20.0, 0.0)	(21.0, 0.0)	(22.0, 0.0)	(23.0, 0.0)	(24.0, 0.0)	(25.0, 0.0)	(26.0, 0.0)	(27.0, 0.0)	(28.0, 0.0)	(29.0, 0.0)	(30.0, 0.0)	(31.0, 0.0)	(32.0, 0.0)	(33.0, 0.0)	(34.0, 0.0)	(35.0, 0.0)	(36.0, 0.0)	(37.0, 0.0)	(38.0, 0.0)	(39.0, 0.0)	(40.0, 0.0)	(41.0, 0.0)	(42.0, 0.0)	(43.0, 0.0)	(44.0, 0.3333333333333333)	(45.0, 0.3333333333333333)	(46.0, 0.3333333333333333)	(47.0, 1.0)	(48.0, 2.6666666666666665)	(49.0, 6.333333333333331)	(50.0, 24.333333333333314)	(51.0, 84.66666666666654)	(52.0, 409.66666666666083)	(53.0, 1129.0000000000225)	(54.0, 3792.6666666672736)	(55.0, 7557.666666664263)	(56.0, 5323.333333332962)	(57.0, 2979.000000000237)	(58.0, 1922.999999999842)	(59.0, 1103.3333333333617)	(60.0, 1515.6666666666013)	(61.0, 904.0000000000329)	(62.0, 334.3333333333318)	(63.0, 99.99999999999966)	(64.0, 49.33333333333341)	(65.0, 30.333333333333293)	(66.0, 14.333333333333341)	(67.0, 9.666666666666666)	(68.0, 4.666666666666666)	(69.0, 3.0)	(70.0, 3.666666666666667)	(71.0, 0.6666666666666666)	(72.0, 0.3333333333333333)	(73.0, 0.6666666666666666)	(74.0, 0.0)	(75.0, 1.3333333333333333)	(76.0, 1.3333333333333333)	(77.0, 0.6666666666666666)	(78.0, 0.3333333333333333)	(79.0, 0.3333333333333333)	(80.0, 0.3333333333333333)	(81.0, 0.0)	(82.0, 0.0)	(83.0, 0.0)	(84.0, 0.0)	(85.0, 0.0)	(86.0, 0.0)	(87.0, 0.0)	(88.0, 0.0)	(89.0, 0.0)	(90.0, 0.0)	(91.0, 0.0)	(92.0, 0.0)	(93.0, 0.0)	(94.0, 0.3333333333333333)	(95.0, 0.0)	(96.0, 0.0)	(97.0, 0.0)	(98.0, 0.0)	(99.0, 0.6666666666666666)	(100.0, 1.0)
SRR29920177_1	(0.0, 0.0)	(1.0, 0.0)	(2.0, 0.0)	(3.0, 0.0)	(4.0, 0.0)	(5.0, 0.0)	(6.0, 0.0)	(7.0, 0.0)	(8.0, 0.0)	(9.0, 0.0)	(10.0, 0.0)	(11.0, 0.0)	(12.0, 0.0)	(13.0, 0.0)	(14.0, 0.0)	(15.0, 0.0)	(16.0, 0.0)	(17.0, 0.0)	(18.0, 0.0)	(19.0, 0.0)	(20.0, 0.0)	(21.0, 0.0)	(22.0, 0.0)	(23.0, 0.0)	(24.0, 0.0)	(25.0, 0.0)	(26.0, 0.0)	(27.0, 0.0)	(28.0, 0.0)	(29.0, 0.0)	(30.0, 0.0)	(31.0, 0.0)	(32.0, 0.3333333333333333)	(33.0, 0.3333333333333333)	(34.0, 0.3333333333333333)	(35.0, 1.0)	(36.0, 0.3333333333333333)	(37.0, 0.0)	(38.0, 0.0)	(39.0, 0.3333333333333333)	(40.0, 0.3333333333333333)	(41.0, 0.0)	(42.0, 0.3333333333333333)	(43.0, 0.0)	(44.0, 0.0)	(45.0, 0.3333333333333333)	(46.0, 1.0)	(47.0, 1.6666666666666665)	(48.0, 7.9999999999999964)	(49.0, 53.333333333333435)	(50.0, 420.9999999999935)	(51.0, 1161.0000000000152)	(52.0, 2066.6666666664887)	(53.0, 6710.999999998367)	(54.0, 4765.000000000136)	(55.0, 1284.3333333333205)	(56.0, 1393.666666666629)	(57.0, 894.0000000000317)	(58.0, 471.6666666666573)	(59.0, 103.66666666666627)	(60.0, 60.00000000000015)	(61.0, 17.000000000000007)	(62.0, 6.666666666666664)	(63.0, 1.9999999999999998)	(64.0, 1.3333333333333333)	(65.0, 2.333333333333333)	(66.0, 0.6666666666666666)	(67.0, 0.0)	(68.0, 0.3333333333333333)	(69.0, 0.6666666666666666)	(70.0, 0.0)	(71.0, 0.3333333333333333)	(72.0, 0.0)	(73.0, 0.3333333333333333)	(74.0, 0.3333333333333333)	(75.0, 0.0)	(76.0, 0.0)	(77.0, 0.0)	(78.0, 0.0)	(79.0, 0.0)	(80.0, 0.0)	(81.0, 0.0)	(82.0, 0.0)	(83.0, 0.0)	(84.0, 0.0)	(85.0, 0.0)	(86.0, 0.0)	(87.0, 0.0)	(88.0, 0.0)	(89.0, 0.0)	(90.0, 0.0)	(91.0, 0.0)	(92.0, 0.0)	(93.0, 0.0)	(94.0, 0.0)	(95.0, 0.0)	(96.0, 0.0)	(97.0, 0.0)	(98.0, 0.0)	(99.0, 0.0)	(100.0, 0.0)
SRR29920177_2	(0.0, 0.0)	(1.0, 0.0)	(2.0, 0.0)	(3.0, 0.0)	(4.0, 0.0)	(5.0, 0.0)	(6.0, 0.0)	(7.0, 0.0)	(8.0, 0.0)	(9.0, 0.0)	(10.0, 0.0)	(11.0, 0.0)	(12.0, 0.0)	(13.0, 0.0)	(14.0, 0.0)	(15.0, 0.0)	(16.0, 0.0)	(17.0, 0.0)	(18.0, 0.0)	(19.0, 0.0)	(20.0, 0.0)	(21.0, 0.0)	(22.0, 0.0)	(23.0, 0.0)	(24.0, 0.0)	(25.0, 0.0)	(26.0, 0.0)	(27.0, 0.0)	(28.0, 0.0)	(29.0, 0.0)	(30.0, 0.0)	(31.0, 0.0)	(32.0, 0.0)	(33.0, 0.0)	(34.0, 0.0)	(35.0, 0.0)	(36.0, 0.0)	(37.0, 0.0)	(38.0, 0.0)	(39.0, 0.0)	(40.0, 0.0)	(41.0, 0.3333333333333333)	(42.0, 0.0)	(43.0, 0.0)	(44.0, 0.3333333333333333)	(45.0, 0.3333333333333333)	(46.0, 0.3333333333333333)	(47.0, 1.0)	(48.0, 4.333333333333333)	(49.0, 55.33333333333345)	(50.0, 267.3333333333356)	(51.0, 376.3333333333294)	(52.0, 1250.9999999999948)	(53.0, 2180.333333333207)	(54.0, 3854.000000000635)	(55.0, 6446.666666665274)	(56.0, 2525.0000000000305)	(57.0, 474.3333333333238)	(58.0, 350.9999999999975)	(59.0, 210.33333333333493)	(60.0, 216.66666666666845)	(61.0, 555.3333333333266)	(62.0, 537.9999999999912)	(63.0, 113.3333333333328)	(64.0, 29.333333333333297)	(65.0, 14.666666666666675)	(66.0, 5.333333333333332)	(67.0, 3.0)	(68.0, 3.3333333333333335)	(69.0, 2.333333333333333)	(70.0, 1.3333333333333333)	(71.0, 0.0)	(72.0, 0.3333333333333333)	(73.0, 0.3333333333333333)	(74.0, 0.6666666666666666)	(75.0, 0.6666666666666666)	(76.0, 1.0)	(77.0, 1.0)	(78.0, 0.6666666666666666)	(79.0, 0.0)	(80.0, 0.3333333333333333)	(81.0, 0.6666666666666666)	(82.0, 0.0)	(83.0, 0.0)	(84.0, 0.0)	(85.0, 0.3333333333333333)	(86.0, 0.0)	(87.0, 0.0)	(88.0, 0.0)	(89.0, 0.0)	(90.0, 0.0)	(91.0, 0.0)	(92.0, 0.0)	(93.0, 0.0)	(94.0, 0.0)	(95.0, 0.0)	(96.0, 0.3333333333333333)	(97.0, 0.0)	(98.0, 0.0)	(99.0, 0.0)	(100.0, 0.0)
SRR29920178_1	(0.0, 0.0)	(1.0, 0.0)	(2.0, 0.0)	(3.0, 0.0)	(4.0, 0.0)	(5.0, 0.0)	(6.0, 0.0)	(7.0, 0.0)	(8.0, 0.0)	(9.0, 0.0)	(10.0, 0.0)	(11.0, 0.0)	(12.0, 0.0)	(13.0, 0.0)	(14.0, 0.0)	(15.0, 0.0)	(16.0, 0.0)	(17.0, 0.0)	(18.0, 0.0)	(19.0, 0.0)	(20.0, 0.0)	(21.0, 0.0)	(22.0, 0.0)	(23.0, 0.0)	(24.0, 0.0)	(25.0, 0.0)	(26.0, 0.0)	(27.0, 0.0)	(28.0, 0.0)	(29.0, 0.0)	(30.0, 0.0)	(31.0, 0.0)	(32.0, 0.0)	(33.0, 0.0)	(34.0, 0.0)	(35.0, 0.3333333333333333)	(36.0, 0.6666666666666666)	(37.0, 0.6666666666666666)	(38.0, 0.3333333333333333)	(39.0, 0.3333333333333333)	(40.0, 0.0)	(41.0, 0.0)	(42.0, 0.0)	(43.0, 0.0)	(44.0, 1.3333333333333333)	(45.0, 1.0)	(46.0, 10.0)	(47.0, 58.33333333333347)	(48.0, 88.33333333333316)	(49.0, 248.00000000000267)	(50.0, 1108.6666666666938)	(51.0, 1581.333333333253)	(52.0, 3046.0000000002674)	(53.0, 7552.333333330935)	(54.0, 4667.000000000226)	(55.0, 893.6666666666983)	(56.0, 320.9999999999992)	(57.0, 566.9999999999945)	(58.0, 758.666666666683)	(59.0, 176.00000000000063)	(60.0, 23.999999999999982)	(61.0, 10.0)	(62.0, 5.333333333333332)	(63.0, 1.0)	(64.0, 1.0)	(65.0, 1.6666666666666665)	(66.0, 1.3333333333333333)	(67.0, 0.6666666666666666)	(68.0, 0.3333333333333333)	(69.0, 1.0)	(70.0, 0.3333333333333333)	(71.0, 0.0)	(72.0, 0.0)	(73.0, 0.3333333333333333)	(74.0, 0.0)	(75.0, 0.0)	(76.0, 0.0)	(77.0, 0.0)	(78.0, 0.0)	(79.0, 0.0)	(80.0, 0.0)	(81.0, 0.0)	(82.0, 0.0)	(83.0, 0.0)	(84.0, 0.0)	(85.0, 0.0)	(86.0, 0.0)	(87.0, 0.0)	(88.0, 0.0)	(89.0, 0.0)	(90.0, 0.0)	(91.0, 0.0)	(92.0, 0.0)	(93.0, 0.0)	(94.0, 0.0)	(95.0, 0.0)	(96.0, 0.0)	(97.0, 0.0)	(98.0, 0.0)	(99.0, 0.0)	(100.0, 0.0)
SRR29920178_2	(0.0, 0.0)	(1.0, 0.0)	(2.0, 0.0)	(3.0, 0.0)	(4.0, 0.0)	(5.0, 0.0)	(6.0, 0.0)	(7.0, 0.0)	(8.0, 0.0)	(9.0, 0.0)	(10.0, 0.0)	(11.0, 0.0)	(12.0, 0.0)	(13.0, 0.0)	(14.0, 0.0)	(15.0, 0.0)	(16.0, 0.0)	(17.0, 0.0)	(18.0, 0.0)	(19.0, 0.0)	(20.0, 0.0)	(21.0, 0.0)	(22.0, 0.0)	(23.0, 0.0)	(24.0, 0.0)	(25.0, 0.0)	(26.0, 0.0)	(27.0, 0.0)	(28.0, 0.0)	(29.0, 0.0)	(30.0, 0.0)	(31.0, 0.0)	(32.0, 0.0)	(33.0, 0.0)	(34.0, 0.0)	(35.0, 0.0)	(36.0, 0.0)	(37.0, 0.0)	(38.0, 0.3333333333333333)	(39.0, 0.0)	(40.0, 0.0)	(41.0, 0.0)	(42.0, 0.0)	(43.0, 0.3333333333333333)	(44.0, 0.3333333333333333)	(45.0, 0.0)	(46.0, 0.0)	(47.0, 1.6666666666666665)	(48.0, 6.666666666666664)	(49.0, 12.000000000000004)	(50.0, 57.6666666666668)	(51.0, 319.99999999999926)	(52.0, 1366.9999999999684)	(53.0, 1971.6666666664976)	(54.0, 4212.666666667305)	(55.0, 6811.999999998275)	(56.0, 2761.3333333334713)	(57.0, 986.6666666667089)	(58.0, 671.6666666666731)	(59.0, 463.66666666665776)	(60.0, 849.0000000000266)	(61.0, 430.66666666665964)	(62.0, 116.99999999999942)	(63.0, 43.6666666666667)	(64.0, 27.666666666666636)	(65.0, 15.000000000000009)	(66.0, 12.000000000000004)	(67.0, 7.666666666666663)	(68.0, 3.666666666666667)	(69.0, 4.666666666666666)	(70.0, 4.0)	(71.0, 2.333333333333333)	(72.0, 0.0)	(73.0, 0.3333333333333333)	(74.0, 0.3333333333333333)	(75.0, 0.3333333333333333)	(76.0, 0.3333333333333333)	(77.0, 0.0)	(78.0, 0.0)	(79.0, 0.0)	(80.0, 0.0)	(81.0, 0.0)	(82.0, 0.0)	(83.0, 0.0)	(84.0, 0.0)	(85.0, 0.0)	(86.0, 0.0)	(87.0, 0.0)	(88.0, 0.0)	(89.0, 0.0)	(90.0, 0.0)	(91.0, 0.0)	(92.0, 0.0)	(93.0, 0.0)	(94.0, 0.0)	(95.0, 0.0)	(96.0, 0.0)	(97.0, 0.0)	(98.0, 0.0)	(99.0, 0.0)	(100.0, 0.0)
SRR29920179_1	(0.0, 0.0)	(1.0, 0.0)	(2.0, 0.0)	(3.0, 0.0)	(4.0, 0.0)	(5.0, 0.0)	(6.0, 0.0)	(7.0, 0.0)	(8.0, 0.0)	(9.0, 0.0)	(10.0, 0.0)	(11.0, 0.0)	(12.0, 0.0)	(13.0, 0.0)	(14.0, 0.0)	(15.0, 0.0)	(16.0, 0.0)	(17.0, 0.0)	(18.0, 0.0)	(19.0, 0.0)	(20.0, 0.0)	(21.0, 0.0)	(22.0, 0.0)	(23.0, 0.0)	(24.0, 0.0)	(25.0, 0.0)	(26.0, 0.0)	(27.0, 0.0)	(28.0, 0.0)	(29.0, 0.0)	(30.0, 0.0)	(31.0, 0.0)	(32.0, 0.0)	(33.0, 0.3333333333333333)	(34.0, 0.3333333333333333)	(35.0, 0.3333333333333333)	(36.0, 0.0)	(37.0, 0.3333333333333333)	(38.0, 0.3333333333333333)	(39.0, 0.6666666666666666)	(40.0, 1.0)	(41.0, 0.0)	(42.0, 0.0)	(43.0, 0.0)	(44.0, 0.0)	(45.0, 0.3333333333333333)	(46.0, 4.333333333333333)	(47.0, 20.66666666666666)	(48.0, 48.666666666666735)	(49.0, 149.9999999999999)	(50.0, 588.6666666666637)	(51.0, 1161.6666666666817)	(52.0, 3755.00000000059)	(53.0, 10702.666666668252)	(54.0, 6726.999999998352)	(55.0, 952.666666666705)	(56.0, 324.33333333333235)	(57.0, 541.333333333325)	(58.0, 643.6666666666699)	(59.0, 151.6666666666666)	(60.0, 29.66666666666663)	(61.0, 11.66666666666667)	(62.0, 5.666666666666665)	(63.0, 3.0)	(64.0, 1.0)	(65.0, 1.0)	(66.0, 1.6666666666666665)	(67.0, 1.0)	(68.0, 0.0)	(69.0, 1.3333333333333333)	(70.0, 1.3333333333333333)	(71.0, 0.3333333333333333)	(72.0, 0.0)	(73.0, 0.0)	(74.0, 0.0)	(75.0, 0.0)	(76.0, 0.0)	(77.0, 0.0)	(78.0, 0.0)	(79.0, 0.0)	(80.0, 0.0)	(81.0, 0.0)	(82.0, 0.0)	(83.0, 0.0)	(84.0, 0.0)	(85.0, 0.0)	(86.0, 0.0)	(87.0, 0.0)	(88.0, 0.0)	(89.0, 0.0)	(90.0, 0.0)	(91.0, 0.0)	(92.0, 0.0)	(93.0, 0.0)	(94.0, 0.0)	(95.0, 0.0)	(96.0, 0.0)	(97.0, 0.0)	(98.0, 0.0)	(99.0, 0.0)	(100.0, 0.0)
SRR29920179_2	(0.0, 0.0)	(1.0, 0.0)	(2.0, 0.0)	(3.0, 0.0)	(4.0, 0.0)	(5.0, 0.0)	(6.0, 0.0)	(7.0, 0.0)	(8.0, 0.0)	(9.0, 0.0)	(10.0, 0.0)	(11.0, 0.0)	(12.0, 0.0)	(13.0, 0.0)	(14.0, 0.0)	(15.0, 0.0)	(16.0, 0.0)	(17.0, 0.0)	(18.0, 0.0)	(19.0, 0.0)	(20.0, 0.0)	(21.0, 0.0)	(22.0, 0.0)	(23.0, 0.0)	(24.0, 0.0)	(25.0, 0.0)	(26.0, 0.0)	(27.0, 0.0)	(28.0, 0.0)	(29.0, 0.0)	(30.0, 0.0)	(31.0, 0.0)	(32.0, 0.0)	(33.0, 0.0)	(34.0, 0.0)	(35.0, 0.0)	(36.0, 0.0)	(37.0, 0.0)	(38.0, 0.0)	(39.0, 0.0)	(40.0, 0.3333333333333333)	(41.0, 0.6666666666666666)	(42.0, 0.3333333333333333)	(43.0, 0.0)	(44.0, 0.3333333333333333)	(45.0, 1.0)	(46.0, 0.6666666666666666)	(47.0, 0.6666666666666666)	(48.0, 1.9999999999999998)	(49.0, 5.999999999999998)	(50.0, 54.00000000000011)	(51.0, 453.66666666665833)	(52.0, 2378.6666666666306)	(53.0, 2851.0000000001787)	(54.0, 4510.000000000368)	(55.0, 8746.999999998028)	(56.0, 3648.666666667208)	(57.0, 796.333333333354)	(58.0, 487.9999999999897)	(59.0, 443.3333333333256)	(60.0, 767.3333333333507)	(61.0, 392.6666666666618)	(62.0, 100.33333333333299)	(63.0, 38.666666666666664)	(64.0, 25.999999999999975)	(65.0, 15.666666666666677)	(66.0, 14.000000000000007)	(67.0, 9.333333333333332)	(68.0, 5.666666666666665)	(69.0, 3.3333333333333335)	(70.0, 3.666666666666667)	(71.0, 2.333333333333333)	(72.0, 0.3333333333333333)	(73.0, 0.6666666666666666)	(74.0, 0.6666666666666666)	(75.0, 0.0)	(76.0, 0.0)	(77.0, 0.0)	(78.0, 0.3333333333333333)	(79.0, 0.6666666666666666)	(80.0, 0.0)	(81.0, 0.0)	(82.0, 0.0)	(83.0, 0.0)	(84.0, 0.0)	(85.0, 0.0)	(86.0, 0.3333333333333333)	(87.0, 0.0)	(88.0, 0.0)	(89.0, 0.3333333333333333)	(90.0, 0.3333333333333333)	(91.0, 0.0)	(92.0, 0.0)	(93.0, 0.0)	(94.0, 0.0)	(95.0, 0.0)	(96.0, 0.0)	(97.0, 0.0)	(98.0, 0.0)	(99.0, 0.0)	(100.0, 0.0)
SRR29920180_1	(0.0, 0.0)	(1.0, 0.0)	(2.0, 0.0)	(3.0, 0.0)	(4.0, 0.0)	(5.0, 0.0)	(6.0, 0.0)	(7.0, 0.0)	(8.0, 0.0)	(9.0, 0.0)	(10.0, 0.0)	(11.0, 0.0)	(12.0, 0.0)	(13.0, 0.0)	(14.0, 0.0)	(15.0, 0.0)	(16.0, 0.0)	(17.0, 0.0)	(18.0, 0.0)	(19.0, 0.0)	(20.0, 0.0)	(21.0, 0.0)	(22.0, 0.0)	(23.0, 0.0)	(24.0, 0.0)	(25.0, 0.0)	(26.0, 0.0)	(27.0, 0.0)	(28.0, 0.0)	(29.0, 0.3333333333333333)	(30.0, 0.3333333333333333)	(31.0, 0.0)	(32.0, 0.3333333333333333)	(33.0, 0.3333333333333333)	(34.0, 0.0)	(35.0, 0.0)	(36.0, 0.0)	(37.0, 0.0)	(38.0, 0.0)	(39.0, 0.3333333333333333)	(40.0, 0.3333333333333333)	(41.0, 0.0)	(42.0, 0.0)	(43.0, 0.3333333333333333)	(44.0, 1.3333333333333333)	(45.0, 1.0)	(46.0, 8.33333333333333)	(47.0, 32.99999999999996)	(48.0, 84.66666666666654)	(49.0, 181.00000000000077)	(50.0, 672.0000000000065)	(51.0, 1258.6666666666597)	(52.0, 4463.666666667077)	(53.0, 12677.000000005177)	(54.0, 7680.333333330818)	(55.0, 1190.6666666666752)	(56.0, 457.9999999999914)	(57.0, 1167.3333333333471)	(58.0, 1620.6666666665774)	(59.0, 357.3333333333305)	(60.0, 35.66666666666664)	(61.0, 16.333333333333343)	(62.0, 10.666666666666668)	(63.0, 3.0)	(64.0, 1.9999999999999998)	(65.0, 2.333333333333333)	(66.0, 3.3333333333333335)	(67.0, 0.6666666666666666)	(68.0, 1.3333333333333333)	(69.0, 1.0)	(70.0, 1.6666666666666665)	(71.0, 0.3333333333333333)	(72.0, 0.3333333333333333)	(73.0, 0.6666666666666666)	(74.0, 0.6666666666666666)	(75.0, 0.0)	(76.0, 0.0)	(77.0, 0.0)	(78.0, 0.0)	(79.0, 0.0)	(80.0, 0.0)	(81.0, 0.0)	(82.0, 0.0)	(83.0, 0.0)	(84.0, 0.0)	(85.0, 0.0)	(86.0, 0.0)	(87.0, 0.0)	(88.0, 0.0)	(89.0, 0.0)	(90.0, 0.0)	(91.0, 0.0)	(92.0, 0.0)	(93.0, 0.0)	(94.0, 0.0)	(95.0, 0.0)	(96.0, 0.0)	(97.0, 0.0)	(98.0, 0.0)	(99.0, 0.0)	(100.0, 0.0)
SRR29920180_2	(0.0, 0.0)	(1.0, 0.0)	(2.0, 0.0)	(3.0, 0.0)	(4.0, 0.0)	(5.0, 0.0)	(6.0, 0.0)	(7.0, 0.0)	(8.0, 0.0)	(9.0, 0.0)	(10.0, 0.0)	(11.0, 0.0)	(12.0, 0.0)	(13.0, 0.0)	(14.0, 0.0)	(15.0, 0.0)	(16.0, 0.0)	(17.0, 0.0)	(18.0, 0.0)	(19.0, 0.0)	(20.0, 0.0)	(21.0, 0.0)	(22.0, 0.0)	(23.0, 0.0)	(24.0, 0.0)	(25.0, 0.0)	(26.0, 0.0)	(27.0, 0.0)	(28.0, 0.0)	(29.0, 0.0)	(30.0, 0.0)	(31.0, 0.0)	(32.0, 0.0)	(33.0, 0.0)	(34.0, 0.0)	(35.0, 0.0)	(36.0, 0.0)	(37.0, 0.0)	(38.0, 0.0)	(39.0, 0.0)	(40.0, 0.0)	(41.0, 0.0)	(42.0, 0.0)	(43.0, 0.3333333333333333)	(44.0, 0.0)	(45.0, 0.3333333333333333)	(46.0, 0.6666666666666666)	(47.0, 1.6666666666666665)	(48.0, 4.666666666666666)	(49.0, 10.333333333333334)	(50.0, 56.00000000000012)	(51.0, 565.6666666666611)	(52.0, 3274.3333333337046)	(53.0, 3828.66666666729)	(54.0, 5267.333333333013)	(55.0, 9744.999999999844)	(56.0, 3998.6666666673673)	(57.0, 830.6666666666912)	(58.0, 519.9999999999892)	(59.0, 779.6666666666854)	(60.0, 1721.3333333332212)	(61.0, 890.666666666698)	(62.0, 212.333333333335)	(63.0, 77.66666666666664)	(64.0, 44.000000000000036)	(65.0, 27.999999999999968)	(66.0, 16.333333333333343)	(67.0, 11.000000000000002)	(68.0, 3.0)	(69.0, 2.333333333333333)	(70.0, 1.9999999999999998)	(71.0, 1.3333333333333333)	(72.0, 0.6666666666666666)	(73.0, 0.0)	(74.0, 0.0)	(75.0, 0.3333333333333333)	(76.0, 0.3333333333333333)	(77.0, 0.0)	(78.0, 0.0)	(79.0, 0.6666666666666666)	(80.0, 0.6666666666666666)	(81.0, 0.0)	(82.0, 0.0)	(83.0, 0.0)	(84.0, 0.0)	(85.0, 0.0)	(86.0, 0.0)	(87.0, 0.0)	(88.0, 0.0)	(89.0, 0.0)	(90.0, 0.0)	(91.0, 0.0)	(92.0, 0.3333333333333333)	(93.0, 0.0)	(94.0, 0.0)	(95.0, 0.0)	(96.0, 0.0)	(97.0, 0.0)	(98.0, 0.0)	(99.0, 0.0)	(100.0, 0.0)
SRR29920181_1	(0.0, 0.0)	(1.0, 0.0)	(2.0, 0.0)	(3.0, 0.0)	(4.0, 0.0)	(5.0, 0.0)	(6.0, 0.0)	(7.0, 0.0)	(8.0, 0.0)	(9.0, 0.0)	(10.0, 0.0)	(11.0, 0.0)	(12.0, 0.0)	(13.0, 0.0)	(14.0, 0.0)	(15.0, 0.0)	(16.0, 0.0)	(17.0, 0.0)	(18.0, 0.0)	(19.0, 0.0)	(20.0, 0.0)	(21.0, 0.0)	(22.0, 0.0)	(23.0, 0.0)	(24.0, 0.0)	(25.0, 0.0)	(26.0, 0.0)	(27.0, 0.0)	(28.0, 0.0)	(29.0, 0.0)	(30.0, 0.0)	(31.0, 0.0)	(32.0, 0.0)	(33.0, 0.0)	(34.0, 0.0)	(35.0, 0.6666666666666666)	(36.0, 0.3333333333333333)	(37.0, 0.0)	(38.0, 0.0)	(39.0, 0.3333333333333333)	(40.0, 0.0)	(41.0, 0.0)	(42.0, 0.0)	(43.0, 0.0)	(44.0, 0.0)	(45.0, 0.3333333333333333)	(46.0, 4.0)	(47.0, 100.33333333333299)	(48.0, 260.333333333336)	(49.0, 236.33333333333567)	(50.0, 664.0000000000056)	(51.0, 1873.9999999998531)	(52.0, 5020.999999999904)	(53.0, 7688.666666664144)	(54.0, 4412.0000000004575)	(55.0, 1410.6666666666251)	(56.0, 492.6666666666561)	(57.0, 325.9999999999989)	(58.0, 301.33333333333366)	(59.0, 75.00000000000001)	(60.0, 19.999999999999996)	(61.0, 4.666666666666666)	(62.0, 1.6666666666666665)	(63.0, 1.6666666666666665)	(64.0, 0.6666666666666666)	(65.0, 1.6666666666666665)	(66.0, 1.0)	(67.0, 0.0)	(68.0, 0.3333333333333333)	(69.0, 1.3333333333333333)	(70.0, 1.6666666666666665)	(71.0, 1.0)	(72.0, 0.3333333333333333)	(73.0, 0.0)	(74.0, 0.0)	(75.0, 0.0)	(76.0, 0.0)	(77.0, 0.0)	(78.0, 0.0)	(79.0, 0.0)	(80.0, 0.0)	(81.0, 0.0)	(82.0, 0.0)	(83.0, 0.0)	(84.0, 0.0)	(85.0, 0.0)	(86.0, 0.0)	(87.0, 0.0)	(88.0, 0.0)	(89.0, 0.0)	(90.0, 0.0)	(91.0, 0.0)	(92.0, 0.0)	(93.0, 0.0)	(94.0, 0.0)	(95.0, 0.0)	(96.0, 0.0)	(97.0, 0.0)	(98.0, 0.0)	(99.0, 0.0)	(100.0, 0.0)
SRR29920181_2	(0.0, 0.0)	(1.0, 0.0)	(2.0, 0.0)	(3.0, 0.0)	(4.0, 0.0)	(5.0, 0.0)	(6.0, 0.0)	(7.0, 0.0)	(8.0, 0.0)	(9.0, 0.0)	(10.0, 0.0)	(11.0, 0.0)	(12.0, 0.0)	(13.0, 0.0)	(14.0, 0.0)	(15.0, 0.0)	(16.0, 0.0)	(17.0, 0.0)	(18.0, 0.0)	(19.0, 0.0)	(20.0, 0.0)	(21.0, 0.0)	(22.0, 0.0)	(23.0, 0.0)	(24.0, 0.0)	(25.0, 0.0)	(26.0, 0.0)	(27.0, 0.0)	(28.0, 0.0)	(29.0, 0.0)	(30.0, 0.0)	(31.0, 0.0)	(32.0, 0.0)	(33.0, 0.0)	(34.0, 0.0)	(35.0, 0.0)	(36.0, 0.0)	(37.0, 0.0)	(38.0, 0.0)	(39.0, 0.0)	(40.0, 0.0)	(41.0, 0.0)	(42.0, 0.3333333333333333)	(43.0, 0.3333333333333333)	(44.0, 0.3333333333333333)	(45.0, 0.3333333333333333)	(46.0, 0.6666666666666666)	(47.0, 1.6666666666666665)	(48.0, 4.0)	(49.0, 25.999999999999975)	(50.0, 103.66666666666627)	(51.0, 210.0000000000016)	(52.0, 673.0000000000066)	(53.0, 1580.6666666665865)	(54.0, 4114.666666667395)	(55.0, 7056.666666664719)	(56.0, 4295.333333333897)	(57.0, 1428.666666666621)	(58.0, 954.3333333333719)	(59.0, 1056.3333333333724)	(60.0, 793.3333333333536)	(61.0, 315.6666666666662)	(62.0, 140.33333333333294)	(63.0, 38.666666666666664)	(64.0, 17.66666666666667)	(65.0, 13.33333333333334)	(66.0, 6.666666666666664)	(67.0, 4.333333333333333)	(68.0, 4.0)	(69.0, 3.0)	(70.0, 1.0)	(71.0, 0.0)	(72.0, 0.3333333333333333)	(73.0, 0.3333333333333333)	(74.0, 0.0)	(75.0, 0.0)	(76.0, 0.0)	(77.0, 0.0)	(78.0, 0.3333333333333333)	(79.0, 0.0)	(80.0, 0.0)	(81.0, 0.0)	(82.0, 0.0)	(83.0, 0.0)	(84.0, 0.0)	(85.0, 0.0)	(86.0, 0.0)	(87.0, 0.0)	(88.0, 0.0)	(89.0, 0.0)	(90.0, 0.0)	(91.0, 0.0)	(92.0, 0.0)	(93.0, 0.0)	(94.0, 0.0)	(95.0, 0.0)	(96.0, 0.0)	(97.0, 0.0)	(98.0, 0.0)	(99.0, 0.0)	(100.0, 0.0)
SRR29920182_1	(0.0, 0.0)	(1.0, 0.0)	(2.0, 0.0)	(3.0, 0.0)	(4.0, 0.0)	(5.0, 0.0)	(6.0, 0.0)	(7.0, 0.0)	(8.0, 0.0)	(9.0, 0.0)	(10.0, 0.0)	(11.0, 0.0)	(12.0, 0.0)	(13.0, 0.0)	(14.0, 0.0)	(15.0, 0.0)	(16.0, 0.0)	(17.0, 0.0)	(18.0, 0.0)	(19.0, 0.0)	(20.0, 0.0)	(21.0, 0.0)	(22.0, 0.0)	(23.0, 0.0)	(24.0, 0.0)	(25.0, 0.0)	(26.0, 0.0)	(27.0, 0.0)	(28.0, 0.0)	(29.0, 0.3333333333333333)	(30.0, 0.3333333333333333)	(31.0, 0.6666666666666666)	(32.0, 0.3333333333333333)	(33.0, 0.3333333333333333)	(34.0, 0.3333333333333333)	(35.0, 0.3333333333333333)	(36.0, 1.0)	(37.0, 0.6666666666666666)	(38.0, 0.3333333333333333)	(39.0, 0.0)	(40.0, 0.3333333333333333)	(41.0, 1.0)	(42.0, 0.3333333333333333)	(43.0, 0.3333333333333333)	(44.0, 0.3333333333333333)	(45.0, 0.6666666666666666)	(46.0, 0.3333333333333333)	(47.0, 1.9999999999999998)	(48.0, 21.99999999999999)	(49.0, 55.000000000000114)	(50.0, 195.3333333333345)	(51.0, 553.6666666666597)	(52.0, 3951.000000000679)	(53.0, 20425.33333333055)	(54.0, 15174.000000009719)	(55.0, 2004.3333333331568)	(56.0, 782.000000000019)	(57.0, 1148.0000000000182)	(58.0, 729.6666666666797)	(59.0, 209.00000000000156)	(60.0, 154.33333333333334)	(61.0, 72.00000000000006)	(62.0, 22.33333333333332)	(63.0, 9.333333333333332)	(64.0, 3.3333333333333335)	(65.0, 1.9999999999999998)	(66.0, 1.6666666666666665)	(67.0, 0.3333333333333333)	(68.0, 0.0)	(69.0, 1.0)	(70.0, 1.0)	(71.0, 0.0)	(72.0, 0.0)	(73.0, 0.0)	(74.0, 0.3333333333333333)	(75.0, 0.3333333333333333)	(76.0, 0.0)	(77.0, 0.0)	(78.0, 0.0)	(79.0, 0.0)	(80.0, 0.0)	(81.0, 0.0)	(82.0, 0.0)	(83.0, 0.0)	(84.0, 0.0)	(85.0, 0.0)	(86.0, 0.0)	(87.0, 0.0)	(88.0, 0.0)	(89.0, 0.0)	(90.0, 0.0)	(91.0, 0.0)	(92.0, 0.0)	(93.0, 0.0)	(94.0, 0.0)	(95.0, 0.0)	(96.0, 0.0)	(97.0, 0.0)	(98.0, 0.0)	(99.0, 0.0)	(100.0, 0.0)
SRR29920182_2	(0.0, 0.0)	(1.0, 0.0)	(2.0, 0.0)	(3.0, 0.0)	(4.0, 0.0)	(5.0, 0.0)	(6.0, 0.0)	(7.0, 0.0)	(8.0, 0.0)	(9.0, 0.0)	(10.0, 0.0)	(11.0, 0.0)	(12.0, 0.0)	(13.0, 0.0)	(14.0, 0.0)	(15.0, 0.0)	(16.0, 0.0)	(17.0, 0.0)	(18.0, 0.0)	(19.0, 0.0)	(20.0, 0.0)	(21.0, 0.0)	(22.0, 0.0)	(23.0, 0.0)	(24.0, 0.0)	(25.0, 0.0)	(26.0, 0.0)	(27.0, 0.0)	(28.0, 0.0)	(29.0, 0.0)	(30.0, 0.0)	(31.0, 0.0)	(32.0, 0.0)	(33.0, 0.0)	(34.0, 0.0)	(35.0, 0.3333333333333333)	(36.0, 0.0)	(37.0, 0.0)	(38.0, 0.3333333333333333)	(39.0, 0.0)	(40.0, 0.0)	(41.0, 0.0)	(42.0, 0.3333333333333333)	(43.0, 0.3333333333333333)	(44.0, 0.6666666666666666)	(45.0, 0.3333333333333333)	(46.0, 0.3333333333333333)	(47.0, 1.6666666666666665)	(48.0, 1.9999999999999998)	(49.0, 8.999999999999998)	(50.0, 29.66666666666663)	(51.0, 51.000000000000085)	(52.0, 249.0000000000027)	(53.0, 947.3333333333711)	(54.0, 6386.666666665328)	(55.0, 20058.666666665216)	(56.0, 12468.000000004797)	(57.0, 1687.9999999998954)	(58.0, 493.33333333332274)	(59.0, 345.33333333333115)	(60.0, 476.3333333333237)	(61.0, 1013.666666666712)	(62.0, 957.0000000000389)	(63.0, 204.00000000000142)	(64.0, 52.33333333333343)	(65.0, 29.333333333333297)	(66.0, 14.666666666666675)	(67.0, 7.666666666666663)	(68.0, 6.666666666666664)	(69.0, 5.666666666666665)	(70.0, 1.3333333333333333)	(71.0, 1.6666666666666665)	(72.0, 0.6666666666666666)	(73.0, 1.0)	(74.0, 0.3333333333333333)	(75.0, 0.3333333333333333)	(76.0, 0.0)	(77.0, 0.0)	(78.0, 0.3333333333333333)	(79.0, 0.0)	(80.0, 0.0)	(81.0, 0.0)	(82.0, 0.0)	(83.0, 0.0)	(84.0, 0.0)	(85.0, 0.0)	(86.0, 0.0)	(87.0, 0.0)	(88.0, 0.0)	(89.0, 0.0)	(90.0, 0.0)	(91.0, 0.0)	(92.0, 0.0)	(93.0, 0.3333333333333333)	(94.0, 0.0)	(95.0, 0.3333333333333333)	(96.0, 0.3333333333333333)	(97.0, 0.0)	(98.0, 0.0)	(99.0, 0.0)	(100.0, 0.0)
SRR29920183_1	(0.0, 0.0)	(1.0, 0.0)	(2.0, 0.0)	(3.0, 0.0)	(4.0, 0.0)	(5.0, 0.0)	(6.0, 0.0)	(7.0, 0.0)	(8.0, 0.0)	(9.0, 0.0)	(10.0, 0.0)	(11.0, 0.0)	(12.0, 0.0)	(13.0, 0.0)	(14.0, 0.0)	(15.0, 0.0)	(16.0, 0.0)	(17.0, 0.0)	(18.0, 0.0)	(19.0, 0.0)	(20.0, 0.0)	(21.0, 0.0)	(22.0, 0.0)	(23.0, 0.0)	(24.0, 0.0)	(25.0, 0.0)	(26.0, 0.0)	(27.0, 0.0)	(28.0, 0.0)	(29.0, 0.0)	(30.0, 0.0)	(31.0, 0.0)	(32.0, 0.0)	(33.0, 0.0)	(34.0, 0.0)	(35.0, 0.0)	(36.0, 0.0)	(37.0, 0.3333333333333333)	(38.0, 0.3333333333333333)	(39.0, 0.6666666666666666)	(40.0, 0.3333333333333333)	(41.0, 1.0)	(42.0, 1.0)	(43.0, 0.6666666666666666)	(44.0, 0.3333333333333333)	(45.0, 0.6666666666666666)	(46.0, 0.0)	(47.0, 0.3333333333333333)	(48.0, 3.666666666666667)	(49.0, 27.666666666666636)	(50.0, 107.33333333333289)	(51.0, 236.33333333333567)	(52.0, 2365.6666666666247)	(53.0, 13332.333333339702)	(54.0, 9799.66666666661)	(55.0, 1011.3333333333784)	(56.0, 221.0000000000019)	(57.0, 195.00000000000117)	(58.0, 111.33333333333283)	(59.0, 43.00000000000003)	(60.0, 18.333333333333336)	(61.0, 11.66666666666667)	(62.0, 6.333333333333331)	(63.0, 2.333333333333333)	(64.0, 1.3333333333333333)	(65.0, 1.3333333333333333)	(66.0, 2.6666666666666665)	(67.0, 0.6666666666666666)	(68.0, 0.0)	(69.0, 0.3333333333333333)	(70.0, 0.3333333333333333)	(71.0, 0.0)	(72.0, 0.0)	(73.0, 0.0)	(74.0, 0.0)	(75.0, 0.0)	(76.0, 0.0)	(77.0, 0.0)	(78.0, 0.0)	(79.0, 0.0)	(80.0, 0.0)	(81.0, 0.0)	(82.0, 0.0)	(83.0, 0.0)	(84.0, 0.0)	(85.0, 0.0)	(86.0, 0.0)	(87.0, 0.0)	(88.0, 0.0)	(89.0, 0.0)	(90.0, 0.0)	(91.0, 0.0)	(92.0, 0.0)	(93.0, 0.0)	(94.0, 0.0)	(95.0, 0.0)	(96.0, 0.0)	(97.0, 0.0)	(98.0, 0.0)	(99.0, 0.0)	(100.0, 0.0)
SRR29920183_2	(0.0, 0.0)	(1.0, 0.0)	(2.0, 0.0)	(3.0, 0.0)	(4.0, 0.0)	(5.0, 0.0)	(6.0, 0.0)	(7.0, 0.0)	(8.0, 0.0)	(9.0, 0.0)	(10.0, 0.0)	(11.0, 0.0)	(12.0, 0.0)	(13.0, 0.0)	(14.0, 0.0)	(15.0, 0.0)	(16.0, 0.0)	(17.0, 0.0)	(18.0, 0.0)	(19.0, 0.0)	(20.0, 0.0)	(21.0, 0.0)	(22.0, 0.0)	(23.0, 0.0)	(24.0, 0.0)	(25.0, 0.0)	(26.0, 0.0)	(27.0, 0.0)	(28.0, 0.0)	(29.0, 0.0)	(30.0, 0.0)	(31.0, 0.0)	(32.0, 0.0)	(33.0, 0.0)	(34.0, 0.0)	(35.0, 0.0)	(36.0, 0.0)	(37.0, 0.0)	(38.0, 0.0)	(39.0, 0.3333333333333333)	(40.0, 0.6666666666666666)	(41.0, 0.6666666666666666)	(42.0, 0.3333333333333333)	(43.0, 0.3333333333333333)	(44.0, 0.3333333333333333)	(45.0, 0.0)	(46.0, 0.3333333333333333)	(47.0, 1.0)	(48.0, 1.3333333333333333)	(49.0, 3.0)	(50.0, 14.333333333333341)	(51.0, 28.3333333333333)	(52.0, 47.66666666666673)	(53.0, 236.66666666666902)	(54.0, 2288.6666666665897)	(55.0, 12068.666666670737)	(56.0, 10500.000000001217)	(57.0, 1238.9999999999975)	(58.0, 298.0000000000005)	(59.0, 154.33333333333334)	(60.0, 111.99999999999949)	(61.0, 164.66666666666697)	(62.0, 140.6666666666663)	(63.0, 33.33333333333329)	(64.0, 12.000000000000004)	(65.0, 8.999999999999998)	(66.0, 5.333333333333332)	(67.0, 5.666666666666665)	(68.0, 3.666666666666667)	(69.0, 2.333333333333333)	(70.0, 3.0)	(71.0, 1.0)	(72.0, 0.3333333333333333)	(73.0, 0.6666666666666666)	(74.0, 0.0)	(75.0, 0.3333333333333333)	(76.0, 0.6666666666666666)	(77.0, 0.0)	(78.0, 0.0)	(79.0, 0.0)	(80.0, 0.0)	(81.0, 0.0)	(82.0, 0.0)	(83.0, 0.0)	(84.0, 0.0)	(85.0, 0.0)	(86.0, 0.0)	(87.0, 0.0)	(88.0, 0.0)	(89.0, 0.0)	(90.0, 0.0)	(91.0, 0.0)	(92.0, 0.0)	(93.0, 0.0)	(94.0, 0.0)	(95.0, 0.0)	(96.0, 0.0)	(97.0, 0.0)	(98.0, 0.0)	(99.0, 0.0)	(100.0, 0.0)
SRR29920184_1	(0.0, 0.0)	(1.0, 0.0)	(2.0, 0.0)	(3.0, 0.0)	(4.0, 0.0)	(5.0, 0.0)	(6.0, 0.0)	(7.0, 0.0)	(8.0, 0.0)	(9.0, 0.0)	(10.0, 0.0)	(11.0, 0.0)	(12.0, 0.0)	(13.0, 0.0)	(14.0, 0.0)	(15.0, 0.0)	(16.0, 0.0)	(17.0, 0.0)	(18.0, 0.0)	(19.0, 0.0)	(20.0, 0.0)	(21.0, 0.0)	(22.0, 0.0)	(23.0, 0.0)	(24.0, 0.0)	(25.0, 0.0)	(26.0, 0.0)	(27.0, 0.0)	(28.0, 0.0)	(29.0, 0.0)	(30.0, 0.0)	(31.0, 0.0)	(32.0, 0.0)	(33.0, 0.0)	(34.0, 0.3333333333333333)	(35.0, 0.3333333333333333)	(36.0, 0.6666666666666666)	(37.0, 1.3333333333333333)	(38.0, 1.3333333333333333)	(39.0, 0.3333333333333333)	(40.0, 0.3333333333333333)	(41.0, 0.0)	(42.0, 0.3333333333333333)	(43.0, 0.0)	(44.0, 0.0)	(45.0, 0.0)	(46.0, 1.6666666666666665)	(47.0, 4.666666666666666)	(48.0, 21.333333333333325)	(49.0, 166.66666666666703)	(50.0, 1334.3333333333092)	(51.0, 2319.9999999999372)	(52.0, 3169.6666666669903)	(53.0, 9868.666666666735)	(54.0, 6473.666666665249)	(55.0, 852.3333333333603)	(56.0, 336.666666666665)	(57.0, 154.0)	(58.0, 76.0)	(59.0, 24.333333333333314)	(60.0, 12.000000000000004)	(61.0, 4.999999999999999)	(62.0, 3.3333333333333335)	(63.0, 1.3333333333333333)	(64.0, 0.6666666666666666)	(65.0, 1.0)	(66.0, 1.0)	(67.0, 0.0)	(68.0, 0.0)	(69.0, 0.3333333333333333)	(70.0, 0.3333333333333333)	(71.0, 0.0)	(72.0, 0.0)	(73.0, 0.0)	(74.0, 0.0)	(75.0, 0.0)	(76.0, 0.0)	(77.0, 0.0)	(78.0, 0.0)	(79.0, 0.0)	(80.0, 0.0)	(81.0, 0.0)	(82.0, 0.0)	(83.0, 0.0)	(84.0, 0.0)	(85.0, 0.0)	(86.0, 0.0)	(87.0, 0.0)	(88.0, 0.0)	(89.0, 0.0)	(90.0, 0.0)	(91.0, 0.0)	(92.0, 0.0)	(93.0, 0.0)	(94.0, 0.0)	(95.0, 0.0)	(96.0, 0.0)	(97.0, 0.0)	(98.0, 0.0)	(99.0, 0.0)	(100.0, 0.0)
SRR29920184_2	(0.0, 0.0)	(1.0, 0.0)	(2.0, 0.0)	(3.0, 0.0)	(4.0, 0.0)	(5.0, 0.0)	(6.0, 0.0)	(7.0, 0.0)	(8.0, 0.0)	(9.0, 0.0)	(10.0, 0.0)	(11.0, 0.0)	(12.0, 0.0)	(13.0, 0.0)	(14.0, 0.0)	(15.0, 0.0)	(16.0, 0.0)	(17.0, 0.0)	(18.0, 0.0)	(19.0, 0.0)	(20.0, 0.0)	(21.0, 0.0)	(22.0, 0.0)	(23.0, 0.0)	(24.0, 0.0)	(25.0, 0.0)	(26.0, 0.0)	(27.0, 0.0)	(28.0, 0.0)	(29.0, 0.0)	(30.0, 0.0)	(31.0, 0.0)	(32.0, 0.0)	(33.0, 0.0)	(34.0, 0.0)	(35.0, 0.0)	(36.0, 0.0)	(37.0, 0.0)	(38.0, 0.0)	(39.0, 0.0)	(40.0, 0.0)	(41.0, 0.0)	(42.0, 0.0)	(43.0, 0.3333333333333333)	(44.0, 0.0)	(45.0, 1.0)	(46.0, 1.0)	(47.0, 0.0)	(48.0, 1.6666666666666665)	(49.0, 14.666666666666675)	(50.0, 61.66666666666683)	(51.0, 236.33333333333567)	(52.0, 950.0000000000381)	(53.0, 2048.6666666664805)	(54.0, 6172.33333333219)	(55.0, 10052.000000000402)	(56.0, 3880.33333333398)	(57.0, 690.6666666666753)	(58.0, 265.666666666669)	(59.0, 138.3333333333329)	(60.0, 130.666666666666)	(61.0, 111.99999999999949)	(62.0, 59.33333333333348)	(63.0, 20.66666666666666)	(64.0, 10.666666666666668)	(65.0, 4.999999999999999)	(66.0, 4.0)	(67.0, 3.0)	(68.0, 3.666666666666667)	(69.0, 2.333333333333333)	(70.0, 2.6666666666666665)	(71.0, 3.0)	(72.0, 0.6666666666666666)	(73.0, 0.3333333333333333)	(74.0, 0.0)	(75.0, 0.0)	(76.0, 0.0)	(77.0, 0.0)	(78.0, 0.0)	(79.0, 0.0)	(80.0, 0.0)	(81.0, 0.0)	(82.0, 0.0)	(83.0, 0.0)	(84.0, 0.0)	(85.0, 0.0)	(86.0, 0.0)	(87.0, 0.0)	(88.0, 0.0)	(89.0, 0.0)	(90.0, 0.0)	(91.0, 0.0)	(92.0, 0.0)	(93.0, 0.0)	(94.0, 0.3333333333333333)	(95.0, 0.3333333333333333)	(96.0, 0.0)	(97.0, 0.0)	(98.0, 0.0)	(99.0, 0.0)	(100.0, 0.0)
SRR29920185_1	(0.0, 0.0)	(1.0, 0.0)	(2.0, 0.0)	(3.0, 0.0)	(4.0, 0.0)	(5.0, 0.0)	(6.0, 0.0)	(7.0, 0.0)	(8.0, 0.0)	(9.0, 0.0)	(10.0, 0.0)	(11.0, 0.0)	(12.0, 0.0)	(13.0, 0.0)	(14.0, 0.0)	(15.0, 0.0)	(16.0, 0.0)	(17.0, 0.0)	(18.0, 0.0)	(19.0, 0.0)	(20.0, 0.0)	(21.0, 0.0)	(22.0, 0.0)	(23.0, 0.0)	(24.0, 0.0)	(25.0, 0.0)	(26.0, 0.0)	(27.0, 0.0)	(28.0, 0.0)	(29.0, 0.0)	(30.0, 0.0)	(31.0, 0.0)	(32.0, 0.0)	(33.0, 0.0)	(34.0, 0.3333333333333333)	(35.0, 0.0)	(36.0, 0.0)	(37.0, 0.0)	(38.0, 0.3333333333333333)	(39.0, 0.0)	(40.0, 0.6666666666666666)	(41.0, 1.0)	(42.0, 0.3333333333333333)	(43.0, 1.6666666666666665)	(44.0, 1.3333333333333333)	(45.0, 1.3333333333333333)	(46.0, 1.3333333333333333)	(47.0, 0.6666666666666666)	(48.0, 6.333333333333331)	(49.0, 69.66666666666676)	(50.0, 371.3333333333297)	(51.0, 763.0000000000168)	(52.0, 2640.0000000000828)	(53.0, 11347.000000002758)	(54.0, 8282.66666666385)	(55.0, 1112.0000000000264)	(56.0, 461.33333333332456)	(57.0, 455.3333333333249)	(58.0, 298.66666666666714)	(59.0, 78.3333333333333)	(60.0, 45.00000000000004)	(61.0, 17.33333333333334)	(62.0, 8.33333333333333)	(63.0, 3.666666666666667)	(64.0, 0.6666666666666666)	(65.0, 1.3333333333333333)	(66.0, 3.3333333333333335)	(67.0, 1.3333333333333333)	(68.0, 1.0)	(69.0, 0.0)	(70.0, 0.6666666666666666)	(71.0, 0.6666666666666666)	(72.0, 0.0)	(73.0, 0.0)	(74.0, 0.0)	(75.0, 0.0)	(76.0, 0.0)	(77.0, 0.0)	(78.0, 0.0)	(79.0, 0.0)	(80.0, 0.0)	(81.0, 0.0)	(82.0, 0.0)	(83.0, 0.0)	(84.0, 0.0)	(85.0, 0.0)	(86.0, 0.0)	(87.0, 0.0)	(88.0, 0.0)	(89.0, 0.0)	(90.0, 0.0)	(91.0, 0.0)	(92.0, 0.0)	(93.0, 0.0)	(94.0, 0.0)	(95.0, 0.0)	(96.0, 0.0)	(97.0, 0.0)	(98.0, 0.0)	(99.0, 0.0)	(100.0, 0.0)
SRR29920185_2	(0.0, 0.0)	(1.0, 0.0)	(2.0, 0.0)	(3.0, 0.0)	(4.0, 0.0)	(5.0, 0.0)	(6.0, 0.0)	(7.0, 0.0)	(8.0, 0.0)	(9.0, 0.0)	(10.0, 0.0)	(11.0, 0.0)	(12.0, 0.0)	(13.0, 0.0)	(14.0, 0.0)	(15.0, 0.0)	(16.0, 0.0)	(17.0, 0.0)	(18.0, 0.0)	(19.0, 0.0)	(20.0, 0.0)	(21.0, 0.0)	(22.0, 0.0)	(23.0, 0.0)	(24.0, 0.0)	(25.0, 0.0)	(26.0, 0.0)	(27.0, 0.0)	(28.0, 0.0)	(29.0, 0.0)	(30.0, 0.0)	(31.0, 0.0)	(32.0, 0.0)	(33.0, 0.0)	(34.0, 0.0)	(35.0, 0.0)	(36.0, 0.0)	(37.0, 0.0)	(38.0, 0.3333333333333333)	(39.0, 0.3333333333333333)	(40.0, 0.0)	(41.0, 0.0)	(42.0, 0.3333333333333333)	(43.0, 0.3333333333333333)	(44.0, 0.6666666666666666)	(45.0, 0.6666666666666666)	(46.0, 0.3333333333333333)	(47.0, 0.0)	(48.0, 2.333333333333333)	(49.0, 5.666666666666665)	(50.0, 21.99999999999999)	(51.0, 65.00000000000016)	(52.0, 290.6666666666676)	(53.0, 908.6666666667)	(54.0, 4149.33333333403)	(55.0, 11223.333333335866)	(56.0, 6688.999999998387)	(57.0, 968.0000000000401)	(58.0, 329.33333333333206)	(59.0, 198.3333333333346)	(60.0, 210.33333333333493)	(61.0, 420.3333333333269)	(62.0, 360.99999999999693)	(63.0, 76.33333333333333)	(64.0, 29.66666666666663)	(65.0, 17.66666666666667)	(66.0, 9.666666666666666)	(67.0, 8.999999999999998)	(68.0, 3.3333333333333335)	(69.0, 0.6666666666666666)	(70.0, 2.333333333333333)	(71.0, 1.9999999999999998)	(72.0, 0.3333333333333333)	(73.0, 0.6666666666666666)	(74.0, 0.6666666666666666)	(75.0, 0.0)	(76.0, 0.3333333333333333)	(77.0, 0.0)	(78.0, 0.0)	(79.0, 0.0)	(80.0, 0.0)	(81.0, 0.0)	(82.0, 0.0)	(83.0, 0.0)	(84.0, 0.0)	(85.0, 0.0)	(86.0, 0.0)	(87.0, 0.0)	(88.0, 0.0)	(89.0, 0.0)	(90.0, 0.0)	(91.0, 0.0)	(92.0, 0.0)	(93.0, 0.0)	(94.0, 0.0)	(95.0, 0.0)	(96.0, 0.0)	(97.0, 0.0)	(98.0, 0.0)	(99.0, 0.0)	(100.0, 0.0)
SRR29920186_1	(0.0, 0.0)	(1.0, 0.0)	(2.0, 0.0)	(3.0, 0.0)	(4.0, 0.0)	(5.0, 0.0)	(6.0, 0.0)	(7.0, 0.0)	(8.0, 0.0)	(9.0, 0.0)	(10.0, 0.0)	(11.0, 0.0)	(12.0, 0.0)	(13.0, 0.0)	(14.0, 0.0)	(15.0, 0.0)	(16.0, 0.0)	(17.0, 0.0)	(18.0, 0.0)	(19.0, 0.0)	(20.0, 0.0)	(21.0, 0.0)	(22.0, 0.0)	(23.0, 0.0)	(24.0, 0.0)	(25.0, 0.3333333333333333)	(26.0, 0.0)	(27.0, 0.0)	(28.0, 0.0)	(29.0, 0.0)	(30.0, 0.0)	(31.0, 0.0)	(32.0, 0.0)	(33.0, 0.3333333333333333)	(34.0, 0.6666666666666666)	(35.0, 0.0)	(36.0, 0.0)	(37.0, 0.3333333333333333)	(38.0, 1.0)	(39.0, 0.0)	(40.0, 0.0)	(41.0, 0.0)	(42.0, 0.3333333333333333)	(43.0, 0.0)	(44.0, 0.0)	(45.0, 0.6666666666666666)	(46.0, 2.333333333333333)	(47.0, 4.333333333333333)	(48.0, 10.0)	(49.0, 51.33333333333342)	(50.0, 245.33333333333593)	(51.0, 802.666666666688)	(52.0, 3747.666666667253)	(53.0, 10068.666666667099)	(54.0, 5898.666666665772)	(55.0, 1174.6666666666788)	(56.0, 1270.9999999999902)	(57.0, 2367.333333333292)	(58.0, 1523.3333333332662)	(59.0, 217.33333333333513)	(60.0, 69.33333333333343)	(61.0, 27.333333333333304)	(62.0, 9.666666666666666)	(63.0, 5.333333333333332)	(64.0, 1.9999999999999998)	(65.0, 1.9999999999999998)	(66.0, 1.0)	(67.0, 0.0)	(68.0, 0.0)	(69.0, 0.0)	(70.0, 0.0)	(71.0, 0.0)	(72.0, 0.3333333333333333)	(73.0, 0.0)	(74.0, 0.0)	(75.0, 0.0)	(76.0, 0.0)	(77.0, 0.0)	(78.0, 0.0)	(79.0, 0.0)	(80.0, 0.0)	(81.0, 0.0)	(82.0, 0.0)	(83.0, 0.0)	(84.0, 0.0)	(85.0, 0.0)	(86.0, 0.0)	(87.0, 0.0)	(88.0, 0.0)	(89.0, 0.0)	(90.0, 0.0)	(91.0, 0.0)	(92.0, 0.0)	(93.0, 0.0)	(94.0, 0.0)	(95.0, 0.0)	(96.0, 0.0)	(97.0, 0.0)	(98.0, 0.0)	(99.0, 0.0)	(100.0, 0.0)
SRR29920186_2	(0.0, 0.0)	(1.0, 0.0)	(2.0, 0.0)	(3.0, 0.0)	(4.0, 0.0)	(5.0, 0.0)	(6.0, 0.0)	(7.0, 0.0)	(8.0, 0.0)	(9.0, 0.0)	(10.0, 0.0)	(11.0, 0.0)	(12.0, 0.0)	(13.0, 0.0)	(14.0, 0.0)	(15.0, 0.0)	(16.0, 0.0)	(17.0, 0.0)	(18.0, 0.0)	(19.0, 0.0)	(20.0, 0.0)	(21.0, 0.0)	(22.0, 0.0)	(23.0, 0.0)	(24.0, 0.0)	(25.0, 0.0)	(26.0, 0.0)	(27.0, 0.0)	(28.0, 0.0)	(29.0, 0.0)	(30.0, 0.0)	(31.0, 0.0)	(32.0, 0.0)	(33.0, 0.0)	(34.0, 0.0)	(35.0, 0.0)	(36.0, 0.0)	(37.0, 0.0)	(38.0, 0.0)	(39.0, 0.0)	(40.0, 0.3333333333333333)	(41.0, 0.3333333333333333)	(42.0, 0.0)	(43.0, 0.0)	(44.0, 0.0)	(45.0, 0.6666666666666666)	(46.0, 0.3333333333333333)	(47.0, 1.6666666666666665)	(48.0, 6.333333333333331)	(49.0, 24.666666666666647)	(50.0, 123.99999999999932)	(51.0, 586.6666666666634)	(52.0, 3132.33333333364)	(53.0, 3486.0000000004675)	(54.0, 3979.6666666673586)	(55.0, 7283.666666664512)	(56.0, 3036.000000000263)	(57.0, 503.9999999999888)	(58.0, 221.0000000000019)	(59.0, 191.3333333333344)	(60.0, 409.99999999999415)	(61.0, 1889.9999999998495)	(62.0, 1987.666666666494)	(63.0, 340.99999999999807)	(64.0, 76.99999999999999)	(65.0, 34.666666666666636)	(66.0, 20.66666666666666)	(67.0, 7.9999999999999964)	(68.0, 5.666666666666665)	(69.0, 3.3333333333333335)	(70.0, 1.9999999999999998)	(71.0, 1.3333333333333333)	(72.0, 1.3333333333333333)	(73.0, 3.666666666666667)	(74.0, 1.6666666666666665)	(75.0, 0.0)	(76.0, 0.6666666666666666)	(77.0, 0.0)	(78.0, 1.0)	(79.0, 0.6666666666666666)	(80.0, 0.3333333333333333)	(81.0, 1.6666666666666665)	(82.0, 1.3333333333333333)	(83.0, 0.3333333333333333)	(84.0, 0.0)	(85.0, 0.6666666666666666)	(86.0, 0.6666666666666666)	(87.0, 0.0)	(88.0, 0.0)	(89.0, 0.0)	(90.0, 0.0)	(91.0, 0.3333333333333333)	(92.0, 0.0)	(93.0, 0.0)	(94.0, 0.0)	(95.0, 0.0)	(96.0, 0.0)	(97.0, 0.0)	(98.0, 0.0)	(99.0, 0.0)	(100.0, 0.0)
SRR29920187_1	(0.0, 0.0)	(1.0, 0.0)	(2.0, 0.0)	(3.0, 0.0)	(4.0, 0.0)	(5.0, 0.0)	(6.0, 0.0)	(7.0, 0.0)	(8.0, 0.0)	(9.0, 0.0)	(10.0, 0.0)	(11.0, 0.0)	(12.0, 0.0)	(13.0, 0.0)	(14.0, 0.0)	(15.0, 0.0)	(16.0, 0.0)	(17.0, 0.0)	(18.0, 0.0)	(19.0, 0.0)	(20.0, 0.0)	(21.0, 0.0)	(22.0, 0.0)	(23.0, 0.0)	(24.0, 0.0)	(25.0, 0.0)	(26.0, 0.0)	(27.0, 0.0)	(28.0, 0.0)	(29.0, 0.0)	(30.0, 0.0)	(31.0, 0.0)	(32.0, 0.0)	(33.0, 0.0)	(34.0, 0.3333333333333333)	(35.0, 0.0)	(36.0, 0.3333333333333333)	(37.0, 0.0)	(38.0, 0.0)	(39.0, 0.0)	(40.0, 0.0)	(41.0, 0.3333333333333333)	(42.0, 0.3333333333333333)	(43.0, 0.3333333333333333)	(44.0, 1.3333333333333333)	(45.0, 1.6666666666666665)	(46.0, 1.3333333333333333)	(47.0, 8.33333333333333)	(48.0, 49.33333333333341)	(49.0, 343.6666666666646)	(50.0, 2486.0000000000127)	(51.0, 4116.666666667393)	(52.0, 3949.666666667345)	(53.0, 9974.666666666928)	(54.0, 7005.666666664765)	(55.0, 1589.6666666665844)	(56.0, 1155.666666666683)	(57.0, 517.999999999989)	(58.0, 214.6666666666684)	(59.0, 44.000000000000036)	(60.0, 19.666666666666664)	(61.0, 10.333333333333334)	(62.0, 5.333333333333332)	(63.0, 2.6666666666666665)	(64.0, 1.6666666666666665)	(65.0, 1.0)	(66.0, 0.6666666666666666)	(67.0, 0.0)	(68.0, 1.0)	(69.0, 0.6666666666666666)	(70.0, 0.0)	(71.0, 0.0)	(72.0, 0.0)	(73.0, 0.0)	(74.0, 0.0)	(75.0, 0.0)	(76.0, 0.0)	(77.0, 0.0)	(78.0, 0.0)	(79.0, 0.0)	(80.0, 0.0)	(81.0, 0.0)	(82.0, 0.0)	(83.0, 0.0)	(84.0, 0.0)	(85.0, 0.0)	(86.0, 0.0)	(87.0, 0.0)	(88.0, 0.0)	(89.0, 0.0)	(90.0, 0.0)	(91.0, 0.0)	(92.0, 0.0)	(93.0, 0.0)	(94.0, 0.0)	(95.0, 0.0)	(96.0, 0.0)	(97.0, 0.0)	(98.0, 0.0)	(99.0, 0.0)	(100.0, 0.0)
SRR29920187_2	(0.0, 0.0)	(1.0, 0.0)	(2.0, 0.0)	(3.0, 0.0)	(4.0, 0.0)	(5.0, 0.0)	(6.0, 0.0)	(7.0, 0.0)	(8.0, 0.0)	(9.0, 0.0)	(10.0, 0.0)	(11.0, 0.0)	(12.0, 0.0)	(13.0, 0.0)	(14.0, 0.0)	(15.0, 0.0)	(16.0, 0.0)	(17.0, 0.0)	(18.0, 0.0)	(19.0, 0.0)	(20.0, 0.0)	(21.0, 0.0)	(22.0, 0.0)	(23.0, 0.0)	(24.0, 0.0)	(25.0, 0.0)	(26.0, 0.0)	(27.0, 0.0)	(28.0, 0.0)	(29.0, 0.0)	(30.0, 0.0)	(31.0, 0.0)	(32.0, 0.0)	(33.0, 0.0)	(34.0, 0.0)	(35.0, 0.0)	(36.0, 0.0)	(37.0, 0.0)	(38.0, 0.0)	(39.0, 0.0)	(40.0, 0.0)	(41.0, 0.3333333333333333)	(42.0, 0.3333333333333333)	(43.0, 0.6666666666666666)	(44.0, 0.3333333333333333)	(45.0, 0.6666666666666666)	(46.0, 1.0)	(47.0, 1.0)	(48.0, 1.6666666666666665)	(49.0, 28.999999999999964)	(50.0, 78.99999999999996)	(51.0, 206.33333333333482)	(52.0, 1255.9999999999936)	(53.0, 3480.6666666671317)	(54.0, 8519.333333330947)	(55.0, 10882.000000001912)	(56.0, 4401.0000000004675)	(57.0, 1022.3333333333796)	(58.0, 448.9999999999919)	(59.0, 292.6666666666675)	(60.0, 289.33333333333434)	(61.0, 362.6666666666635)	(62.0, 243.66666666666922)	(63.0, 51.66666666666676)	(64.0, 21.333333333333325)	(65.0, 10.333333333333334)	(66.0, 4.999999999999999)	(67.0, 5.666666666666665)	(68.0, 4.0)	(69.0, 1.6666666666666665)	(70.0, 1.9999999999999998)	(71.0, 3.3333333333333335)	(72.0, 1.6666666666666665)	(73.0, 0.3333333333333333)	(74.0, 0.0)	(75.0, 0.3333333333333333)	(76.0, 0.3333333333333333)	(77.0, 0.0)	(78.0, 1.0)	(79.0, 1.3333333333333333)	(80.0, 0.3333333333333333)	(81.0, 0.0)	(82.0, 0.0)	(83.0, 0.0)	(84.0, 0.0)	(85.0, 0.0)	(86.0, 0.0)	(87.0, 0.0)	(88.0, 0.0)	(89.0, 0.0)	(90.0, 0.0)	(91.0, 0.0)	(92.0, 0.0)	(93.0, 0.0)	(94.0, 0.0)	(95.0, 0.0)	(96.0, 0.0)	(97.0, 0.0)	(98.0, 0.0)	(99.0, 0.0)	(100.0, 0.0)
SRR29920188_1	(0.0, 0.0)	(1.0, 0.0)	(2.0, 0.0)	(3.0, 0.0)	(4.0, 0.0)	(5.0, 0.0)	(6.0, 0.0)	(7.0, 0.0)	(8.0, 0.0)	(9.0, 0.0)	(10.0, 0.0)	(11.0, 0.0)	(12.0, 0.0)	(13.0, 0.0)	(14.0, 0.0)	(15.0, 0.0)	(16.0, 0.0)	(17.0, 0.0)	(18.0, 0.0)	(19.0, 0.0)	(20.0, 0.0)	(21.0, 0.0)	(22.0, 0.0)	(23.0, 0.0)	(24.0, 0.0)	(25.0, 0.0)	(26.0, 0.0)	(27.0, 0.0)	(28.0, 0.0)	(29.0, 0.0)	(30.0, 0.0)	(31.0, 0.0)	(32.0, 0.0)	(33.0, 0.6666666666666666)	(34.0, 0.3333333333333333)	(35.0, 0.0)	(36.0, 0.3333333333333333)	(37.0, 0.3333333333333333)	(38.0, 0.3333333333333333)	(39.0, 0.6666666666666666)	(40.0, 0.3333333333333333)	(41.0, 0.3333333333333333)	(42.0, 0.6666666666666666)	(43.0, 0.6666666666666666)	(44.0, 0.3333333333333333)	(45.0, 0.6666666666666666)	(46.0, 8.999999999999998)	(47.0, 60.333333333333485)	(48.0, 135.3333333333328)	(49.0, 192.66666666666777)	(50.0, 778.6666666666853)	(51.0, 1658.3333333332355)	(52.0, 4095.333333334078)	(53.0, 11450.666666669613)	(54.0, 8483.333333330882)	(55.0, 1980.3333333331623)	(56.0, 647.0000000000036)	(57.0, 880.0000000000301)	(58.0, 971.3333333333738)	(59.0, 212.66666666666833)	(60.0, 23.333333333333318)	(61.0, 10.0)	(62.0, 5.666666666666665)	(63.0, 4.333333333333333)	(64.0, 2.333333333333333)	(65.0, 1.9999999999999998)	(66.0, 0.6666666666666666)	(67.0, 0.6666666666666666)	(68.0, 0.0)	(69.0, 0.6666666666666666)	(70.0, 1.3333333333333333)	(71.0, 0.0)	(72.0, 0.0)	(73.0, 0.0)	(74.0, 0.0)	(75.0, 0.0)	(76.0, 0.0)	(77.0, 0.0)	(78.0, 0.0)	(79.0, 0.0)	(80.0, 0.0)	(81.0, 0.0)	(82.0, 0.0)	(83.0, 0.0)	(84.0, 0.0)	(85.0, 0.0)	(86.0, 0.0)	(87.0, 0.0)	(88.0, 0.0)	(89.0, 0.0)	(90.0, 0.0)	(91.0, 0.0)	(92.0, 0.0)	(93.0, 0.0)	(94.0, 0.0)	(95.0, 0.0)	(96.0, 0.0)	(97.0, 0.0)	(98.0, 0.0)	(99.0, 0.0)	(100.0, 0.0)
SRR29920188_2	(0.0, 0.0)	(1.0, 0.0)	(2.0, 0.0)	(3.0, 0.0)	(4.0, 0.0)	(5.0, 0.0)	(6.0, 0.0)	(7.0, 0.0)	(8.0, 0.0)	(9.0, 0.0)	(10.0, 0.0)	(11.0, 0.0)	(12.0, 0.0)	(13.0, 0.0)	(14.0, 0.0)	(15.0, 0.0)	(16.0, 0.0)	(17.0, 0.0)	(18.0, 0.0)	(19.0, 0.0)	(20.0, 0.0)	(21.0, 0.0)	(22.0, 0.0)	(23.0, 0.0)	(24.0, 0.0)	(25.0, 0.0)	(26.0, 0.0)	(27.0, 0.0)	(28.0, 0.0)	(29.0, 0.0)	(30.0, 0.0)	(31.0, 0.0)	(32.0, 0.0)	(33.0, 0.0)	(34.0, 0.0)	(35.0, 0.0)	(36.0, 0.0)	(37.0, 0.0)	(38.0, 0.0)	(39.0, 0.0)	(40.0, 0.0)	(41.0, 0.0)	(42.0, 0.3333333333333333)	(43.0, 0.3333333333333333)	(44.0, 0.0)	(45.0, 0.0)	(46.0, 0.6666666666666666)	(47.0, 0.6666666666666666)	(48.0, 3.3333333333333335)	(49.0, 20.999999999999993)	(50.0, 76.99999999999999)	(51.0, 149.9999999999999)	(52.0, 474.66666666665714)	(53.0, 1183.0000000000102)	(54.0, 4951.3333333333)	(55.0, 12107.333333337474)	(56.0, 7436.33333333104)	(57.0, 1513.6666666666017)	(58.0, 822.0000000000235)	(59.0, 662.0000000000053)	(60.0, 1028.0000000000455)	(61.0, 706.6666666666771)	(62.0, 342.3333333333313)	(63.0, 94.33333333333307)	(64.0, 37.33333333333332)	(65.0, 17.000000000000007)	(66.0, 8.666666666666664)	(67.0, 7.33333333333333)	(68.0, 4.999999999999999)	(69.0, 3.666666666666667)	(70.0, 2.6666666666666665)	(71.0, 1.3333333333333333)	(72.0, 2.333333333333333)	(73.0, 0.3333333333333333)	(74.0, 0.3333333333333333)	(75.0, 0.0)	(76.0, 0.3333333333333333)	(77.0, 0.6666666666666666)	(78.0, 0.6666666666666666)	(79.0, 0.0)	(80.0, 0.0)	(81.0, 0.0)	(82.0, 0.0)	(83.0, 0.0)	(84.0, 0.3333333333333333)	(85.0, 0.3333333333333333)	(86.0, 0.3333333333333333)	(87.0, 0.0)	(88.0, 0.0)	(89.0, 0.0)	(90.0, 0.0)	(91.0, 0.0)	(92.0, 0.0)	(93.0, 0.0)	(94.0, 0.0)	(95.0, 0.0)	(96.0, 0.0)	(97.0, 0.0)	(98.0, 0.0)	(99.0, 0.0)	(100.0, 0.0)
SRR29920189_1	(0.0, 0.0)	(1.0, 0.0)	(2.0, 0.0)	(3.0, 0.0)	(4.0, 0.0)	(5.0, 0.0)	(6.0, 0.0)	(7.0, 0.0)	(8.0, 0.0)	(9.0, 0.0)	(10.0, 0.0)	(11.0, 0.0)	(12.0, 0.0)	(13.0, 0.0)	(14.0, 0.0)	(15.0, 0.0)	(16.0, 0.0)	(17.0, 0.3333333333333333)	(18.0, 0.3333333333333333)	(19.0, 0.0)	(20.0, 0.0)	(21.0, 0.0)	(22.0, 0.0)	(23.0, 0.0)	(24.0, 0.0)	(25.0, 0.0)	(26.0, 0.0)	(27.0, 0.0)	(28.0, 0.0)	(29.0, 0.0)	(30.0, 0.0)	(31.0, 0.0)	(32.0, 0.3333333333333333)	(33.0, 0.3333333333333333)	(34.0, 0.6666666666666666)	(35.0, 1.0)	(36.0, 0.3333333333333333)	(37.0, 0.0)	(38.0, 0.0)	(39.0, 0.0)	(40.0, 1.0)	(41.0, 1.0)	(42.0, 1.3333333333333333)	(43.0, 1.3333333333333333)	(44.0, 1.0)	(45.0, 1.0)	(46.0, 7.666666666666663)	(47.0, 25.33333333333331)	(48.0, 563.6666666666608)	(49.0, 1403.99999999996)	(50.0, 1167.3333333333471)	(51.0, 1204.0000000000055)	(52.0, 2368.666666666626)	(53.0, 7957.333333330566)	(54.0, 6681.66666666506)	(55.0, 1830.999999999863)	(56.0, 760.6666666666832)	(57.0, 2075.9999999998263)	(58.0, 2370.9999999999604)	(59.0, 479.99999999999017)	(60.0, 61.33333333333349)	(61.0, 22.666666666666654)	(62.0, 12.666666666666671)	(63.0, 4.333333333333333)	(64.0, 1.6666666666666665)	(65.0, 1.3333333333333333)	(66.0, 1.6666666666666665)	(67.0, 1.0)	(68.0, 1.3333333333333333)	(69.0, 0.6666666666666666)	(70.0, 0.6666666666666666)	(71.0, 0.0)	(72.0, 0.0)	(73.0, 0.0)	(74.0, 0.0)	(75.0, 0.0)	(76.0, 0.0)	(77.0, 0.0)	(78.0, 0.0)	(79.0, 0.0)	(80.0, 0.0)	(81.0, 0.0)	(82.0, 0.0)	(83.0, 0.0)	(84.0, 0.0)	(85.0, 0.0)	(86.0, 0.0)	(87.0, 0.0)	(88.0, 0.0)	(89.0, 0.0)	(90.0, 0.0)	(91.0, 0.0)	(92.0, 0.0)	(93.0, 0.0)	(94.0, 0.0)	(95.0, 0.0)	(96.0, 0.0)	(97.0, 0.0)	(98.0, 0.0)	(99.0, 0.0)	(100.0, 0.0)
SRR29920189_2	(0.0, 0.0)	(1.0, 0.0)	(2.0, 0.0)	(3.0, 0.0)	(4.0, 0.0)	(5.0, 0.0)	(6.0, 0.0)	(7.0, 0.0)	(8.0, 0.0)	(9.0, 0.0)	(10.0, 0.0)	(11.0, 0.0)	(12.0, 0.0)	(13.0, 0.0)	(14.0, 0.0)	(15.0, 0.0)	(16.0, 0.0)	(17.0, 0.0)	(18.0, 0.0)	(19.0, 0.0)	(20.0, 0.0)	(21.0, 0.3333333333333333)	(22.0, 0.3333333333333333)	(23.0, 0.0)	(24.0, 0.0)	(25.0, 0.0)	(26.0, 0.0)	(27.0, 0.0)	(28.0, 0.0)	(29.0, 0.0)	(30.0, 0.0)	(31.0, 0.0)	(32.0, 0.0)	(33.0, 0.0)	(34.0, 0.0)	(35.0, 0.0)	(36.0, 0.0)	(37.0, 0.0)	(38.0, 0.3333333333333333)	(39.0, 0.0)	(40.0, 0.0)	(41.0, 0.0)	(42.0, 0.3333333333333333)	(43.0, 0.0)	(44.0, 0.6666666666666666)	(45.0, 1.0)	(46.0, 0.3333333333333333)	(47.0, 0.6666666666666666)	(48.0, 6.333333333333331)	(49.0, 69.66666666666676)	(50.0, 185.66666666666757)	(51.0, 138.3333333333329)	(52.0, 354.66666666666396)	(53.0, 774.6666666666848)	(54.0, 2959.666666666895)	(55.0, 7895.666666663956)	(56.0, 5660.3333333326555)	(57.0, 3005.0000000002487)	(58.0, 1468.3333333332787)	(59.0, 1199.0000000000066)	(60.0, 2149.99999999986)	(61.0, 1675.6666666665649)	(62.0, 1047.6666666667077)	(63.0, 247.66666666666933)	(64.0, 91.33333333333312)	(65.0, 48.000000000000064)	(66.0, 25.999999999999975)	(67.0, 13.666666666666673)	(68.0, 9.333333333333332)	(69.0, 4.666666666666666)	(70.0, 3.3333333333333335)	(71.0, 3.0)	(72.0, 2.333333333333333)	(73.0, 1.6666666666666665)	(74.0, 1.3333333333333333)	(75.0, 1.3333333333333333)	(76.0, 0.6666666666666666)	(77.0, 0.3333333333333333)	(78.0, 0.0)	(79.0, 1.3333333333333333)	(80.0, 1.0)	(81.0, 1.0)	(82.0, 0.3333333333333333)	(83.0, 0.0)	(84.0, 0.6666666666666666)	(85.0, 0.3333333333333333)	(86.0, 0.0)	(87.0, 0.3333333333333333)	(88.0, 0.0)	(89.0, 0.0)	(90.0, 0.0)	(91.0, 0.0)	(92.0, 0.0)	(93.0, 0.0)	(94.0, 0.0)	(95.0, 0.0)	(96.0, 0.0)	(97.0, 0.0)	(98.0, 0.0)	(99.0, 0.0)	(100.0, 0.0)
SRR29920190_1	(0.0, 0.0)	(1.0, 0.0)	(2.0, 0.0)	(3.0, 0.0)	(4.0, 0.0)	(5.0, 0.0)	(6.0, 0.0)	(7.0, 0.0)	(8.0, 0.0)	(9.0, 0.0)	(10.0, 0.0)	(11.0, 0.0)	(12.0, 0.0)	(13.0, 0.0)	(14.0, 0.0)	(15.0, 0.0)	(16.0, 0.0)	(17.0, 0.0)	(18.0, 0.0)	(19.0, 0.0)	(20.0, 0.0)	(21.0, 0.0)	(22.0, 0.0)	(23.0, 0.0)	(24.0, 0.0)	(25.0, 0.0)	(26.0, 0.0)	(27.0, 0.0)	(28.0, 0.0)	(29.0, 0.0)	(30.0, 0.0)	(31.0, 0.0)	(32.0, 0.3333333333333333)	(33.0, 0.3333333333333333)	(34.0, 0.3333333333333333)	(35.0, 0.0)	(36.0, 0.6666666666666666)	(37.0, 0.0)	(38.0, 0.6666666666666666)	(39.0, 1.0)	(40.0, 0.3333333333333333)	(41.0, 0.3333333333333333)	(42.0, 0.3333333333333333)	(43.0, 0.6666666666666666)	(44.0, 1.0)	(45.0, 1.6666666666666665)	(46.0, 4.999999999999999)	(47.0, 64.3333333333335)	(48.0, 534.6666666666575)	(49.0, 894.6666666666985)	(50.0, 826.000000000024)	(51.0, 1067.3333333333699)	(52.0, 3149.666666666981)	(53.0, 13240.333333339535)	(54.0, 11342.333333336082)	(55.0, 2863.3333333335177)	(56.0, 941.6666666667038)	(57.0, 1770.9999999998765)	(58.0, 1571.3333333332553)	(59.0, 280.33333333333485)	(60.0, 42.66666666666669)	(61.0, 19.0)	(62.0, 8.666666666666664)	(63.0, 3.0)	(64.0, 2.333333333333333)	(65.0, 0.6666666666666666)	(66.0, 1.9999999999999998)	(67.0, 0.3333333333333333)	(68.0, 1.0)	(69.0, 0.3333333333333333)	(70.0, 0.3333333333333333)	(71.0, 1.0)	(72.0, 0.3333333333333333)	(73.0, 0.0)	(74.0, 0.0)	(75.0, 0.0)	(76.0, 0.0)	(77.0, 0.0)	(78.0, 0.0)	(79.0, 0.0)	(80.0, 0.0)	(81.0, 0.0)	(82.0, 0.0)	(83.0, 0.0)	(84.0, 0.0)	(85.0, 0.0)	(86.0, 0.0)	(87.0, 0.0)	(88.0, 0.0)	(89.0, 0.0)	(90.0, 0.0)	(91.0, 0.0)	(92.0, 0.0)	(93.0, 0.0)	(94.0, 0.0)	(95.0, 0.0)	(96.0, 0.0)	(97.0, 0.0)	(98.0, 0.0)	(99.0, 0.0)	(100.0, 0.0)
SRR29920190_2	(0.0, 0.0)	(1.0, 0.0)	(2.0, 0.0)	(3.0, 0.0)	(4.0, 0.0)	(5.0, 0.0)	(6.0, 0.0)	(7.0, 0.0)	(8.0, 0.0)	(9.0, 0.0)	(10.0, 0.0)	(11.0, 0.0)	(12.0, 0.0)	(13.0, 0.0)	(14.0, 0.0)	(15.0, 0.0)	(16.0, 0.0)	(17.0, 0.0)	(18.0, 0.0)	(19.0, 0.0)	(20.0, 0.0)	(21.0, 0.0)	(22.0, 0.0)	(23.0, 0.0)	(24.0, 0.0)	(25.0, 0.0)	(26.0, 0.0)	(27.0, 0.0)	(28.0, 0.0)	(29.0, 0.0)	(30.0, 0.0)	(31.0, 0.0)	(32.0, 0.0)	(33.0, 0.0)	(34.0, 0.0)	(35.0, 0.0)	(36.0, 0.0)	(37.0, 0.0)	(38.0, 0.0)	(39.0, 0.0)	(40.0, 0.0)	(41.0, 0.0)	(42.0, 0.3333333333333333)	(43.0, 0.3333333333333333)	(44.0, 0.3333333333333333)	(45.0, 0.3333333333333333)	(46.0, 0.6666666666666666)	(47.0, 1.3333333333333333)	(48.0, 5.666666666666665)	(49.0, 72.00000000000006)	(50.0, 156.3333333333334)	(51.0, 107.33333333333289)	(52.0, 273.33333333333525)	(53.0, 672.0000000000065)	(54.0, 3655.333333333878)	(55.0, 13362.333333339757)	(56.0, 10994.000000002115)	(57.0, 2990.000000000242)	(58.0, 1344.6666666666401)	(59.0, 865.0000000000284)	(60.0, 1376.3333333332996)	(61.0, 1361.9999999999695)	(62.0, 1006.0000000000445)	(63.0, 232.6666666666689)	(64.0, 77.33333333333331)	(65.0, 38.666666666666664)	(66.0, 20.66666666666666)	(67.0, 15.666666666666677)	(68.0, 6.999999999999997)	(69.0, 4.333333333333333)	(70.0, 2.6666666666666665)	(71.0, 3.666666666666667)	(72.0, 2.6666666666666665)	(73.0, 3.0)	(74.0, 1.9999999999999998)	(75.0, 2.333333333333333)	(76.0, 1.0)	(77.0, 1.3333333333333333)	(78.0, 1.6666666666666665)	(79.0, 0.3333333333333333)	(80.0, 0.3333333333333333)	(81.0, 0.0)	(82.0, 0.0)	(83.0, 0.0)	(84.0, 0.0)	(85.0, 0.0)	(86.0, 0.0)	(87.0, 0.0)	(88.0, 0.0)	(89.0, 0.0)	(90.0, 0.0)	(91.0, 0.0)	(92.0, 0.0)	(93.0, 0.0)	(94.0, 0.0)	(95.0, 0.0)	(96.0, 0.0)	(97.0, 0.0)	(98.0, 0.0)	(99.0, 0.0)	(100.0, 0.0)
SRR29920191_1	(0.0, 0.0)	(1.0, 0.0)	(2.0, 0.0)	(3.0, 0.0)	(4.0, 0.0)	(5.0, 0.0)	(6.0, 0.0)	(7.0, 0.0)	(8.0, 0.0)	(9.0, 0.0)	(10.0, 0.0)	(11.0, 0.0)	(12.0, 0.0)	(13.0, 0.0)	(14.0, 0.0)	(15.0, 0.0)	(16.0, 0.0)	(17.0, 0.0)	(18.0, 0.0)	(19.0, 0.0)	(20.0, 0.0)	(21.0, 0.0)	(22.0, 0.0)	(23.0, 0.0)	(24.0, 0.0)	(25.0, 0.0)	(26.0, 0.0)	(27.0, 0.0)	(28.0, 0.0)	(29.0, 0.0)	(30.0, 0.0)	(31.0, 0.3333333333333333)	(32.0, 0.3333333333333333)	(33.0, 0.0)	(34.0, 0.0)	(35.0, 0.0)	(36.0, 0.0)	(37.0, 0.0)	(38.0, 0.0)	(39.0, 0.0)	(40.0, 0.3333333333333333)	(41.0, 0.6666666666666666)	(42.0, 0.3333333333333333)	(43.0, 0.3333333333333333)	(44.0, 1.3333333333333333)	(45.0, 1.0)	(46.0, 1.0)	(47.0, 12.666666666666671)	(48.0, 167.00000000000037)	(49.0, 379.3333333333292)	(50.0, 354.99999999999727)	(51.0, 414.99999999999386)	(52.0, 1912.666666666511)	(53.0, 9082.666666665305)	(54.0, 7594.999999997563)	(55.0, 1751.3333333332143)	(56.0, 503.9999999999888)	(57.0, 802.3333333333546)	(58.0, 664.6666666666723)	(59.0, 117.33333333333275)	(60.0, 23.66666666666665)	(61.0, 10.0)	(62.0, 4.999999999999999)	(63.0, 2.6666666666666665)	(64.0, 2.333333333333333)	(65.0, 1.9999999999999998)	(66.0, 4.666666666666666)	(67.0, 3.0)	(68.0, 1.3333333333333333)	(69.0, 1.0)	(70.0, 1.0)	(71.0, 0.0)	(72.0, 0.0)	(73.0, 0.0)	(74.0, 0.0)	(75.0, 0.0)	(76.0, 0.0)	(77.0, 0.0)	(78.0, 0.0)	(79.0, 0.0)	(80.0, 0.0)	(81.0, 0.0)	(82.0, 0.0)	(83.0, 0.0)	(84.0, 0.0)	(85.0, 0.0)	(86.0, 0.0)	(87.0, 0.0)	(88.0, 0.0)	(89.0, 0.0)	(90.0, 0.0)	(91.0, 0.0)	(92.0, 0.0)	(93.0, 0.0)	(94.0, 0.0)	(95.0, 0.0)	(96.0, 0.0)	(97.0, 0.0)	(98.0, 0.0)	(99.0, 0.0)	(100.0, 0.0)
SRR29920191_2	(0.0, 0.0)	(1.0, 0.0)	(2.0, 0.0)	(3.0, 0.0)	(4.0, 0.0)	(5.0, 0.0)	(6.0, 0.0)	(7.0, 0.0)	(8.0, 0.0)	(9.0, 0.0)	(10.0, 0.0)	(11.0, 0.0)	(12.0, 0.0)	(13.0, 0.0)	(14.0, 0.0)	(15.0, 0.0)	(16.0, 0.0)	(17.0, 0.0)	(18.0, 0.0)	(19.0, 0.0)	(20.0, 0.0)	(21.0, 0.0)	(22.0, 0.0)	(23.0, 0.0)	(24.0, 0.0)	(25.0, 0.0)	(26.0, 0.0)	(27.0, 0.0)	(28.0, 0.0)	(29.0, 0.0)	(30.0, 0.0)	(31.0, 0.0)	(32.0, 0.0)	(33.0, 0.0)	(34.0, 0.0)	(35.0, 0.0)	(36.0, 0.0)	(37.0, 0.0)	(38.0, 0.3333333333333333)	(39.0, 0.3333333333333333)	(40.0, 0.0)	(41.0, 0.0)	(42.0, 0.0)	(43.0, 0.0)	(44.0, 0.3333333333333333)	(45.0, 0.0)	(46.0, 0.3333333333333333)	(47.0, 0.3333333333333333)	(48.0, 1.6666666666666665)	(49.0, 12.000000000000004)	(50.0, 31.66666666666662)	(51.0, 30.333333333333293)	(52.0, 101.99999999999963)	(53.0, 273.66666666666856)	(54.0, 2099.999999999837)	(55.0, 8923.99999999835)	(56.0, 7525.333333330959)	(57.0, 1820.3333333331987)	(58.0, 752.333333333349)	(59.0, 382.66666666666237)	(60.0, 524.9999999999898)	(61.0, 613.9999999999999)	(62.0, 528.6666666666569)	(63.0, 117.33333333333275)	(64.0, 32.66666666666662)	(65.0, 18.000000000000004)	(66.0, 10.0)	(67.0, 5.333333333333332)	(68.0, 5.333333333333332)	(69.0, 4.333333333333333)	(70.0, 2.6666666666666665)	(71.0, 1.0)	(72.0, 1.0)	(73.0, 1.3333333333333333)	(74.0, 1.3333333333333333)	(75.0, 1.0)	(76.0, 1.0)	(77.0, 0.3333333333333333)	(78.0, 0.0)	(79.0, 0.0)	(80.0, 0.0)	(81.0, 0.3333333333333333)	(82.0, 0.3333333333333333)	(83.0, 0.0)	(84.0, 0.0)	(85.0, 0.0)	(86.0, 0.0)	(87.0, 0.0)	(88.0, 0.0)	(89.0, 0.0)	(90.0, 0.0)	(91.0, 0.0)	(92.0, 0.0)	(93.0, 0.0)	(94.0, 0.0)	(95.0, 0.3333333333333333)	(96.0, 0.3333333333333333)	(97.0, 0.0)	(98.0, 0.0)	(99.0, 0.0)	(100.0, 0.0)
SRR29920192_1	(0.0, 0.0)	(1.0, 0.0)	(2.0, 0.0)	(3.0, 0.0)	(4.0, 0.0)	(5.0, 0.0)	(6.0, 0.0)	(7.0, 0.0)	(8.0, 0.0)	(9.0, 0.0)	(10.0, 0.0)	(11.0, 0.0)	(12.0, 0.0)	(13.0, 0.0)	(14.0, 0.0)	(15.0, 0.0)	(16.0, 0.0)	(17.0, 0.0)	(18.0, 0.0)	(19.0, 0.0)	(20.0, 0.0)	(21.0, 0.0)	(22.0, 0.0)	(23.0, 0.0)	(24.0, 0.0)	(25.0, 0.0)	(26.0, 0.0)	(27.0, 0.0)	(28.0, 0.0)	(29.0, 0.0)	(30.0, 0.0)	(31.0, 0.0)	(32.0, 0.0)	(33.0, 0.0)	(34.0, 0.0)	(35.0, 0.0)	(36.0, 0.3333333333333333)	(37.0, 0.0)	(38.0, 0.0)	(39.0, 0.0)	(40.0, 0.3333333333333333)	(41.0, 0.3333333333333333)	(42.0, 0.0)	(43.0, 0.0)	(44.0, 0.0)	(45.0, 0.3333333333333333)	(46.0, 3.0)	(47.0, 3.3333333333333335)	(48.0, 6.333333333333331)	(49.0, 88.99999999999982)	(50.0, 568.9999999999948)	(51.0, 1295.333333333318)	(52.0, 2782.333333333481)	(53.0, 8166.333333330376)	(54.0, 6340.66666666537)	(55.0, 1798.3333333332037)	(56.0, 682.0000000000076)	(57.0, 1125.0000000000234)	(58.0, 1125.0000000000234)	(59.0, 223.00000000000196)	(60.0, 31.66666666666662)	(61.0, 11.000000000000002)	(62.0, 4.333333333333333)	(63.0, 1.0)	(64.0, 1.0)	(65.0, 0.3333333333333333)	(66.0, 0.3333333333333333)	(67.0, 0.3333333333333333)	(68.0, 0.3333333333333333)	(69.0, 1.3333333333333333)	(70.0, 1.3333333333333333)	(71.0, 0.6666666666666666)	(72.0, 0.0)	(73.0, 0.0)	(74.0, 0.0)	(75.0, 0.0)	(76.0, 0.0)	(77.0, 0.0)	(78.0, 0.0)	(79.0, 0.0)	(80.0, 0.0)	(81.0, 0.0)	(82.0, 0.0)	(83.0, 0.0)	(84.0, 0.0)	(85.0, 0.0)	(86.0, 0.0)	(87.0, 0.0)	(88.0, 0.0)	(89.0, 0.0)	(90.0, 0.0)	(91.0, 0.0)	(92.0, 0.0)	(93.0, 0.0)	(94.0, 0.0)	(95.0, 0.0)	(96.0, 0.0)	(97.0, 0.0)	(98.0, 0.0)	(99.0, 0.0)	(100.0, 0.0)
SRR29920192_2	(0.0, 0.0)	(1.0, 0.0)	(2.0, 0.0)	(3.0, 0.0)	(4.0, 0.0)	(5.0, 0.0)	(6.0, 0.0)	(7.0, 0.0)	(8.0, 0.0)	(9.0, 0.0)	(10.0, 0.0)	(11.0, 0.0)	(12.0, 0.0)	(13.0, 0.0)	(14.0, 0.0)	(15.0, 0.0)	(16.0, 0.0)	(17.0, 0.0)	(18.0, 0.0)	(19.0, 0.0)	(20.0, 0.0)	(21.0, 0.0)	(22.0, 0.0)	(23.0, 0.0)	(24.0, 0.0)	(25.0, 0.0)	(26.0, 0.0)	(27.0, 0.0)	(28.0, 0.0)	(29.0, 0.0)	(30.0, 0.0)	(31.0, 0.0)	(32.0, 0.0)	(33.0, 0.0)	(34.0, 0.0)	(35.0, 0.0)	(36.0, 0.0)	(37.0, 0.0)	(38.0, 0.0)	(39.0, 0.0)	(40.0, 0.0)	(41.0, 0.0)	(42.0, 0.0)	(43.0, 0.0)	(44.0, 0.3333333333333333)	(45.0, 0.3333333333333333)	(46.0, 0.0)	(47.0, 1.6666666666666665)	(48.0, 7.666666666666663)	(49.0, 43.6666666666667)	(50.0, 96.66666666666637)	(51.0, 104.66666666666626)	(52.0, 232.6666666666689)	(53.0, 909.6666666667002)	(54.0, 3606.3333333338555)	(55.0, 8026.333333330504)	(56.0, 5172.333333333099)	(57.0, 1562.6666666665906)	(58.0, 1029.6666666667118)	(59.0, 724.3333333333458)	(60.0, 1101.6666666666954)	(61.0, 880.6666666666969)	(62.0, 551.6666666666595)	(63.0, 130.33333333333266)	(64.0, 42.00000000000002)	(65.0, 18.000000000000004)	(66.0, 12.666666666666671)	(67.0, 7.9999999999999964)	(68.0, 5.999999999999998)	(69.0, 3.0)	(70.0, 2.6666666666666665)	(71.0, 2.333333333333333)	(72.0, 0.3333333333333333)	(73.0, 0.6666666666666666)	(74.0, 0.3333333333333333)	(75.0, 0.6666666666666666)	(76.0, 1.0)	(77.0, 0.6666666666666666)	(78.0, 0.0)	(79.0, 0.3333333333333333)	(80.0, 0.0)	(81.0, 0.3333333333333333)	(82.0, 0.0)	(83.0, 0.0)	(84.0, 0.0)	(85.0, 0.0)	(86.0, 0.0)	(87.0, 0.0)	(88.0, 0.0)	(89.0, 0.0)	(90.0, 0.0)	(91.0, 0.0)	(92.0, 0.0)	(93.0, 0.0)	(94.0, 0.0)	(95.0, 0.0)	(96.0, 0.0)	(97.0, 0.0)	(98.0, 0.3333333333333333)	(99.0, 0.0)	(100.0, 0.0)
SRR29920193_1	(0.0, 0.0)	(1.0, 0.0)	(2.0, 0.0)	(3.0, 0.0)	(4.0, 0.0)	(5.0, 0.0)	(6.0, 0.0)	(7.0, 0.0)	(8.0, 0.0)	(9.0, 0.0)	(10.0, 0.0)	(11.0, 0.0)	(12.0, 0.0)	(13.0, 0.0)	(14.0, 0.0)	(15.0, 0.0)	(16.0, 0.0)	(17.0, 0.0)	(18.0, 0.0)	(19.0, 0.0)	(20.0, 0.0)	(21.0, 0.0)	(22.0, 0.0)	(23.0, 0.0)	(24.0, 0.0)	(25.0, 0.0)	(26.0, 0.0)	(27.0, 0.0)	(28.0, 0.3333333333333333)	(29.0, 0.3333333333333333)	(30.0, 0.0)	(31.0, 0.0)	(32.0, 0.0)	(33.0, 0.0)	(34.0, 0.0)	(35.0, 0.0)	(36.0, 0.0)	(37.0, 0.0)	(38.0, 0.0)	(39.0, 0.0)	(40.0, 0.3333333333333333)	(41.0, 0.6666666666666666)	(42.0, 0.0)	(43.0, 0.3333333333333333)	(44.0, 0.6666666666666666)	(45.0, 0.0)	(46.0, 3.3333333333333335)	(47.0, 10.0)	(48.0, 23.66666666666665)	(49.0, 237.00000000000236)	(50.0, 1726.6666666665533)	(51.0, 3342.000000000402)	(52.0, 4558.000000000325)	(53.0, 6224.999999998809)	(54.0, 3479.333333333798)	(55.0, 2780.6666666668134)	(56.0, 1771.9999999998763)	(57.0, 1012.0000000000451)	(58.0, 1097.0000000000298)	(59.0, 244.3333333333359)	(60.0, 48.3333333333334)	(61.0, 20.66666666666666)	(62.0, 11.000000000000002)	(63.0, 4.0)	(64.0, 2.6666666666666665)	(65.0, 1.3333333333333333)	(66.0, 1.3333333333333333)	(67.0, 1.6666666666666665)	(68.0, 1.3333333333333333)	(69.0, 1.0)	(70.0, 0.3333333333333333)	(71.0, 0.0)	(72.0, 0.3333333333333333)	(73.0, 0.0)	(74.0, 0.0)	(75.0, 0.0)	(76.0, 0.0)	(77.0, 0.0)	(78.0, 0.0)	(79.0, 0.0)	(80.0, 0.0)	(81.0, 0.0)	(82.0, 0.0)	(83.0, 0.0)	(84.0, 0.0)	(85.0, 0.0)	(86.0, 0.0)	(87.0, 0.0)	(88.0, 0.0)	(89.0, 0.0)	(90.0, 0.0)	(91.0, 0.0)	(92.0, 0.0)	(93.0, 0.0)	(94.0, 0.0)	(95.0, 0.0)	(96.0, 0.0)	(97.0, 0.0)	(98.0, 0.0)	(99.0, 0.0)	(100.0, 0.0)
SRR29920193_2	(0.0, 0.0)	(1.0, 0.0)	(2.0, 0.0)	(3.0, 0.0)	(4.0, 0.0)	(5.0, 0.0)	(6.0, 0.0)	(7.0, 0.0)	(8.0, 0.0)	(9.0, 0.0)	(10.0, 0.0)	(11.0, 0.0)	(12.0, 0.0)	(13.0, 0.0)	(14.0, 0.0)	(15.0, 0.0)	(16.0, 0.0)	(17.0, 0.0)	(18.0, 0.0)	(19.0, 0.0)	(20.0, 0.0)	(21.0, 0.0)	(22.0, 0.0)	(23.0, 0.0)	(24.0, 0.0)	(25.0, 0.0)	(26.0, 0.0)	(27.0, 0.0)	(28.0, 0.0)	(29.0, 0.0)	(30.0, 0.0)	(31.0, 0.0)	(32.0, 0.0)	(33.0, 0.0)	(34.0, 0.0)	(35.0, 0.0)	(36.0, 0.0)	(37.0, 0.0)	(38.0, 0.0)	(39.0, 0.0)	(40.0, 0.3333333333333333)	(41.0, 0.0)	(42.0, 0.0)	(43.0, 0.0)	(44.0, 0.0)	(45.0, 0.3333333333333333)	(46.0, 1.6666666666666665)	(47.0, 4.666666666666666)	(48.0, 40.00000000000001)	(49.0, 431.6666666666596)	(50.0, 711.6666666666777)	(51.0, 454.33333333332496)	(52.0, 838.0000000000254)	(53.0, 3302.000000000384)	(54.0, 7058.99999999805)	(55.0, 6095.666666665593)	(56.0, 2542.666666666705)	(57.0, 1059.3333333333717)	(58.0, 764.0000000000169)	(59.0, 867.333333333362)	(60.0, 1321.333333333312)	(61.0, 668.3333333333394)	(62.0, 214.0000000000017)	(63.0, 67.66666666666679)	(64.0, 36.999999999999986)	(65.0, 19.999999999999996)	(66.0, 10.0)	(67.0, 7.666666666666663)	(68.0, 6.666666666666664)	(69.0, 2.6666666666666665)	(70.0, 1.9999999999999998)	(71.0, 1.9999999999999998)	(72.0, 1.6666666666666665)	(73.0, 0.6666666666666666)	(74.0, 0.6666666666666666)	(75.0, 0.3333333333333333)	(76.0, 0.6666666666666666)	(77.0, 0.0)	(78.0, 0.0)	(79.0, 0.3333333333333333)	(80.0, 0.0)	(81.0, 0.3333333333333333)	(82.0, 0.0)	(83.0, 0.0)	(84.0, 0.0)	(85.0, 0.0)	(86.0, 0.0)	(87.0, 0.0)	(88.0, 0.0)	(89.0, 0.0)	(90.0, 0.0)	(91.0, 0.0)	(92.0, 0.0)	(93.0, 0.0)	(94.0, 0.0)	(95.0, 0.0)	(96.0, 0.0)	(97.0, 0.0)	(98.0, 0.0)	(99.0, 0.3333333333333333)	(100.0, 0.5)
SRR29920194_1	(0.0, 0.0)	(1.0, 0.0)	(2.0, 0.0)	(3.0, 0.0)	(4.0, 0.0)	(5.0, 0.0)	(6.0, 0.0)	(7.0, 0.0)	(8.0, 0.0)	(9.0, 0.0)	(10.0, 0.0)	(11.0, 0.0)	(12.0, 0.0)	(13.0, 0.0)	(14.0, 0.0)	(15.0, 0.0)	(16.0, 0.0)	(17.0, 0.0)	(18.0, 0.0)	(19.0, 0.0)	(20.0, 0.0)	(21.0, 0.0)	(22.0, 0.0)	(23.0, 0.0)	(24.0, 0.0)	(25.0, 0.0)	(26.0, 0.0)	(27.0, 0.0)	(28.0, 0.0)	(29.0, 0.0)	(30.0, 0.0)	(31.0, 0.0)	(32.0, 0.0)	(33.0, 0.3333333333333333)	(34.0, 1.0)	(35.0, 0.3333333333333333)	(36.0, 0.3333333333333333)	(37.0, 1.0)	(38.0, 0.3333333333333333)	(39.0, 0.3333333333333333)	(40.0, 1.0)	(41.0, 0.3333333333333333)	(42.0, 0.3333333333333333)	(43.0, 0.0)	(44.0, 0.3333333333333333)	(45.0, 0.6666666666666666)	(46.0, 6.333333333333331)	(47.0, 35.66666666666664)	(48.0, 775.0000000000182)	(49.0, 1867.6666666665212)	(50.0, 2003.333333333157)	(51.0, 3096.666666666957)	(52.0, 3860.6666666673045)	(53.0, 5048.999999999878)	(54.0, 4590.666666666962)	(55.0, 2031.3333333331507)	(56.0, 855.3333333333607)	(57.0, 1700.6666666665592)	(58.0, 2238.3333333332334)	(59.0, 460.99999999999125)	(60.0, 44.000000000000036)	(61.0, 13.666666666666673)	(62.0, 8.999999999999998)	(63.0, 4.666666666666666)	(64.0, 1.9999999999999998)	(65.0, 0.6666666666666666)	(66.0, 0.6666666666666666)	(67.0, 1.0)	(68.0, 0.3333333333333333)	(69.0, 0.6666666666666666)	(70.0, 0.3333333333333333)	(71.0, 0.6666666666666666)	(72.0, 0.0)	(73.0, 0.0)	(74.0, 0.0)	(75.0, 0.0)	(76.0, 0.0)	(77.0, 0.0)	(78.0, 0.0)	(79.0, 0.0)	(80.0, 0.0)	(81.0, 0.0)	(82.0, 0.0)	(83.0, 0.0)	(84.0, 0.0)	(85.0, 0.0)	(86.0, 0.0)	(87.0, 0.0)	(88.0, 0.0)	(89.0, 0.0)	(90.0, 0.0)	(91.0, 0.0)	(92.0, 0.0)	(93.0, 0.0)	(94.0, 0.0)	(95.0, 0.0)	(96.0, 0.0)	(97.0, 0.0)	(98.0, 0.0)	(99.0, 0.0)	(100.0, 0.0)
SRR29920194_2	(0.0, 0.0)	(1.0, 0.0)	(2.0, 0.0)	(3.0, 0.0)	(4.0, 0.0)	(5.0, 0.0)	(6.0, 0.0)	(7.0, 0.0)	(8.0, 0.0)	(9.0, 0.0)	(10.0, 0.0)	(11.0, 0.0)	(12.0, 0.0)	(13.0, 0.0)	(14.0, 0.0)	(15.0, 0.0)	(16.0, 0.0)	(17.0, 0.0)	(18.0, 0.0)	(19.0, 0.0)	(20.0, 0.0)	(21.0, 0.0)	(22.0, 0.0)	(23.0, 0.0)	(24.0, 0.0)	(25.0, 0.0)	(26.0, 0.0)	(27.0, 0.0)	(28.0, 0.0)	(29.0, 0.0)	(30.0, 0.0)	(31.0, 0.0)	(32.0, 0.0)	(33.0, 0.0)	(34.0, 0.0)	(35.0, 0.0)	(36.0, 0.0)	(37.0, 0.0)	(38.0, 0.0)	(39.0, 0.0)	(40.0, 0.0)	(41.0, 0.0)	(42.0, 0.0)	(43.0, 0.0)	(44.0, 0.0)	(45.0, 0.0)	(46.0, 1.9999999999999998)	(47.0, 4.0)	(48.0, 18.333333333333336)	(49.0, 310.33333333333314)	(50.0, 768.6666666666841)	(51.0, 429.6666666666597)	(52.0, 971.6666666667072)	(53.0, 2107.333333333174)	(54.0, 2555.000000000044)	(55.0, 4387.333333333813)	(56.0, 4760.000000000141)	(57.0, 4065.6666666673977)	(58.0, 2070.999999999824)	(59.0, 1582.666666666586)	(60.0, 2460.666666666668)	(61.0, 1312.3333333333142)	(62.0, 504.99999999998875)	(63.0, 170.3333333333338)	(64.0, 84.99999999999987)	(65.0, 44.000000000000036)	(66.0, 23.999999999999982)	(67.0, 12.666666666666671)	(68.0, 8.33333333333333)	(69.0, 4.333333333333333)	(70.0, 1.3333333333333333)	(71.0, 1.0)	(72.0, 1.3333333333333333)	(73.0, 2.333333333333333)	(74.0, 1.0)	(75.0, 0.3333333333333333)	(76.0, 0.6666666666666666)	(77.0, 0.6666666666666666)	(78.0, 0.6666666666666666)	(79.0, 0.6666666666666666)	(80.0, 0.6666666666666666)	(81.0, 0.3333333333333333)	(82.0, 0.0)	(83.0, 0.3333333333333333)	(84.0, 0.3333333333333333)	(85.0, 0.0)	(86.0, 0.0)	(87.0, 0.0)	(88.0, 0.0)	(89.0, 0.0)	(90.0, 0.0)	(91.0, 0.0)	(92.0, 0.0)	(93.0, 0.0)	(94.0, 0.0)	(95.0, 0.0)	(96.0, 0.0)	(97.0, 0.0)	(98.0, 0.0)	(99.0, 0.0)	(100.0, 0.0)
SRR29920195_1	(0.0, 0.0)	(1.0, 0.0)	(2.0, 0.0)	(3.0, 0.0)	(4.0, 0.0)	(5.0, 0.0)	(6.0, 0.0)	(7.0, 0.0)	(8.0, 0.0)	(9.0, 0.0)	(10.0, 0.0)	(11.0, 0.0)	(12.0, 0.0)	(13.0, 0.0)	(14.0, 0.0)	(15.0, 0.0)	(16.0, 0.0)	(17.0, 0.0)	(18.0, 0.0)	(19.0, 0.0)	(20.0, 0.0)	(21.0, 0.0)	(22.0, 0.0)	(23.0, 0.0)	(24.0, 0.0)	(25.0, 0.0)	(26.0, 0.3333333333333333)	(27.0, 0.3333333333333333)	(28.0, 0.0)	(29.0, 0.0)	(30.0, 0.0)	(31.0, 0.0)	(32.0, 0.0)	(33.0, 0.0)	(34.0, 0.0)	(35.0, 0.0)	(36.0, 0.0)	(37.0, 0.3333333333333333)	(38.0, 0.3333333333333333)	(39.0, 0.3333333333333333)	(40.0, 0.3333333333333333)	(41.0, 0.3333333333333333)	(42.0, 0.0)	(43.0, 0.0)	(44.0, 1.3333333333333333)	(45.0, 1.9999999999999998)	(46.0, 6.999999999999997)	(47.0, 34.99999999999997)	(48.0, 687.3333333333416)	(49.0, 1702.6666666665587)	(50.0, 1395.3333333332953)	(51.0, 1539.3333333332625)	(52.0, 2972.333333333567)	(53.0, 8137.999999997069)	(54.0, 7090.999999998021)	(55.0, 2484.666666666679)	(56.0, 1087.000000000032)	(57.0, 2425.3333333333185)	(58.0, 3034.000000000262)	(59.0, 629.6666666666683)	(60.0, 63.00000000000017)	(61.0, 21.99999999999999)	(62.0, 7.9999999999999964)	(63.0, 4.666666666666666)	(64.0, 4.666666666666666)	(65.0, 2.333333333333333)	(66.0, 4.0)	(67.0, 1.6666666666666665)	(68.0, 0.0)	(69.0, 0.6666666666666666)	(70.0, 2.6666666666666665)	(71.0, 2.333333333333333)	(72.0, 1.6666666666666665)	(73.0, 0.3333333333333333)	(74.0, 0.0)	(75.0, 0.0)	(76.0, 0.0)	(77.0, 0.0)	(78.0, 0.0)	(79.0, 0.0)	(80.0, 0.0)	(81.0, 0.0)	(82.0, 0.0)	(83.0, 0.0)	(84.0, 0.0)	(85.0, 0.0)	(86.0, 0.0)	(87.0, 0.0)	(88.0, 0.0)	(89.0, 0.0)	(90.0, 0.0)	(91.0, 0.0)	(92.0, 0.0)	(93.0, 0.0)	(94.0, 0.0)	(95.0, 0.0)	(96.0, 0.0)	(97.0, 0.0)	(98.0, 0.0)	(99.0, 0.0)	(100.0, 0.0)
SRR29920195_2	(0.0, 0.0)	(1.0, 0.0)	(2.0, 0.0)	(3.0, 0.0)	(4.0, 0.0)	(5.0, 0.0)	(6.0, 0.0)	(7.0, 0.0)	(8.0, 0.0)	(9.0, 0.0)	(10.0, 0.0)	(11.0, 0.0)	(12.0, 0.0)	(13.0, 0.0)	(14.0, 0.0)	(15.0, 0.0)	(16.0, 0.0)	(17.0, 0.0)	(18.0, 0.0)	(19.0, 0.0)	(20.0, 0.0)	(21.0, 0.0)	(22.0, 0.0)	(23.0, 0.0)	(24.0, 0.0)	(25.0, 0.0)	(26.0, 0.0)	(27.0, 0.0)	(28.0, 0.0)	(29.0, 0.0)	(30.0, 0.0)	(31.0, 0.3333333333333333)	(32.0, 0.3333333333333333)	(33.0, 0.0)	(34.0, 0.0)	(35.0, 0.0)	(36.0, 0.0)	(37.0, 0.0)	(38.0, 0.0)	(39.0, 0.0)	(40.0, 0.0)	(41.0, 0.3333333333333333)	(42.0, 1.0)	(43.0, 0.6666666666666666)	(44.0, 0.0)	(45.0, 1.0)	(46.0, 1.0)	(47.0, 1.9999999999999998)	(48.0, 4.0)	(49.0, 78.66666666666663)	(50.0, 194.66666666666782)	(51.0, 167.00000000000037)	(52.0, 581.3333333333295)	(53.0, 1274.3333333333228)	(54.0, 3207.333333333674)	(55.0, 7797.666666664045)	(56.0, 6406.999999998643)	(57.0, 3688.0000000005593)	(58.0, 1878.3333333331855)	(59.0, 1746.3333333332155)	(60.0, 3149.666666666981)	(61.0, 1866.6666666665215)	(62.0, 845.6666666666929)	(63.0, 227.33333333333542)	(64.0, 90.66666666666646)	(65.0, 50.00000000000008)	(66.0, 31.999999999999954)	(67.0, 16.333333333333343)	(68.0, 8.666666666666664)	(69.0, 6.333333333333331)	(70.0, 3.666666666666667)	(71.0, 3.666666666666667)	(72.0, 2.333333333333333)	(73.0, 3.0)	(74.0, 3.666666666666667)	(75.0, 1.6666666666666665)	(76.0, 1.0)	(77.0, 0.3333333333333333)	(78.0, 1.0)	(79.0, 1.0)	(80.0, 0.3333333333333333)	(81.0, 0.0)	(82.0, 0.6666666666666666)	(83.0, 0.6666666666666666)	(84.0, 0.3333333333333333)	(85.0, 0.0)	(86.0, 0.0)	(87.0, 0.0)	(88.0, 0.3333333333333333)	(89.0, 0.3333333333333333)	(90.0, 0.0)	(91.0, 0.0)	(92.0, 0.0)	(93.0, 0.0)	(94.0, 0.0)	(95.0, 0.0)	(96.0, 0.0)	(97.0, 0.0)	(98.0, 0.0)	(99.0, 0.0)	(100.0, 0.0)
SRR29920196_1	(0.0, 0.0)	(1.0, 0.0)	(2.0, 0.0)	(3.0, 0.0)	(4.0, 0.0)	(5.0, 0.0)	(6.0, 0.0)	(7.0, 0.0)	(8.0, 0.0)	(9.0, 0.0)	(10.0, 0.0)	(11.0, 0.0)	(12.0, 0.0)	(13.0, 0.0)	(14.0, 0.0)	(15.0, 0.0)	(16.0, 0.0)	(17.0, 0.0)	(18.0, 0.0)	(19.0, 0.0)	(20.0, 0.0)	(21.0, 0.0)	(22.0, 0.0)	(23.0, 0.0)	(24.0, 0.0)	(25.0, 0.0)	(26.0, 0.0)	(27.0, 0.0)	(28.0, 0.0)	(29.0, 0.0)	(30.0, 0.0)	(31.0, 0.0)	(32.0, 0.0)	(33.0, 0.0)	(34.0, 0.3333333333333333)	(35.0, 0.3333333333333333)	(36.0, 0.6666666666666666)	(37.0, 0.0)	(38.0, 0.6666666666666666)	(39.0, 1.3333333333333333)	(40.0, 0.3333333333333333)	(41.0, 0.0)	(42.0, 0.6666666666666666)	(43.0, 1.3333333333333333)	(44.0, 1.3333333333333333)	(45.0, 1.6666666666666665)	(46.0, 11.333333333333336)	(47.0, 59.66666666666681)	(48.0, 259.66666666666936)	(49.0, 534.6666666666575)	(50.0, 1488.6666666666074)	(51.0, 2443.66666666666)	(52.0, 4929.666666666653)	(53.0, 9790.666666666593)	(54.0, 6131.999999998893)	(55.0, 1984.6666666664946)	(56.0, 664.3333333333389)	(57.0, 1442.3333333332846)	(58.0, 1593.3333333332503)	(59.0, 330.99999999999864)	(60.0, 61.66666666666683)	(61.0, 14.000000000000007)	(62.0, 5.666666666666665)	(63.0, 2.333333333333333)	(64.0, 3.0)	(65.0, 2.333333333333333)	(66.0, 0.3333333333333333)	(67.0, 0.3333333333333333)	(68.0, 0.3333333333333333)	(69.0, 0.0)	(70.0, 0.6666666666666666)	(71.0, 0.6666666666666666)	(72.0, 0.0)	(73.0, 0.0)	(74.0, 0.0)	(75.0, 0.0)	(76.0, 0.0)	(77.0, 0.0)	(78.0, 0.0)	(79.0, 0.0)	(80.0, 0.0)	(81.0, 0.0)	(82.0, 0.0)	(83.0, 0.0)	(84.0, 0.0)	(85.0, 0.0)	(86.0, 0.0)	(87.0, 0.0)	(88.0, 0.0)	(89.0, 0.0)	(90.0, 0.0)	(91.0, 0.0)	(92.0, 0.0)	(93.0, 0.0)	(94.0, 0.0)	(95.0, 0.0)	(96.0, 0.0)	(97.0, 0.0)	(98.0, 0.0)	(99.0, 0.0)	(100.0, 0.0)
SRR29920196_2	(0.0, 0.0)	(1.0, 0.0)	(2.0, 0.0)	(3.0, 0.0)	(4.0, 0.0)	(5.0, 0.0)	(6.0, 0.0)	(7.0, 0.0)	(8.0, 0.0)	(9.0, 0.0)	(10.0, 0.0)	(11.0, 0.0)	(12.0, 0.0)	(13.0, 0.0)	(14.0, 0.0)	(15.0, 0.0)	(16.0, 0.0)	(17.0, 0.0)	(18.0, 0.0)	(19.0, 0.0)	(20.0, 0.0)	(21.0, 0.0)	(22.0, 0.0)	(23.0, 0.0)	(24.0, 0.0)	(25.0, 0.0)	(26.0, 0.0)	(27.0, 0.0)	(28.0, 0.0)	(29.0, 0.0)	(30.0, 0.0)	(31.0, 0.0)	(32.0, 0.0)	(33.0, 0.0)	(34.0, 0.0)	(35.0, 0.0)	(36.0, 0.0)	(37.0, 0.0)	(38.0, 0.0)	(39.0, 0.0)	(40.0, 0.0)	(41.0, 0.0)	(42.0, 0.3333333333333333)	(43.0, 1.0)	(44.0, 0.3333333333333333)	(45.0, 0.3333333333333333)	(46.0, 1.0)	(47.0, 1.3333333333333333)	(48.0, 2.6666666666666665)	(49.0, 37.33333333333332)	(50.0, 191.00000000000105)	(51.0, 568.333333333328)	(52.0, 1369.9999999999677)	(53.0, 2641.3333333334167)	(54.0, 5784.999999999209)	(55.0, 8097.666666663772)	(56.0, 4324.3333333338705)	(57.0, 2105.6666666665064)	(58.0, 1469.3333333332785)	(59.0, 964.333333333373)	(60.0, 1751.6666666665476)	(61.0, 1398.9999999999611)	(62.0, 769.3333333333509)	(63.0, 187.66666666666762)	(64.0, 72.33333333333339)	(65.0, 36.999999999999986)	(66.0, 20.33333333333333)	(67.0, 9.333333333333332)	(68.0, 5.333333333333332)	(69.0, 6.333333333333331)	(70.0, 4.666666666666666)	(71.0, 1.6666666666666665)	(72.0, 1.3333333333333333)	(73.0, 0.3333333333333333)	(74.0, 0.6666666666666666)	(75.0, 1.6666666666666665)	(76.0, 1.9999999999999998)	(77.0, 0.6666666666666666)	(78.0, 0.6666666666666666)	(79.0, 0.6666666666666666)	(80.0, 0.3333333333333333)	(81.0, 0.6666666666666666)	(82.0, 0.3333333333333333)	(83.0, 0.0)	(84.0, 0.0)	(85.0, 0.3333333333333333)	(86.0, 0.3333333333333333)	(87.0, 0.0)	(88.0, 0.0)	(89.0, 0.0)	(90.0, 0.0)	(91.0, 0.0)	(92.0, 0.0)	(93.0, 0.0)	(94.0, 0.0)	(95.0, 0.0)	(96.0, 0.3333333333333333)	(97.0, 0.3333333333333333)	(98.0, 0.0)	(99.0, 0.0)	(100.0, 0.0)
SRR29920197_1	(0.0, 0.0)	(1.0, 0.0)	(2.0, 0.0)	(3.0, 0.0)	(4.0, 0.0)	(5.0, 0.0)	(6.0, 0.0)	(7.0, 0.0)	(8.0, 0.0)	(9.0, 0.0)	(10.0, 0.0)	(11.0, 0.0)	(12.0, 0.0)	(13.0, 0.0)	(14.0, 0.0)	(15.0, 0.0)	(16.0, 0.0)	(17.0, 0.0)	(18.0, 0.0)	(19.0, 0.0)	(20.0, 0.0)	(21.0, 0.0)	(22.0, 0.0)	(23.0, 0.0)	(24.0, 0.0)	(25.0, 0.3333333333333333)	(26.0, 0.0)	(27.0, 0.0)	(28.0, 0.3333333333333333)	(29.0, 0.3333333333333333)	(30.0, 0.0)	(31.0, 0.0)	(32.0, 0.0)	(33.0, 0.0)	(34.0, 0.0)	(35.0, 0.0)	(36.0, 0.3333333333333333)	(37.0, 0.6666666666666666)	(38.0, 0.6666666666666666)	(39.0, 0.6666666666666666)	(40.0, 1.3333333333333333)	(41.0, 0.6666666666666666)	(42.0, 0.3333333333333333)	(43.0, 0.6666666666666666)	(44.0, 1.9999999999999998)	(45.0, 1.3333333333333333)	(46.0, 8.33333333333333)	(47.0, 33.33333333333329)	(48.0, 34.666666666666636)	(49.0, 117.9999999999994)	(50.0, 662.0000000000053)	(51.0, 1525.3333333332657)	(52.0, 4217.666666667301)	(53.0, 11945.33333333718)	(54.0, 8388.33333333071)	(55.0, 1575.3333333332544)	(56.0, 595.9999999999978)	(57.0, 773.000000000018)	(58.0, 796.6666666666873)	(59.0, 201.33333333333468)	(60.0, 52.666666666666764)	(61.0, 20.33333333333333)	(62.0, 4.666666666666666)	(63.0, 2.6666666666666665)	(64.0, 1.3333333333333333)	(65.0, 1.6666666666666665)	(66.0, 3.3333333333333335)	(67.0, 1.3333333333333333)	(68.0, 0.0)	(69.0, 0.0)	(70.0, 0.3333333333333333)	(71.0, 0.3333333333333333)	(72.0, 0.0)	(73.0, 0.0)	(74.0, 0.3333333333333333)	(75.0, 0.3333333333333333)	(76.0, 0.0)	(77.0, 0.0)	(78.0, 0.0)	(79.0, 0.0)	(80.0, 0.0)	(81.0, 0.0)	(82.0, 0.0)	(83.0, 0.0)	(84.0, 0.0)	(85.0, 0.0)	(86.0, 0.0)	(87.0, 0.0)	(88.0, 0.0)	(89.0, 0.0)	(90.0, 0.0)	(91.0, 0.0)	(92.0, 0.0)	(93.0, 0.0)	(94.0, 0.0)	(95.0, 0.0)	(96.0, 0.0)	(97.0, 0.0)	(98.0, 0.0)	(99.0, 0.0)	(100.0, 0.0)
SRR29920197_2	(0.0, 0.0)	(1.0, 0.0)	(2.0, 0.0)	(3.0, 0.0)	(4.0, 0.0)	(5.0, 0.0)	(6.0, 0.0)	(7.0, 0.0)	(8.0, 0.0)	(9.0, 0.0)	(10.0, 0.0)	(11.0, 0.0)	(12.0, 0.0)	(13.0, 0.0)	(14.0, 0.0)	(15.0, 0.0)	(16.0, 0.0)	(17.0, 0.0)	(18.0, 0.0)	(19.0, 0.0)	(20.0, 0.0)	(21.0, 0.0)	(22.0, 0.0)	(23.0, 0.0)	(24.0, 0.0)	(25.0, 0.0)	(26.0, 0.0)	(27.0, 0.0)	(28.0, 0.0)	(29.0, 0.0)	(30.0, 0.0)	(31.0, 0.0)	(32.0, 0.0)	(33.0, 0.0)	(34.0, 0.0)	(35.0, 0.0)	(36.0, 0.0)	(37.0, 0.0)	(38.0, 0.3333333333333333)	(39.0, 0.3333333333333333)	(40.0, 0.0)	(41.0, 0.6666666666666666)	(42.0, 0.6666666666666666)	(43.0, 0.0)	(44.0, 0.0)	(45.0, 1.0)	(46.0, 1.0)	(47.0, 0.6666666666666666)	(48.0, 1.6666666666666665)	(49.0, 9.333333333333332)	(50.0, 47.66666666666673)	(51.0, 209.66666666666825)	(52.0, 1112.666666666693)	(53.0, 2391.6666666666365)	(54.0, 5177.999999999761)	(55.0, 10679.000000001543)	(56.0, 7022.333333331417)	(57.0, 1220.333333333335)	(58.0, 613.9999999999999)	(59.0, 674.0000000000067)	(60.0, 941.6666666667038)	(61.0, 552.999999999993)	(62.0, 238.33333333333573)	(63.0, 73.00000000000004)	(64.0, 31.999999999999954)	(65.0, 23.66666666666665)	(66.0, 11.333333333333336)	(67.0, 5.333333333333332)	(68.0, 3.666666666666667)	(69.0, 3.3333333333333335)	(70.0, 1.9999999999999998)	(71.0, 0.6666666666666666)	(72.0, 1.3333333333333333)	(73.0, 1.6666666666666665)	(74.0, 0.3333333333333333)	(75.0, 0.3333333333333333)	(76.0, 0.3333333333333333)	(77.0, 1.0)	(78.0, 0.6666666666666666)	(79.0, 0.0)	(80.0, 0.3333333333333333)	(81.0, 0.0)	(82.0, 0.0)	(83.0, 0.0)	(84.0, 0.0)	(85.0, 0.0)	(86.0, 0.0)	(87.0, 0.0)	(88.0, 0.0)	(89.0, 0.0)	(90.0, 0.0)	(91.0, 0.0)	(92.0, 0.0)	(93.0, 0.0)	(94.0, 0.3333333333333333)	(95.0, 0.3333333333333333)	(96.0, 0.0)	(97.0, 0.0)	(98.0, 0.0)	(99.0, 0.0)	(100.0, 0.5)
SRR29920198_1	(0.0, 0.0)	(1.0, 0.0)	(2.0, 0.0)	(3.0, 0.0)	(4.0, 0.0)	(5.0, 0.0)	(6.0, 0.0)	(7.0, 0.0)	(8.0, 0.0)	(9.0, 0.0)	(10.0, 0.0)	(11.0, 0.0)	(12.0, 0.0)	(13.0, 0.0)	(14.0, 0.0)	(15.0, 0.0)	(16.0, 0.0)	(17.0, 0.0)	(18.0, 0.0)	(19.0, 0.0)	(20.0, 0.0)	(21.0, 0.0)	(22.0, 0.0)	(23.0, 0.0)	(24.0, 0.0)	(25.0, 0.0)	(26.0, 0.0)	(27.0, 0.0)	(28.0, 0.0)	(29.0, 0.0)	(30.0, 0.0)	(31.0, 0.0)	(32.0, 0.0)	(33.0, 0.0)	(34.0, 0.3333333333333333)	(35.0, 0.0)	(36.0, 1.0)	(37.0, 0.6666666666666666)	(38.0, 0.3333333333333333)	(39.0, 0.0)	(40.0, 0.0)	(41.0, 0.6666666666666666)	(42.0, 0.6666666666666666)	(43.0, 0.0)	(44.0, 1.3333333333333333)	(45.0, 1.0)	(46.0, 8.999999999999998)	(47.0, 38.666666666666664)	(48.0, 180.00000000000074)	(49.0, 556.66666666666)	(50.0, 1760.6666666665456)	(51.0, 3176.33333333366)	(52.0, 6885.333333331541)	(53.0, 8903.333333331646)	(54.0, 5231.999999999712)	(55.0, 1836.9999999998615)	(56.0, 800.6666666666878)	(57.0, 816.3333333333562)	(58.0, 982.3333333333751)	(59.0, 243.00000000000253)	(60.0, 41.33333333333335)	(61.0, 16.333333333333343)	(62.0, 9.666666666666666)	(63.0, 3.3333333333333335)	(64.0, 2.6666666666666665)	(65.0, 0.6666666666666666)	(66.0, 0.0)	(67.0, 0.3333333333333333)	(68.0, 0.0)	(69.0, 0.6666666666666666)	(70.0, 0.6666666666666666)	(71.0, 0.0)	(72.0, 0.0)	(73.0, 0.0)	(74.0, 0.3333333333333333)	(75.0, 0.0)	(76.0, 0.0)	(77.0, 0.0)	(78.0, 0.0)	(79.0, 0.0)	(80.0, 0.0)	(81.0, 0.0)	(82.0, 0.0)	(83.0, 0.0)	(84.0, 0.0)	(85.0, 0.0)	(86.0, 0.0)	(87.0, 0.0)	(88.0, 0.0)	(89.0, 0.0)	(90.0, 0.0)	(91.0, 0.0)	(92.0, 0.0)	(93.0, 0.0)	(94.0, 0.0)	(95.0, 0.0)	(96.0, 0.0)	(97.0, 0.0)	(98.0, 0.0)	(99.0, 0.0)	(100.0, 0.0)
SRR29920198_2	(0.0, 0.0)	(1.0, 0.0)	(2.0, 0.0)	(3.0, 0.0)	(4.0, 0.0)	(5.0, 0.0)	(6.0, 0.0)	(7.0, 0.0)	(8.0, 0.0)	(9.0, 0.0)	(10.0, 0.0)	(11.0, 0.0)	(12.0, 0.0)	(13.0, 0.0)	(14.0, 0.0)	(15.0, 0.0)	(16.0, 0.0)	(17.0, 0.0)	(18.0, 0.0)	(19.0, 0.0)	(20.0, 0.0)	(21.0, 0.0)	(22.0, 0.0)	(23.0, 0.0)	(24.0, 0.0)	(25.0, 0.0)	(26.0, 0.0)	(27.0, 0.0)	(28.0, 0.0)	(29.0, 0.0)	(30.0, 0.0)	(31.0, 0.0)	(32.0, 0.0)	(33.0, 0.0)	(34.0, 0.0)	(35.0, 0.0)	(36.0, 0.0)	(37.0, 0.0)	(38.0, 0.0)	(39.0, 0.0)	(40.0, 0.0)	(41.0, 0.3333333333333333)	(42.0, 0.6666666666666666)	(43.0, 0.6666666666666666)	(44.0, 0.3333333333333333)	(45.0, 0.3333333333333333)	(46.0, 1.3333333333333333)	(47.0, 2.333333333333333)	(48.0, 6.666666666666664)	(49.0, 35.99999999999998)	(50.0, 152.3333333333333)	(51.0, 362.9999999999968)	(52.0, 783.6666666666858)	(53.0, 1949.9999999998358)	(54.0, 6922.333333331508)	(55.0, 9824.333333333321)	(56.0, 3961.0000000006835)	(57.0, 1962.9999999998329)	(58.0, 1684.6666666665628)	(59.0, 1216.0000000000027)	(60.0, 1426.6666666666215)	(61.0, 762.3333333333501)	(62.0, 244.00000000000256)	(63.0, 96.66666666666637)	(64.0, 41.33333333333335)	(65.0, 24.333333333333314)	(66.0, 14.333333333333341)	(67.0, 11.66666666666667)	(68.0, 4.666666666666666)	(69.0, 1.9999999999999998)	(70.0, 1.9999999999999998)	(71.0, 1.6666666666666665)	(72.0, 3.0)	(73.0, 2.6666666666666665)	(74.0, 0.6666666666666666)	(75.0, 1.0)	(76.0, 1.6666666666666665)	(77.0, 0.0)	(78.0, 0.6666666666666666)	(79.0, 0.3333333333333333)	(80.0, 0.3333333333333333)	(81.0, 0.3333333333333333)	(82.0, 0.0)	(83.0, 0.0)	(84.0, 0.3333333333333333)	(85.0, 0.0)	(86.0, 0.0)	(87.0, 0.0)	(88.0, 0.0)	(89.0, 0.0)	(90.0, 0.0)	(91.0, 0.0)	(92.0, 0.0)	(93.0, 0.0)	(94.0, 0.0)	(95.0, 0.0)	(96.0, 0.0)	(97.0, 0.0)	(98.0, 0.0)	(99.0, 0.0)	(100.0, 0.0)
SRR29920199_1	(0.0, 0.0)	(1.0, 0.0)	(2.0, 0.0)	(3.0, 0.0)	(4.0, 0.0)	(5.0, 0.0)	(6.0, 0.0)	(7.0, 0.0)	(8.0, 0.0)	(9.0, 0.0)	(10.0, 0.0)	(11.0, 0.0)	(12.0, 0.0)	(13.0, 0.0)	(14.0, 0.0)	(15.0, 0.0)	(16.0, 0.0)	(17.0, 0.0)	(18.0, 0.0)	(19.0, 0.0)	(20.0, 0.0)	(21.0, 0.0)	(22.0, 0.0)	(23.0, 0.0)	(24.0, 0.0)	(25.0, 0.0)	(26.0, 0.0)	(27.0, 0.0)	(28.0, 0.0)	(29.0, 0.0)	(30.0, 0.0)	(31.0, 0.0)	(32.0, 0.0)	(33.0, 0.0)	(34.0, 0.0)	(35.0, 0.0)	(36.0, 0.0)	(37.0, 0.3333333333333333)	(38.0, 0.6666666666666666)	(39.0, 0.3333333333333333)	(40.0, 0.6666666666666666)	(41.0, 0.6666666666666666)	(42.0, 0.6666666666666666)	(43.0, 0.6666666666666666)	(44.0, 1.3333333333333333)	(45.0, 1.9999999999999998)	(46.0, 6.666666666666664)	(47.0, 18.333333333333336)	(48.0, 22.33333333333332)	(49.0, 204.00000000000142)	(50.0, 1419.666666666623)	(51.0, 2614.000000000071)	(52.0, 4426.666666667111)	(53.0, 10378.333333334329)	(54.0, 6302.333333332072)	(55.0, 1067.3333333333699)	(56.0, 686.3333333333414)	(57.0, 1909.3333333331784)	(58.0, 1744.333333333216)	(59.0, 319.66666666666595)	(60.0, 59.00000000000014)	(61.0, 26.333333333333307)	(62.0, 13.666666666666673)	(63.0, 3.666666666666667)	(64.0, 3.0)	(65.0, 0.6666666666666666)	(66.0, 1.3333333333333333)	(67.0, 0.6666666666666666)	(68.0, 0.6666666666666666)	(69.0, 0.6666666666666666)	(70.0, 1.0)	(71.0, 0.0)	(72.0, 0.0)	(73.0, 0.0)	(74.0, 0.6666666666666666)	(75.0, 0.3333333333333333)	(76.0, 0.0)	(77.0, 0.0)	(78.0, 0.0)	(79.0, 0.0)	(80.0, 0.3333333333333333)	(81.0, 0.0)	(82.0, 0.0)	(83.0, 0.0)	(84.0, 0.0)	(85.0, 0.0)	(86.0, 0.0)	(87.0, 0.0)	(88.0, 0.0)	(89.0, 0.0)	(90.0, 0.0)	(91.0, 0.0)	(92.0, 0.0)	(93.0, 0.0)	(94.0, 0.0)	(95.0, 0.0)	(96.0, 0.0)	(97.0, 0.0)	(98.0, 0.0)	(99.0, 0.0)	(100.0, 0.0)
SRR29920199_2	(0.0, 0.0)	(1.0, 0.0)	(2.0, 0.0)	(3.0, 0.0)	(4.0, 0.0)	(5.0, 0.0)	(6.0, 0.0)	(7.0, 0.0)	(8.0, 0.0)	(9.0, 0.0)	(10.0, 0.0)	(11.0, 0.0)	(12.0, 0.0)	(13.0, 0.0)	(14.0, 0.0)	(15.0, 0.0)	(16.0, 0.0)	(17.0, 0.0)	(18.0, 0.0)	(19.0, 0.0)	(20.0, 0.0)	(21.0, 0.0)	(22.0, 0.0)	(23.0, 0.0)	(24.0, 0.0)	(25.0, 0.0)	(26.0, 0.0)	(27.0, 0.0)	(28.0, 0.0)	(29.0, 0.0)	(30.0, 0.0)	(31.0, 0.0)	(32.0, 0.0)	(33.0, 0.0)	(34.0, 0.3333333333333333)	(35.0, 0.0)	(36.0, 0.0)	(37.0, 0.0)	(38.0, 0.0)	(39.0, 0.0)	(40.0, 0.6666666666666666)	(41.0, 0.0)	(42.0, 0.0)	(43.0, 0.0)	(44.0, 0.3333333333333333)	(45.0, 0.3333333333333333)	(46.0, 0.3333333333333333)	(47.0, 0.3333333333333333)	(48.0, 1.9999999999999998)	(49.0, 9.333333333333332)	(50.0, 141.99999999999966)	(51.0, 700.6666666666764)	(52.0, 2366.3333333332916)	(53.0, 3016.6666666669207)	(54.0, 5641.333333332673)	(55.0, 8819.999999998161)	(56.0, 3751.666666667255)	(57.0, 1219.6666666666686)	(58.0, 652.3333333333376)	(59.0, 555.6666666666599)	(60.0, 1193.6666666666745)	(61.0, 1542.6666666665951)	(62.0, 1225.333333333334)	(63.0, 256.3333333333362)	(64.0, 76.0)	(65.0, 40.00000000000001)	(66.0, 22.666666666666654)	(67.0, 12.000000000000004)	(68.0, 4.333333333333333)	(69.0, 4.0)	(70.0, 3.3333333333333335)	(71.0, 3.0)	(72.0, 1.0)	(73.0, 1.6666666666666665)	(74.0, 1.3333333333333333)	(75.0, 0.6666666666666666)	(76.0, 0.6666666666666666)	(77.0, 0.3333333333333333)	(78.0, 0.3333333333333333)	(79.0, 0.3333333333333333)	(80.0, 1.0)	(81.0, 1.3333333333333333)	(82.0, 0.3333333333333333)	(83.0, 0.0)	(84.0, 0.3333333333333333)	(85.0, 0.3333333333333333)	(86.0, 0.0)	(87.0, 0.0)	(88.0, 0.0)	(89.0, 0.0)	(90.0, 0.0)	(91.0, 0.0)	(92.0, 0.0)	(93.0, 0.0)	(94.0, 0.0)	(95.0, 0.0)	(96.0, 0.0)	(97.0, 0.0)	(98.0, 0.0)	(99.0, 0.0)	(100.0, 0.0)
SRR29920200_1	(0.0, 0.0)	(1.0, 0.0)	(2.0, 0.0)	(3.0, 0.0)	(4.0, 0.0)	(5.0, 0.0)	(6.0, 0.0)	(7.0, 0.0)	(8.0, 0.0)	(9.0, 0.0)	(10.0, 0.0)	(11.0, 0.0)	(12.0, 0.0)	(13.0, 0.0)	(14.0, 0.0)	(15.0, 0.0)	(16.0, 0.0)	(17.0, 0.0)	(18.0, 0.0)	(19.0, 0.0)	(20.0, 0.0)	(21.0, 0.0)	(22.0, 0.0)	(23.0, 0.0)	(24.0, 0.0)	(25.0, 0.0)	(26.0, 0.0)	(27.0, 0.3333333333333333)	(28.0, 0.0)	(29.0, 0.0)	(30.0, 0.3333333333333333)	(31.0, 0.0)	(32.0, 0.0)	(33.0, 0.0)	(34.0, 0.3333333333333333)	(35.0, 0.3333333333333333)	(36.0, 0.3333333333333333)	(37.0, 0.6666666666666666)	(38.0, 1.0)	(39.0, 1.0)	(40.0, 0.0)	(41.0, 0.3333333333333333)	(42.0, 1.0)	(43.0, 1.3333333333333333)	(44.0, 1.3333333333333333)	(45.0, 1.3333333333333333)	(46.0, 5.333333333333332)	(47.0, 11.66666666666667)	(48.0, 29.66666666666663)	(49.0, 211.33333333333496)	(50.0, 1445.333333333284)	(51.0, 2681.0000000001014)	(52.0, 5948.3333333323935)	(53.0, 13990.3333333409)	(54.0, 8192.666666663687)	(55.0, 1540.3333333332623)	(56.0, 1087.000000000032)	(57.0, 2730.333333333457)	(58.0, 2691.000000000106)	(59.0, 504.66666666665543)	(60.0, 83.33333333333323)	(61.0, 30.333333333333293)	(62.0, 12.333333333333337)	(63.0, 6.333333333333331)	(64.0, 5.666666666666665)	(65.0, 3.666666666666667)	(66.0, 1.9999999999999998)	(67.0, 1.0)	(68.0, 0.6666666666666666)	(69.0, 1.0)	(70.0, 1.0)	(71.0, 0.0)	(72.0, 0.6666666666666666)	(73.0, 0.3333333333333333)	(74.0, 0.0)	(75.0, 0.0)	(76.0, 0.0)	(77.0, 0.0)	(78.0, 0.0)	(79.0, 0.0)	(80.0, 0.0)	(81.0, 0.0)	(82.0, 0.0)	(83.0, 0.0)	(84.0, 0.0)	(85.0, 0.0)	(86.0, 0.0)	(87.0, 0.0)	(88.0, 0.0)	(89.0, 0.0)	(90.0, 0.0)	(91.0, 0.0)	(92.0, 0.0)	(93.0, 0.0)	(94.0, 0.0)	(95.0, 0.0)	(96.0, 0.0)	(97.0, 0.0)	(98.0, 0.0)	(99.0, 0.0)	(100.0, 0.0)
SRR29920200_2	(0.0, 0.0)	(1.0, 0.0)	(2.0, 0.0)	(3.0, 0.0)	(4.0, 0.0)	(5.0, 0.0)	(6.0, 0.0)	(7.0, 0.0)	(8.0, 0.0)	(9.0, 0.0)	(10.0, 0.0)	(11.0, 0.0)	(12.0, 0.0)	(13.0, 0.0)	(14.0, 0.0)	(15.0, 0.0)	(16.0, 0.0)	(17.0, 0.0)	(18.0, 0.0)	(19.0, 0.0)	(20.0, 0.0)	(21.0, 0.0)	(22.0, 0.0)	(23.0, 0.0)	(24.0, 0.0)	(25.0, 0.0)	(26.0, 0.0)	(27.0, 0.0)	(28.0, 0.0)	(29.0, 0.0)	(30.0, 0.0)	(31.0, 0.0)	(32.0, 0.0)	(33.0, 0.0)	(34.0, 0.0)	(35.0, 0.0)	(36.0, 0.3333333333333333)	(37.0, 0.0)	(38.0, 0.3333333333333333)	(39.0, 0.0)	(40.0, 0.0)	(41.0, 0.0)	(42.0, 0.0)	(43.0, 0.6666666666666666)	(44.0, 1.0)	(45.0, 1.3333333333333333)	(46.0, 1.6666666666666665)	(47.0, 2.6666666666666665)	(48.0, 1.6666666666666665)	(49.0, 15.000000000000009)	(50.0, 145.66666666666643)	(51.0, 848.6666666666932)	(52.0, 3516.000000000481)	(53.0, 4218.6666666673)	(54.0, 7136.333333331313)	(55.0, 11178.00000000245)	(56.0, 4530.333333333683)	(57.0, 1348.6666666666392)	(58.0, 789.6666666666865)	(59.0, 909.3333333333668)	(60.0, 2076.6666666664933)	(61.0, 2268.6666666665806)	(62.0, 1618.999999999911)	(63.0, 354.33333333333064)	(64.0, 102.66666666666629)	(65.0, 51.66666666666676)	(66.0, 30.333333333333293)	(67.0, 13.33333333333334)	(68.0, 9.333333333333332)	(69.0, 4.999999999999999)	(70.0, 3.666666666666667)	(71.0, 3.666666666666667)	(72.0, 1.0)	(73.0, 1.0)	(74.0, 1.9999999999999998)	(75.0, 1.3333333333333333)	(76.0, 1.0)	(77.0, 0.3333333333333333)	(78.0, 1.0)	(79.0, 0.6666666666666666)	(80.0, 0.0)	(81.0, 1.0)	(82.0, 1.0)	(83.0, 0.6666666666666666)	(84.0, 0.3333333333333333)	(85.0, 0.3333333333333333)	(86.0, 0.3333333333333333)	(87.0, 0.0)	(88.0, 0.0)	(89.0, 0.0)	(90.0, 0.0)	(91.0, 0.0)	(92.0, 0.0)	(93.0, 0.0)	(94.0, 0.0)	(95.0, 0.0)	(96.0, 0.0)	(97.0, 0.0)	(98.0, 0.0)	(99.0, 0.0)	(100.0, 0.0)
