Sample	0	1	2	3	4	5	6	7	8	9	10	11	12	13	14	15	16	17	18	19	20	21	22	23	24	25	26	27	28	29	30	31	32	33	34	35	36	37	38	39	40	41	42	43	44	45	46	47	48	49	50	51	52	53	54	55	56	57	58	59	60	61	62	63	64	65	66	67	68	69	70	71	72	73	74	75	76	77	78	79	80	81	82	83	84	85	86	87	88	89	90	91	92	93	94	95	96	97	98	99	100
SRR29920099_1	(0.0, 0.0)	(1.0, 0.0)	(2.0, 0.0)	(3.0, 0.0)	(4.0, 0.0)	(5.0, 0.0)	(6.0, 0.0)	(7.0, 0.0)	(8.0, 0.0)	(9.0, 0.0)	(10.0, 0.0)	(11.0, 0.0)	(12.0, 0.0)	(13.0, 0.0)	(14.0, 0.0)	(15.0, 0.0)	(16.0, 0.0)	(17.0, 0.0)	(18.0, 0.0)	(19.0, 0.0)	(20.0, 0.0)	(21.0, 0.0)	(22.0, 0.0)	(23.0, 0.0)	(24.0, 0.0)	(25.0, 0.0)	(26.0, 0.0)	(27.0, 0.0)	(28.0, 0.0)	(29.0, 0.0)	(30.0, 0.0011352026336700243)	(31.0, 0.0011352026336700243)	(32.0, 0.0)	(33.0, 0.0)	(34.0, 0.0)	(35.0, 0.0011352026336700243)	(36.0, 0.0022704052673400486)	(37.0, 0.0)	(38.0, 0.0011352026336700243)	(39.0, 0.0011352026336700243)	(40.0, 0.0022704052673400486)	(41.0, 0.0011352026336700243)	(42.0, 0.0)	(43.0, 0.0011352026336700243)	(44.0, 0.0034056079010100727)	(45.0, 0.004540810534680097)	(46.0, 0.009081621069360194)	(47.0, 0.01248722897037027)	(48.0, 0.05789533431717126)	(49.0, 0.24406856623905546)	(50.0, 1.3213758655918928)	(51.0, 3.788171188556961)	(52.0, 10.76285616982659)	(53.0, 40.7662617777375)	(54.0, 29.661709615157122)	(55.0, 4.652060392779653)	(56.0, 2.595073220569733)	(57.0, 3.3170620955839505)	(58.0, 2.101260074923216)	(59.0, 0.41548416392322673)	(60.0, 0.13054830287205277)	(61.0, 0.06697695538653142)	(62.0, 0.04427290271313097)	(63.0, 0.011352026336700244)	(64.0, 0.0034056079010100727)	(65.0, 0.004540810534680097)	(66.0, 0.005676013168350121)	(67.0, 0.0)	(68.0, 0.0011352026336700243)	(69.0, 0.004540810534680097)	(70.0, 0.0022704052673400486)	(71.0, 0.0)	(72.0, 0.0)	(73.0, 0.0)	(74.0, 0.0)	(75.0, 0.0)	(76.0, 0.0)	(77.0, 0.0)	(78.0, 0.0)	(79.0, 0.0)	(80.0, 0.0)	(81.0, 0.0)	(82.0, 0.0)	(83.0, 0.0)	(84.0, 0.0)	(85.0, 0.0)	(86.0, 0.0)	(87.0, 0.0)	(88.0, 0.0)	(89.0, 0.0)	(90.0, 0.0)	(91.0, 0.0)	(92.0, 0.0)	(93.0, 0.0)	(94.0, 0.0)	(95.0, 0.0)	(96.0, 0.0)	(97.0, 0.0)	(98.0, 0.0)	(99.0, 0.0)	(100.0, 0.0)
SRR29920099_2	(0.0, 0.0)	(1.0, 0.0)	(2.0, 0.0)	(3.0, 0.0)	(4.0, 0.0)	(5.0, 0.0)	(6.0, 0.0)	(7.0, 0.0)	(8.0, 0.0)	(9.0, 0.0)	(10.0, 0.0)	(11.0, 0.0)	(12.0, 0.0)	(13.0, 0.0)	(14.0, 0.0)	(15.0, 0.0)	(16.0, 0.0)	(17.0, 0.0)	(18.0, 0.0)	(19.0, 0.0)	(20.0, 0.0)	(21.0, 0.0)	(22.0, 0.0)	(23.0, 0.0)	(24.0, 0.0)	(25.0, 0.0)	(26.0, 0.0)	(27.0, 0.0)	(28.0, 0.0)	(29.0, 0.0)	(30.0, 0.0)	(31.0, 0.0)	(32.0, 0.0)	(33.0, 0.0)	(34.0, 0.0)	(35.0, 0.0)	(36.0, 0.0)	(37.0, 0.0)	(38.0, 0.0)	(39.0, 0.0)	(40.0, 0.0)	(41.0, 0.0)	(42.0, 0.0011350480125308158)	(43.0, 0.0022700960250616317)	(44.0, 0.0022700960250616317)	(45.0, 0.0011350480125308158)	(46.0, 0.0022700960250616317)	(47.0, 0.004540192050123263)	(48.0, 0.010215432112777343)	(49.0, 0.04540192050123266)	(50.0, 0.16231186579190687)	(51.0, 0.7321059680823823)	(52.0, 3.903430115093539)	(53.0, 7.652493700482435)	(54.0, 20.09943020589263)	(55.0, 40.07059998638739)	(56.0, 15.344714081405368)	(57.0, 2.4244625547658605)	(58.0, 1.9738484937910754)	(59.0, 1.0737554198541504)	(60.0, 0.8047490408843564)	(61.0, 2.3098227055002347)	(62.0, 2.503915915643027)	(63.0, 0.5175818937140518)	(64.0, 0.15209643367912948)	(65.0, 0.08058840888968788)	(66.0, 0.051077160563886746)	(67.0, 0.030646296338332026)	(68.0, 0.013620576150369792)	(69.0, 0.009080384100246527)	(70.0, 0.006810288075184896)	(71.0, 0.004540192050123263)	(72.0, 0.0022700960250616317)	(73.0, 0.003405144037592448)	(74.0, 0.0022700960250616317)	(75.0, 0.0)	(76.0, 0.0)	(77.0, 0.0)	(78.0, 0.0)	(79.0, 0.0011350480125308158)	(80.0, 0.0)	(81.0, 0.0)	(82.0, 0.0)	(83.0, 0.0)	(84.0, 0.0)	(85.0, 0.0)	(86.0, 0.0)	(87.0, 0.0)	(88.0, 0.0)	(89.0, 0.0)	(90.0, 0.0)	(91.0, 0.0)	(92.0, 0.0)	(93.0, 0.0)	(94.0, 0.0)	(95.0, 0.0)	(96.0, 0.0)	(97.0, 0.0)	(98.0, 0.0)	(99.0, 0.0)	(100.0, 0.0)
SRR29920100_1	(0.0, 0.0)	(1.0, 0.0)	(2.0, 0.0)	(3.0, 0.0)	(4.0, 0.0)	(5.0, 0.0)	(6.0, 0.0)	(7.0, 0.0)	(8.0, 0.0)	(9.0, 0.0)	(10.0, 0.0)	(11.0, 0.0)	(12.0, 0.0)	(13.0, 0.0)	(14.0, 0.0)	(15.0, 0.0)	(16.0, 0.0)	(17.0, 0.0)	(18.0, 0.0)	(19.0, 0.0)	(20.0, 0.0)	(21.0, 0.0)	(22.0, 0.0)	(23.0, 0.0)	(24.0, 0.0)	(25.0, 0.0)	(26.0, 0.0)	(27.0, 0.0)	(28.0, 0.0)	(29.0, 0.0)	(30.0, 0.0)	(31.0, 0.0)	(32.0, 0.0)	(33.0, 0.0)	(34.0, 0.0)	(35.0, 0.0)	(36.0, 0.0)	(37.0, 0.001019586251898594)	(38.0, 0.001019586251898594)	(39.0, 0.0)	(40.0, 0.0)	(41.0, 0.002039172503797188)	(42.0, 0.002039172503797188)	(43.0, 0.002039172503797188)	(44.0, 0.0030587587556957824)	(45.0, 0.001019586251898594)	(46.0, 0.002039172503797188)	(47.0, 0.0030587587556957824)	(48.0, 0.020391725037971875)	(49.0, 0.2110543541430093)	(50.0, 0.8697070728695047)	(51.0, 1.916822153569361)	(52.0, 12.01174563361938)	(53.0, 47.863457009159966)	(54.0, 31.898775476902742)	(55.0, 3.6154528492324465)	(56.0, 0.7157495488328199)	(57.0, 0.3629727056758977)	(58.0, 0.20799559538731355)	(59.0, 0.09991945268606207)	(60.0, 0.07239062388480014)	(61.0, 0.044861795083538165)	(62.0, 0.029568001305059228)	(63.0, 0.0163133800303775)	(64.0, 0.006117517511391563)	(65.0, 0.001019586251898594)	(66.0, 0.009176276267087348)	(67.0, 0.0030587587556957824)	(68.0, 0.0)	(69.0, 0.002039172503797188)	(70.0, 0.004078345007594376)	(71.0, 0.0)	(72.0, 0.0)	(73.0, 0.0)	(74.0, 0.0)	(75.0, 0.0)	(76.0, 0.0)	(77.0, 0.0)	(78.0, 0.0)	(79.0, 0.0)	(80.0, 0.0)	(81.0, 0.0)	(82.0, 0.0)	(83.0, 0.0)	(84.0, 0.0)	(85.0, 0.0)	(86.0, 0.0)	(87.0, 0.0)	(88.0, 0.0)	(89.0, 0.0)	(90.0, 0.0)	(91.0, 0.0)	(92.0, 0.0)	(93.0, 0.0)	(94.0, 0.0)	(95.0, 0.0)	(96.0, 0.0)	(97.0, 0.0)	(98.0, 0.0)	(99.0, 0.0)	(100.0, 0.0)
SRR29920100_2	(0.0, 0.0)	(1.0, 0.0)	(2.0, 0.0)	(3.0, 0.0)	(4.0, 0.0)	(5.0, 0.0)	(6.0, 0.0)	(7.0, 0.0)	(8.0, 0.0)	(9.0, 0.0)	(10.0, 0.0)	(11.0, 0.0)	(12.0, 0.0)	(13.0, 0.0)	(14.0, 0.0)	(15.0, 0.0)	(16.0, 0.0)	(17.0, 0.0)	(18.0, 0.0)	(19.0, 0.0)	(20.0, 0.0)	(21.0, 0.0)	(22.0, 0.0)	(23.0, 0.0)	(24.0, 0.0)	(25.0, 0.0)	(26.0, 0.0)	(27.0, 0.0)	(28.0, 0.0)	(29.0, 0.0)	(30.0, 0.0)	(31.0, 0.0)	(32.0, 0.0)	(33.0, 0.0)	(34.0, 0.0)	(35.0, 0.0)	(36.0, 0.0)	(37.0, 0.0)	(38.0, 0.0)	(39.0, 0.0)	(40.0, 0.0)	(41.0, 0.0010203665156522004)	(42.0, 0.0010203665156522004)	(43.0, 0.0020407330313044008)	(44.0, 0.003061099546956601)	(45.0, 0.006122199093913202)	(46.0, 0.0020407330313044008)	(47.0, 0.003061099546956601)	(48.0, 0.007142565609565402)	(49.0, 0.034692461532174826)	(50.0, 0.11734214930000303)	(51.0, 0.7418064568791574)	(52.0, 4.292681931348686)	(53.0, 5.4569201257075814)	(54.0, 11.775029590628327)	(55.0, 40.68915554468207)	(56.0, 30.697726623397546)	(57.0, 3.9151463205574575)	(58.0, 1.0081221174643702)	(59.0, 0.44079833476174973)	(60.0, 0.28570262438261534)	(61.0, 0.19182890494261418)	(62.0, 0.10509775111217654)	(63.0, 0.062242357454784215)	(64.0, 0.04183502714174024)	(65.0, 0.03367209501652262)	(66.0, 0.025509162891305004)	(67.0, 0.011224031672174206)	(68.0, 0.018366597281739602)	(69.0, 0.006122199093913202)	(70.0, 0.005101832578261001)	(71.0, 0.009183298640869803)	(72.0, 0.0040814660626088016)	(73.0, 0.0010203665156522004)	(74.0, 0.0)	(75.0, 0.0010203665156522004)	(76.0, 0.0010203665156522004)	(77.0, 0.0)	(78.0, 0.0)	(79.0, 0.0)	(80.0, 0.0)	(81.0, 0.0)	(82.0, 0.0)	(83.0, 0.0)	(84.0, 0.0)	(85.0, 0.0)	(86.0, 0.0)	(87.0, 0.0)	(88.0, 0.0)	(89.0, 0.0010203665156522004)	(90.0, 0.0010203665156522004)	(91.0, 0.0)	(92.0, 0.0)	(93.0, 0.0)	(94.0, 0.0)	(95.0, 0.0)	(96.0, 0.0)	(97.0, 0.0)	(98.0, 0.0)	(99.0, 0.0)	(100.0, 0.0)
SRR29920101_1	(0.0, 0.0)	(1.0, 0.0)	(2.0, 0.0)	(3.0, 0.0)	(4.0, 0.0)	(5.0, 0.0)	(6.0, 0.0)	(7.0, 0.0)	(8.0, 0.0)	(9.0, 0.0)	(10.0, 0.0)	(11.0, 0.0)	(12.0, 0.0)	(13.0, 0.0)	(14.0, 0.0)	(15.0, 0.0)	(16.0, 0.0)	(17.0, 0.0)	(18.0, 0.0)	(19.0, 0.0)	(20.0, 0.0)	(21.0, 0.0)	(22.0, 0.0)	(23.0, 0.0)	(24.0, 0.0)	(25.0, 0.0)	(26.0, 0.0)	(27.0, 0.0)	(28.0, 0.0)	(29.0, 0.0)	(30.0, 0.0012555400705613893)	(31.0, 0.0012555400705613893)	(32.0, 0.0)	(33.0, 0.0)	(34.0, 0.0)	(35.0, 0.0)	(36.0, 0.0012555400705613893)	(37.0, 0.0012555400705613893)	(38.0, 0.0025110801411227786)	(39.0, 0.0012555400705613893)	(40.0, 0.0012555400705613893)	(41.0, 0.0012555400705613893)	(42.0, 0.0012555400705613893)	(43.0, 0.0012555400705613893)	(44.0, 0.0012555400705613893)	(45.0, 0.0012555400705613893)	(46.0, 0.0012555400705613893)	(47.0, 0.015066480846736674)	(48.0, 0.07407686416312197)	(49.0, 0.42813916406143177)	(50.0, 2.1344181199543413)	(51.0, 5.644908157243775)	(52.0, 14.31943450475495)	(53.0, 38.676911873646596)	(54.0, 27.281630193220458)	(55.0, 5.279545996710494)	(56.0, 3.1702386781676055)	(57.0, 1.6799126144111092)	(58.0, 0.8412118472761384)	(59.0, 0.22850829284217347)	(60.0, 0.0803545645159289)	(61.0, 0.06403254359863089)	(62.0, 0.031388501764034724)	(63.0, 0.010044320564491114)	(64.0, 0.0025110801411227786)	(65.0, 0.006277700352806947)	(66.0, 0.0025110801411227786)	(67.0, 0.0037666202116841685)	(68.0, 0.0012555400705613893)	(69.0, 0.0012555400705613893)	(70.0, 0.0012555400705613893)	(71.0, 0.0)	(72.0, 0.0)	(73.0, 0.0)	(74.0, 0.0025110801411227786)	(75.0, 0.0012555400705613893)	(76.0, 0.0)	(77.0, 0.0)	(78.0, 0.0)	(79.0, 0.0)	(80.0, 0.0)	(81.0, 0.0)	(82.0, 0.0)	(83.0, 0.0)	(84.0, 0.0)	(85.0, 0.0)	(86.0, 0.0)	(87.0, 0.0)	(88.0, 0.0)	(89.0, 0.0)	(90.0, 0.0)	(91.0, 0.0)	(92.0, 0.0)	(93.0, 0.0)	(94.0, 0.0)	(95.0, 0.0)	(96.0, 0.0)	(97.0, 0.0)	(98.0, 0.0)	(99.0, 0.0)	(100.0, 0.0)
SRR29920101_2	(0.0, 0.0)	(1.0, 0.0)	(2.0, 0.0)	(3.0, 0.0)	(4.0, 0.0)	(5.0, 0.0)	(6.0, 0.0)	(7.0, 0.0)	(8.0, 0.0)	(9.0, 0.0)	(10.0, 0.0)	(11.0, 0.0)	(12.0, 0.0)	(13.0, 0.0)	(14.0, 0.0)	(15.0, 0.0)	(16.0, 0.0)	(17.0, 0.0)	(18.0, 0.0)	(19.0, 0.0)	(20.0, 0.0)	(21.0, 0.0)	(22.0, 0.0)	(23.0, 0.0)	(24.0, 0.0)	(25.0, 0.0)	(26.0, 0.0)	(27.0, 0.0)	(28.0, 0.0)	(29.0, 0.0)	(30.0, 0.0)	(31.0, 0.0)	(32.0, 0.0)	(33.0, 0.0)	(34.0, 0.0)	(35.0, 0.0)	(36.0, 0.0)	(37.0, 0.0)	(38.0, 0.0)	(39.0, 0.0)	(40.0, 0.0)	(41.0, 0.0012515801199014347)	(42.0, 0.0012515801199014347)	(43.0, 0.0025031602398028693)	(44.0, 0.0012515801199014347)	(45.0, 0.0025031602398028693)	(46.0, 0.0012515801199014347)	(47.0, 0.006257900599507173)	(48.0, 0.013767381318915785)	(49.0, 0.08886218851300182)	(50.0, 0.34418453297289375)	(51.0, 1.5594688293971646)	(52.0, 7.383071127297934)	(53.0, 11.493260241055905)	(54.0, 19.99023767506432)	(55.0, 33.641222042824715)	(56.0, 13.69478967196353)	(57.0, 3.545726479680905)	(58.0, 3.1815166647895463)	(59.0, 1.7309353058236516)	(60.0, 0.8848671447703231)	(61.0, 1.192755854266065)	(62.0, 0.8498229014130819)	(63.0, 0.1589506752274823)	(64.0, 0.061327425875170344)	(65.0, 0.057572685515466036)	(66.0, 0.03879898371694448)	(67.0, 0.03504424335724017)	(68.0, 0.021276862038324386)	(69.0, 0.006257900599507173)	(70.0, 0.0012515801199014347)	(71.0, 0.0012515801199014347)	(72.0, 0.0025031602398028693)	(73.0, 0.0025031602398028693)	(74.0, 0.0)	(75.0, 0.0012515801199014347)	(76.0, 0.0)	(77.0, 0.0)	(78.0, 0.0)	(79.0, 0.0)	(80.0, 0.0)	(81.0, 0.0)	(82.0, 0.0)	(83.0, 0.0)	(84.0, 0.0)	(85.0, 0.0)	(86.0, 0.0012515801199014347)	(87.0, 0.0)	(88.0, 0.0)	(89.0, 0.0)	(90.0, 0.0)	(91.0, 0.0)	(92.0, 0.0)	(93.0, 0.0)	(94.0, 0.0)	(95.0, 0.0)	(96.0, 0.0)	(97.0, 0.0)	(98.0, 0.0)	(99.0, 0.0)	(100.0, 0.0)
SRR29920102_1	(0.0, 0.0)	(1.0, 0.0)	(2.0, 0.0)	(3.0, 0.0)	(4.0, 0.0)	(5.0, 0.0)	(6.0, 0.0)	(7.0, 0.0)	(8.0, 0.0)	(9.0, 0.0)	(10.0, 0.0)	(11.0, 0.0)	(12.0, 0.0)	(13.0, 0.0)	(14.0, 0.0)	(15.0, 0.0)	(16.0, 0.0)	(17.0, 0.0)	(18.0, 0.0)	(19.0, 0.0)	(20.0, 0.0)	(21.0, 0.0)	(22.0, 0.0)	(23.0, 0.0)	(24.0, 0.0)	(25.0, 0.0)	(26.0, 0.0)	(27.0, 0.0)	(28.0, 0.0)	(29.0, 0.0)	(30.0, 0.0)	(31.0, 0.0)	(32.0, 0.0)	(33.0, 0.0009157593018247359)	(34.0, 0.0009157593018247359)	(35.0, 0.0018315186036494718)	(36.0, 0.002747277905474208)	(37.0, 0.0018315186036494718)	(38.0, 0.0009157593018247359)	(39.0, 0.002747277905474208)	(40.0, 0.0009157593018247359)	(41.0, 0.0009157593018247359)	(42.0, 0.0036630372072989437)	(43.0, 0.0018315186036494718)	(44.0, 0.002747277905474208)	(45.0, 0.002747277905474208)	(46.0, 0.006410315112773151)	(47.0, 0.012820630225546302)	(48.0, 0.05128252090218522)	(49.0, 0.4917627450798852)	(50.0, 2.2252951034341693)	(51.0, 3.7903277502524877)	(52.0, 12.172272639855601)	(53.0, 44.82367054644776)	(54.0, 30.917865548213847)	(55.0, 3.664868725902527)	(56.0, 0.8910338006754654)	(57.0, 0.3827873881627385)	(58.0, 0.2051300836087409)	(59.0, 0.15293180340473125)	(60.0, 0.0961547266915972)	(61.0, 0.03937764997846367)	(62.0, 0.02380974184744313)	(63.0, 0.00915759301824736)	(64.0, 0.0036630372072989437)	(65.0, 0.002747277905474208)	(66.0, 0.005494555810948415)	(67.0, 0.0009157593018247359)	(68.0, 0.0)	(69.0, 0.0018315186036494718)	(70.0, 0.0036630372072989437)	(71.0, 0.0)	(72.0, 0.0)	(73.0, 0.0)	(74.0, 0.0)	(75.0, 0.0)	(76.0, 0.0)	(77.0, 0.0)	(78.0, 0.0)	(79.0, 0.0)	(80.0, 0.0)	(81.0, 0.0)	(82.0, 0.0)	(83.0, 0.0)	(84.0, 0.0)	(85.0, 0.0)	(86.0, 0.0)	(87.0, 0.0)	(88.0, 0.0)	(89.0, 0.0)	(90.0, 0.0)	(91.0, 0.0)	(92.0, 0.0)	(93.0, 0.0)	(94.0, 0.0)	(95.0, 0.0)	(96.0, 0.0)	(97.0, 0.0)	(98.0, 0.0)	(99.0, 0.0)	(100.0, 0.0)
SRR29920102_2	(0.0, 0.0)	(1.0, 0.0)	(2.0, 0.0)	(3.0, 0.0)	(4.0, 0.0)	(5.0, 0.0)	(6.0, 0.0)	(7.0, 0.0)	(8.0, 0.0)	(9.0, 0.0)	(10.0, 0.0)	(11.0, 0.0)	(12.0, 0.0)	(13.0, 0.0)	(14.0, 0.0)	(15.0, 0.0)	(16.0, 0.0)	(17.0, 0.0)	(18.0, 0.0)	(19.0, 0.0)	(20.0, 0.0)	(21.0, 0.0)	(22.0, 0.0)	(23.0, 0.0)	(24.0, 0.0)	(25.0, 0.0)	(26.0, 0.0)	(27.0, 0.0)	(28.0, 0.0)	(29.0, 0.0)	(30.0, 0.0)	(31.0, 0.0)	(32.0, 0.000914846122881865)	(33.0, 0.0)	(34.0, 0.0027445383686455953)	(35.0, 0.00182969224576373)	(36.0, 0.0)	(37.0, 0.0)	(38.0, 0.0)	(39.0, 0.0)	(40.0, 0.0027445383686455953)	(41.0, 0.00182969224576373)	(42.0, 0.000914846122881865)	(43.0, 0.000914846122881865)	(44.0, 0.004574230614409325)	(45.0, 0.00365938449152746)	(46.0, 0.0027445383686455953)	(47.0, 0.00548907673729119)	(48.0, 0.010063307351700516)	(49.0, 0.06861345921613982)	(50.0, 0.20675522377130154)	(51.0, 0.5562264427121777)	(52.0, 2.5670582208066133)	(53.0, 4.960295678265111)	(54.0, 14.275258901447907)	(55.0, 41.54316244009198)	(56.0, 29.03447140190549)	(57.0, 3.9841548651503826)	(58.0, 1.2350422658904954)	(59.0, 0.629414132542729)	(60.0, 0.40619167855954763)	(61.0, 0.2241373001060567)	(62.0, 0.08965492004242265)	(63.0, 0.052146229004266305)	(64.0, 0.03018992205510155)	(65.0, 0.021041460826282887)	(66.0, 0.025615691440692222)	(67.0, 0.018296922457637293)	(68.0, 0.013722691843227972)	(69.0, 0.0064039228601730554)	(70.0, 0.0027445383686455953)	(71.0, 0.000914846122881865)	(72.0, 0.0027445383686455953)	(73.0, 0.0027445383686455953)	(74.0, 0.0)	(75.0, 0.000914846122881865)	(76.0, 0.0027445383686455953)	(77.0, 0.0)	(78.0, 0.0)	(79.0, 0.0)	(80.0, 0.0)	(81.0, 0.0)	(82.0, 0.0)	(83.0, 0.0)	(84.0, 0.0)	(85.0, 0.0)	(86.0, 0.0)	(87.0, 0.0)	(88.0, 0.0)	(89.0, 0.0)	(90.0, 0.0)	(91.0, 0.0)	(92.0, 0.000914846122881865)	(93.0, 0.0)	(94.0, 0.0)	(95.0, 0.0)	(96.0, 0.0)	(97.0, 0.0)	(98.0, 0.0)	(99.0, 0.0)	(100.0, 0.0)
SRR29920103_1	(0.0, 0.0)	(1.0, 0.0)	(2.0, 0.0)	(3.0, 0.0)	(4.0, 0.0)	(5.0, 0.0)	(6.0, 0.0)	(7.0, 0.0)	(8.0, 0.0)	(9.0, 0.0)	(10.0, 0.0)	(11.0, 0.0)	(12.0, 0.0)	(13.0, 0.0)	(14.0, 0.0)	(15.0, 0.0)	(16.0, 0.0)	(17.0, 0.0)	(18.0, 0.0)	(19.0, 0.0)	(20.0, 0.0)	(21.0, 0.0)	(22.0, 0.0)	(23.0, 0.0)	(24.0, 0.0)	(25.0, 0.0)	(26.0, 0.0)	(27.0, 0.0)	(28.0, 0.0009819806549809201)	(29.0, 0.0)	(30.0, 0.0009819806549809201)	(31.0, 0.0)	(32.0, 0.0)	(33.0, 0.0)	(34.0, 0.0)	(35.0, 0.0009819806549809201)	(36.0, 0.0019639613099618402)	(37.0, 0.0019639613099618402)	(38.0, 0.0019639613099618402)	(39.0, 0.0019639613099618402)	(40.0, 0.0019639613099618402)	(41.0, 0.0029459419649427608)	(42.0, 0.0019639613099618402)	(43.0, 0.0)	(44.0, 0.0019639613099618402)	(45.0, 0.0039279226199236805)	(46.0, 0.0039279226199236805)	(47.0, 0.0039279226199236805)	(48.0, 0.05695487798889337)	(49.0, 0.30539598369906507)	(50.0, 1.3688810330433765)	(51.0, 3.777679579711564)	(52.0, 14.737565669953417)	(53.0, 41.43369175628764)	(54.0, 26.630333382423338)	(55.0, 4.740020621592647)	(56.0, 2.3793391270188344)	(57.0, 2.515834438061198)	(58.0, 1.5446555702849574)	(59.0, 0.2680807188097906)	(60.0, 0.08936023960326363)	(61.0, 0.06088280060881704)	(62.0, 0.025531497029503924)	(63.0, 0.014729709824713803)	(64.0, 0.004909903274904601)	(65.0, 0.0039279226199236805)	(66.0, 0.0039279226199236805)	(67.0, 0.0029459419649427608)	(68.0, 0.0019639613099618402)	(69.0, 0.0019639613099618402)	(70.0, 0.0)	(71.0, 0.0)	(72.0, 0.0)	(73.0, 0.0)	(74.0, 0.0)	(75.0, 0.0)	(76.0, 0.0)	(77.0, 0.0)	(78.0, 0.0)	(79.0, 0.0)	(80.0, 0.0)	(81.0, 0.0)	(82.0, 0.0)	(83.0, 0.0)	(84.0, 0.0)	(85.0, 0.0)	(86.0, 0.0)	(87.0, 0.0)	(88.0, 0.0)	(89.0, 0.0)	(90.0, 0.0)	(91.0, 0.0)	(92.0, 0.0)	(93.0, 0.0)	(94.0, 0.0)	(95.0, 0.0)	(96.0, 0.0)	(97.0, 0.0)	(98.0, 0.0)	(99.0, 0.0)	(100.0, 0.0)
SRR29920103_2	(0.0, 0.0)	(1.0, 0.0)	(2.0, 0.0)	(3.0, 0.0)	(4.0, 0.0)	(5.0, 0.0)	(6.0, 0.0)	(7.0, 0.0)	(8.0, 0.0)	(9.0, 0.0)	(10.0, 0.0)	(11.0, 0.0)	(12.0, 0.0)	(13.0, 0.0)	(14.0, 0.0)	(15.0, 0.0)	(16.0, 0.0)	(17.0, 0.0)	(18.0, 0.0)	(19.0, 0.0)	(20.0, 0.0)	(21.0, 0.0)	(22.0, 0.0)	(23.0, 0.0)	(24.0, 0.0)	(25.0, 0.0)	(26.0, 0.0)	(27.0, 0.0)	(28.0, 0.0)	(29.0, 0.0)	(30.0, 0.0)	(31.0, 0.0)	(32.0, 0.0)	(33.0, 0.0)	(34.0, 0.0)	(35.0, 0.0)	(36.0, 0.0)	(37.0, 0.0)	(38.0, 0.0)	(39.0, 0.0)	(40.0, 0.0)	(41.0, 0.000981787835648689)	(42.0, 0.0)	(43.0, 0.003927151342594756)	(44.0, 0.006872514849540821)	(45.0, 0.003927151342594756)	(46.0, 0.002945363506946066)	(47.0, 0.007854302685189512)	(48.0, 0.0088360905208382)	(49.0, 0.059889057974570004)	(50.0, 0.23955623189827985)	(51.0, 2.1383339060428814)	(52.0, 11.890432477543385)	(53.0, 14.415590790829752)	(54.0, 16.391929703988765)	(55.0, 28.94114181925202)	(56.0, 11.929703990969351)	(57.0, 3.022924745962448)	(58.0, 3.5658534190760496)	(59.0, 1.9586667321191509)	(60.0, 0.9012812331254965)	(61.0, 1.9822296401747221)	(62.0, 1.8693240390751102)	(63.0, 0.3828972559029866)	(64.0, 0.10897844975700441)	(65.0, 0.06479799715281344)	(66.0, 0.0363261499190015)	(67.0, 0.01865396887732508)	(68.0, 0.01472681753473033)	(69.0, 0.006872514849540821)	(70.0, 0.005890727013892132)	(71.0, 0.005890727013892132)	(72.0, 0.000981787835648689)	(73.0, 0.001963575671297378)	(74.0, 0.004908939178243444)	(75.0, 0.0)	(76.0, 0.001963575671297378)	(77.0, 0.0)	(78.0, 0.000981787835648689)	(79.0, 0.000981787835648689)	(80.0, 0.000981787835648689)	(81.0, 0.0)	(82.0, 0.0)	(83.0, 0.0)	(84.0, 0.0)	(85.0, 0.0)	(86.0, 0.0)	(87.0, 0.0)	(88.0, 0.0)	(89.0, 0.0)	(90.0, 0.0)	(91.0, 0.0)	(92.0, 0.0)	(93.0, 0.0)	(94.0, 0.0)	(95.0, 0.0)	(96.0, 0.0)	(97.0, 0.0)	(98.0, 0.0)	(99.0, 0.0)	(100.0, 0.0)
SRR29920104_1	(0.0, 0.0)	(1.0, 0.0)	(2.0, 0.0)	(3.0, 0.0)	(4.0, 0.0)	(5.0, 0.0)	(6.0, 0.0)	(7.0, 0.0)	(8.0, 0.0)	(9.0, 0.0)	(10.0, 0.0)	(11.0, 0.0)	(12.0, 0.0)	(13.0, 0.0)	(14.0, 0.0)	(15.0, 0.0)	(16.0, 0.0)	(17.0, 0.0)	(18.0, 0.0)	(19.0, 0.0)	(20.0, 0.0)	(21.0, 0.0)	(22.0, 0.0)	(23.0, 0.0)	(24.0, 0.0)	(25.0, 0.0)	(26.0, 0.0)	(27.0, 0.0010620897678271736)	(28.0, 0.0010620897678271736)	(29.0, 0.0)	(30.0, 0.0010620897678271736)	(31.0, 0.0010620897678271736)	(32.0, 0.0)	(33.0, 0.0)	(34.0, 0.0)	(35.0, 0.0)	(36.0, 0.0)	(37.0, 0.0)	(38.0, 0.0)	(39.0, 0.0010620897678271736)	(40.0, 0.0)	(41.0, 0.002124179535654347)	(42.0, 0.002124179535654347)	(43.0, 0.0031862693034815214)	(44.0, 0.004248359071308694)	(45.0, 0.005310448839135868)	(46.0, 0.005310448839135868)	(47.0, 0.013807166981753258)	(48.0, 0.15825137540624912)	(49.0, 1.2171548739299276)	(50.0, 5.291331223314666)	(51.0, 10.815260105785466)	(52.0, 19.916307326291292)	(53.0, 35.89438579349547)	(54.0, 21.507317798494952)	(55.0, 3.1905176625529696)	(56.0, 0.8369267370478211)	(57.0, 0.38978694479257064)	(58.0, 0.23153556938632402)	(59.0, 0.20392123542281793)	(60.0, 0.1486925674958045)	(61.0, 0.04779403955222285)	(62.0, 0.028676423731333684)	(63.0, 0.03186269303481521)	(64.0, 0.012745077213926086)	(65.0, 0.005310448839135868)	(66.0, 0.004248359071308694)	(67.0, 0.006372538606963043)	(68.0, 0.009558807910444564)	(69.0, 0.006372538606963043)	(70.0, 0.0031862693034815214)	(71.0, 0.0010620897678271736)	(72.0, 0.0)	(73.0, 0.0)	(74.0, 0.0)	(75.0, 0.0)	(76.0, 0.0)	(77.0, 0.0)	(78.0, 0.0)	(79.0, 0.0)	(80.0, 0.0)	(81.0, 0.0)	(82.0, 0.0)	(83.0, 0.0)	(84.0, 0.0)	(85.0, 0.0)	(86.0, 0.0)	(87.0, 0.0)	(88.0, 0.0)	(89.0, 0.0)	(90.0, 0.0)	(91.0, 0.0)	(92.0, 0.0)	(93.0, 0.0)	(94.0, 0.0)	(95.0, 0.0)	(96.0, 0.0)	(97.0, 0.0)	(98.0, 0.0)	(99.0, 0.0)	(100.0, 0.0)
SRR29920104_2	(0.0, 0.0)	(1.0, 0.0)	(2.0, 0.0)	(3.0, 0.0)	(4.0, 0.0)	(5.0, 0.0)	(6.0, 0.0)	(7.0, 0.0)	(8.0, 0.0)	(9.0, 0.0)	(10.0, 0.0)	(11.0, 0.0)	(12.0, 0.0)	(13.0, 0.0)	(14.0, 0.0)	(15.0, 0.0)	(16.0, 0.0)	(17.0, 0.0)	(18.0, 0.0)	(19.0, 0.0)	(20.0, 0.0)	(21.0, 0.0)	(22.0, 0.0)	(23.0, 0.0)	(24.0, 0.0)	(25.0, 0.0)	(26.0, 0.0)	(27.0, 0.0)	(28.0, 0.0)	(29.0, 0.0)	(30.0, 0.0)	(31.0, 0.0)	(32.0, 0.0)	(33.0, 0.0)	(34.0, 0.0)	(35.0, 0.0)	(36.0, 0.0)	(37.0, 0.0)	(38.0, 0.0010597598584161198)	(39.0, 0.0010597598584161198)	(40.0, 0.0)	(41.0, 0.0)	(42.0, 0.0021195197168322397)	(43.0, 0.0010597598584161198)	(44.0, 0.003179279575248359)	(45.0, 0.003179279575248359)	(46.0, 0.006358559150496718)	(47.0, 0.007418319008912837)	(48.0, 0.022254957026738506)	(49.0, 0.1229321435762699)	(50.0, 0.5044456926060734)	(51.0, 1.3141022244359692)	(52.0, 5.047636205635719)	(53.0, 10.497981157471303)	(54.0, 20.5498034145425)	(55.0, 33.75759052999163)	(56.0, 20.513771579356384)	(57.0, 4.161676964000044)	(58.0, 1.3607316582062758)	(59.0, 0.7216964635813842)	(60.0, 0.5987643200051107)	(61.0, 0.3751549898793045)	(62.0, 0.14836638017825696)	(63.0, 0.07206367037229611)	(64.0, 0.05298799292080601)	(65.0, 0.039211114761396444)	(66.0, 0.031792795752483595)	(67.0, 0.024374476743570742)	(68.0, 0.025434236601986862)	(69.0, 0.014836638017825674)	(70.0, 0.005298799292080598)	(71.0, 0.0021195197168322397)	(72.0, 0.003179279575248359)	(73.0, 0.0021195197168322397)	(74.0, 0.0)	(75.0, 0.0)	(76.0, 0.0)	(77.0, 0.0)	(78.0, 0.0)	(79.0, 0.0)	(80.0, 0.0)	(81.0, 0.0)	(82.0, 0.0)	(83.0, 0.0)	(84.0, 0.0010597598584161198)	(85.0, 0.0010597598584161198)	(86.0, 0.0)	(87.0, 0.0)	(88.0, 0.0)	(89.0, 0.0)	(90.0, 0.0)	(91.0, 0.0)	(92.0, 0.0010597598584161198)	(93.0, 0.0010597598584161198)	(94.0, 0.0)	(95.0, 0.0)	(96.0, 0.0)	(97.0, 0.0)	(98.0, 0.0)	(99.0, 0.0)	(100.0, 0.0)
SRR29920105_1	(0.0, 0.0)	(1.0, 0.0)	(2.0, 0.0)	(3.0, 0.0)	(4.0, 0.0)	(5.0, 0.0)	(6.0, 0.0)	(7.0, 0.0)	(8.0, 0.0)	(9.0, 0.0)	(10.0, 0.0)	(11.0, 0.0)	(12.0, 0.0)	(13.0, 0.0)	(14.0, 0.0)	(15.0, 0.0)	(16.0, 0.0)	(17.0, 0.0)	(18.0, 0.0)	(19.0, 0.0)	(20.0, 0.0)	(21.0, 0.0)	(22.0, 0.0)	(23.0, 0.0006283617352836457)	(24.0, 0.0006283617352836457)	(25.0, 0.0)	(26.0, 0.0)	(27.0, 0.0)	(28.0, 0.0)	(29.0, 0.0)	(30.0, 0.0)	(31.0, 0.0)	(32.0, 0.0)	(33.0, 0.0)	(34.0, 0.0006283617352836457)	(35.0, 0.0006283617352836457)	(36.0, 0.0)	(37.0, 0.0)	(38.0, 0.0)	(39.0, 0.0006283617352836457)	(40.0, 0.0006283617352836457)	(41.0, 0.0012567234705672915)	(42.0, 0.0018850852058509375)	(43.0, 0.002513446941134583)	(44.0, 0.0018850852058509375)	(45.0, 0.003141808676418229)	(46.0, 0.029533001558331374)	(47.0, 0.2670537374955488)	(48.0, 1.1499019755690707)	(49.0, 1.731136580706509)	(50.0, 4.763610315185378)	(51.0, 6.93271502538551)	(52.0, 13.801965515501152)	(53.0, 33.62552154024623)	(54.0, 23.569220328763432)	(55.0, 6.308751822248565)	(56.0, 1.9674005931731737)	(57.0, 2.603302669280079)	(58.0, 2.543608304428146)	(59.0, 0.5083446438444734)	(60.0, 0.08859900467499417)	(61.0, 0.03581661891116781)	(62.0, 0.02136429899964396)	(63.0, 0.011938872970389267)	(64.0, 0.004398532146985519)	(65.0, 0.002513446941134583)	(66.0, 0.006283617352836458)	(67.0, 0.002513446941134583)	(68.0, 0.0012567234705672915)	(69.0, 0.0018850852058509375)	(70.0, 0.004398532146985519)	(71.0, 0.0)	(72.0, 0.0)	(73.0, 0.0)	(74.0, 0.0)	(75.0, 0.0)	(76.0, 0.0)	(77.0, 0.0)	(78.0, 0.0)	(79.0, 0.0)	(80.0, 0.0)	(81.0, 0.0)	(82.0, 0.0)	(83.0, 0.0006283617352836457)	(84.0, 0.0006283617352836457)	(85.0, 0.0)	(86.0, 0.0006283617352836457)	(87.0, 0.0006283617352836457)	(88.0, 0.0)	(89.0, 0.0)	(90.0, 0.0)	(91.0, 0.0)	(92.0, 0.0)	(93.0, 0.0)	(94.0, 0.0)	(95.0, 0.0)	(96.0, 0.0)	(97.0, 0.0)	(98.0, 0.0)	(99.0, 0.0)	(100.0, 0.0)
SRR29920105_2	(0.0, 0.0)	(1.0, 0.0)	(2.0, 0.0)	(3.0, 0.0)	(4.0, 0.0)	(5.0, 0.0)	(6.0, 0.0)	(7.0, 0.0)	(8.0, 0.0)	(9.0, 0.0)	(10.0, 0.0)	(11.0, 0.0)	(12.0, 0.0)	(13.0, 0.0)	(14.0, 0.0)	(15.0, 0.0)	(16.0, 0.0)	(17.0, 0.0)	(18.0, 0.0)	(19.0, 0.0)	(20.0, 0.0)	(21.0, 0.0)	(22.0, 0.0)	(23.0, 0.0)	(24.0, 0.0)	(25.0, 0.0)	(26.0, 0.0)	(27.0, 0.0)	(28.0, 0.0)	(29.0, 0.0)	(30.0, 0.0)	(31.0, 0.0)	(32.0, 0.0)	(33.0, 0.0)	(34.0, 0.0006273840594256885)	(35.0, 0.0006273840594256885)	(36.0, 0.0)	(37.0, 0.0)	(38.0, 0.0)	(39.0, 0.0006273840594256885)	(40.0, 0.0006273840594256885)	(41.0, 0.0)	(42.0, 0.0006273840594256885)	(43.0, 0.0018821521782770654)	(44.0, 0.001254768118851377)	(45.0, 0.002509536237702754)	(46.0, 0.004391688415979819)	(47.0, 0.010038144950811014)	(48.0, 0.021958442079899103)	(49.0, 0.1141838988154756)	(50.0, 0.4084270226861266)	(51.0, 0.7553704075485189)	(52.0, 1.8438817506521765)	(53.0, 6.074332463360174)	(54.0, 17.301997590839452)	(55.0, 32.33788395905466)	(56.0, 21.114610519976296)	(57.0, 6.312111021882619)	(58.0, 4.156419393694972)	(59.0, 2.6770477815693297)	(60.0, 2.8897309777145894)	(61.0, 2.089816301947019)	(62.0, 1.2892742421198047)	(63.0, 0.2917335876329452)	(64.0, 0.11104697851834713)	(65.0, 0.062111021883143075)	(66.0, 0.034506123268412875)	(67.0, 0.018821521782770655)	(68.0, 0.017566753663919275)	(69.0, 0.007528608713108262)	(70.0, 0.006901224653682574)	(71.0, 0.005019072475405508)	(72.0, 0.003136920297128442)	(73.0, 0.003136920297128442)	(74.0, 0.006901224653682574)	(75.0, 0.007528608713108262)	(76.0, 0.0037643043565541304)	(77.0, 0.0)	(78.0, 0.001254768118851377)	(79.0, 0.0018821521782770654)	(80.0, 0.0018821521782770654)	(81.0, 0.001254768118851377)	(82.0, 0.0006273840594256885)	(83.0, 0.0006273840594256885)	(84.0, 0.0006273840594256885)	(85.0, 0.0006273840594256885)	(86.0, 0.0)	(87.0, 0.0)	(88.0, 0.0)	(89.0, 0.0)	(90.0, 0.0)	(91.0, 0.0)	(92.0, 0.0006273840594256885)	(93.0, 0.0)	(94.0, 0.0)	(95.0, 0.0)	(96.0, 0.0)	(97.0, 0.0006273840594256885)	(98.0, 0.0)	(99.0, 0.0)	(100.0, 0.0)
SRR29920106_1	(0.0, 0.0)	(1.0, 0.0)	(2.0, 0.0)	(3.0, 0.0)	(4.0, 0.0)	(5.0, 0.0)	(6.0, 0.0)	(7.0, 0.0)	(8.0, 0.0)	(9.0, 0.0)	(10.0, 0.0)	(11.0, 0.0)	(12.0, 0.0)	(13.0, 0.0)	(14.0, 0.0)	(15.0, 0.0)	(16.0, 0.0)	(17.0, 0.0)	(18.0, 0.0)	(19.0, 0.0)	(20.0, 0.0)	(21.0, 0.0)	(22.0, 0.0)	(23.0, 0.0)	(24.0, 0.0)	(25.0, 0.0)	(26.0, 0.0)	(27.0, 0.0)	(28.0, 0.0007518457813933808)	(29.0, 0.0)	(30.0, 0.0)	(31.0, 0.0)	(32.0, 0.0)	(33.0, 0.0)	(34.0, 0.0007518457813933808)	(35.0, 0.0007518457813933808)	(36.0, 0.0007518457813933808)	(37.0, 0.0)	(38.0, 0.0007518457813933808)	(39.0, 0.003007383125573523)	(40.0, 0.002255537344180142)	(41.0, 0.003007383125573523)	(42.0, 0.003007383125573523)	(43.0, 0.003007383125573523)	(44.0, 0.0037592289069669034)	(45.0, 0.005262920469753665)	(46.0, 0.020299836097621277)	(47.0, 0.0796956528276983)	(48.0, 0.23081665488776706)	(49.0, 1.0834097709878394)	(50.0, 4.496037772732024)	(51.0, 11.018299926320056)	(52.0, 21.242650707486884)	(53.0, 23.512473121517633)	(54.0, 18.469843465703075)	(55.0, 12.602438987714471)	(56.0, 4.12011488203542)	(57.0, 1.4397846713683302)	(58.0, 1.1149872938063596)	(59.0, 0.32930845225030025)	(60.0, 0.10450656361368005)	(61.0, 0.04435890110220946)	(62.0, 0.020299836097621277)	(63.0, 0.01729245297204775)	(64.0, 0.005262920469753665)	(65.0, 0.005262920469753665)	(66.0, 0.003007383125573523)	(67.0, 0.003007383125573523)	(68.0, 0.002255537344180142)	(69.0, 0.003007383125573523)	(70.0, 0.0)	(71.0, 0.0)	(72.0, 0.0007518457813933808)	(73.0, 0.002255537344180142)	(74.0, 0.0015036915627867616)	(75.0, 0.0)	(76.0, 0.0)	(77.0, 0.0)	(78.0, 0.0)	(79.0, 0.0)	(80.0, 0.0)	(81.0, 0.0)	(82.0, 0.0)	(83.0, 0.0)	(84.0, 0.0)	(85.0, 0.0)	(86.0, 0.0)	(87.0, 0.0)	(88.0, 0.0)	(89.0, 0.0)	(90.0, 0.0)	(91.0, 0.0)	(92.0, 0.0)	(93.0, 0.0)	(94.0, 0.0)	(95.0, 0.0)	(96.0, 0.0)	(97.0, 0.0)	(98.0, 0.0)	(99.0, 0.0)	(100.0, 0.0)
SRR29920106_2	(0.0, 0.0)	(1.0, 0.0)	(2.0, 0.0)	(3.0, 0.0)	(4.0, 0.0)	(5.0, 0.0)	(6.0, 0.0)	(7.0, 0.0)	(8.0, 0.0)	(9.0, 0.0)	(10.0, 0.0)	(11.0, 0.0)	(12.0, 0.0)	(13.0, 0.0)	(14.0, 0.0)	(15.0, 0.0)	(16.0, 0.0)	(17.0, 0.0)	(18.0, 0.0)	(19.0, 0.0)	(20.0, 0.0)	(21.0, 0.0)	(22.0, 0.0)	(23.0, 0.0)	(24.0, 0.0)	(25.0, 0.0)	(26.0, 0.0)	(27.0, 0.0)	(28.0, 0.0)	(29.0, 0.0)	(30.0, 0.0)	(31.0, 0.0)	(32.0, 0.0)	(33.0, 0.0)	(34.0, 0.0)	(35.0, 0.0)	(36.0, 0.0007517496974208201)	(37.0, 0.0007517496974208201)	(38.0, 0.0)	(39.0, 0.0)	(40.0, 0.0015034993948416402)	(41.0, 0.0007517496974208201)	(42.0, 0.0007517496974208201)	(43.0, 0.0007517496974208201)	(44.0, 0.0)	(45.0, 0.0030069987896832804)	(46.0, 0.006013997579366561)	(47.0, 0.009020996369049841)	(48.0, 0.01954549213294132)	(49.0, 0.08945821399307761)	(50.0, 0.35332235778778565)	(51.0, 1.283988483194749)	(52.0, 6.869488735032057)	(53.0, 14.000586364762704)	(54.0, 13.034588003577827)	(55.0, 14.697458334271168)	(56.0, 14.601986122698813)	(57.0, 12.411387504416535)	(58.0, 9.320944498322353)	(59.0, 6.4274599129484145)	(60.0, 4.244378791637615)	(61.0, 1.4335866729815094)	(62.0, 0.6284627470438093)	(63.0, 0.24356690196434472)	(64.0, 0.12027995158733146)	(65.0, 0.06840922246529454)	(66.0, 0.046608481240090836)	(67.0, 0.027814738804570357)	(68.0, 0.013531494553574759)	(69.0, 0.009020996369049841)	(70.0, 0.006013997579366561)	(71.0, 0.0045104981845249205)	(72.0, 0.0045104981845249205)	(73.0, 0.0030069987896832804)	(74.0, 0.0022552490922624602)	(75.0, 0.0)	(76.0, 0.0022552490922624602)	(77.0, 0.0015034993948416402)	(78.0, 0.0)	(79.0, 0.0007517496974208201)	(80.0, 0.0007517496974208201)	(81.0, 0.0015034993948416402)	(82.0, 0.0)	(83.0, 0.0)	(84.0, 0.0)	(85.0, 0.0)	(86.0, 0.0007517496974208201)	(87.0, 0.0007517496974208201)	(88.0, 0.0)	(89.0, 0.0)	(90.0, 0.0)	(91.0, 0.0007517496974208201)	(92.0, 0.0007517496974208201)	(93.0, 0.0)	(94.0, 0.0)	(95.0, 0.0)	(96.0, 0.0)	(97.0, 0.0)	(98.0, 0.0007517496974208201)	(99.0, 0.0)	(100.0, 0.0)
SRR29920107_1	(0.0, 0.0)	(1.0, 0.0)	(2.0, 0.0)	(3.0, 0.0)	(4.0, 0.0)	(5.0, 0.0)	(6.0, 0.0)	(7.0, 0.0)	(8.0, 0.0)	(9.0, 0.0)	(10.0, 0.0)	(11.0, 0.0)	(12.0, 0.0)	(13.0, 0.0)	(14.0, 0.0)	(15.0, 0.0)	(16.0, 0.0)	(17.0, 0.0)	(18.0, 0.0)	(19.0, 0.0)	(20.0, 0.0)	(21.0, 0.0)	(22.0, 0.0)	(23.0, 0.0)	(24.0, 0.0)	(25.0, 0.0)	(26.0, 0.0)	(27.0, 0.0)	(28.0, 0.0009286258195123975)	(29.0, 0.0009286258195123975)	(30.0, 0.0009286258195123975)	(31.0, 0.0)	(32.0, 0.0)	(33.0, 0.0)	(34.0, 0.0)	(35.0, 0.0)	(36.0, 0.0)	(37.0, 0.0)	(38.0, 0.0009286258195123975)	(39.0, 0.001857251639024795)	(40.0, 0.004643129097561987)	(41.0, 0.0027858774585371926)	(42.0, 0.001857251639024795)	(43.0, 0.0027858774585371926)	(44.0, 0.001857251639024795)	(45.0, 0.004643129097561987)	(46.0, 0.024144271307322326)	(47.0, 0.06964693646342975)	(48.0, 0.37887933436105675)	(49.0, 1.1087792284977882)	(50.0, 3.924372713259277)	(51.0, 10.343963003550186)	(52.0, 20.1391081477595)	(53.0, 25.353342124323774)	(54.0, 20.016529539583978)	(55.0, 10.673625169477237)	(56.0, 3.400627751054404)	(57.0, 1.9046115558199488)	(58.0, 1.934327582044349)	(59.0, 0.473599167951324)	(60.0, 0.1095778467024629)	(61.0, 0.039002284419520715)	(62.0, 0.032501903682933916)	(63.0, 0.024144271307322326)	(64.0, 0.004643129097561987)	(65.0, 0.0027858774585371926)	(66.0, 0.00371450327804959)	(67.0, 0.00371450327804959)	(68.0, 0.00371450327804959)	(69.0, 0.0027858774585371926)	(70.0, 0.0)	(71.0, 0.0)	(72.0, 0.0009286258195123975)	(73.0, 0.0009286258195123975)	(74.0, 0.0)	(75.0, 0.0009286258195123975)	(76.0, 0.0009286258195123975)	(77.0, 0.0)	(78.0, 0.0)	(79.0, 0.0)	(80.0, 0.0)	(81.0, 0.0)	(82.0, 0.0)	(83.0, 0.0)	(84.0, 0.0)	(85.0, 0.0)	(86.0, 0.0)	(87.0, 0.0)	(88.0, 0.0)	(89.0, 0.0)	(90.0, 0.0)	(91.0, 0.0)	(92.0, 0.0)	(93.0, 0.0)	(94.0, 0.0)	(95.0, 0.0)	(96.0, 0.0)	(97.0, 0.0)	(98.0, 0.0)	(99.0, 0.0)	(100.0, 0.0)
SRR29920107_2	(0.0, 0.0)	(1.0, 0.0)	(2.0, 0.0)	(3.0, 0.0)	(4.0, 0.0)	(5.0, 0.0)	(6.0, 0.0)	(7.0, 0.0)	(8.0, 0.0)	(9.0, 0.0)	(10.0, 0.0)	(11.0, 0.0)	(12.0, 0.0)	(13.0, 0.0)	(14.0, 0.0)	(15.0, 0.0)	(16.0, 0.0)	(17.0, 0.0)	(18.0, 0.0)	(19.0, 0.0)	(20.0, 0.0)	(21.0, 0.0)	(22.0, 0.0)	(23.0, 0.0)	(24.0, 0.0)	(25.0, 0.0)	(26.0, 0.0)	(27.0, 0.0)	(28.0, 0.0)	(29.0, 0.0)	(30.0, 0.0)	(31.0, 0.0)	(32.0, 0.0)	(33.0, 0.0009290140374021781)	(34.0, 0.0)	(35.0, 0.0)	(36.0, 0.0009290140374021781)	(37.0, 0.0018580280748043561)	(38.0, 0.0009290140374021781)	(39.0, 0.0)	(40.0, 0.0)	(41.0, 0.0009290140374021781)	(42.0, 0.0)	(43.0, 0.0)	(44.0, 0.0009290140374021781)	(45.0, 0.0027870421122065344)	(46.0, 0.006503098261815246)	(47.0, 0.012077182486228315)	(48.0, 0.026012393047260985)	(49.0, 0.19787998996666414)	(50.0, 0.5713436330023436)	(51.0, 0.9243689672151634)	(52.0, 4.385875270575465)	(53.0, 10.47556228574861)	(54.0, 14.238069137225292)	(55.0, 22.79986250591598)	(56.0, 17.52677882962601)	(57.0, 11.40829237930082)	(58.0, 8.484685203594838)	(59.0, 3.277561523954917)	(60.0, 3.0016443548465332)	(61.0, 1.48270640369385)	(62.0, 0.614078278722845)	(63.0, 0.22389238301392475)	(64.0, 0.12355886697448981)	(65.0, 0.07432112299217418)	(66.0, 0.041805631683098046)	(67.0, 0.023225350935054446)	(68.0, 0.019509294785445733)	(69.0, 0.0074321122992174245)	(70.0, 0.012077182486228315)	(71.0, 0.009290140374021783)	(72.0, 0.006503098261815246)	(73.0, 0.0018580280748043561)	(74.0, 0.0018580280748043561)	(75.0, 0.0018580280748043561)	(76.0, 0.0027870421122065344)	(77.0, 0.0009290140374021781)	(78.0, 0.0)	(79.0, 0.0)	(80.0, 0.0)	(81.0, 0.0009290140374021781)	(82.0, 0.0)	(83.0, 0.0009290140374021781)	(84.0, 0.0)	(85.0, 0.0)	(86.0, 0.0)	(87.0, 0.0)	(88.0, 0.0)	(89.0, 0.0)	(90.0, 0.0)	(91.0, 0.0)	(92.0, 0.0009290140374021781)	(93.0, 0.0)	(94.0, 0.0)	(95.0, 0.0)	(96.0, 0.0)	(97.0, 0.0018580280748043561)	(98.0, 0.0018580280748043561)	(99.0, 0.0)	(100.0, 0.0)
SRR29920108_1	(0.0, 0.0)	(1.0, 0.0)	(2.0, 0.0)	(3.0, 0.0)	(4.0, 0.0)	(5.0, 0.0)	(6.0, 0.0)	(7.0, 0.0)	(8.0, 0.0)	(9.0, 0.0)	(10.0, 0.0)	(11.0, 0.0)	(12.0, 0.0)	(13.0, 0.0)	(14.0, 0.0)	(15.0, 0.0)	(16.0, 0.0)	(17.0, 0.0)	(18.0, 0.0)	(19.0, 0.0)	(20.0, 0.0)	(21.0, 0.0)	(22.0, 0.0)	(23.0, 0.0)	(24.0, 0.0)	(25.0, 0.0)	(26.0, 0.0)	(27.0, 0.0)	(28.0, 0.0)	(29.0, 0.0)	(30.0, 0.0008414179575419385)	(31.0, 0.001682835915083877)	(32.0, 0.0008414179575419385)	(33.0, 0.0)	(34.0, 0.0)	(35.0, 0.0)	(36.0, 0.0)	(37.0, 0.0008414179575419385)	(38.0, 0.001682835915083877)	(39.0, 0.001682835915083877)	(40.0, 0.001682835915083877)	(41.0, 0.0008414179575419385)	(42.0, 0.0008414179575419385)	(43.0, 0.001682835915083877)	(44.0, 0.002524253872625816)	(45.0, 0.002524253872625816)	(46.0, 0.02692537464134204)	(47.0, 0.141358216867046)	(48.0, 0.2549496411352065)	(49.0, 1.434617617608992)	(50.0, 6.827265307495574)	(51.0, 10.558953949195468)	(52.0, 24.08138194484895)	(53.0, 32.24650180485077)	(54.0, 12.765151833868424)	(55.0, 5.22772977020762)	(56.0, 3.5936960966615077)	(57.0, 1.2461399951195844)	(58.0, 1.0660765522056197)	(59.0, 0.3567612139977811)	(60.0, 0.08330037779665181)	(61.0, 0.02692537464134204)	(62.0, 0.012621269363129078)	(63.0, 0.007572761617877448)	(64.0, 0.005048507745251631)	(65.0, 0.006731343660335508)	(66.0, 0.004207089787709692)	(67.0, 0.0008414179575419385)	(68.0, 0.0008414179575419385)	(69.0, 0.003365671830167754)	(70.0, 0.003365671830167754)	(71.0, 0.0)	(72.0, 0.0)	(73.0, 0.0)	(74.0, 0.0)	(75.0, 0.0)	(76.0, 0.0)	(77.0, 0.0)	(78.0, 0.0)	(79.0, 0.0)	(80.0, 0.0)	(81.0, 0.0)	(82.0, 0.0)	(83.0, 0.0)	(84.0, 0.0)	(85.0, 0.0)	(86.0, 0.0)	(87.0, 0.0)	(88.0, 0.0)	(89.0, 0.0)	(90.0, 0.0)	(91.0, 0.0)	(92.0, 0.0)	(93.0, 0.0)	(94.0, 0.0)	(95.0, 0.0)	(96.0, 0.0)	(97.0, 0.0)	(98.0, 0.0)	(99.0, 0.0)	(100.0, 0.0)
SRR29920108_2	(0.0, 0.0)	(1.0, 0.0)	(2.0, 0.0)	(3.0, 0.0)	(4.0, 0.0)	(5.0, 0.0)	(6.0, 0.0)	(7.0, 0.0)	(8.0, 0.0)	(9.0, 0.0)	(10.0, 0.0)	(11.0, 0.0)	(12.0, 0.0)	(13.0, 0.0)	(14.0, 0.0)	(15.0, 0.0)	(16.0, 0.0)	(17.0, 0.0)	(18.0, 0.0)	(19.0, 0.0)	(20.0, 0.0)	(21.0, 0.0)	(22.0, 0.0)	(23.0, 0.0)	(24.0, 0.0)	(25.0, 0.0)	(26.0, 0.0)	(27.0, 0.0)	(28.0, 0.0)	(29.0, 0.0)	(30.0, 0.0)	(31.0, 0.0)	(32.0, 0.0)	(33.0, 0.0)	(34.0, 0.0)	(35.0, 0.0)	(36.0, 0.0)	(37.0, 0.0)	(38.0, 0.0)	(39.0, 0.0)	(40.0, 0.0)	(41.0, 0.0008432058687126778)	(42.0, 0.0016864117374253557)	(43.0, 0.0016864117374253557)	(44.0, 0.002529617606138033)	(45.0, 0.0008432058687126778)	(46.0, 0.0016864117374253557)	(47.0, 0.011804882161977486)	(48.0, 0.060710822547312755)	(49.0, 0.35920570007159985)	(50.0, 0.8288713689445593)	(51.0, 1.3263628314850162)	(52.0, 4.062565875457464)	(53.0, 11.004679792570457)	(54.0, 30.17665162949897)	(55.0, 28.997849825036496)	(56.0, 10.146296218221437)	(57.0, 4.565116573210106)	(58.0, 2.6198406340904)	(59.0, 2.566718664361506)	(60.0, 1.8946835869974255)	(61.0, 0.7706901640033877)	(62.0, 0.3010244951304244)	(63.0, 0.1450314094185809)	(64.0, 0.06408364602216346)	(65.0, 0.03625785235464517)	(66.0, 0.02108014671781694)	(67.0, 0.008432058687126778)	(68.0, 0.008432058687126778)	(69.0, 0.002529617606138033)	(70.0, 0.0008432058687126778)	(71.0, 0.0016864117374253557)	(72.0, 0.0008432058687126778)	(73.0, 0.0016864117374253557)	(74.0, 0.0008432058687126778)	(75.0, 0.002529617606138033)	(76.0, 0.0016864117374253557)	(77.0, 0.0008432058687126778)	(78.0, 0.0)	(79.0, 0.0008432058687126778)	(80.0, 0.0)	(81.0, 0.0)	(82.0, 0.0)	(83.0, 0.0)	(84.0, 0.0)	(85.0, 0.0)	(86.0, 0.0)	(87.0, 0.0)	(88.0, 0.0)	(89.0, 0.0)	(90.0, 0.0)	(91.0, 0.0)	(92.0, 0.0)	(93.0, 0.0)	(94.0, 0.0)	(95.0, 0.0)	(96.0, 0.0)	(97.0, 0.0)	(98.0, 0.0)	(99.0, 0.0)	(100.0, 0.0)
SRR29920109_1	(0.0, 0.0)	(1.0, 0.0)	(2.0, 0.0)	(3.0, 0.0)	(4.0, 0.0)	(5.0, 0.0)	(6.0, 0.0)	(7.0, 0.0)	(8.0, 0.0)	(9.0, 0.0)	(10.0, 0.0)	(11.0, 0.0)	(12.0, 0.0)	(13.0, 0.0)	(14.0, 0.0)	(15.0, 0.0)	(16.0, 0.0)	(17.0, 0.0)	(18.0, 0.0)	(19.0, 0.0)	(20.0, 0.0)	(21.0, 0.0)	(22.0, 0.0)	(23.0, 0.0)	(24.0, 0.0)	(25.0, 0.0)	(26.0, 0.0)	(27.0, 0.0)	(28.0, 0.0)	(29.0, 0.0)	(30.0, 0.0)	(31.0, 0.0)	(32.0, 0.0)	(33.0, 0.0)	(34.0, 0.0)	(35.0, 0.0)	(36.0, 0.0013327291627797657)	(37.0, 0.0013327291627797657)	(38.0, 0.003998187488339296)	(39.0, 0.005330916651119063)	(40.0, 0.0)	(41.0, 0.0013327291627797657)	(42.0, 0.0013327291627797657)	(43.0, 0.006663645813898827)	(44.0, 0.007996374976678593)	(45.0, 0.0013327291627797657)	(46.0, 0.021323666604476245)	(47.0, 0.11194924967350017)	(48.0, 2.0350774315646563)	(49.0, 4.5046245701957)	(50.0, 3.7942799264341445)	(51.0, 4.0381693632228695)	(52.0, 10.046112429033972)	(53.0, 32.020150864935395)	(54.0, 25.93890769517686)	(55.0, 7.587227123704597)	(56.0, 2.5441799717465825)	(57.0, 2.9306714289527585)	(58.0, 3.341152011088973)	(59.0, 0.8142975184584424)	(60.0, 0.11728016632461924)	(61.0, 0.05597462483675019)	(62.0, 0.025321854092815538)	(63.0, 0.0026654583255595315)	(64.0, 0.006663645813898827)	(65.0, 0.01199456246501789)	(66.0, 0.007996374976678593)	(67.0, 0.0026654583255595315)	(68.0, 0.0013327291627797657)	(69.0, 0.0026654583255595315)	(70.0, 0.003998187488339296)	(71.0, 0.0013327291627797657)	(72.0, 0.0013327291627797657)	(73.0, 0.0)	(74.0, 0.0)	(75.0, 0.0)	(76.0, 0.0)	(77.0, 0.0)	(78.0, 0.0)	(79.0, 0.0)	(80.0, 0.0)	(81.0, 0.0)	(82.0, 0.0)	(83.0, 0.0)	(84.0, 0.0)	(85.0, 0.0)	(86.0, 0.0)	(87.0, 0.0)	(88.0, 0.0)	(89.0, 0.0)	(90.0, 0.0)	(91.0, 0.0)	(92.0, 0.0)	(93.0, 0.0)	(94.0, 0.0)	(95.0, 0.0)	(96.0, 0.0)	(97.0, 0.0)	(98.0, 0.0)	(99.0, 0.0)	(100.0, 0.0)
SRR29920109_2	(0.0, 0.0)	(1.0, 0.0)	(2.0, 0.0)	(3.0, 0.0)	(4.0, 0.0)	(5.0, 0.0)	(6.0, 0.0)	(7.0, 0.0)	(8.0, 0.0)	(9.0, 0.0)	(10.0, 0.0)	(11.0, 0.0)	(12.0, 0.0)	(13.0, 0.0)	(14.0, 0.0)	(15.0, 0.0)	(16.0, 0.0)	(17.0, 0.0)	(18.0, 0.0)	(19.0, 0.0)	(20.0, 0.0)	(21.0, 0.0)	(22.0, 0.0)	(23.0, 0.0)	(24.0, 0.0)	(25.0, 0.0)	(26.0, 0.0)	(27.0, 0.0)	(28.0, 0.0)	(29.0, 0.0)	(30.0, 0.0)	(31.0, 0.0)	(32.0, 0.0)	(33.0, 0.0)	(34.0, 0.0)	(35.0, 0.0)	(36.0, 0.0)	(37.0, 0.0)	(38.0, 0.0)	(39.0, 0.0)	(40.0, 0.0)	(41.0, 0.0)	(42.0, 0.0)	(43.0, 0.0)	(44.0, 0.0)	(45.0, 0.0)	(46.0, 0.0)	(47.0, 0.001331354053640384)	(48.0, 0.007988124321842304)	(49.0, 0.039940621609211524)	(50.0, 0.1477802999540826)	(51.0, 0.5165653728124662)	(52.0, 1.6868255859623407)	(53.0, 3.5094492853961725)	(54.0, 13.843419449754546)	(55.0, 32.68740472496684)	(56.0, 19.71868488846765)	(57.0, 10.550980875100379)	(58.0, 6.005738135971523)	(59.0, 3.376313880032119)	(60.0, 4.105895901427126)	(61.0, 2.163450337165591)	(62.0, 0.9239597132264354)	(63.0, 0.3235190350346131)	(64.0, 0.15177436211500375)	(65.0, 0.09186342970118645)	(66.0, 0.046597391877413456)	(67.0, 0.02795843512644806)	(68.0, 0.014644894590044226)	(69.0, 0.007988124321842304)	(70.0, 0.005325416214561536)	(71.0, 0.007988124321842304)	(72.0, 0.006656770268201921)	(73.0, 0.002662708107280768)	(74.0, 0.002662708107280768)	(75.0, 0.002662708107280768)	(76.0, 0.003994062160921153)	(77.0, 0.003994062160921153)	(78.0, 0.001331354053640384)	(79.0, 0.001331354053640384)	(80.0, 0.001331354053640384)	(81.0, 0.0)	(82.0, 0.0)	(83.0, 0.0)	(84.0, 0.001331354053640384)	(85.0, 0.0)	(86.0, 0.001331354053640384)	(87.0, 0.001331354053640384)	(88.0, 0.0)	(89.0, 0.0)	(90.0, 0.0)	(91.0, 0.0)	(92.0, 0.0)	(93.0, 0.0)	(94.0, 0.0)	(95.0, 0.0)	(96.0, 0.0)	(97.0, 0.001331354053640384)	(98.0, 0.001331354053640384)	(99.0, 0.001331354053640384)	(100.0, 0.0019970310804605764)
SRR29920110_1	(0.0, 0.0)	(1.0, 0.0)	(2.0, 0.0)	(3.0, 0.0)	(4.0, 0.0)	(5.0, 0.0)	(6.0, 0.0)	(7.0, 0.0)	(8.0, 0.0)	(9.0, 0.0)	(10.0, 0.0)	(11.0, 0.0)	(12.0, 0.0)	(13.0, 0.0)	(14.0, 0.0)	(15.0, 0.0)	(16.0, 0.0)	(17.0, 0.0)	(18.0, 0.0)	(19.0, 0.0)	(20.0, 0.0)	(21.0, 0.0)	(22.0, 0.0)	(23.0, 0.0)	(24.0, 0.0008775008775008842)	(25.0, 0.0017550017550017683)	(26.0, 0.0008775008775008842)	(27.0, 0.0008775008775008842)	(28.0, 0.0)	(29.0, 0.0)	(30.0, 0.0)	(31.0, 0.0)	(32.0, 0.0)	(33.0, 0.0)	(34.0, 0.0)	(35.0, 0.0)	(36.0, 0.0017550017550017683)	(37.0, 0.0026325026325026524)	(38.0, 0.0)	(39.0, 0.0)	(40.0, 0.0017550017550017683)	(41.0, 0.005265005265005304)	(42.0, 0.0017550017550017683)	(43.0, 0.0035100035100035366)	(44.0, 0.0035100035100035366)	(45.0, 0.006142506142506188)	(46.0, 0.03685503685503715)	(47.0, 0.16321516321516488)	(48.0, 0.32994032994033057)	(49.0, 1.632151632151646)	(50.0, 6.850649350649575)	(51.0, 10.524745524747448)	(52.0, 21.11354861354134)	(53.0, 29.37960687961347)	(54.0, 14.492804492803188)	(55.0, 6.556686556686646)	(56.0, 4.841172341172012)	(57.0, 1.9190944190944679)	(58.0, 1.5022815022815004)	(59.0, 0.4176904176904212)	(60.0, 0.09038259038259097)	(61.0, 0.03685503685503715)	(62.0, 0.028957528957529177)	(63.0, 0.02281502281502298)	(64.0, 0.008775008775008841)	(65.0, 0.005265005265005304)	(66.0, 0.0017550017550017683)	(67.0, 0.0)	(68.0, 0.0008775008775008842)	(69.0, 0.007020007020007073)	(70.0, 0.0035100035100035366)	(71.0, 0.0017550017550017683)	(72.0, 0.0)	(73.0, 0.0008775008775008842)	(74.0, 0.0)	(75.0, 0.0)	(76.0, 0.0)	(77.0, 0.0)	(78.0, 0.0)	(79.0, 0.0)	(80.0, 0.0)	(81.0, 0.0)	(82.0, 0.0)	(83.0, 0.0)	(84.0, 0.0)	(85.0, 0.0)	(86.0, 0.0)	(87.0, 0.0)	(88.0, 0.0)	(89.0, 0.0)	(90.0, 0.0)	(91.0, 0.0)	(92.0, 0.0)	(93.0, 0.0)	(94.0, 0.0)	(95.0, 0.0)	(96.0, 0.0)	(97.0, 0.0)	(98.0, 0.0)	(99.0, 0.0)	(100.0, 0.0)
SRR29920110_2	(0.0, 0.0)	(1.0, 0.0)	(2.0, 0.0)	(3.0, 0.0)	(4.0, 0.0)	(5.0, 0.0)	(6.0, 0.0)	(7.0, 0.0)	(8.0, 0.0)	(9.0, 0.0)	(10.0, 0.0)	(11.0, 0.0)	(12.0, 0.0)	(13.0, 0.0)	(14.0, 0.0)	(15.0, 0.0)	(16.0, 0.0)	(17.0, 0.0)	(18.0, 0.0)	(19.0, 0.0)	(20.0, 0.0)	(21.0, 0.0)	(22.0, 0.0)	(23.0, 0.0)	(24.0, 0.0)	(25.0, 0.0)	(26.0, 0.0)	(27.0, 0.0)	(28.0, 0.0)	(29.0, 0.0)	(30.0, 0.0)	(31.0, 0.0)	(32.0, 0.0)	(33.0, 0.0)	(34.0, 0.0)	(35.0, 0.0)	(36.0, 0.0)	(37.0, 0.0)	(38.0, 0.0008771698990376652)	(39.0, 0.0008771698990376652)	(40.0, 0.0)	(41.0, 0.0)	(42.0, 0.0008771698990376652)	(43.0, 0.0008771698990376652)	(44.0, 0.0017543397980753304)	(45.0, 0.0008771698990376652)	(46.0, 0.004385849495188326)	(47.0, 0.014034718384602641)	(48.0, 0.04736717454803393)	(49.0, 0.44560230871113504)	(50.0, 1.192073892792165)	(51.0, 1.8429339578781603)	(52.0, 5.41827846635518)	(53.0, 12.228625562484732)	(54.0, 28.603633237724196)	(55.0, 27.332614054016307)	(56.0, 9.349753953843784)	(57.0, 4.226204573563245)	(58.0, 2.130645684762547)	(59.0, 1.7315333807003639)	(60.0, 2.7622080120697143)	(61.0, 1.720130172012873)	(62.0, 0.5148987307351126)	(63.0, 0.1806969992017593)	(64.0, 0.08947132970184175)	(65.0, 0.05438453374033523)	(66.0, 0.03157811636535596)	(67.0, 0.021052077576903954)	(68.0, 0.016666228081715632)	(69.0, 0.00526301939422599)	(70.0, 0.0070173591923013215)	(71.0, 0.0061401892932636554)	(72.0, 0.0026315096971129956)	(73.0, 0.0017543397980753304)	(74.0, 0.0035086795961506607)	(75.0, 0.0026315096971129956)	(76.0, 0.0017543397980753304)	(77.0, 0.0)	(78.0, 0.0)	(79.0, 0.0008771698990376652)	(80.0, 0.0017543397980753304)	(81.0, 0.0008771698990376652)	(82.0, 0.0)	(83.0, 0.0008771698990376652)	(84.0, 0.0)	(85.0, 0.0)	(86.0, 0.0)	(87.0, 0.0)	(88.0, 0.0)	(89.0, 0.0)	(90.0, 0.0)	(91.0, 0.0)	(92.0, 0.0)	(93.0, 0.0)	(94.0, 0.0)	(95.0, 0.0)	(96.0, 0.0)	(97.0, 0.0)	(98.0, 0.0)	(99.0, 0.0)	(100.0, 0.0)
SRR29920111_1	(0.0, 0.0)	(1.0, 0.0)	(2.0, 0.0)	(3.0, 0.0)	(4.0, 0.0)	(5.0, 0.0)	(6.0, 0.0)	(7.0, 0.0)	(8.0, 0.0)	(9.0, 0.0)	(10.0, 0.0)	(11.0, 0.0)	(12.0, 0.0)	(13.0, 0.0)	(14.0, 0.0)	(15.0, 0.0)	(16.0, 0.0)	(17.0, 0.0)	(18.0, 0.0)	(19.0, 0.0)	(20.0, 0.0)	(21.0, 0.0)	(22.0, 0.0)	(23.0, 0.0)	(24.0, 0.0)	(25.0, 0.0)	(26.0, 0.0)	(27.0, 0.0)	(28.0, 0.000916346708940769)	(29.0, 0.001832693417881538)	(30.0, 0.002749040126822307)	(31.0, 0.0)	(32.0, 0.0)	(33.0, 0.000916346708940769)	(34.0, 0.000916346708940769)	(35.0, 0.0)	(36.0, 0.000916346708940769)	(37.0, 0.000916346708940769)	(38.0, 0.000916346708940769)	(39.0, 0.001832693417881538)	(40.0, 0.002749040126822307)	(41.0, 0.002749040126822307)	(42.0, 0.002749040126822307)	(43.0, 0.000916346708940769)	(44.0, 0.001832693417881538)	(45.0, 0.002749040126822307)	(46.0, 0.02015962759669691)	(47.0, 0.09713275114772144)	(48.0, 0.1841856884970949)	(49.0, 0.824712038046693)	(50.0, 3.663554142345129)	(51.0, 6.986227308964526)	(52.0, 18.483629466039726)	(53.0, 35.03193468282016)	(54.0, 20.89087227042494)	(55.0, 5.827048722153927)	(56.0, 3.9228802609753073)	(57.0, 2.0031339057445563)	(58.0, 1.4954778289913127)	(59.0, 0.3729531105388915)	(60.0, 0.07239139000632068)	(61.0, 0.03573752164869)	(62.0, 0.021075974305637676)	(63.0, 0.0146615473430523)	(64.0, 0.004581733544703845)	(65.0, 0.002749040126822307)	(66.0, 0.002749040126822307)	(67.0, 0.0)	(68.0, 0.001832693417881538)	(69.0, 0.005498080253644613)	(70.0, 0.004581733544703845)	(71.0, 0.000916346708940769)	(72.0, 0.001832693417881538)	(73.0, 0.000916346708940769)	(74.0, 0.0)	(75.0, 0.0)	(76.0, 0.0)	(77.0, 0.0)	(78.0, 0.0)	(79.0, 0.000916346708940769)	(80.0, 0.0)	(81.0, 0.0)	(82.0, 0.0)	(83.0, 0.0)	(84.0, 0.0)	(85.0, 0.0)	(86.0, 0.0)	(87.0, 0.0)	(88.0, 0.0)	(89.0, 0.0)	(90.0, 0.0)	(91.0, 0.0)	(92.0, 0.0)	(93.0, 0.0)	(94.0, 0.0)	(95.0, 0.0)	(96.0, 0.0)	(97.0, 0.0)	(98.0, 0.0)	(99.0, 0.0)	(100.0, 0.0)
SRR29920111_2	(0.0, 0.0)	(1.0, 0.0)	(2.0, 0.0)	(3.0, 0.0)	(4.0, 0.0)	(5.0, 0.0)	(6.0, 0.0)	(7.0, 0.0)	(8.0, 0.0)	(9.0, 0.0)	(10.0, 0.0)	(11.0, 0.0)	(12.0, 0.0)	(13.0, 0.0)	(14.0, 0.0)	(15.0, 0.0)	(16.0, 0.0)	(17.0, 0.0)	(18.0, 0.0)	(19.0, 0.0)	(20.0, 0.0)	(21.0, 0.0)	(22.0, 0.0)	(23.0, 0.0)	(24.0, 0.0)	(25.0, 0.0)	(26.0, 0.0)	(27.0, 0.0)	(28.0, 0.0)	(29.0, 0.0)	(30.0, 0.0)	(31.0, 0.0)	(32.0, 0.0)	(33.0, 0.0)	(34.0, 0.0)	(35.0, 0.0)	(36.0, 0.0)	(37.0, 0.0)	(38.0, 0.0009152815406019147)	(39.0, 0.0009152815406019147)	(40.0, 0.0)	(41.0, 0.0)	(42.0, 0.0009152815406019147)	(43.0, 0.0027458446218057444)	(44.0, 0.0027458446218057444)	(45.0, 0.0027458446218057444)	(46.0, 0.005491689243611489)	(47.0, 0.010068096946621065)	(48.0, 0.025627883136853612)	(49.0, 0.11257962949403556)	(50.0, 0.3148568499670572)	(51.0, 0.9409094237387629)	(52.0, 4.807973932781532)	(53.0, 9.29010763711059)	(54.0, 19.874423372624175)	(55.0, 31.25503404848194)	(56.0, 19.36186570988757)	(57.0, 5.254631324595165)	(58.0, 2.4309877718387702)	(59.0, 2.2644065314492026)	(60.0, 2.333052646994354)	(61.0, 0.9921651900124671)	(62.0, 0.36153620853775464)	(63.0, 0.1620048326865393)	(64.0, 0.08512118327597795)	(65.0, 0.03661126162407661)	(66.0, 0.019220912352640205)	(67.0, 0.015559786190232546)	(68.0, 0.010068096946621065)	(69.0, 0.006406970784213403)	(70.0, 0.005491689243611489)	(71.0, 0.005491689243611489)	(72.0, 0.0018305630812038294)	(73.0, 0.0018305630812038294)	(74.0, 0.0027458446218057444)	(75.0, 0.0009152815406019147)	(76.0, 0.0)	(77.0, 0.0)	(78.0, 0.0)	(79.0, 0.0)	(80.0, 0.0)	(81.0, 0.0)	(82.0, 0.0)	(83.0, 0.0)	(84.0, 0.0)	(85.0, 0.0)	(86.0, 0.0)	(87.0, 0.0)	(88.0, 0.0)	(89.0, 0.0)	(90.0, 0.0)	(91.0, 0.0)	(92.0, 0.0)	(93.0, 0.0)	(94.0, 0.0)	(95.0, 0.0)	(96.0, 0.0)	(97.0, 0.0)	(98.0, 0.0)	(99.0, 0.0)	(100.0, 0.0)
SRR29920112_1	(0.0, 0.0)	(1.0, 0.0)	(2.0, 0.0)	(3.0, 0.0)	(4.0, 0.0)	(5.0, 0.0)	(6.0, 0.0)	(7.0, 0.0)	(8.0, 0.0)	(9.0, 0.0)	(10.0, 0.0)	(11.0, 0.0)	(12.0, 0.0)	(13.0, 0.0)	(14.0, 0.0)	(15.0, 0.0)	(16.0, 0.0)	(17.0, 0.0)	(18.0, 0.0)	(19.0, 0.0)	(20.0, 0.0)	(21.0, 0.0)	(22.0, 0.0)	(23.0, 0.0)	(24.0, 0.0)	(25.0, 0.0)	(26.0, 0.0)	(27.0, 0.0)	(28.0, 0.0)	(29.0, 0.0)	(30.0, 0.0)	(31.0, 0.0)	(32.0, 0.0)	(33.0, 0.0)	(34.0, 0.0016143743895645547)	(35.0, 0.0016143743895645547)	(36.0, 0.0008071871947822773)	(37.0, 0.0008071871947822773)	(38.0, 0.0008071871947822773)	(39.0, 0.0008071871947822773)	(40.0, 0.0024215615843468322)	(41.0, 0.0)	(42.0, 0.0008071871947822773)	(43.0, 0.0024215615843468322)	(44.0, 0.0024215615843468322)	(45.0, 0.005650310363475942)	(46.0, 0.0750684091147517)	(47.0, 0.41973734128678564)	(48.0, 0.7579487759005578)	(49.0, 1.8048705675332084)	(50.0, 12.629250849562851)	(51.0, 28.59622074956046)	(52.0, 16.577203419239382)	(53.0, 10.229483319477323)	(54.0, 9.790373485515987)	(55.0, 8.26478968737679)	(56.0, 4.599352635869048)	(57.0, 2.536989353200797)	(58.0, 2.7856030091936823)	(59.0, 0.6796516180066812)	(60.0, 0.12349964080168865)	(61.0, 0.05408154205041256)	(62.0, 0.023408428648686044)	(63.0, 0.010493433532169607)	(64.0, 0.0048431231686936645)	(65.0, 0.0008071871947822773)	(66.0, 0.0008071871947822773)	(67.0, 0.0008071871947822773)	(68.0, 0.005650310363475942)	(69.0, 0.005650310363475942)	(70.0, 0.0016143743895645547)	(71.0, 0.0)	(72.0, 0.0)	(73.0, 0.0008071871947822773)	(74.0, 0.0008071871947822773)	(75.0, 0.0)	(76.0, 0.0)	(77.0, 0.0)	(78.0, 0.0)	(79.0, 0.0)	(80.0, 0.0)	(81.0, 0.0)	(82.0, 0.0)	(83.0, 0.0)	(84.0, 0.0)	(85.0, 0.0)	(86.0, 0.0)	(87.0, 0.0)	(88.0, 0.0)	(89.0, 0.0)	(90.0, 0.0)	(91.0, 0.0)	(92.0, 0.0)	(93.0, 0.0)	(94.0, 0.0)	(95.0, 0.0)	(96.0, 0.0)	(97.0, 0.0)	(98.0, 0.0)	(99.0, 0.0)	(100.0, 0.0)
SRR29920112_2	(0.0, 0.0)	(1.0, 0.0)	(2.0, 0.0)	(3.0, 0.0)	(4.0, 0.0)	(5.0, 0.0)	(6.0, 0.0)	(7.0, 0.0)	(8.0, 0.0)	(9.0, 0.0)	(10.0, 0.0)	(11.0, 0.0)	(12.0, 0.0)	(13.0, 0.0)	(14.0, 0.0)	(15.0, 0.0)	(16.0, 0.0)	(17.0, 0.0)	(18.0, 0.0)	(19.0, 0.0)	(20.0, 0.0)	(21.0, 0.0)	(22.0, 0.0)	(23.0, 0.0)	(24.0, 0.0)	(25.0, 0.0)	(26.0, 0.0)	(27.0, 0.0)	(28.0, 0.0)	(29.0, 0.0)	(30.0, 0.0)	(31.0, 0.0)	(32.0, 0.0008067704173423831)	(33.0, 0.0008067704173423831)	(34.0, 0.0)	(35.0, 0.0)	(36.0, 0.0)	(37.0, 0.0)	(38.0, 0.0)	(39.0, 0.0)	(40.0, 0.0)	(41.0, 0.0)	(42.0, 0.0)	(43.0, 0.0)	(44.0, 0.0008067704173423831)	(45.0, 0.0024203112520271497)	(46.0, 0.0016135408346847663)	(47.0, 0.0032270816693695326)	(48.0, 0.035497898363064884)	(49.0, 0.6413824817872004)	(50.0, 2.04032238545895)	(51.0, 2.531645569620499)	(52.0, 3.3472904615534627)	(53.0, 13.106792200143255)	(54.0, 24.687981541095894)	(55.0, 20.04824487095141)	(56.0, 11.41176755330845)	(57.0, 7.351292042824434)	(58.0, 5.069745302579136)	(59.0, 3.207719179353262)	(60.0, 3.699042363514662)	(61.0, 1.785382933578728)	(62.0, 0.527627852941923)	(63.0, 0.2121806197610464)	(64.0, 0.11294785842793377)	(65.0, 0.06938225589144488)	(66.0, 0.035497898363064884)	(67.0, 0.02339634210292911)	(68.0, 0.012908326677478127)	(69.0, 0.006454163338739065)	(70.0, 0.007260933756081449)	(71.0, 0.0040338520867119155)	(72.0, 0.0024203112520271497)	(73.0, 0.0008067704173423831)	(74.0, 0.0016135408346847663)	(75.0, 0.0024203112520271497)	(76.0, 0.0024203112520271497)	(77.0, 0.0024203112520271497)	(78.0, 0.0008067704173423831)	(79.0, 0.0016135408346847663)	(80.0, 0.0)	(81.0, 0.0)	(82.0, 0.0)	(83.0, 0.0)	(84.0, 0.0)	(85.0, 0.0)	(86.0, 0.0)	(87.0, 0.0)	(88.0, 0.0)	(89.0, 0.0)	(90.0, 0.0)	(91.0, 0.0)	(92.0, 0.0)	(93.0, 0.0)	(94.0, 0.0)	(95.0, 0.0)	(96.0, 0.0)	(97.0, 0.0)	(98.0, 0.0)	(99.0, 0.0)	(100.0, 0.0)
SRR29920113_1	(0.0, 0.0)	(1.0, 0.0)	(2.0, 0.0)	(3.0, 0.0)	(4.0, 0.0)	(5.0, 0.0)	(6.0, 0.0)	(7.0, 0.0)	(8.0, 0.0)	(9.0, 0.0)	(10.0, 0.0)	(11.0, 0.0)	(12.0, 0.0)	(13.0, 0.0)	(14.0, 0.0)	(15.0, 0.0)	(16.0, 0.0)	(17.0, 0.0)	(18.0, 0.0)	(19.0, 0.0)	(20.0, 0.0)	(21.0, 0.0)	(22.0, 0.0)	(23.0, 0.0)	(24.0, 0.0)	(25.0, 0.0012677966961220088)	(26.0, 0.0012677966961220088)	(27.0, 0.0)	(28.0, 0.0)	(29.0, 0.0)	(30.0, 0.0012677966961220088)	(31.0, 0.0)	(32.0, 0.0)	(33.0, 0.0012677966961220088)	(34.0, 0.0012677966961220088)	(35.0, 0.0)	(36.0, 0.0)	(37.0, 0.0)	(38.0, 0.0)	(39.0, 0.0012677966961220088)	(40.0, 0.0)	(41.0, 0.0025355933922440177)	(42.0, 0.005071186784488035)	(43.0, 0.0025355933922440177)	(44.0, 0.0012677966961220088)	(45.0, 0.005071186784488035)	(46.0, 0.044372884364270324)	(47.0, 0.26370171279337823)	(48.0, 1.3070983937017833)	(49.0, 2.6877289957786985)	(50.0, 3.340644294281607)	(51.0, 5.104149498587109)	(52.0, 12.851655108590396)	(53.0, 31.497141118444468)	(54.0, 25.45989325151603)	(55.0, 8.020081899667224)	(56.0, 2.2262509983902348)	(57.0, 3.0782103781843215)	(58.0, 3.2202036081500025)	(59.0, 0.6998237762593521)	(60.0, 0.0950847522091506)	(61.0, 0.03676610418753826)	(62.0, 0.02408813722631816)	(63.0, 0.005071186784488035)	(64.0, 0.007606780176732052)	(65.0, 0.0038033900883660265)	(66.0, 0.0)	(67.0, 0.0)	(68.0, 0.0)	(69.0, 0.0012677966961220088)	(70.0, 0.0012677966961220088)	(71.0, 0.0)	(72.0, 0.0)	(73.0, 0.0)	(74.0, 0.0)	(75.0, 0.0)	(76.0, 0.0)	(77.0, 0.0)	(78.0, 0.0)	(79.0, 0.0)	(80.0, 0.0)	(81.0, 0.0)	(82.0, 0.0)	(83.0, 0.0)	(84.0, 0.0)	(85.0, 0.0)	(86.0, 0.0)	(87.0, 0.0)	(88.0, 0.0)	(89.0, 0.0)	(90.0, 0.0)	(91.0, 0.0)	(92.0, 0.0)	(93.0, 0.0)	(94.0, 0.0)	(95.0, 0.0)	(96.0, 0.0)	(97.0, 0.0)	(98.0, 0.0)	(99.0, 0.0)	(100.0, 0.0)
SRR29920113_2	(0.0, 0.0)	(1.0, 0.0)	(2.0, 0.0)	(3.0, 0.0)	(4.0, 0.0)	(5.0, 0.0)	(6.0, 0.0)	(7.0, 0.0)	(8.0, 0.0)	(9.0, 0.0)	(10.0, 0.0)	(11.0, 0.0)	(12.0, 0.0)	(13.0, 0.0)	(14.0, 0.0)	(15.0, 0.0)	(16.0, 0.0)	(17.0, 0.0)	(18.0, 0.0)	(19.0, 0.0)	(20.0, 0.0)	(21.0, 0.0)	(22.0, 0.0)	(23.0, 0.0)	(24.0, 0.0)	(25.0, 0.0)	(26.0, 0.0)	(27.0, 0.0)	(28.0, 0.0)	(29.0, 0.0)	(30.0, 0.0)	(31.0, 0.0)	(32.0, 0.0)	(33.0, 0.0)	(34.0, 0.0)	(35.0, 0.0)	(36.0, 0.0)	(37.0, 0.0)	(38.0, 0.0)	(39.0, 0.0)	(40.0, 0.0)	(41.0, 0.0012627219233781566)	(42.0, 0.0012627219233781566)	(43.0, 0.0012627219233781566)	(44.0, 0.0)	(45.0, 0.0)	(46.0, 0.0012627219233781566)	(47.0, 0.006313609616890783)	(48.0, 0.013889941157159726)	(49.0, 0.030305326161075747)	(50.0, 0.10733136348714319)	(51.0, 0.32325681238480763)	(52.0, 1.218526656059918)	(53.0, 3.5482486046927586)	(54.0, 14.465742354222508)	(55.0, 30.857135641580886)	(56.0, 20.314670303306244)	(57.0, 10.466702022882068)	(58.0, 6.0888451145291445)	(59.0, 3.1403894234415675)	(60.0, 4.110159860596023)	(61.0, 2.8613278783749636)	(62.0, 1.5493597999849764)	(63.0, 0.4848852185772094)	(64.0, 0.16541657196253867)	(65.0, 0.0782887592494457)	(66.0, 0.0593479303987734)	(67.0, 0.030305326161075747)	(68.0, 0.01515266308053788)	(69.0, 0.010101775387025252)	(70.0, 0.008839053463647096)	(71.0, 0.008839053463647096)	(72.0, 0.005050887693512626)	(73.0, 0.008839053463647096)	(74.0, 0.005050887693512626)	(75.0, 0.0012627219233781566)	(76.0, 0.002525443846756313)	(77.0, 0.0012627219233781566)	(78.0, 0.0)	(79.0, 0.002525443846756313)	(80.0, 0.002525443846756313)	(81.0, 0.0)	(82.0, 0.0)	(83.0, 0.0012627219233781566)	(84.0, 0.0012627219233781566)	(85.0, 0.0)	(86.0, 0.0)	(87.0, 0.0)	(88.0, 0.0)	(89.0, 0.0)	(90.0, 0.0)	(91.0, 0.0)	(92.0, 0.0)	(93.0, 0.0)	(94.0, 0.0)	(95.0, 0.0)	(96.0, 0.0)	(97.0, 0.0)	(98.0, 0.0)	(99.0, 0.0)	(100.0, 0.0)
SRR29920114_1	(0.0, 0.0)	(1.0, 0.0)	(2.0, 0.0)	(3.0, 0.0)	(4.0, 0.0)	(5.0, 0.0)	(6.0, 0.0)	(7.0, 0.0)	(8.0, 0.0)	(9.0, 0.0)	(10.0, 0.0)	(11.0, 0.0)	(12.0, 0.0)	(13.0, 0.0)	(14.0, 0.0)	(15.0, 0.0)	(16.0, 0.0)	(17.0, 0.0)	(18.0, 0.0)	(19.0, 0.0)	(20.0, 0.0)	(21.0, 0.0)	(22.0, 0.0)	(23.0, 0.0)	(24.0, 0.0)	(25.0, 0.0)	(26.0, 0.0)	(27.0, 0.0)	(28.0, 0.0)	(29.0, 0.0)	(30.0, 0.0)	(31.0, 0.0)	(32.0, 0.0)	(33.0, 0.0006675032707658488)	(34.0, 0.0006675032707658488)	(35.0, 0.0)	(36.0, 0.0)	(37.0, 0.0)	(38.0, 0.0)	(39.0, 0.0)	(40.0, 0.0)	(41.0, 0.0006675032707658488)	(42.0, 0.0006675032707658488)	(43.0, 0.004672522895360941)	(44.0, 0.004005019624595092)	(45.0, 0.006675032707658489)	(46.0, 0.027367634101399817)	(47.0, 0.2075935172081782)	(48.0, 1.6387205297302052)	(49.0, 3.48102955704367)	(50.0, 4.379488959494488)	(51.0, 5.675780311322355)	(52.0, 11.999038795284937)	(53.0, 29.733265693012246)	(54.0, 25.05940779110127)	(55.0, 8.923183723598703)	(56.0, 2.262836087896272)	(57.0, 2.7414359330352767)	(58.0, 2.9910821563016476)	(59.0, 0.6574907217043586)	(60.0, 0.10947053640559944)	(61.0, 0.04138520278748262)	(62.0, 0.018022588310677913)	(63.0, 0.004005019624595092)	(64.0, 0.005340026166126791)	(65.0, 0.007342535978424338)	(66.0, 0.005340026166126791)	(67.0, 0.0013350065415316976)	(68.0, 0.0026700130830633953)	(69.0, 0.004005019624595092)	(70.0, 0.0020025098122975465)	(71.0, 0.0013350065415316976)	(72.0, 0.0013350065415316976)	(73.0, 0.0006675032707658488)	(74.0, 0.0)	(75.0, 0.0)	(76.0, 0.0)	(77.0, 0.0)	(78.0, 0.0)	(79.0, 0.0)	(80.0, 0.0)	(81.0, 0.0)	(82.0, 0.0)	(83.0, 0.0)	(84.0, 0.0)	(85.0, 0.0)	(86.0, 0.0)	(87.0, 0.0)	(88.0, 0.0)	(89.0, 0.0)	(90.0, 0.0)	(91.0, 0.0)	(92.0, 0.0)	(93.0, 0.0)	(94.0, 0.0)	(95.0, 0.0)	(96.0, 0.0)	(97.0, 0.0)	(98.0, 0.0)	(99.0, 0.0)	(100.0, 0.0)
SRR29920114_2	(0.0, 0.0)	(1.0, 0.0)	(2.0, 0.0)	(3.0, 0.0)	(4.0, 0.0)	(5.0, 0.0)	(6.0, 0.0)	(7.0, 0.0)	(8.0, 0.0)	(9.0, 0.0)	(10.0, 0.0)	(11.0, 0.0)	(12.0, 0.0)	(13.0, 0.0)	(14.0, 0.0)	(15.0, 0.0)	(16.0, 0.0)	(17.0, 0.0)	(18.0, 0.0)	(19.0, 0.0)	(20.0, 0.0)	(21.0, 0.0)	(22.0, 0.0)	(23.0, 0.0)	(24.0, 0.0)	(25.0, 0.0)	(26.0, 0.0)	(27.0, 0.0)	(28.0, 0.0)	(29.0, 0.0)	(30.0, 0.0006666288910294387)	(31.0, 0.0006666288910294387)	(32.0, 0.0)	(33.0, 0.0)	(34.0, 0.0)	(35.0, 0.0)	(36.0, 0.0)	(37.0, 0.0)	(38.0, 0.0)	(39.0, 0.0)	(40.0, 0.0006666288910294387)	(41.0, 0.0006666288910294387)	(42.0, 0.0)	(43.0, 0.0013332577820588773)	(44.0, 0.0006666288910294387)	(45.0, 0.0006666288910294387)	(46.0, 0.00466640223720607)	(47.0, 0.0039997733461766315)	(48.0, 0.006666288910294386)	(49.0, 0.04199762013485462)	(50.0, 0.1786565427958892)	(51.0, 0.4619738214834053)	(52.0, 1.6279077518939347)	(53.0, 4.433082125345548)	(54.0, 15.051147101657916)	(55.0, 29.618321628456073)	(56.0, 18.619611555341358)	(57.0, 11.397354149928887)	(58.0, 7.210924714266481)	(59.0, 3.134489045620266)	(60.0, 3.9531093238042305)	(61.0, 2.388531316558494)	(62.0, 1.1359356303141528)	(63.0, 0.34464713666222085)	(64.0, 0.147324984917506)	(65.0, 0.06932940466706156)	(66.0, 0.04666402237206067)	(67.0, 0.025998526750148115)	(68.0, 0.021998753403971477)	(69.0, 0.016665722275735963)	(70.0, 0.011332691147500453)	(71.0, 0.007999546692353265)	(72.0, 0.005999660019264948)	(73.0, 0.00466640223720607)	(74.0, 0.00466640223720607)	(75.0, 0.003333144455147193)	(76.0, 0.0013332577820588773)	(77.0, 0.0013332577820588773)	(78.0, 0.0026665155641177546)	(79.0, 0.0026665155641177546)	(80.0, 0.0)	(81.0, 0.0)	(82.0, 0.0006666288910294387)	(83.0, 0.0006666288910294387)	(84.0, 0.0)	(85.0, 0.0006666288910294387)	(86.0, 0.0006666288910294387)	(87.0, 0.0)	(88.0, 0.0)	(89.0, 0.0)	(90.0, 0.0)	(91.0, 0.0)	(92.0, 0.0)	(93.0, 0.0)	(94.0, 0.0)	(95.0, 0.0)	(96.0, 0.0)	(97.0, 0.0)	(98.0, 0.0)	(99.0, 0.001999886673088316)	(100.0, 0.002999830009632474)
SRR29920115_1	(0.0, 0.0)	(1.0, 0.0)	(2.0, 0.0)	(3.0, 0.0)	(4.0, 0.0)	(5.0, 0.0)	(6.0, 0.0)	(7.0, 0.0)	(8.0, 0.0)	(9.0, 0.0)	(10.0, 0.0)	(11.0, 0.0)	(12.0, 0.0)	(13.0, 0.0)	(14.0, 0.0)	(15.0, 0.0)	(16.0, 0.0)	(17.0, 0.0)	(18.0, 0.0)	(19.0, 0.0)	(20.0, 0.0)	(21.0, 0.0)	(22.0, 0.0)	(23.0, 0.0)	(24.0, 0.0)	(25.0, 0.0)	(26.0, 0.0)	(27.0, 0.0)	(28.0, 0.0)	(29.0, 0.0)	(30.0, 0.0)	(31.0, 0.0)	(32.0, 0.0)	(33.0, 0.0)	(34.0, 0.0)	(35.0, 0.0)	(36.0, 0.0)	(37.0, 0.0)	(38.0, 0.0010938884452564297)	(39.0, 0.0010938884452564297)	(40.0, 0.0010938884452564297)	(41.0, 0.0010938884452564297)	(42.0, 0.0010938884452564297)	(43.0, 0.0021877768905128594)	(44.0, 0.0021877768905128594)	(45.0, 0.003281665335769289)	(46.0, 0.024065545795641446)	(47.0, 0.1050132907446171)	(48.0, 0.786505792139381)	(49.0, 2.231532428323141)	(50.0, 4.443374864631523)	(51.0, 5.661966592646909)	(52.0, 11.725390244705334)	(53.0, 32.05858866512982)	(54.0, 23.92115252086052)	(55.0, 6.1465591738953975)	(56.0, 2.061979719308375)	(57.0, 4.521040944244712)	(58.0, 5.050482951748704)	(59.0, 1.0151284771979665)	(60.0, 0.14001772099282309)	(61.0, 0.04484942625551364)	(62.0, 0.0185961035693593)	(63.0, 0.010938884452564298)	(64.0, 0.004375553781025719)	(65.0, 0.005469442226282148)	(66.0, 0.004375553781025719)	(67.0, 0.0021877768905128594)	(68.0, 0.0)	(69.0, 0.0010938884452564297)	(70.0, 0.0010938884452564297)	(71.0, 0.0010938884452564297)	(72.0, 0.0)	(73.0, 0.0)	(74.0, 0.0)	(75.0, 0.0)	(76.0, 0.0)	(77.0, 0.0)	(78.0, 0.0)	(79.0, 0.0)	(80.0, 0.0)	(81.0, 0.0)	(82.0, 0.0)	(83.0, 0.0)	(84.0, 0.0)	(85.0, 0.0)	(86.0, 0.0)	(87.0, 0.0)	(88.0, 0.0)	(89.0, 0.0)	(90.0, 0.0)	(91.0, 0.0)	(92.0, 0.0)	(93.0, 0.0)	(94.0, 0.0)	(95.0, 0.0)	(96.0, 0.0)	(97.0, 0.0)	(98.0, 0.0)	(99.0, 0.0)	(100.0, 0.0)
SRR29920115_2	(0.0, 0.0)	(1.0, 0.0)	(2.0, 0.0)	(3.0, 0.0)	(4.0, 0.0)	(5.0, 0.0)	(6.0, 0.0)	(7.0, 0.0)	(8.0, 0.0)	(9.0, 0.0)	(10.0, 0.0)	(11.0, 0.0)	(12.0, 0.0)	(13.0, 0.0)	(14.0, 0.0)	(15.0, 0.0)	(16.0, 0.0)	(17.0, 0.0)	(18.0, 0.0)	(19.0, 0.0)	(20.0, 0.0)	(21.0, 0.0)	(22.0, 0.0)	(23.0, 0.0)	(24.0, 0.0)	(25.0, 0.0)	(26.0, 0.0)	(27.0, 0.0)	(28.0, 0.0)	(29.0, 0.0)	(30.0, 0.0)	(31.0, 0.0)	(32.0, 0.0)	(33.0, 0.0)	(34.0, 0.0)	(35.0, 0.0010943912448700592)	(36.0, 0.0)	(37.0, 0.0)	(38.0, 0.0)	(39.0, 0.0010943912448700592)	(40.0, 0.0)	(41.0, 0.0)	(42.0, 0.0)	(43.0, 0.0)	(44.0, 0.0010943912448700592)	(45.0, 0.0010943912448700592)	(46.0, 0.0010943912448700592)	(47.0, 0.0065663474692203554)	(48.0, 0.012038303693570654)	(49.0, 0.07879616963064422)	(50.0, 0.2068399452804418)	(51.0, 0.27688098495212465)	(52.0, 0.856908344733265)	(53.0, 3.631190150478948)	(54.0, 16.559233926128485)	(55.0, 33.014500683996424)	(56.0, 18.679069767439863)	(57.0, 7.446238030095601)	(58.0, 4.437756497947999)	(59.0, 3.1387140902874573)	(60.0, 5.156771545827464)	(61.0, 3.5316005471957954)	(62.0, 1.998358413132726)	(63.0, 0.4804377564979554)	(64.0, 0.21450068399453212)	(65.0, 0.1039671682626555)	(66.0, 0.04377564979480239)	(67.0, 0.030642954856361662)	(68.0, 0.02079343365253112)	(69.0, 0.015321477428180831)	(70.0, 0.010943912448700594)	(71.0, 0.0065663474692203554)	(72.0, 0.005471956224350296)	(73.0, 0.0076607387140904155)	(74.0, 0.005471956224350296)	(75.0, 0.0065663474692203554)	(76.0, 0.0021887824897401185)	(77.0, 0.0010943912448700592)	(78.0, 0.0021887824897401185)	(79.0, 0.0021887824897401185)	(80.0, 0.0)	(81.0, 0.0010943912448700592)	(82.0, 0.0)	(83.0, 0.0)	(84.0, 0.0)	(85.0, 0.0)	(86.0, 0.0)	(87.0, 0.0)	(88.0, 0.0)	(89.0, 0.0)	(90.0, 0.0)	(91.0, 0.0)	(92.0, 0.0)	(93.0, 0.0)	(94.0, 0.0)	(95.0, 0.0)	(96.0, 0.0)	(97.0, 0.0010943912448700592)	(98.0, 0.0010943912448700592)	(99.0, 0.0)	(100.0, 0.0)
SRR29920116_1	(0.0, 0.0)	(1.0, 0.0)	(2.0, 0.0)	(3.0, 0.0)	(4.0, 0.0)	(5.0, 0.0)	(6.0, 0.0)	(7.0, 0.0)	(8.0, 0.0)	(9.0, 0.0)	(10.0, 0.0)	(11.0, 0.0)	(12.0, 0.0)	(13.0, 0.0)	(14.0, 0.0)	(15.0, 0.0)	(16.0, 0.0)	(17.0, 0.0)	(18.0, 0.0)	(19.0, 0.0)	(20.0, 0.0)	(21.0, 0.0)	(22.0, 0.0)	(23.0, 0.0)	(24.0, 0.0)	(25.0, 0.0)	(26.0, 0.0)	(27.0, 0.0)	(28.0, 0.0)	(29.0, 0.0)	(30.0, 0.0008031289905471414)	(31.0, 0.0008031289905471414)	(32.0, 0.0)	(33.0, 0.0)	(34.0, 0.0)	(35.0, 0.0)	(36.0, 0.0)	(37.0, 0.0008031289905471414)	(38.0, 0.001606257981094283)	(39.0, 0.0)	(40.0, 0.001606257981094283)	(41.0, 0.0008031289905471414)	(42.0, 0.001606257981094283)	(43.0, 0.003212515962188566)	(44.0, 0.003212515962188566)	(45.0, 0.003212515962188566)	(46.0, 0.004818773943282848)	(47.0, 0.015259450820395683)	(48.0, 0.08834418896018552)	(49.0, 0.6425031924377187)	(50.0, 3.2004690273303034)	(51.0, 8.8279938640955)	(52.0, 15.412045328596397)	(53.0, 26.7843518347528)	(54.0, 23.164649474350252)	(55.0, 10.243910274430243)	(56.0, 4.5810477620805266)	(57.0, 3.3747480182789937)	(58.0, 2.749110534642913)	(59.0, 0.6127874197874759)	(60.0, 0.15901954012833436)	(61.0, 0.05140025539501703)	(62.0, 0.03373141760297996)	(63.0, 0.010440676877112838)	(64.0, 0.004818773943282848)	(65.0, 0.004818773943282848)	(66.0, 0.003212515962188566)	(67.0, 0.001606257981094283)	(68.0, 0.0008031289905471414)	(69.0, 0.004015644952735707)	(70.0, 0.004015644952735707)	(71.0, 0.0024093869716414243)	(72.0, 0.0)	(73.0, 0.0)	(74.0, 0.0)	(75.0, 0.0)	(76.0, 0.0)	(77.0, 0.0)	(78.0, 0.0)	(79.0, 0.0)	(80.0, 0.0)	(81.0, 0.0)	(82.0, 0.0)	(83.0, 0.0)	(84.0, 0.0)	(85.0, 0.0)	(86.0, 0.0)	(87.0, 0.0)	(88.0, 0.0)	(89.0, 0.0)	(90.0, 0.0)	(91.0, 0.0)	(92.0, 0.0)	(93.0, 0.0)	(94.0, 0.0)	(95.0, 0.0)	(96.0, 0.0)	(97.0, 0.0)	(98.0, 0.0)	(99.0, 0.0)	(100.0, 0.0)
SRR29920116_2	(0.0, 0.0)	(1.0, 0.0)	(2.0, 0.0)	(3.0, 0.0)	(4.0, 0.0)	(5.0, 0.0)	(6.0, 0.0)	(7.0, 0.0)	(8.0, 0.0)	(9.0, 0.0)	(10.0, 0.0)	(11.0, 0.0)	(12.0, 0.0)	(13.0, 0.0)	(14.0, 0.0)	(15.0, 0.0)	(16.0, 0.0)	(17.0, 0.0)	(18.0, 0.0)	(19.0, 0.0)	(20.0, 0.0)	(21.0, 0.0)	(22.0, 0.0)	(23.0, 0.0)	(24.0, 0.0)	(25.0, 0.0)	(26.0, 0.0)	(27.0, 0.0)	(28.0, 0.0)	(29.0, 0.0)	(30.0, 0.0)	(31.0, 0.0)	(32.0, 0.0)	(33.0, 0.0)	(34.0, 0.0)	(35.0, 0.0)	(36.0, 0.0016104096882246623)	(37.0, 0.0)	(38.0, 0.0016104096882246623)	(39.0, 0.004026024220561655)	(40.0, 0.0016104096882246623)	(41.0, 0.0)	(42.0, 0.0008052048441123312)	(43.0, 0.004026024220561655)	(44.0, 0.006441638752898649)	(45.0, 0.0024156145323369935)	(46.0, 0.0032208193764493246)	(47.0, 0.004831229064673987)	(48.0, 0.008052048441123312)	(49.0, 0.0434810615820659)	(50.0, 0.16023576397835426)	(51.0, 0.5716954393197609)	(52.0, 4.1612986343722564)	(53.0, 9.341986601392815)	(54.0, 13.133696212315089)	(55.0, 26.503317443962395)	(56.0, 18.183135789738923)	(57.0, 10.018358670447313)	(58.0, 6.632472300953589)	(59.0, 3.274768101004781)	(60.0, 3.36817186292179)	(61.0, 2.3302628188611827)	(62.0, 1.4880185519195885)	(63.0, 0.3631473846946611)	(64.0, 0.15298892038134335)	(65.0, 0.07891007472300836)	(66.0, 0.03784462767327959)	(67.0, 0.020935325946920606)	(68.0, 0.01690930172635895)	(69.0, 0.015298892038134289)	(70.0, 0.010467662973460306)	(71.0, 0.010467662973460306)	(72.0, 0.008857253285235645)	(73.0, 0.009662458129347974)	(74.0, 0.004831229064673987)	(75.0, 0.0032208193764493246)	(76.0, 0.004831229064673987)	(77.0, 0.0032208193764493246)	(78.0, 0.0032208193764493246)	(79.0, 0.004026024220561655)	(80.0, 0.0008052048441123312)	(81.0, 0.0)	(82.0, 0.0008052048441123312)	(83.0, 0.0)	(84.0, 0.0)	(85.0, 0.0)	(86.0, 0.0)	(87.0, 0.0)	(88.0, 0.0)	(89.0, 0.0)	(90.0, 0.0)	(91.0, 0.0)	(92.0, 0.0)	(93.0, 0.0)	(94.0, 0.0)	(95.0, 0.0)	(96.0, 0.0)	(97.0, 0.0)	(98.0, 0.0)	(99.0, 0.0)	(100.0, 0.0)
SRR29920117_1	(0.0, 0.0)	(1.0, 0.0)	(2.0, 0.0)	(3.0, 0.0)	(4.0, 0.0)	(5.0, 0.0)	(6.0, 0.0)	(7.0, 0.0)	(8.0, 0.0)	(9.0, 0.0)	(10.0, 0.0)	(11.0, 0.0)	(12.0, 0.0)	(13.0, 0.0)	(14.0, 0.0)	(15.0, 0.0)	(16.0, 0.0)	(17.0, 0.0)	(18.0, 0.0)	(19.0, 0.0)	(20.0, 0.0)	(21.0, 0.0)	(22.0, 0.0)	(23.0, 0.0)	(24.0, 0.0)	(25.0, 0.0)	(26.0, 0.0)	(27.0, 0.0)	(28.0, 0.0)	(29.0, 0.0)	(30.0, 0.0)	(31.0, 0.0008834780764915824)	(32.0, 0.0)	(33.0, 0.0017669561529831648)	(34.0, 0.0008834780764915824)	(35.0, 0.0)	(36.0, 0.0)	(37.0, 0.0)	(38.0, 0.0)	(39.0, 0.0008834780764915824)	(40.0, 0.0)	(41.0, 0.0008834780764915824)	(42.0, 0.0)	(43.0, 0.0017669561529831648)	(44.0, 0.0026504342294747475)	(45.0, 0.0017669561529831648)	(46.0, 0.006184346535441076)	(47.0, 0.018553039606323225)	(48.0, 0.09188171995512451)	(49.0, 1.470107519281975)	(50.0, 9.02207811713318)	(51.0, 14.466953502548355)	(52.0, 13.380275468464694)	(53.0, 15.49532198358362)	(54.0, 15.441429820917682)	(55.0, 15.528894150490272)	(56.0, 9.535378879575024)	(57.0, 2.873070704750713)	(58.0, 1.8809248248506076)	(59.0, 0.5159511966710872)	(60.0, 0.15195822915655255)	(61.0, 0.0547756407424781)	(62.0, 0.029154776524222225)	(63.0, 0.01590260537684848)	(64.0, 0.0008834780764915824)	(65.0, 0.0008834780764915824)	(66.0, 0.0026504342294747475)	(67.0, 0.0)	(68.0, 0.0)	(69.0, 0.0017669561529831648)	(70.0, 0.0017669561529831648)	(71.0, 0.0)	(72.0, 0.0008834780764915824)	(73.0, 0.0008834780764915824)	(74.0, 0.0)	(75.0, 0.0)	(76.0, 0.0)	(77.0, 0.0)	(78.0, 0.0)	(79.0, 0.0)	(80.0, 0.0)	(81.0, 0.0)	(82.0, 0.0)	(83.0, 0.0)	(84.0, 0.0)	(85.0, 0.0)	(86.0, 0.0)	(87.0, 0.0)	(88.0, 0.0)	(89.0, 0.0)	(90.0, 0.0)	(91.0, 0.0)	(92.0, 0.0)	(93.0, 0.0)	(94.0, 0.0)	(95.0, 0.0)	(96.0, 0.0)	(97.0, 0.0)	(98.0, 0.0)	(99.0, 0.0)	(100.0, 0.0)
SRR29920117_2	(0.0, 0.0)	(1.0, 0.0)	(2.0, 0.0)	(3.0, 0.0)	(4.0, 0.0)	(5.0, 0.0)	(6.0, 0.0)	(7.0, 0.0)	(8.0, 0.0)	(9.0, 0.0)	(10.0, 0.0)	(11.0, 0.0)	(12.0, 0.0)	(13.0, 0.0)	(14.0, 0.0)	(15.0, 0.0)	(16.0, 0.0)	(17.0, 0.0)	(18.0, 0.0)	(19.0, 0.0)	(20.0, 0.0)	(21.0, 0.0)	(22.0, 0.0)	(23.0, 0.0)	(24.0, 0.0)	(25.0, 0.0)	(26.0, 0.0)	(27.0, 0.0)	(28.0, 0.0)	(29.0, 0.0)	(30.0, 0.0)	(31.0, 0.0)	(32.0, 0.0)	(33.0, 0.0)	(34.0, 0.0)	(35.0, 0.0)	(36.0, 0.0)	(37.0, 0.0)	(38.0, 0.0)	(39.0, 0.0008871461395836995)	(40.0, 0.0008871461395836995)	(41.0, 0.0)	(42.0, 0.0008871461395836995)	(43.0, 0.0008871461395836995)	(44.0, 0.0)	(45.0, 0.0)	(46.0, 0.0008871461395836995)	(47.0, 0.001774292279167399)	(48.0, 0.009758607535420696)	(49.0, 0.07185883730627958)	(50.0, 0.16500918196256856)	(51.0, 0.44978309276893685)	(52.0, 4.19176550953277)	(53.0, 18.158994331134128)	(54.0, 24.351274385429672)	(55.0, 20.053051339143604)	(56.0, 13.34179079319902)	(57.0, 7.352667204870071)	(58.0, 3.8413427843972894)	(59.0, 2.522156474836559)	(60.0, 2.694262825915816)	(61.0, 1.6048473665069092)	(62.0, 0.7842371873919923)	(63.0, 0.19960788140633245)	(64.0, 0.08871461395836985)	(65.0, 0.04701874539793609)	(66.0, 0.02750153032709469)	(67.0, 0.006210022977085896)	(68.0, 0.003548584558334798)	(69.0, 0.005322876837502197)	(70.0, 0.005322876837502197)	(71.0, 0.003548584558334798)	(72.0, 0.002661438418751099)	(73.0, 0.001774292279167399)	(74.0, 0.002661438418751099)	(75.0, 0.001774292279167399)	(76.0, 0.001774292279167399)	(77.0, 0.0)	(78.0, 0.0)	(79.0, 0.0008871461395836995)	(80.0, 0.0)	(81.0, 0.0)	(82.0, 0.0)	(83.0, 0.0)	(84.0, 0.0008871461395836995)	(85.0, 0.0008871461395836995)	(86.0, 0.0008871461395836995)	(87.0, 0.0)	(88.0, 0.0)	(89.0, 0.0)	(90.0, 0.0)	(91.0, 0.0)	(92.0, 0.0)	(93.0, 0.0)	(94.0, 0.0)	(95.0, 0.0)	(96.0, 0.0)	(97.0, 0.0)	(98.0, 0.0)	(99.0, 0.0)	(100.0, 0.0)
SRR29920118_1	(0.0, 0.0)	(1.0, 0.0)	(2.0, 0.0)	(3.0, 0.0)	(4.0, 0.0)	(5.0, 0.0)	(6.0, 0.0)	(7.0, 0.0)	(8.0, 0.0)	(9.0, 0.0)	(10.0, 0.0)	(11.0, 0.0)	(12.0, 0.0)	(13.0, 0.0)	(14.0, 0.0)	(15.0, 0.0)	(16.0, 0.0)	(17.0, 0.0)	(18.0, 0.0)	(19.0, 0.0)	(20.0, 0.0)	(21.0, 0.0)	(22.0, 0.0)	(23.0, 0.0)	(24.0, 0.0)	(25.0, 0.0)	(26.0, 0.0)	(27.0, 0.0)	(28.0, 0.0)	(29.0, 0.0)	(30.0, 0.0)	(31.0, 0.0)	(32.0, 0.0)	(33.0, 0.0)	(34.0, 0.0)	(35.0, 0.0)	(36.0, 0.0)	(37.0, 0.0020713582932010513)	(38.0, 0.0020713582932010513)	(39.0, 0.0010356791466005256)	(40.0, 0.0010356791466005256)	(41.0, 0.0010356791466005256)	(42.0, 0.0)	(43.0, 0.0020713582932010513)	(44.0, 0.0020713582932010513)	(45.0, 0.0)	(46.0, 0.014499508052407361)	(47.0, 0.019677903785409984)	(48.0, 0.12324581844546259)	(49.0, 0.9341825902336753)	(50.0, 4.261819688261062)	(51.0, 10.594997669724723)	(52.0, 17.11356221842541)	(53.0, 26.22753870850386)	(54.0, 22.19460411164297)	(55.0, 8.800165708665196)	(56.0, 3.310030552535395)	(57.0, 2.8004764124079227)	(58.0, 2.6917301020148554)	(59.0, 0.6514421832117356)	(60.0, 0.14810211796387537)	(61.0, 0.04660556159702369)	(62.0, 0.01760654549220893)	(63.0, 0.01242814975920631)	(64.0, 0.0031070374398015775)	(65.0, 0.0010356791466005256)	(66.0, 0.0020713582932010513)	(67.0, 0.0031070374398015775)	(68.0, 0.0010356791466005256)	(69.0, 0.0041427165864021025)	(70.0, 0.006214074879603154)	(71.0, 0.0031070374398015775)	(72.0, 0.0)	(73.0, 0.0)	(74.0, 0.0010356791466005256)	(75.0, 0.0010356791466005256)	(76.0, 0.0)	(77.0, 0.0)	(78.0, 0.0)	(79.0, 0.0)	(80.0, 0.0)	(81.0, 0.0)	(82.0, 0.0)	(83.0, 0.0)	(84.0, 0.0)	(85.0, 0.0)	(86.0, 0.0)	(87.0, 0.0)	(88.0, 0.0)	(89.0, 0.0)	(90.0, 0.0)	(91.0, 0.0)	(92.0, 0.0)	(93.0, 0.0)	(94.0, 0.0)	(95.0, 0.0)	(96.0, 0.0)	(97.0, 0.0)	(98.0, 0.0)	(99.0, 0.0)	(100.0, 0.0)
SRR29920118_2	(0.0, 0.0)	(1.0, 0.0)	(2.0, 0.0)	(3.0, 0.0)	(4.0, 0.0)	(5.0, 0.0)	(6.0, 0.0)	(7.0, 0.0)	(8.0, 0.0)	(9.0, 0.0)	(10.0, 0.0)	(11.0, 0.0)	(12.0, 0.0)	(13.0, 0.0)	(14.0, 0.0)	(15.0, 0.0)	(16.0, 0.0)	(17.0, 0.0)	(18.0, 0.0)	(19.0, 0.0)	(20.0, 0.0)	(21.0, 0.0)	(22.0, 0.0)	(23.0, 0.0)	(24.0, 0.0)	(25.0, 0.0)	(26.0, 0.0)	(27.0, 0.0)	(28.0, 0.0)	(29.0, 0.0)	(30.0, 0.0)	(31.0, 0.0)	(32.0, 0.001034104775495938)	(33.0, 0.002068209550991876)	(34.0, 0.001034104775495938)	(35.0, 0.0)	(36.0, 0.0)	(37.0, 0.0)	(38.0, 0.0)	(39.0, 0.0)	(40.0, 0.0)	(41.0, 0.001034104775495938)	(42.0, 0.001034104775495938)	(43.0, 0.0)	(44.0, 0.0)	(45.0, 0.0031023143264878143)	(46.0, 0.004136419101983752)	(47.0, 0.005170523877479689)	(48.0, 0.01447746685694313)	(49.0, 0.050671133999300996)	(50.0, 0.22750305060910647)	(51.0, 0.8024653057848564)	(52.0, 4.838576244545259)	(53.0, 11.022522802012748)	(54.0, 13.981096564706233)	(55.0, 25.91880209302186)	(56.0, 18.408099108600318)	(57.0, 9.29453372215825)	(58.0, 5.673098798370292)	(59.0, 2.5966370912703787)	(60.0, 3.036131620856202)	(61.0, 2.121982999317689)	(62.0, 1.294699178920895)	(63.0, 0.34745920456663354)	(64.0, 0.13650183036546393)	(65.0, 0.07238733428471561)	(66.0, 0.04550061012182129)	(67.0, 0.02068209550991875)	(68.0, 0.015511571632439066)	(69.0, 0.010341047754959379)	(70.0, 0.012409257305951257)	(71.0, 0.008272838203967504)	(72.0, 0.005170523877479689)	(73.0, 0.002068209550991876)	(74.0, 0.004136419101983752)	(75.0, 0.0031023143264878143)	(76.0, 0.001034104775495938)	(77.0, 0.001034104775495938)	(78.0, 0.0)	(79.0, 0.002068209550991876)	(80.0, 0.002068209550991876)	(81.0, 0.0031023143264878143)	(82.0, 0.002068209550991876)	(83.0, 0.0)	(84.0, 0.0)	(85.0, 0.0)	(86.0, 0.001034104775495938)	(87.0, 0.001034104775495938)	(88.0, 0.0)	(89.0, 0.0)	(90.0, 0.0)	(91.0, 0.0)	(92.0, 0.0)	(93.0, 0.0)	(94.0, 0.0)	(95.0, 0.0)	(96.0, 0.0)	(97.0, 0.0)	(98.0, 0.0)	(99.0, 0.0)	(100.0, 0.0031023143264878143)
SRR29920119_1	(0.0, 0.0)	(1.0, 0.0)	(2.0, 0.0)	(3.0, 0.0)	(4.0, 0.0)	(5.0, 0.0)	(6.0, 0.0)	(7.0, 0.0)	(8.0, 0.0)	(9.0, 0.0)	(10.0, 0.0)	(11.0, 0.0)	(12.0, 0.0)	(13.0, 0.0)	(14.0, 0.0)	(15.0, 0.0)	(16.0, 0.0)	(17.0, 0.0)	(18.0, 0.0)	(19.0, 0.0)	(20.0, 0.0)	(21.0, 0.0)	(22.0, 0.0)	(23.0, 0.0)	(24.0, 0.0)	(25.0, 0.0)	(26.0, 0.0)	(27.0, 0.0)	(28.0, 0.0)	(29.0, 0.0)	(30.0, 0.0007219330479291512)	(31.0, 0.0007219330479291512)	(32.0, 0.0)	(33.0, 0.0)	(34.0, 0.0)	(35.0, 0.0)	(36.0, 0.0007219330479291512)	(37.0, 0.0007219330479291512)	(38.0, 0.0)	(39.0, 0.0)	(40.0, 0.0007219330479291512)	(41.0, 0.0)	(42.0, 0.0007219330479291512)	(43.0, 0.0014438660958583024)	(44.0, 0.0007219330479291512)	(45.0, 0.00577546438343321)	(46.0, 0.03609665239645758)	(47.0, 0.07508103698463166)	(48.0, 0.11478735462073528)	(49.0, 1.1471516131594004)	(50.0, 9.264566804076054)	(51.0, 17.81586375678927)	(52.0, 22.59722633323274)	(53.0, 19.84810528671353)	(54.0, 9.398124417942826)	(55.0, 8.101532663862198)	(56.0, 6.430257657905454)	(57.0, 2.290693561079281)	(58.0, 1.9549946937922125)	(59.0, 0.6576810066634573)	(60.0, 0.15810333749648423)	(61.0, 0.04548178201953652)	(62.0, 0.020214125342016234)	(63.0, 0.008663196575149816)	(64.0, 0.004331598287574907)	(65.0, 0.0050535313355040586)	(66.0, 0.0050535313355040586)	(67.0, 0.002165799143787454)	(68.0, 0.0)	(69.0, 0.002887732191716605)	(70.0, 0.002887732191716605)	(71.0, 0.0)	(72.0, 0.0)	(73.0, 0.0)	(74.0, 0.0007219330479291512)	(75.0, 0.0)	(76.0, 0.0)	(77.0, 0.0)	(78.0, 0.0)	(79.0, 0.0)	(80.0, 0.0)	(81.0, 0.0)	(82.0, 0.0)	(83.0, 0.0)	(84.0, 0.0)	(85.0, 0.0)	(86.0, 0.0)	(87.0, 0.0)	(88.0, 0.0)	(89.0, 0.0)	(90.0, 0.0)	(91.0, 0.0)	(92.0, 0.0)	(93.0, 0.0)	(94.0, 0.0)	(95.0, 0.0)	(96.0, 0.0)	(97.0, 0.0)	(98.0, 0.0)	(99.0, 0.0)	(100.0, 0.0)
SRR29920119_2	(0.0, 0.0)	(1.0, 0.0)	(2.0, 0.0)	(3.0, 0.0)	(4.0, 0.0)	(5.0, 0.0)	(6.0, 0.0)	(7.0, 0.0)	(8.0, 0.0)	(9.0, 0.0)	(10.0, 0.0)	(11.0, 0.0)	(12.0, 0.0)	(13.0, 0.0)	(14.0, 0.0)	(15.0, 0.0)	(16.0, 0.0)	(17.0, 0.0)	(18.0, 0.0)	(19.0, 0.0)	(20.0, 0.0)	(21.0, 0.0)	(22.0, 0.0)	(23.0, 0.0)	(24.0, 0.0)	(25.0, 0.0)	(26.0, 0.0)	(27.0, 0.0)	(28.0, 0.0)	(29.0, 0.0)	(30.0, 0.0)	(31.0, 0.0)	(32.0, 0.0)	(33.0, 0.0)	(34.0, 0.0)	(35.0, 0.0)	(36.0, 0.0007194244604315195)	(37.0, 0.0)	(38.0, 0.0007194244604315195)	(39.0, 0.0007194244604315195)	(40.0, 0.0007194244604315195)	(41.0, 0.0)	(42.0, 0.0)	(43.0, 0.0)	(44.0, 0.001438848920863039)	(45.0, 0.0021582733812945585)	(46.0, 0.003597122302157597)	(47.0, 0.019424460431651025)	(48.0, 0.3791366906474121)	(49.0, 3.9050359712220026)	(50.0, 5.877697841725775)	(51.0, 2.079136690647177)	(52.0, 4.437410071941217)	(53.0, 13.161870503592327)	(54.0, 28.786330935260157)	(55.0, 24.80071942446229)	(56.0, 7.1633093525174845)	(57.0, 2.2251798561147864)	(58.0, 1.8359712230212957)	(59.0, 1.8525179856112226)	(60.0, 2.0071942446040167)	(61.0, 0.9043165467624064)	(62.0, 0.2697841726618183)	(63.0, 0.10647482014386504)	(64.0, 0.06762589928056274)	(65.0, 0.03669064748200751)	(66.0, 0.017985611510787983)	(67.0, 0.010071942446041272)	(68.0, 0.012949640287767347)	(69.0, 0.010791366906472791)	(70.0, 0.005035971223020636)	(71.0, 0.003597122302157597)	(72.0, 0.002877697841726078)	(73.0, 0.0021582733812945585)	(74.0, 0.002877697841726078)	(75.0, 0.0007194244604315195)	(76.0, 0.0)	(77.0, 0.0)	(78.0, 0.0)	(79.0, 0.0)	(80.0, 0.0)	(81.0, 0.0)	(82.0, 0.0007194244604315195)	(83.0, 0.0)	(84.0, 0.0)	(85.0, 0.0007194244604315195)	(86.0, 0.001438848920863039)	(87.0, 0.0007194244604315195)	(88.0, 0.0)	(89.0, 0.0)	(90.0, 0.0)	(91.0, 0.0007194244604315195)	(92.0, 0.0007194244604315195)	(93.0, 0.0)	(94.0, 0.0)	(95.0, 0.0)	(96.0, 0.0)	(97.0, 0.0)	(98.0, 0.0)	(99.0, 0.0)	(100.0, 0.0)
SRR29920120_1	(0.0, 0.0)	(1.0, 0.0)	(2.0, 0.0)	(3.0, 0.0)	(4.0, 0.0)	(5.0, 0.0)	(6.0, 0.0)	(7.0, 0.0)	(8.0, 0.0)	(9.0, 0.0)	(10.0, 0.0)	(11.0, 0.0)	(12.0, 0.0)	(13.0, 0.0)	(14.0, 0.0)	(15.0, 0.0)	(16.0, 0.0)	(17.0, 0.0)	(18.0, 0.0)	(19.0, 0.0)	(20.0, 0.0)	(21.0, 0.0)	(22.0, 0.0)	(23.0, 0.0)	(24.0, 0.0)	(25.0, 0.0)	(26.0, 0.0)	(27.0, 0.0)	(28.0, 0.0)	(29.0, 0.0)	(30.0, 0.0011344428184098592)	(31.0, 0.0)	(32.0, 0.0)	(33.0, 0.0)	(34.0, 0.0)	(35.0, 0.0)	(36.0, 0.0)	(37.0, 0.0)	(38.0, 0.0)	(39.0, 0.0)	(40.0, 0.0)	(41.0, 0.0011344428184098592)	(42.0, 0.0022688856368197185)	(43.0, 0.0034033284552295777)	(44.0, 0.0011344428184098592)	(45.0, 0.0022688856368197185)	(46.0, 0.0192855279129676)	(47.0, 0.11684761029621539)	(48.0, 1.5507833327662488)	(49.0, 3.7209724443844427)	(50.0, 3.7913078991258375)	(51.0, 5.620029722402116)	(52.0, 14.705782255048844)	(53.0, 30.20227115451976)	(54.0, 24.15001871830233)	(55.0, 9.08121476137125)	(56.0, 2.584260740337715)	(57.0, 1.9024606064733125)	(58.0, 1.9126705918390021)	(59.0, 0.4378949279062032)	(60.0, 0.0794109972886901)	(61.0, 0.031764398915476055)	(62.0, 0.023823299186607035)	(63.0, 0.0192855279129676)	(64.0, 0.011344428184098592)	(65.0, 0.005672214092049295)	(66.0, 0.0022688856368197185)	(67.0, 0.0)	(68.0, 0.0)	(69.0, 0.004537771273639437)	(70.0, 0.006806656910459155)	(71.0, 0.0034033284552295777)	(72.0, 0.0011344428184098592)	(73.0, 0.0)	(74.0, 0.0)	(75.0, 0.0011344428184098592)	(76.0, 0.0011344428184098592)	(77.0, 0.0)	(78.0, 0.0)	(79.0, 0.0)	(80.0, 0.0)	(81.0, 0.0)	(82.0, 0.0011344428184098592)	(83.0, 0.0)	(84.0, 0.0)	(85.0, 0.0)	(86.0, 0.0)	(87.0, 0.0)	(88.0, 0.0)	(89.0, 0.0)	(90.0, 0.0)	(91.0, 0.0)	(92.0, 0.0)	(93.0, 0.0)	(94.0, 0.0)	(95.0, 0.0)	(96.0, 0.0)	(97.0, 0.0)	(98.0, 0.0)	(99.0, 0.0)	(100.0, 0.0)
SRR29920120_2	(0.0, 0.0)	(1.0, 0.0)	(2.0, 0.0)	(3.0, 0.0)	(4.0, 0.0)	(5.0, 0.0)	(6.0, 0.0)	(7.0, 0.0)	(8.0, 0.0)	(9.0, 0.0)	(10.0, 0.0)	(11.0, 0.0)	(12.0, 0.0)	(13.0, 0.0)	(14.0, 0.0)	(15.0, 0.0)	(16.0, 0.0)	(17.0, 0.0)	(18.0, 0.0)	(19.0, 0.0)	(20.0, 0.0)	(21.0, 0.0)	(22.0, 0.0)	(23.0, 0.0)	(24.0, 0.0)	(25.0, 0.0)	(26.0, 0.0)	(27.0, 0.0)	(28.0, 0.0)	(29.0, 0.0)	(30.0, 0.0)	(31.0, 0.0)	(32.0, 0.0)	(33.0, 0.0)	(34.0, 0.0)	(35.0, 0.0)	(36.0, 0.0)	(37.0, 0.0)	(38.0, 0.0)	(39.0, 0.0)	(40.0, 0.0)	(41.0, 0.0)	(42.0, 0.0011362538845680504)	(43.0, 0.0)	(44.0, 0.0)	(45.0, 0.0)	(46.0, 0.0022725077691361007)	(47.0, 0.0034087616537041513)	(48.0, 0.010226284961112456)	(49.0, 0.042041393729017884)	(50.0, 0.2102069686450899)	(51.0, 0.5022242169790777)	(52.0, 1.7123346040440142)	(53.0, 4.759767522455434)	(54.0, 16.272291880899488)	(55.0, 29.435793133612503)	(56.0, 18.449354323729892)	(57.0, 12.261315668375598)	(58.0, 7.0527278615132865)	(59.0, 3.4246692080882553)	(60.0, 3.280364964748096)	(61.0, 1.5487140446662244)	(62.0, 0.5806257350142754)	(63.0, 0.2215695074907704)	(64.0, 0.0897640568808759)	(65.0, 0.053403932574698415)	(66.0, 0.029542600998769306)	(67.0, 0.009090031076544403)	(68.0, 0.015907554383952704)	(69.0, 0.007953777191976352)	(70.0, 0.006817523307408303)	(71.0, 0.005681269422840252)	(72.0, 0.0045450155382722015)	(73.0, 0.0022725077691361007)	(74.0, 0.0)	(75.0, 0.0)	(76.0, 0.0011362538845680504)	(77.0, 0.0)	(78.0, 0.0011362538845680504)	(79.0, 0.0)	(80.0, 0.0)	(81.0, 0.0)	(82.0, 0.0)	(83.0, 0.0)	(84.0, 0.0)	(85.0, 0.0)	(86.0, 0.0)	(87.0, 0.0)	(88.0, 0.0)	(89.0, 0.0)	(90.0, 0.0)	(91.0, 0.0)	(92.0, 0.0)	(93.0, 0.0)	(94.0, 0.0)	(95.0, 0.0)	(96.0, 0.0)	(97.0, 0.0)	(98.0, 0.0)	(99.0, 0.0)	(100.0, 0.0017043808268520757)
SRR29920121_1	(0.0, 0.0)	(1.0, 0.0)	(2.0, 0.0)	(3.0, 0.0)	(4.0, 0.0)	(5.0, 0.0)	(6.0, 0.0)	(7.0, 0.0)	(8.0, 0.0)	(9.0, 0.0)	(10.0, 0.0)	(11.0, 0.0)	(12.0, 0.0)	(13.0, 0.0)	(14.0, 0.0)	(15.0, 0.0)	(16.0, 0.0)	(17.0, 0.0)	(18.0, 0.0)	(19.0, 0.0)	(20.0, 0.0)	(21.0, 0.0)	(22.0, 0.0)	(23.0, 0.0)	(24.0, 0.0)	(25.0, 0.0)	(26.0, 0.0)	(27.0, 0.0)	(28.0, 0.0)	(29.0, 0.0)	(30.0, 0.0)	(31.0, 0.0)	(32.0, 0.0)	(33.0, 0.0)	(34.0, 0.0)	(35.0, 0.0011746188361877767)	(36.0, 0.0011746188361877767)	(37.0, 0.0011746188361877767)	(38.0, 0.0011746188361877767)	(39.0, 0.0)	(40.0, 0.0011746188361877767)	(41.0, 0.0023492376723755534)	(42.0, 0.0023492376723755534)	(43.0, 0.0011746188361877767)	(44.0, 0.0011746188361877767)	(45.0, 0.0011746188361877767)	(46.0, 0.01644466370662887)	(47.0, 0.052857847628449986)	(48.0, 0.11511264594640197)	(49.0, 0.7106443958936097)	(50.0, 4.1828176756647055)	(51.0, 8.689830150117185)	(52.0, 15.428618413328168)	(53.0, 28.675969647841864)	(54.0, 18.762186670426047)	(55.0, 7.542227547161207)	(56.0, 8.814339746753147)	(57.0, 3.9208776751948915)	(58.0, 2.2928559682385545)	(59.0, 0.5473723776635042)	(60.0, 0.12685883430827982)	(61.0, 0.05168322879226221)	(62.0, 0.0199685202151922)	(63.0, 0.010571569525689991)	(64.0, 0.00704771301712666)	(65.0, 0.005873094180938883)	(66.0, 0.0011746188361877767)	(67.0, 0.0035238565085633305)	(68.0, 0.0023492376723755534)	(69.0, 0.0)	(70.0, 0.0011746188361877767)	(71.0, 0.0035238565085633305)	(72.0, 0.0)	(73.0, 0.0)	(74.0, 0.0)	(75.0, 0.0)	(76.0, 0.0)	(77.0, 0.0)	(78.0, 0.0)	(79.0, 0.0)	(80.0, 0.0)	(81.0, 0.0)	(82.0, 0.0)	(83.0, 0.0)	(84.0, 0.0)	(85.0, 0.0)	(86.0, 0.0)	(87.0, 0.0)	(88.0, 0.0)	(89.0, 0.0)	(90.0, 0.0)	(91.0, 0.0)	(92.0, 0.0)	(93.0, 0.0)	(94.0, 0.0)	(95.0, 0.0)	(96.0, 0.0)	(97.0, 0.0)	(98.0, 0.0)	(99.0, 0.0)	(100.0, 0.0)
SRR29920121_2	(0.0, 0.0)	(1.0, 0.0)	(2.0, 0.0)	(3.0, 0.0)	(4.0, 0.0)	(5.0, 0.0)	(6.0, 0.0)	(7.0, 0.0)	(8.0, 0.0)	(9.0, 0.0)	(10.0, 0.0)	(11.0, 0.0)	(12.0, 0.0)	(13.0, 0.0)	(14.0, 0.0)	(15.0, 0.0)	(16.0, 0.0)	(17.0, 0.0)	(18.0, 0.0)	(19.0, 0.0)	(20.0, 0.0)	(21.0, 0.0)	(22.0, 0.0)	(23.0, 0.0)	(24.0, 0.0)	(25.0, 0.0)	(26.0, 0.0)	(27.0, 0.0)	(28.0, 0.0)	(29.0, 0.0)	(30.0, 0.0)	(31.0, 0.0)	(32.0, 0.0)	(33.0, 0.0)	(34.0, 0.0)	(35.0, 0.0)	(36.0, 0.0)	(37.0, 0.0)	(38.0, 0.0)	(39.0, 0.0)	(40.0, 0.0)	(41.0, 0.0)	(42.0, 0.0)	(43.0, 0.0)	(44.0, 0.0011738191379473295)	(45.0, 0.002347638275894659)	(46.0, 0.0011738191379473295)	(47.0, 0.002347638275894659)	(48.0, 0.06573387172505046)	(49.0, 0.5986477603531397)	(50.0, 0.9543149591511862)	(51.0, 1.002441543807024)	(52.0, 7.099258146304818)	(53.0, 13.575218330363104)	(54.0, 20.257770682692332)	(55.0, 28.75622124142327)	(56.0, 14.634003192791791)	(57.0, 3.046060662973421)	(58.0, 2.325335712273678)	(59.0, 2.3441168184808374)	(60.0, 2.4145459667576854)	(61.0, 1.6022631232980755)	(62.0, 0.8921025448399804)	(63.0, 0.2288947318997298)	(64.0, 0.09273171189783895)	(65.0, 0.04108366982815655)	(66.0, 0.02112874448305193)	(67.0, 0.017607287069209943)	(68.0, 0.007042914827683977)	(69.0, 0.002347638275894659)	(70.0, 0.003521457413841989)	(71.0, 0.003521457413841989)	(72.0, 0.003521457413841989)	(73.0, 0.0)	(74.0, 0.0)	(75.0, 0.0)	(76.0, 0.0)	(77.0, 0.0011738191379473295)	(78.0, 0.0)	(79.0, 0.0)	(80.0, 0.0011738191379473295)	(81.0, 0.0)	(82.0, 0.0)	(83.0, 0.0)	(84.0, 0.0)	(85.0, 0.0)	(86.0, 0.0)	(87.0, 0.0)	(88.0, 0.0)	(89.0, 0.0)	(90.0, 0.0)	(91.0, 0.0)	(92.0, 0.0)	(93.0, 0.0)	(94.0, 0.0)	(95.0, 0.0)	(96.0, 0.0)	(97.0, 0.0)	(98.0, 0.0011738191379473295)	(99.0, 0.0)	(100.0, 0.0)
SRR29920122_1	(0.0, 0.0)	(1.0, 0.0)	(2.0, 0.0)	(3.0, 0.0)	(4.0, 0.0)	(5.0, 0.0)	(6.0, 0.0)	(7.0, 0.0)	(8.0, 0.0)	(9.0, 0.0)	(10.0, 0.0)	(11.0, 0.0)	(12.0, 0.0)	(13.0, 0.0)	(14.0, 0.0)	(15.0, 0.0)	(16.0, 0.0)	(17.0, 0.0)	(18.0, 0.0)	(19.0, 0.0)	(20.0, 0.0)	(21.0, 0.0)	(22.0, 0.0)	(23.0, 0.0)	(24.0, 0.0)	(25.0, 0.0)	(26.0, 0.0)	(27.0, 0.0)	(28.0, 0.0)	(29.0, 0.0)	(30.0, 0.0)	(31.0, 0.0)	(32.0, 0.0)	(33.0, 0.0010053585611306585)	(34.0, 0.0010053585611306585)	(35.0, 0.0)	(36.0, 0.0030160756833919754)	(37.0, 0.0010053585611306585)	(38.0, 0.0)	(39.0, 0.0010053585611306585)	(40.0, 0.002010717122261317)	(41.0, 0.0010053585611306585)	(42.0, 0.0010053585611306585)	(43.0, 0.0030160756833919754)	(44.0, 0.002010717122261317)	(45.0, 0.002010717122261317)	(46.0, 0.005026792805653291)	(47.0, 0.018096454100351843)	(48.0, 0.04323041812861833)	(49.0, 0.280495038555453)	(50.0, 2.1484512451362505)	(51.0, 4.695024480479949)	(52.0, 11.18561935114142)	(53.0, 38.78572792987629)	(54.0, 28.974433731784345)	(55.0, 5.392743321904468)	(56.0, 2.7999235927489914)	(57.0, 2.66822162124086)	(58.0, 2.259040686860635)	(59.0, 0.5489257743773419)	(60.0, 0.09249298762402045)	(61.0, 0.03116611539505041)	(62.0, 0.019101812661482503)	(63.0, 0.008042868489045268)	(64.0, 0.005026792805653291)	(65.0, 0.004021434244522634)	(66.0, 0.007037509927914608)	(67.0, 0.0010053585611306585)	(68.0, 0.002010717122261317)	(69.0, 0.0030160756833919754)	(70.0, 0.0010053585611306585)	(71.0, 0.0010053585611306585)	(72.0, 0.0010053585611306585)	(73.0, 0.0010053585611306585)	(74.0, 0.0)	(75.0, 0.0)	(76.0, 0.0)	(77.0, 0.0)	(78.0, 0.0)	(79.0, 0.0)	(80.0, 0.0)	(81.0, 0.0)	(82.0, 0.0)	(83.0, 0.0)	(84.0, 0.0)	(85.0, 0.0)	(86.0, 0.0)	(87.0, 0.0)	(88.0, 0.0)	(89.0, 0.0)	(90.0, 0.0)	(91.0, 0.0)	(92.0, 0.0)	(93.0, 0.0)	(94.0, 0.0)	(95.0, 0.0)	(96.0, 0.0)	(97.0, 0.0)	(98.0, 0.0)	(99.0, 0.0)	(100.0, 0.0)
SRR29920122_2	(0.0, 0.0)	(1.0, 0.0)	(2.0, 0.0)	(3.0, 0.0)	(4.0, 0.0)	(5.0, 0.0)	(6.0, 0.0)	(7.0, 0.0)	(8.0, 0.0)	(9.0, 0.0)	(10.0, 0.0)	(11.0, 0.0)	(12.0, 0.0)	(13.0, 0.0)	(14.0, 0.0)	(15.0, 0.0)	(16.0, 0.0)	(17.0, 0.0)	(18.0, 0.0)	(19.0, 0.0)	(20.0, 0.0)	(21.0, 0.0)	(22.0, 0.0)	(23.0, 0.0)	(24.0, 0.0)	(25.0, 0.0)	(26.0, 0.0)	(27.0, 0.0)	(28.0, 0.0)	(29.0, 0.0)	(30.0, 0.0)	(31.0, 0.0)	(32.0, 0.0)	(33.0, 0.0)	(34.0, 0.0)	(35.0, 0.0)	(36.0, 0.0)	(37.0, 0.0)	(38.0, 0.0)	(39.0, 0.0)	(40.0, 0.0)	(41.0, 0.002019895975357103)	(42.0, 0.0010099479876785515)	(43.0, 0.0010099479876785515)	(44.0, 0.002019895975357103)	(45.0, 0.0)	(46.0, 0.002019895975357103)	(47.0, 0.005049739938392757)	(48.0, 0.012119375852142617)	(49.0, 0.06362672322374872)	(50.0, 0.13432308236124746)	(51.0, 0.2555168408826732)	(52.0, 1.7270110589303076)	(53.0, 4.616472251678455)	(54.0, 15.506741402815921)	(55.0, 39.54855324952216)	(56.0, 24.913396960045645)	(57.0, 3.587335252234245)	(58.0, 1.6664141796695877)	(59.0, 1.9704085239608662)	(60.0, 2.4471039741451968)	(61.0, 1.8088168459322798)	(62.0, 1.1180124223601458)	(63.0, 0.32318335605713516)	(64.0, 0.11614401858303341)	(65.0, 0.06160682724839163)	(66.0, 0.036358127556427866)	(67.0, 0.022218855728928125)	(68.0, 0.015149219815178269)	(69.0, 0.009089531889106965)	(70.0, 0.006059687926071308)	(71.0, 0.006059687926071308)	(72.0, 0.002019895975357103)	(73.0, 0.002019895975357103)	(74.0, 0.002019895975357103)	(75.0, 0.0010099479876785515)	(76.0, 0.0)	(77.0, 0.0010099479876785515)	(78.0, 0.0010099479876785515)	(79.0, 0.0)	(80.0, 0.002019895975357103)	(81.0, 0.0010099479876785515)	(82.0, 0.0010099479876785515)	(83.0, 0.0)	(84.0, 0.0)	(85.0, 0.0)	(86.0, 0.0)	(87.0, 0.0)	(88.0, 0.0)	(89.0, 0.0010099479876785515)	(90.0, 0.0010099479876785515)	(91.0, 0.0)	(92.0, 0.0)	(93.0, 0.0)	(94.0, 0.0)	(95.0, 0.0)	(96.0, 0.0)	(97.0, 0.0)	(98.0, 0.0)	(99.0, 0.0)	(100.0, 0.0)
SRR29920123_1	(0.0, 0.0)	(1.0, 0.0)	(2.0, 0.0)	(3.0, 0.0)	(4.0, 0.0)	(5.0, 0.0)	(6.0, 0.0)	(7.0, 0.0)	(8.0, 0.0)	(9.0, 0.0)	(10.0, 0.0)	(11.0, 0.0)	(12.0, 0.0)	(13.0, 0.0)	(14.0, 0.0)	(15.0, 0.0)	(16.0, 0.0)	(17.0, 0.0)	(18.0, 0.0)	(19.0, 0.0)	(20.0, 0.0)	(21.0, 0.0)	(22.0, 0.0007393660675335085)	(23.0, 0.0007393660675335085)	(24.0, 0.0)	(25.0, 0.0)	(26.0, 0.0)	(27.0, 0.0)	(28.0, 0.0007393660675335085)	(29.0, 0.0007393660675335085)	(30.0, 0.0)	(31.0, 0.0)	(32.0, 0.0)	(33.0, 0.0)	(34.0, 0.0007393660675335085)	(35.0, 0.001478732135067017)	(36.0, 0.0007393660675335085)	(37.0, 0.0)	(38.0, 0.0007393660675335085)	(39.0, 0.0007393660675335085)	(40.0, 0.0)	(41.0, 0.0)	(42.0, 0.0)	(43.0, 0.0)	(44.0, 0.0007393660675335085)	(45.0, 0.0022180982026005257)	(46.0, 0.019962883823404727)	(47.0, 0.04584069618707752)	(48.0, 0.02957464270134036)	(49.0, 0.10572934765729186)	(50.0, 0.6166313003229498)	(51.0, 1.676882241166033)	(52.0, 9.415826870040583)	(53.0, 41.02964118564637)	(54.0, 30.343583411590725)	(55.0, 4.785916555144098)	(56.0, 1.9349209987352571)	(57.0, 3.940081773885791)	(58.0, 4.6535700290555395)	(59.0, 1.0291975660066242)	(60.0, 0.2365971416107218)	(61.0, 0.0754153388884178)	(62.0, 0.018484151688337707)	(63.0, 0.008872392810402103)	(64.0, 0.005914928540268068)	(65.0, 0.0036968303376675427)	(66.0, 0.0044361964052010506)	(67.0, 0.001478732135067017)	(68.0, 0.0)	(69.0, 0.0022180982026005257)	(70.0, 0.002957464270134034)	(71.0, 0.001478732135067017)	(72.0, 0.0007393660675335085)	(73.0, 0.0)	(74.0, 0.0)	(75.0, 0.0)	(76.0, 0.0)	(77.0, 0.0)	(78.0, 0.0)	(79.0, 0.0)	(80.0, 0.0)	(81.0, 0.0)	(82.0, 0.0)	(83.0, 0.0)	(84.0, 0.0)	(85.0, 0.0)	(86.0, 0.0)	(87.0, 0.0)	(88.0, 0.0)	(89.0, 0.0)	(90.0, 0.0)	(91.0, 0.0)	(92.0, 0.0)	(93.0, 0.0)	(94.0, 0.0)	(95.0, 0.0)	(96.0, 0.0)	(97.0, 0.0)	(98.0, 0.0)	(99.0, 0.0)	(100.0, 0.0)
SRR29920123_2	(0.0, 0.0)	(1.0, 0.0)	(2.0, 0.0)	(3.0, 0.0)	(4.0, 0.0)	(5.0, 0.0)	(6.0, 0.0)	(7.0, 0.0)	(8.0, 0.0)	(9.0, 0.0)	(10.0, 0.0)	(11.0, 0.0)	(12.0, 0.0)	(13.0, 0.0)	(14.0, 0.0)	(15.0, 0.0)	(16.0, 0.0)	(17.0, 0.0)	(18.0, 0.0)	(19.0, 0.0)	(20.0, 0.0)	(21.0, 0.0)	(22.0, 0.0)	(23.0, 0.0)	(24.0, 0.0)	(25.0, 0.0)	(26.0, 0.0)	(27.0, 0.0)	(28.0, 0.0)	(29.0, 0.0)	(30.0, 0.0)	(31.0, 0.0)	(32.0, 0.0)	(33.0, 0.0)	(34.0, 0.0)	(35.0, 0.0)	(36.0, 0.0)	(37.0, 0.0)	(38.0, 0.0007403623333258442)	(39.0, 0.0007403623333258442)	(40.0, 0.0007403623333258442)	(41.0, 0.0)	(42.0, 0.0)	(43.0, 0.0)	(44.0, 0.0)	(45.0, 0.0007403623333258442)	(46.0, 0.0014807246666516884)	(47.0, 0.004442173999955065)	(48.0, 0.010365072666561817)	(49.0, 0.01998978299979779)	(50.0, 0.053306087999460745)	(51.0, 0.2724533386639092)	(52.0, 1.3607859686529011)	(53.0, 3.921699279626726)	(54.0, 15.594251826838004)	(55.0, 39.444284032616366)	(56.0, 22.404104568774407)	(57.0, 3.0695422339688725)	(58.0, 1.4392643759854495)	(59.0, 2.479473454308309)	(60.0, 4.936736038616492)	(61.0, 2.999948174636259)	(62.0, 1.250471980987338)	(63.0, 0.34871065899647286)	(64.0, 0.1643604379983375)	(65.0, 0.07477659566591019)	(66.0, 0.040719928332921436)	(67.0, 0.035537391999640545)	(68.0, 0.02443195699975287)	(69.0, 0.014807246666516881)	(70.0, 0.006663260999932599)	(71.0, 0.004442173999955065)	(72.0, 0.0029614493333033768)	(73.0, 0.0029614493333033768)	(74.0, 0.003701811666629221)	(75.0, 0.002221086999977533)	(76.0, 0.0)	(77.0, 0.0014807246666516884)	(78.0, 0.002221086999977533)	(79.0, 0.0014807246666516884)	(80.0, 0.002221086999977533)	(81.0, 0.0)	(82.0, 0.0)	(83.0, 0.0)	(84.0, 0.0)	(85.0, 0.0)	(86.0, 0.0)	(87.0, 0.0)	(88.0, 0.0)	(89.0, 0.0)	(90.0, 0.0)	(91.0, 0.0)	(92.0, 0.0)	(93.0, 0.0)	(94.0, 0.0)	(95.0, 0.0)	(96.0, 0.0)	(97.0, 0.0)	(98.0, 0.0007403623333258442)	(99.0, 0.0)	(100.0, 0.0)
SRR29920124_1	(0.0, 0.0)	(1.0, 0.0)	(2.0, 0.0)	(3.0, 0.0)	(4.0, 0.0)	(5.0, 0.0)	(6.0, 0.0)	(7.0, 0.0)	(8.0, 0.0)	(9.0, 0.0)	(10.0, 0.0)	(11.0, 0.0)	(12.0, 0.0)	(13.0, 0.0)	(14.0, 0.0)	(15.0, 0.0)	(16.0, 0.0)	(17.0, 0.0)	(18.0, 0.0)	(19.0, 0.0)	(20.0, 0.0)	(21.0, 0.0)	(22.0, 0.0)	(23.0, 0.0)	(24.0, 0.0)	(25.0, 0.0)	(26.0, 0.0)	(27.0, 0.0)	(28.0, 0.0)	(29.0, 0.0)	(30.0, 0.0)	(31.0, 0.0)	(32.0, 0.0)	(33.0, 0.0)	(34.0, 0.0)	(35.0, 0.0)	(36.0, 0.0)	(37.0, 0.0013067454198573698)	(38.0, 0.0013067454198573698)	(39.0, 0.0013067454198573698)	(40.0, 0.0013067454198573698)	(41.0, 0.0)	(42.0, 0.0013067454198573698)	(43.0, 0.0)	(44.0, 0.0)	(45.0, 0.0013067454198573698)	(46.0, 0.020907926717717913)	(47.0, 0.05226981679429482)	(48.0, 0.07056425267229799)	(49.0, 0.3867966442777802)	(50.0, 2.2005592870397868)	(51.0, 6.374304158063896)	(52.0, 18.529650053578177)	(53.0, 38.34905783655388)	(54.0, 24.859524867361518)	(55.0, 4.517418916446995)	(56.0, 1.4687818519196685)	(57.0, 1.3224263648956516)	(58.0, 1.2152732404673534)	(59.0, 0.36066173588063316)	(60.0, 0.16072968664245657)	(61.0, 0.056190053053866935)	(62.0, 0.01568094503828844)	(63.0, 0.0026134908397147396)	(64.0, 0.0026134908397147396)	(65.0, 0.005226981679429479)	(66.0, 0.007840472519144218)	(67.0, 0.00392023625957211)	(68.0, 0.0)	(69.0, 0.0)	(70.0, 0.0)	(71.0, 0.0026134908397147396)	(72.0, 0.00392023625957211)	(73.0, 0.0)	(74.0, 0.0013067454198573698)	(75.0, 0.0)	(76.0, 0.0)	(77.0, 0.0)	(78.0, 0.0013067454198573698)	(79.0, 0.0)	(80.0, 0.0)	(81.0, 0.0)	(82.0, 0.0)	(83.0, 0.0)	(84.0, 0.0)	(85.0, 0.0)	(86.0, 0.0)	(87.0, 0.0)	(88.0, 0.0)	(89.0, 0.0)	(90.0, 0.0)	(91.0, 0.0)	(92.0, 0.0)	(93.0, 0.0)	(94.0, 0.0)	(95.0, 0.0)	(96.0, 0.0)	(97.0, 0.0)	(98.0, 0.0)	(99.0, 0.0)	(100.0, 0.0)
SRR29920124_2	(0.0, 0.0)	(1.0, 0.0)	(2.0, 0.0)	(3.0, 0.0)	(4.0, 0.0)	(5.0, 0.0)	(6.0, 0.0)	(7.0, 0.0)	(8.0, 0.0)	(9.0, 0.0)	(10.0, 0.0)	(11.0, 0.0)	(12.0, 0.0)	(13.0, 0.0)	(14.0, 0.0)	(15.0, 0.0)	(16.0, 0.0)	(17.0, 0.0)	(18.0, 0.0)	(19.0, 0.0)	(20.0, 0.0)	(21.0, 0.0)	(22.0, 0.0)	(23.0, 0.0)	(24.0, 0.0)	(25.0, 0.0)	(26.0, 0.0)	(27.0, 0.0)	(28.0, 0.0)	(29.0, 0.0)	(30.0, 0.0)	(31.0, 0.0)	(32.0, 0.0)	(33.0, 0.0)	(34.0, 0.0)	(35.0, 0.0)	(36.0, 0.0)	(37.0, 0.0)	(38.0, 0.0)	(39.0, 0.001307189542483801)	(40.0, 0.0)	(41.0, 0.0)	(42.0, 0.0)	(43.0, 0.002614379084967602)	(44.0, 0.006535947712419004)	(45.0, 0.002614379084967602)	(46.0, 0.003921568627451404)	(47.0, 0.003921568627451404)	(48.0, 0.009150326797386607)	(49.0, 0.05620915032680348)	(50.0, 0.2248366013072143)	(51.0, 0.7032679738562878)	(52.0, 4.669281045752171)	(53.0, 11.447058823531469)	(54.0, 20.380392156863937)	(55.0, 31.26535947711665)	(56.0, 18.99084967320492)	(57.0, 3.590849673203136)	(58.0, 2.0326797385622677)	(59.0, 2.287581699346638)	(60.0, 2.252287581699571)	(61.0, 1.2183006535949017)	(62.0, 0.5071895424837121)	(63.0, 0.14248366013073424)	(64.0, 0.07581699346406047)	(65.0, 0.04444444444444925)	(66.0, 0.018300653594773213)	(67.0, 0.015686274509805614)	(68.0, 0.014379084967321813)	(69.0, 0.005228758169935204)	(70.0, 0.001307189542483801)	(71.0, 0.007843137254902805)	(72.0, 0.006535947712419004)	(73.0, 0.001307189542483801)	(74.0, 0.001307189542483801)	(75.0, 0.003921568627451404)	(76.0, 0.001307189542483801)	(77.0, 0.001307189542483801)	(78.0, 0.001307189542483801)	(79.0, 0.0)	(80.0, 0.0)	(81.0, 0.0)	(82.0, 0.0)	(83.0, 0.0)	(84.0, 0.0)	(85.0, 0.0)	(86.0, 0.0)	(87.0, 0.0)	(88.0, 0.0)	(89.0, 0.0)	(90.0, 0.0)	(91.0, 0.001307189542483801)	(92.0, 0.0)	(93.0, 0.0)	(94.0, 0.0)	(95.0, 0.0)	(96.0, 0.0)	(97.0, 0.0)	(98.0, 0.0)	(99.0, 0.0)	(100.0, 0.0)
SRR29920125_1	(0.0, 0.0)	(1.0, 0.0)	(2.0, 0.0)	(3.0, 0.0)	(4.0, 0.0)	(5.0, 0.0)	(6.0, 0.0)	(7.0, 0.0)	(8.0, 0.0)	(9.0, 0.0)	(10.0, 0.0)	(11.0, 0.0)	(12.0, 0.0)	(13.0, 0.0)	(14.0, 0.0)	(15.0, 0.0)	(16.0, 0.0)	(17.0, 0.0)	(18.0, 0.0)	(19.0, 0.0)	(20.0, 0.0)	(21.0, 0.0)	(22.0, 0.0)	(23.0, 0.0)	(24.0, 0.0)	(25.0, 0.0)	(26.0, 0.0010965152744579145)	(27.0, 0.0)	(28.0, 0.0)	(29.0, 0.0)	(30.0, 0.0010965152744579145)	(31.0, 0.0)	(32.0, 0.0)	(33.0, 0.0)	(34.0, 0.0)	(35.0, 0.0)	(36.0, 0.0)	(37.0, 0.0010965152744579145)	(38.0, 0.002193030548915829)	(39.0, 0.002193030548915829)	(40.0, 0.0)	(41.0, 0.0)	(42.0, 0.0)	(43.0, 0.0)	(44.0, 0.0010965152744579145)	(45.0, 0.0010965152744579145)	(46.0, 0.014254698567952888)	(47.0, 0.1019759205245859)	(48.0, 0.5690914274436594)	(49.0, 1.0120835983246548)	(50.0, 3.3191517357842546)	(51.0, 6.198600846510099)	(52.0, 11.441040373695404)	(53.0, 28.683743064537936)	(54.0, 24.28671681396096)	(55.0, 9.03967192263148)	(56.0, 3.230333998553153)	(57.0, 5.232570889712897)	(58.0, 5.426654093291903)	(59.0, 1.122831641044898)	(60.0, 0.19079365775567755)	(61.0, 0.05482576372289574)	(62.0, 0.020833790214700366)	(63.0, 0.005482576372289572)	(64.0, 0.008772122195663316)	(65.0, 0.004386061097831658)	(66.0, 0.006579091646747486)	(67.0, 0.005482576372289572)	(68.0, 0.003289545823373744)	(69.0, 0.005482576372289572)	(70.0, 0.0010965152744579145)	(71.0, 0.003289545823373744)	(72.0, 0.0)	(73.0, 0.0)	(74.0, 0.0010965152744579145)	(75.0, 0.0)	(76.0, 0.0)	(77.0, 0.0)	(78.0, 0.0)	(79.0, 0.0)	(80.0, 0.0)	(81.0, 0.0)	(82.0, 0.0)	(83.0, 0.0)	(84.0, 0.0)	(85.0, 0.0)	(86.0, 0.0)	(87.0, 0.0)	(88.0, 0.0)	(89.0, 0.0)	(90.0, 0.0)	(91.0, 0.0)	(92.0, 0.0)	(93.0, 0.0)	(94.0, 0.0)	(95.0, 0.0)	(96.0, 0.0)	(97.0, 0.0)	(98.0, 0.0)	(99.0, 0.0)	(100.0, 0.0)
SRR29920125_2	(0.0, 0.0)	(1.0, 0.0)	(2.0, 0.0)	(3.0, 0.0)	(4.0, 0.0)	(5.0, 0.0)	(6.0, 0.0)	(7.0, 0.0)	(8.0, 0.0)	(9.0, 0.0)	(10.0, 0.0)	(11.0, 0.0)	(12.0, 0.0)	(13.0, 0.0)	(14.0, 0.0)	(15.0, 0.0)	(16.0, 0.0)	(17.0, 0.0)	(18.0, 0.0)	(19.0, 0.0)	(20.0, 0.0)	(21.0, 0.0)	(22.0, 0.0)	(23.0, 0.0)	(24.0, 0.0)	(25.0, 0.0)	(26.0, 0.0)	(27.0, 0.0)	(28.0, 0.0)	(29.0, 0.0)	(30.0, 0.0)	(31.0, 0.0)	(32.0, 0.0)	(33.0, 0.0)	(34.0, 0.0)	(35.0, 0.0)	(36.0, 0.0)	(37.0, 0.0)	(38.0, 0.0)	(39.0, 0.0)	(40.0, 0.0)	(41.0, 0.0)	(42.0, 0.0010991426687184853)	(43.0, 0.0010991426687184853)	(44.0, 0.0021982853374369706)	(45.0, 0.003297428006155456)	(46.0, 0.006594856012310911)	(47.0, 0.0021982853374369706)	(48.0, 0.0010991426687184853)	(49.0, 0.04506484941745792)	(50.0, 0.3033633765663012)	(51.0, 0.7913827214773175)	(52.0, 2.5049461420094823)	(53.0, 5.533084194328517)	(54.0, 14.769180039571594)	(55.0, 26.08485381401811)	(56.0, 15.448450208839)	(57.0, 9.34051439877025)	(58.0, 6.567377445592378)	(59.0, 3.7601670696860037)	(60.0, 6.12991866344252)	(61.0, 4.85271488239193)	(62.0, 2.6874038250167716)	(63.0, 0.6693778852495621)	(64.0, 0.2341173884370376)	(65.0, 0.10551769619697444)	(66.0, 0.047263134754894895)	(67.0, 0.03297428006155456)	(68.0, 0.01758628269949576)	(69.0, 0.015387997362058793)	(70.0, 0.013189712024621825)	(71.0, 0.006594856012310911)	(72.0, 0.006594856012310911)	(73.0, 0.0054957133435924255)	(74.0, 0.004396570674873941)	(75.0, 0.0021982853374369706)	(76.0, 0.0010991426687184853)	(77.0, 0.0)	(78.0, 0.0)	(79.0, 0.0)	(80.0, 0.0010991426687184853)	(81.0, 0.0010991426687184853)	(82.0, 0.0)	(83.0, 0.0)	(84.0, 0.0)	(85.0, 0.0)	(86.0, 0.0)	(87.0, 0.0)	(88.0, 0.0)	(89.0, 0.0)	(90.0, 0.0)	(91.0, 0.0)	(92.0, 0.0)	(93.0, 0.0)	(94.0, 0.0)	(95.0, 0.0)	(96.0, 0.0)	(97.0, 0.0)	(98.0, 0.0)	(99.0, 0.0)	(100.0, 0.0)
SRR29920126_1	(0.0, 0.0)	(1.0, 0.0)	(2.0, 0.0)	(3.0, 0.0)	(4.0, 0.0)	(5.0, 0.0)	(6.0, 0.0)	(7.0, 0.0)	(8.0, 0.0)	(9.0, 0.0)	(10.0, 0.0)	(11.0, 0.0)	(12.0, 0.0)	(13.0, 0.0)	(14.0, 0.0)	(15.0, 0.0)	(16.0, 0.0)	(17.0, 0.0)	(18.0, 0.0)	(19.0, 0.0)	(20.0, 0.0)	(21.0, 0.0)	(22.0, 0.0)	(23.0, 0.0)	(24.0, 0.0)	(25.0, 0.0)	(26.0, 0.0)	(27.0, 0.0)	(28.0, 0.0)	(29.0, 0.0)	(30.0, 0.0)	(31.0, 0.0)	(32.0, 0.0)	(33.0, 0.0)	(34.0, 0.0)	(35.0, 0.0009337852854115067)	(36.0, 0.0)	(37.0, 0.0009337852854115067)	(38.0, 0.0)	(39.0, 0.0009337852854115067)	(40.0, 0.0009337852854115067)	(41.0, 0.0009337852854115067)	(42.0, 0.0018675705708230135)	(43.0, 0.0018675705708230135)	(44.0, 0.0)	(45.0, 0.0009337852854115067)	(46.0, 0.03361627027481425)	(47.0, 0.13913400752631472)	(48.0, 0.5556022448198501)	(49.0, 2.241084684987675)	(50.0, 10.770279481938086)	(51.0, 13.880718267641946)	(52.0, 16.98648812691779)	(53.0, 26.394374877439564)	(54.0, 13.911533182060499)	(55.0, 3.550251655134524)	(56.0, 1.8031393861296288)	(57.0, 3.350421604056507)	(58.0, 4.403731406000447)	(59.0, 1.3735981548402971)	(60.0, 0.43234258714552765)	(61.0, 0.09991502553903116)	(62.0, 0.02427841742069917)	(63.0, 0.006536496997880547)	(64.0, 0.010271638139526576)	(65.0, 0.007470282283292054)	(66.0, 0.0009337852854115067)	(67.0, 0.0)	(68.0, 0.0018675705708230135)	(69.0, 0.003735141141646027)	(70.0, 0.00280135585623452)	(71.0, 0.00280135585623452)	(72.0, 0.003735141141646027)	(73.0, 0.0)	(74.0, 0.0)	(75.0, 0.0)	(76.0, 0.0)	(77.0, 0.0)	(78.0, 0.0)	(79.0, 0.0)	(80.0, 0.0)	(81.0, 0.0)	(82.0, 0.0)	(83.0, 0.0)	(84.0, 0.0)	(85.0, 0.0)	(86.0, 0.0)	(87.0, 0.0)	(88.0, 0.0)	(89.0, 0.0)	(90.0, 0.0)	(91.0, 0.0)	(92.0, 0.0)	(93.0, 0.0)	(94.0, 0.0)	(95.0, 0.0)	(96.0, 0.0)	(97.0, 0.0)	(98.0, 0.0)	(99.0, 0.0)	(100.0, 0.0)
SRR29920126_2	(0.0, 0.0)	(1.0, 0.0)	(2.0, 0.0)	(3.0, 0.0)	(4.0, 0.0)	(5.0, 0.0)	(6.0, 0.0)	(7.0, 0.0)	(8.0, 0.0)	(9.0, 0.0)	(10.0, 0.0)	(11.0, 0.0)	(12.0, 0.0)	(13.0, 0.0)	(14.0, 0.0)	(15.0, 0.0)	(16.0, 0.0)	(17.0, 0.0)	(18.0, 0.0)	(19.0, 0.0)	(20.0, 0.0)	(21.0, 0.0)	(22.0, 0.0)	(23.0, 0.0)	(24.0, 0.0)	(25.0, 0.0)	(26.0, 0.0)	(27.0, 0.0)	(28.0, 0.0)	(29.0, 0.0)	(30.0, 0.0)	(31.0, 0.0)	(32.0, 0.0)	(33.0, 0.0)	(34.0, 0.0)	(35.0, 0.0)	(36.0, 0.0)	(37.0, 0.0)	(38.0, 0.0)	(39.0, 0.0)	(40.0, 0.0)	(41.0, 0.0)	(42.0, 0.0009317059536010456)	(43.0, 0.0009317059536010456)	(44.0, 0.0018634119072020912)	(45.0, 0.0009317059536010456)	(46.0, 0.004658529768005228)	(47.0, 0.011180471443212547)	(48.0, 0.03540482623683975)	(49.0, 0.16491195378738546)	(50.0, 0.8245597689369274)	(51.0, 1.6565731855026522)	(52.0, 3.1733904779652202)	(53.0, 9.270474238331495)	(54.0, 25.36476288083102)	(55.0, 28.231622100066655)	(56.0, 12.169011459984684)	(57.0, 4.583993291716883)	(58.0, 2.1084505729992107)	(59.0, 2.9208981645393943)	(60.0, 5.163514394856601)	(61.0, 2.8659275132769455)	(62.0, 0.9065498928538147)	(63.0, 0.27298984440510554)	(64.0, 0.1173949501537318)	(65.0, 0.06521941675207314)	(66.0, 0.032609708376036606)	(67.0, 0.01583900121121777)	(68.0, 0.006521941675207319)	(69.0, 0.005590235721606274)	(70.0, 0.00838535358240941)	(71.0, 0.002795117860803137)	(72.0, 0.0009317059536010456)	(73.0, 0.002795117860803137)	(74.0, 0.002795117860803137)	(75.0, 0.0009317059536010456)	(76.0, 0.0009317059536010456)	(77.0, 0.0009317059536010456)	(78.0, 0.0009317059536010456)	(79.0, 0.0009317059536010456)	(80.0, 0.0009317059536010456)	(81.0, 0.0)	(82.0, 0.0)	(83.0, 0.0)	(84.0, 0.0)	(85.0, 0.0)	(86.0, 0.0)	(87.0, 0.0)	(88.0, 0.0)	(89.0, 0.0)	(90.0, 0.0)	(91.0, 0.0)	(92.0, 0.0)	(93.0, 0.0)	(94.0, 0.0)	(95.0, 0.0)	(96.0, 0.0)	(97.0, 0.0)	(98.0, 0.0)	(99.0, 0.0)	(100.0, 0.0)
SRR29920127_1	(0.0, 0.0)	(1.0, 0.0)	(2.0, 0.0)	(3.0, 0.0)	(4.0, 0.0)	(5.0, 0.0)	(6.0, 0.0)	(7.0, 0.0)	(8.0, 0.0)	(9.0, 0.0)	(10.0, 0.0)	(11.0, 0.0)	(12.0, 0.0)	(13.0, 0.0)	(14.0, 0.0)	(15.0, 0.0)	(16.0, 0.0)	(17.0, 0.0)	(18.0, 0.0)	(19.0, 0.0)	(20.0, 0.0)	(21.0, 0.0)	(22.0, 0.0)	(23.0, 0.0)	(24.0, 0.0)	(25.0, 0.0)	(26.0, 0.0)	(27.0, 0.0)	(28.0, 0.0)	(29.0, 0.0)	(30.0, 0.0)	(31.0, 0.0)	(32.0, 0.0010485257727634338)	(33.0, 0.0)	(34.0, 0.0010485257727634338)	(35.0, 0.0)	(36.0, 0.0)	(37.0, 0.0010485257727634338)	(38.0, 0.0)	(39.0, 0.003145577318290302)	(40.0, 0.004194103091053735)	(41.0, 0.003145577318290302)	(42.0, 0.0010485257727634338)	(43.0, 0.0010485257727634338)	(44.0, 0.0020970515455268676)	(45.0, 0.003145577318290302)	(46.0, 0.00838820618210747)	(47.0, 0.00838820618210747)	(48.0, 0.03564987627395676)	(49.0, 0.42255588642366215)	(50.0, 2.0330914733883096)	(51.0, 5.323365348319622)	(52.0, 16.73656838484877)	(53.0, 40.056830096898075)	(54.0, 25.735016566696377)	(55.0, 3.8753512561336487)	(56.0, 1.7206307931047709)	(57.0, 2.240699576395493)	(58.0, 1.395587803548106)	(59.0, 0.2380153504172995)	(60.0, 0.07863943295725748)	(61.0, 0.03145577318290302)	(62.0, 0.01048525772763434)	(63.0, 0.0073396804093440364)	(64.0, 0.003145577318290302)	(65.0, 0.009436731954870905)	(66.0, 0.005242628863817169)	(67.0, 0.0020970515455268676)	(68.0, 0.0010485257727634338)	(69.0, 0.0)	(70.0, 0.0)	(71.0, 0.0)	(72.0, 0.0)	(73.0, 0.0)	(74.0, 0.0)	(75.0, 0.0)	(76.0, 0.0)	(77.0, 0.0)	(78.0, 0.0)	(79.0, 0.0)	(80.0, 0.0)	(81.0, 0.0)	(82.0, 0.0)	(83.0, 0.0)	(84.0, 0.0)	(85.0, 0.0)	(86.0, 0.0)	(87.0, 0.0)	(88.0, 0.0)	(89.0, 0.0)	(90.0, 0.0)	(91.0, 0.0)	(92.0, 0.0)	(93.0, 0.0)	(94.0, 0.0)	(95.0, 0.0)	(96.0, 0.0)	(97.0, 0.0)	(98.0, 0.0)	(99.0, 0.0)	(100.0, 0.0)
SRR29920127_2	(0.0, 0.0)	(1.0, 0.0)	(2.0, 0.0)	(3.0, 0.0)	(4.0, 0.0)	(5.0, 0.0)	(6.0, 0.0)	(7.0, 0.0)	(8.0, 0.0)	(9.0, 0.0)	(10.0, 0.0)	(11.0, 0.0)	(12.0, 0.0)	(13.0, 0.0)	(14.0, 0.0)	(15.0, 0.0)	(16.0, 0.0)	(17.0, 0.0)	(18.0, 0.0)	(19.0, 0.0)	(20.0, 0.0)	(21.0, 0.0)	(22.0, 0.0)	(23.0, 0.0)	(24.0, 0.0)	(25.0, 0.0)	(26.0, 0.0)	(27.0, 0.0)	(28.0, 0.0)	(29.0, 0.0)	(30.0, 0.0)	(31.0, 0.0)	(32.0, 0.0)	(33.0, 0.0)	(34.0, 0.0)	(35.0, 0.0)	(36.0, 0.0)	(37.0, 0.0)	(38.0, 0.0)	(39.0, 0.0010536186532645686)	(40.0, 0.0)	(41.0, 0.0)	(42.0, 0.0)	(43.0, 0.0)	(44.0, 0.0)	(45.0, 0.0)	(46.0, 0.0021072373065291372)	(47.0, 0.005268093266322842)	(48.0, 0.010536186532645686)	(49.0, 0.1506674674168335)	(50.0, 0.4456806903309113)	(51.0, 0.40353594420032746)	(52.0, 0.8702890075965394)	(53.0, 3.5707136159136934)	(54.0, 18.151742158439607)	(55.0, 40.30934243661266)	(56.0, 24.21110303335863)	(57.0, 3.9774104160737247)	(58.0, 1.7490069644191617)	(59.0, 1.0883880688222927)	(60.0, 0.7649271422700846)	(61.0, 1.865958634931542)	(62.0, 1.8754412028109242)	(63.0, 0.3392652063511897)	(64.0, 0.09166482283401735)	(65.0, 0.042144746130582764)	(66.0, 0.020018754412026798)	(67.0, 0.011589805185910256)	(68.0, 0.010536186532645686)	(69.0, 0.010536186532645686)	(70.0, 0.0042144746130582745)	(71.0, 0.0021072373065291372)	(72.0, 0.0042144746130582745)	(73.0, 0.0021072373065291372)	(74.0, 0.0021072373065291372)	(75.0, 0.0021072373065291372)	(76.0, 0.0010536186532645686)	(77.0, 0.0010536186532645686)	(78.0, 0.0)	(79.0, 0.0010536186532645686)	(80.0, 0.0010536186532645686)	(81.0, 0.0)	(82.0, 0.0)	(83.0, 0.0)	(84.0, 0.0)	(85.0, 0.0)	(86.0, 0.0)	(87.0, 0.0)	(88.0, 0.0)	(89.0, 0.0)	(90.0, 0.0)	(91.0, 0.0)	(92.0, 0.0)	(93.0, 0.0)	(94.0, 0.0)	(95.0, 0.0)	(96.0, 0.0)	(97.0, 0.0)	(98.0, 0.0)	(99.0, 0.0)	(100.0, 0.0)
SRR29920128_1	(0.0, 0.0)	(1.0, 0.0)	(2.0, 0.0)	(3.0, 0.0)	(4.0, 0.0)	(5.0, 0.0)	(6.0, 0.0)	(7.0, 0.0)	(8.0, 0.0)	(9.0, 0.0)	(10.0, 0.0)	(11.0, 0.0)	(12.0, 0.0)	(13.0, 0.0)	(14.0, 0.0)	(15.0, 0.0)	(16.0, 0.0)	(17.0, 0.0)	(18.0, 0.0)	(19.0, 0.0)	(20.0, 0.0)	(21.0, 0.0)	(22.0, 0.0)	(23.0, 0.0)	(24.0, 0.0)	(25.0, 0.0)	(26.0, 0.0)	(27.0, 0.0)	(28.0, 0.0010793075162973168)	(29.0, 0.0010793075162973168)	(30.0, 0.0)	(31.0, 0.0)	(32.0, 0.0)	(33.0, 0.0)	(34.0, 0.0010793075162973168)	(35.0, 0.0021586150325946336)	(36.0, 0.0010793075162973168)	(37.0, 0.0021586150325946336)	(38.0, 0.0)	(39.0, 0.0010793075162973168)	(40.0, 0.0)	(41.0, 0.0)	(42.0, 0.0010793075162973168)	(43.0, 0.0010793075162973168)	(44.0, 0.0032379225488919504)	(45.0, 0.004317230065189267)	(46.0, 0.004317230065189267)	(47.0, 0.005396537581486584)	(48.0, 0.020506842809649012)	(49.0, 0.13707205456975932)	(50.0, 0.7587531839570211)	(51.0, 1.9168501489440264)	(52.0, 10.462807062987329)	(53.0, 43.58351681562333)	(54.0, 30.954539567405448)	(55.0, 3.9470275870992944)	(56.0, 1.7214954884941895)	(57.0, 3.595173336786449)	(58.0, 2.356128308077084)	(59.0, 0.32810948495438313)	(60.0, 0.08850321633637988)	(61.0, 0.048568838233379284)	(62.0, 0.025903380391135593)	(63.0, 0.010793075162973169)	(64.0, 0.007555152614081216)	(65.0, 0.004317230065189267)	(66.0, 0.0021586150325946336)	(67.0, 0.0010793075162973168)	(68.0, 0.0)	(69.0, 0.0)	(70.0, 0.0)	(71.0, 0.0)	(72.0, 0.0)	(73.0, 0.0)	(74.0, 0.0)	(75.0, 0.0)	(76.0, 0.0)	(77.0, 0.0)	(78.0, 0.0)	(79.0, 0.0)	(80.0, 0.0)	(81.0, 0.0)	(82.0, 0.0)	(83.0, 0.0)	(84.0, 0.0)	(85.0, 0.0)	(86.0, 0.0)	(87.0, 0.0)	(88.0, 0.0)	(89.0, 0.0)	(90.0, 0.0)	(91.0, 0.0)	(92.0, 0.0)	(93.0, 0.0)	(94.0, 0.0)	(95.0, 0.0)	(96.0, 0.0)	(97.0, 0.0)	(98.0, 0.0)	(99.0, 0.0)	(100.0, 0.0)
SRR29920128_2	(0.0, 0.0)	(1.0, 0.0)	(2.0, 0.0)	(3.0, 0.0)	(4.0, 0.0)	(5.0, 0.0)	(6.0, 0.0)	(7.0, 0.0)	(8.0, 0.0)	(9.0, 0.0)	(10.0, 0.0)	(11.0, 0.0)	(12.0, 0.0)	(13.0, 0.0)	(14.0, 0.0)	(15.0, 0.0)	(16.0, 0.0)	(17.0, 0.0)	(18.0, 0.0)	(19.0, 0.0)	(20.0, 0.0)	(21.0, 0.0)	(22.0, 0.0)	(23.0, 0.0)	(24.0, 0.0)	(25.0, 0.0)	(26.0, 0.0)	(27.0, 0.0)	(28.0, 0.0)	(29.0, 0.0)	(30.0, 0.0)	(31.0, 0.0)	(32.0, 0.0)	(33.0, 0.0)	(34.0, 0.0)	(35.0, 0.0)	(36.0, 0.0)	(37.0, 0.0)	(38.0, 0.0)	(39.0, 0.0)	(40.0, 0.0)	(41.0, 0.0)	(42.0, 0.001075569514057524)	(43.0, 0.001075569514057524)	(44.0, 0.002151139028115048)	(45.0, 0.004302278056230096)	(46.0, 0.002151139028115048)	(47.0, 0.001075569514057524)	(48.0, 0.001075569514057524)	(49.0, 0.021511390281150473)	(50.0, 0.0785165745261992)	(51.0, 0.1527308709961686)	(52.0, 0.40118742874345426)	(53.0, 2.331834706476752)	(54.0, 13.387613741476251)	(55.0, 41.473960462075866)	(56.0, 29.1909566115166)	(57.0, 3.6225181233458184)	(58.0, 0.8948738356958654)	(59.0, 0.5367091875147056)	(60.0, 0.7131025878201446)	(61.0, 3.0449372942969712)	(62.0, 3.1922903177228688)	(63.0, 0.5915632327316409)	(64.0, 0.149504162453996)	(65.0, 0.08066771355431424)	(66.0, 0.040871641534185925)	(67.0, 0.024738098823323045)	(68.0, 0.01613354271086286)	(69.0, 0.007528986598402668)	(70.0, 0.006453417084345143)	(71.0, 0.00537784757028762)	(72.0, 0.004302278056230096)	(73.0, 0.004302278056230096)	(74.0, 0.0)	(75.0, 0.0)	(76.0, 0.0)	(77.0, 0.0)	(78.0, 0.0032267085421725716)	(79.0, 0.002151139028115048)	(80.0, 0.002151139028115048)	(81.0, 0.002151139028115048)	(82.0, 0.001075569514057524)	(83.0, 0.001075569514057524)	(84.0, 0.0)	(85.0, 0.0)	(86.0, 0.0)	(87.0, 0.0)	(88.0, 0.0)	(89.0, 0.0)	(90.0, 0.0)	(91.0, 0.0)	(92.0, 0.0)	(93.0, 0.0)	(94.0, 0.0)	(95.0, 0.0)	(96.0, 0.0)	(97.0, 0.0)	(98.0, 0.001075569514057524)	(99.0, 0.0)	(100.0, 0.0)
SRR29920129_1	(0.0, 0.0)	(1.0, 0.0)	(2.0, 0.0)	(3.0, 0.0)	(4.0, 0.0)	(5.0, 0.0)	(6.0, 0.0)	(7.0, 0.0)	(8.0, 0.0)	(9.0, 0.0)	(10.0, 0.0)	(11.0, 0.0)	(12.0, 0.0)	(13.0, 0.0)	(14.0, 0.0)	(15.0, 0.0)	(16.0, 0.0)	(17.0, 0.0)	(18.0, 0.0)	(19.0, 0.0)	(20.0, 0.0)	(21.0, 0.0)	(22.0, 0.0)	(23.0, 0.0)	(24.0, 0.0)	(25.0, 0.0)	(26.0, 0.0)	(27.0, 0.0008353800143681807)	(28.0, 0.0)	(29.0, 0.0)	(30.0, 0.0)	(31.0, 0.0)	(32.0, 0.0)	(33.0, 0.0008353800143681807)	(34.0, 0.002506140043104542)	(35.0, 0.0008353800143681807)	(36.0, 0.0008353800143681807)	(37.0, 0.0)	(38.0, 0.0008353800143681807)	(39.0, 0.0)	(40.0, 0.003341520057472723)	(41.0, 0.002506140043104542)	(42.0, 0.0)	(43.0, 0.0016707600287363615)	(44.0, 0.0016707600287363615)	(45.0, 0.002506140043104542)	(46.0, 0.004176900071840904)	(47.0, 0.029238300502886335)	(48.0, 0.3199505455030114)	(49.0, 0.7835864534773527)	(50.0, 0.9130703557044133)	(51.0, 1.9489415735210118)	(52.0, 9.013750355033967)	(53.0, 40.206004711554485)	(54.0, 31.551467762684393)	(55.0, 6.374784889643685)	(56.0, 2.4376388819264534)	(57.0, 2.937196130518555)	(58.0, 2.603879504785727)	(59.0, 0.588107530115205)	(60.0, 0.1445207424856956)	(61.0, 0.05764122099140444)	(62.0, 0.0309090605316227)	(63.0, 0.006683040114945446)	(64.0, 0.005012280086209083)	(65.0, 0.004176900071840904)	(66.0, 0.006683040114945446)	(67.0, 0.002506140043104542)	(68.0, 0.0016707600287363615)	(69.0, 0.004176900071840904)	(70.0, 0.005847660100577265)	(71.0, 0.0)	(72.0, 0.0)	(73.0, 0.0)	(74.0, 0.0)	(75.0, 0.0)	(76.0, 0.0)	(77.0, 0.0)	(78.0, 0.0)	(79.0, 0.0)	(80.0, 0.0)	(81.0, 0.0)	(82.0, 0.0)	(83.0, 0.0)	(84.0, 0.0)	(85.0, 0.0)	(86.0, 0.0)	(87.0, 0.0)	(88.0, 0.0)	(89.0, 0.0)	(90.0, 0.0)	(91.0, 0.0)	(92.0, 0.0)	(93.0, 0.0)	(94.0, 0.0)	(95.0, 0.0)	(96.0, 0.0)	(97.0, 0.0)	(98.0, 0.0)	(99.0, 0.0)	(100.0, 0.0)
SRR29920129_2	(0.0, 0.0)	(1.0, 0.0)	(2.0, 0.0)	(3.0, 0.0)	(4.0, 0.0)	(5.0, 0.0)	(6.0, 0.0)	(7.0, 0.0)	(8.0, 0.0)	(9.0, 0.0)	(10.0, 0.0)	(11.0, 0.0)	(12.0, 0.0)	(13.0, 0.0)	(14.0, 0.0)	(15.0, 0.0)	(16.0, 0.0)	(17.0, 0.0)	(18.0, 0.0)	(19.0, 0.0)	(20.0, 0.0)	(21.0, 0.0)	(22.0, 0.0)	(23.0, 0.0)	(24.0, 0.0)	(25.0, 0.0)	(26.0, 0.0)	(27.0, 0.0)	(28.0, 0.0)	(29.0, 0.0)	(30.0, 0.0)	(31.0, 0.0)	(32.0, 0.0)	(33.0, 0.0)	(34.0, 0.0)	(35.0, 0.0)	(36.0, 0.0008347733173054508)	(37.0, 0.0008347733173054508)	(38.0, 0.0)	(39.0, 0.0)	(40.0, 0.0)	(41.0, 0.0)	(42.0, 0.0)	(43.0, 0.0)	(44.0, 0.0025043199519163522)	(45.0, 0.004173866586527253)	(46.0, 0.0016695466346109016)	(47.0, 0.0016695466346109016)	(48.0, 0.010017279807665409)	(49.0, 0.03172138605760714)	(50.0, 0.07262527860557412)	(51.0, 0.33140500697026243)	(52.0, 1.8582054043219696)	(53.0, 3.645455076672774)	(54.0, 12.745319008619225)	(55.0, 38.73014282972937)	(56.0, 26.262803335749773)	(57.0, 5.6155201055135215)	(58.0, 2.748073760569618)	(59.0, 1.465861945188363)	(60.0, 2.238027263695993)	(61.0, 2.0694030536002725)	(62.0, 1.4942442379767515)	(63.0, 0.3706393528836197)	(64.0, 0.1277203175477342)	(65.0, 0.06260799879790875)	(66.0, 0.0342257060095235)	(67.0, 0.019199786298025358)	(68.0, 0.01502591971149811)	(69.0, 0.01586069302880356)	(70.0, 0.0033390932692218033)	(71.0, 0.005843413221138155)	(72.0, 0.0016695466346109016)	(73.0, 0.0016695466346109016)	(74.0, 0.0025043199519163522)	(75.0, 0.0025043199519163522)	(76.0, 0.0016695466346109016)	(77.0, 0.0033390932692218033)	(78.0, 0.0008347733173054508)	(79.0, 0.0)	(80.0, 0.0)	(81.0, 0.0)	(82.0, 0.0)	(83.0, 0.0008347733173054508)	(84.0, 0.0)	(85.0, 0.0)	(86.0, 0.0)	(87.0, 0.0)	(88.0, 0.0)	(89.0, 0.0)	(90.0, 0.0)	(91.0, 0.0)	(92.0, 0.0)	(93.0, 0.0)	(94.0, 0.0)	(95.0, 0.0)	(96.0, 0.0)	(97.0, 0.0)	(98.0, 0.0)	(99.0, 0.0)	(100.0, 0.0)
SRR29920130_1	(0.0, 0.0)	(1.0, 0.0)	(2.0, 0.0)	(3.0, 0.0)	(4.0, 0.0)	(5.0, 0.0)	(6.0, 0.0)	(7.0, 0.0)	(8.0, 0.0)	(9.0, 0.0)	(10.0, 0.0)	(11.0, 0.0)	(12.0, 0.0)	(13.0, 0.0)	(14.0, 0.0)	(15.0, 0.0)	(16.0, 0.0)	(17.0, 0.0)	(18.0, 0.0)	(19.0, 0.0)	(20.0, 0.0)	(21.0, 0.0)	(22.0, 0.0)	(23.0, 0.0)	(24.0, 0.0)	(25.0, 0.0)	(26.0, 0.0)	(27.0, 0.0)	(28.0, 0.0)	(29.0, 0.0)	(30.0, 0.0)	(31.0, 0.0)	(32.0, 0.0)	(33.0, 0.0)	(34.0, 0.0)	(35.0, 0.001074841192213741)	(36.0, 0.0)	(37.0, 0.0)	(38.0, 0.0)	(39.0, 0.002149682384427482)	(40.0, 0.001074841192213741)	(41.0, 0.001074841192213741)	(42.0, 0.002149682384427482)	(43.0, 0.0)	(44.0, 0.002149682384427482)	(45.0, 0.002149682384427482)	(46.0, 0.005374205961068705)	(47.0, 0.062340789148396976)	(48.0, 0.8716962068853507)	(49.0, 1.9067682749871677)	(50.0, 1.3123810956929594)	(51.0, 1.320979825230669)	(52.0, 7.639971194255141)	(53.0, 37.52055633780786)	(54.0, 31.643324698772428)	(55.0, 7.253028365058019)	(56.0, 2.2173973795369744)	(57.0, 3.6512355299501484)	(58.0, 3.659834259487856)	(59.0, 0.7104700280532888)	(60.0, 0.10748411922137396)	(61.0, 0.04944269484183211)	(62.0, 0.02364650622870229)	(63.0, 0.006449047153282445)	(64.0, 0.005374205961068705)	(65.0, 0.005374205961068705)	(66.0, 0.0032245235766412235)	(67.0, 0.0032245235766412235)	(68.0, 0.001074841192213741)	(69.0, 0.002149682384427482)	(70.0, 0.005374205961068705)	(71.0, 0.0)	(72.0, 0.0)	(73.0, 0.0)	(74.0, 0.0)	(75.0, 0.0)	(76.0, 0.0)	(77.0, 0.0)	(78.0, 0.0)	(79.0, 0.0)	(80.0, 0.0)	(81.0, 0.0)	(82.0, 0.0)	(83.0, 0.0)	(84.0, 0.0)	(85.0, 0.0)	(86.0, 0.0)	(87.0, 0.0)	(88.0, 0.0)	(89.0, 0.0)	(90.0, 0.0)	(91.0, 0.0)	(92.0, 0.0)	(93.0, 0.0)	(94.0, 0.0)	(95.0, 0.0)	(96.0, 0.0)	(97.0, 0.0)	(98.0, 0.0)	(99.0, 0.0)	(100.0, 0.0)
SRR29920130_2	(0.0, 0.0)	(1.0, 0.0)	(2.0, 0.0)	(3.0, 0.0)	(4.0, 0.0)	(5.0, 0.0)	(6.0, 0.0)	(7.0, 0.0)	(8.0, 0.0)	(9.0, 0.0)	(10.0, 0.0)	(11.0, 0.0)	(12.0, 0.0)	(13.0, 0.0)	(14.0, 0.0)	(15.0, 0.0)	(16.0, 0.0)	(17.0, 0.0)	(18.0, 0.0)	(19.0, 0.0)	(20.0, 0.0)	(21.0, 0.0)	(22.0, 0.0)	(23.0, 0.0)	(24.0, 0.0)	(25.0, 0.0)	(26.0, 0.0)	(27.0, 0.0)	(28.0, 0.0)	(29.0, 0.0)	(30.0, 0.0)	(31.0, 0.0)	(32.0, 0.0)	(33.0, 0.0)	(34.0, 0.0)	(35.0, 0.0)	(36.0, 0.0)	(37.0, 0.0)	(38.0, 0.0)	(39.0, 0.0010716046207590601)	(40.0, 0.0021432092415181203)	(41.0, 0.0010716046207590601)	(42.0, 0.0010716046207590601)	(43.0, 0.0)	(44.0, 0.0)	(45.0, 0.0010716046207590601)	(46.0, 0.0010716046207590601)	(47.0, 0.0032148138622771806)	(48.0, 0.005358023103795301)	(49.0, 0.016074069311385903)	(50.0, 0.047150603313398674)	(51.0, 0.10073083435135154)	(52.0, 0.3289826185730303)	(53.0, 1.2473477785635314)	(54.0, 11.311858376734191)	(55.0, 38.454531815951334)	(56.0, 27.259478342861073)	(57.0, 7.044728776869673)	(58.0, 3.298399022696535)	(59.0, 2.0885574058594214)	(60.0, 3.434492809532905)	(61.0, 2.7454510383848)	(62.0, 1.770290833493944)	(63.0, 0.4693628238924677)	(64.0, 0.14788143766475048)	(65.0, 0.07608392807389322)	(66.0, 0.047150603313398674)	(67.0, 0.02036048779442214)	(68.0, 0.017145673932144962)	(69.0, 0.012859255449108722)	(70.0, 0.008572836966072481)	(71.0, 0.0021432092415181203)	(72.0, 0.0042864184830362405)	(73.0, 0.009644441586831542)	(74.0, 0.010716046207590603)	(75.0, 0.0021432092415181203)	(76.0, 0.0010716046207590601)	(77.0, 0.0)	(78.0, 0.0010716046207590601)	(79.0, 0.0010716046207590601)	(80.0, 0.0010716046207590601)	(81.0, 0.0010716046207590601)	(82.0, 0.0)	(83.0, 0.0)	(84.0, 0.0)	(85.0, 0.0010716046207590601)	(86.0, 0.0010716046207590601)	(87.0, 0.0)	(88.0, 0.0)	(89.0, 0.0)	(90.0, 0.0)	(91.0, 0.0)	(92.0, 0.0)	(93.0, 0.0)	(94.0, 0.0)	(95.0, 0.0)	(96.0, 0.0)	(97.0, 0.0)	(98.0, 0.0)	(99.0, 0.0)	(100.0, 0.0)
SRR29920131_1	(0.0, 0.0)	(1.0, 0.0)	(2.0, 0.0)	(3.0, 0.0)	(4.0, 0.0)	(5.0, 0.0)	(6.0, 0.0)	(7.0, 0.0)	(8.0, 0.0)	(9.0, 0.0)	(10.0, 0.0)	(11.0, 0.0)	(12.0, 0.0)	(13.0, 0.0)	(14.0, 0.0)	(15.0, 0.0)	(16.0, 0.0)	(17.0, 0.0)	(18.0, 0.0)	(19.0, 0.0)	(20.0, 0.0)	(21.0, 0.0)	(22.0, 0.0)	(23.0, 0.0)	(24.0, 0.0)	(25.0, 0.0)	(26.0, 0.0)	(27.0, 0.0)	(28.0, 0.0)	(29.0, 0.0)	(30.0, 0.0)	(31.0, 0.001463421772789353)	(32.0, 0.001463421772789353)	(33.0, 0.0)	(34.0, 0.001463421772789353)	(35.0, 0.001463421772789353)	(36.0, 0.0)	(37.0, 0.0)	(38.0, 0.0)	(39.0, 0.0)	(40.0, 0.0)	(41.0, 0.0)	(42.0, 0.0)	(43.0, 0.001463421772789353)	(44.0, 0.0)	(45.0, 0.001463421772789353)	(46.0, 0.007317108863946766)	(47.0, 0.017561061273472237)	(48.0, 0.1404884901877777)	(49.0, 0.4521973277919084)	(50.0, 1.6624471338886873)	(51.0, 4.862950550979141)	(52.0, 12.42298742920956)	(53.0, 36.260664686162045)	(54.0, 25.29524534266059)	(55.0, 5.590271172055283)	(56.0, 4.918560578345123)	(57.0, 4.602461475422695)	(58.0, 2.6824521095228824)	(59.0, 0.5692710696150554)	(60.0, 0.3321967424231832)	(61.0, 0.0951224152313079)	(62.0, 0.032195279001365755)	(63.0, 0.01024395240952547)	(64.0, 0.007317108863946766)	(65.0, 0.005853687091157412)	(66.0, 0.005853687091157412)	(67.0, 0.007317108863946766)	(68.0, 0.001463421772789353)	(69.0, 0.001463421772789353)	(70.0, 0.0)	(71.0, 0.002926843545578706)	(72.0, 0.004390265318368059)	(73.0, 0.0)	(74.0, 0.0)	(75.0, 0.0)	(76.0, 0.0)	(77.0, 0.0)	(78.0, 0.0)	(79.0, 0.0)	(80.0, 0.0)	(81.0, 0.0)	(82.0, 0.0)	(83.0, 0.0)	(84.0, 0.0)	(85.0, 0.0)	(86.0, 0.0)	(87.0, 0.0)	(88.0, 0.0)	(89.0, 0.0)	(90.0, 0.0)	(91.0, 0.0)	(92.0, 0.0)	(93.0, 0.0)	(94.0, 0.0)	(95.0, 0.0)	(96.0, 0.0)	(97.0, 0.0)	(98.0, 0.0)	(99.0, 0.0)	(100.0, 0.0)
SRR29920131_2	(0.0, 0.0)	(1.0, 0.0)	(2.0, 0.0)	(3.0, 0.0)	(4.0, 0.0)	(5.0, 0.0)	(6.0, 0.0)	(7.0, 0.0)	(8.0, 0.0)	(9.0, 0.0)	(10.0, 0.0)	(11.0, 0.0)	(12.0, 0.0)	(13.0, 0.0)	(14.0, 0.0)	(15.0, 0.0)	(16.0, 0.0)	(17.0, 0.0)	(18.0, 0.0)	(19.0, 0.0)	(20.0, 0.0)	(21.0, 0.0)	(22.0, 0.0)	(23.0, 0.0)	(24.0, 0.0)	(25.0, 0.0)	(26.0, 0.0)	(27.0, 0.0)	(28.0, 0.0)	(29.0, 0.0)	(30.0, 0.0)	(31.0, 0.0)	(32.0, 0.0)	(33.0, 0.0)	(34.0, 0.0)	(35.0, 0.0)	(36.0, 0.0)	(37.0, 0.0014584062536461381)	(38.0, 0.0014584062536461381)	(39.0, 0.0)	(40.0, 0.0)	(41.0, 0.0014584062536461381)	(42.0, 0.0014584062536461381)	(43.0, 0.0014584062536461381)	(44.0, 0.0029168125072922763)	(45.0, 0.0029168125072922763)	(46.0, 0.004375218760938415)	(47.0, 0.00729203126823069)	(48.0, 0.013125656282815245)	(49.0, 0.20855209427139804)	(50.0, 1.3183992532961102)	(51.0, 1.890094504725364)	(52.0, 6.15301598413288)	(53.0, 10.658032901645933)	(54.0, 19.68556761171723)	(55.0, 33.49959164624089)	(56.0, 12.899603313501068)	(57.0, 2.7753471006886103)	(58.0, 1.4569478473924857)	(59.0, 0.7846225644616255)	(60.0, 1.2469373468674536)	(61.0, 3.3003733520012797)	(62.0, 3.0801540077006884)	(63.0, 0.6052385952631454)	(64.0, 0.16334150040836742)	(65.0, 0.07729553144324534)	(66.0, 0.042293781355738004)	(67.0, 0.03208493758021502)	(68.0, 0.03208493758021502)	(69.0, 0.010208843775522966)	(70.0, 0.011667250029169105)	(71.0, 0.008750437521876828)	(72.0, 0.0014584062536461381)	(73.0, 0.005833625014584553)	(74.0, 0.005833625014584553)	(75.0, 0.0)	(76.0, 0.0029168125072922763)	(77.0, 0.0029168125072922763)	(78.0, 0.0)	(79.0, 0.0)	(80.0, 0.0)	(81.0, 0.0014584062536461381)	(82.0, 0.0014584062536461381)	(83.0, 0.0)	(84.0, 0.0)	(85.0, 0.0)	(86.0, 0.0)	(87.0, 0.0)	(88.0, 0.0)	(89.0, 0.0)	(90.0, 0.0)	(91.0, 0.0)	(92.0, 0.0)	(93.0, 0.0)	(94.0, 0.0)	(95.0, 0.0)	(96.0, 0.0)	(97.0, 0.0)	(98.0, 0.0)	(99.0, 0.0)	(100.0, 0.0)
SRR29920132_1	(0.0, 0.0)	(1.0, 0.0)	(2.0, 0.0)	(3.0, 0.0)	(4.0, 0.0)	(5.0, 0.0)	(6.0, 0.0)	(7.0, 0.0)	(8.0, 0.0)	(9.0, 0.0)	(10.0, 0.0)	(11.0, 0.0)	(12.0, 0.0)	(13.0, 0.0)	(14.0, 0.0)	(15.0, 0.0)	(16.0, 0.0)	(17.0, 0.0)	(18.0, 0.0)	(19.0, 0.0)	(20.0, 0.0)	(21.0, 0.0)	(22.0, 0.0)	(23.0, 0.0)	(24.0, 0.0)	(25.0, 0.0)	(26.0, 0.0)	(27.0, 0.0)	(28.0, 0.0)	(29.0, 0.0)	(30.0, 0.0)	(31.0, 0.0)	(32.0, 0.0)	(33.0, 0.0)	(34.0, 0.0)	(35.0, 0.0)	(36.0, 0.0)	(37.0, 0.0024783761679347993)	(38.0, 0.0024783761679347993)	(39.0, 0.0024783761679347993)	(40.0, 0.0024783761679347993)	(41.0, 0.0024783761679347993)	(42.0, 0.0012391880839673997)	(43.0, 0.0)	(44.0, 0.0012391880839673997)	(45.0, 0.004956752335869599)	(46.0, 0.0024783761679347993)	(47.0, 0.013631068923641399)	(48.0, 0.11524449180896801)	(49.0, 0.8178641354184908)	(50.0, 4.834072715556765)	(51.0, 7.906019975711449)	(52.0, 14.679422042680338)	(53.0, 37.7159285236339)	(54.0, 24.150536568435307)	(55.0, 3.143820169025391)	(56.0, 1.400282534883147)	(57.0, 2.672928697117725)	(58.0, 1.8166497310961698)	(59.0, 0.46097796723587015)	(60.0, 0.13754987732038132)	(61.0, 0.045849959106793806)	(62.0, 0.013631068923641399)	(63.0, 0.02106619742744579)	(64.0, 0.011152692755706597)	(65.0, 0.006195940419836999)	(66.0, 0.004956752335869599)	(67.0, 0.0)	(68.0, 0.0)	(69.0, 0.0024783761679347993)	(70.0, 0.0012391880839673997)	(71.0, 0.0024783761679347993)	(72.0, 0.0012391880839673997)	(73.0, 0.0)	(74.0, 0.0012391880839673997)	(75.0, 0.0012391880839673997)	(76.0, 0.0)	(77.0, 0.0)	(78.0, 0.0)	(79.0, 0.0)	(80.0, 0.0)	(81.0, 0.0)	(82.0, 0.0)	(83.0, 0.0)	(84.0, 0.0)	(85.0, 0.0)	(86.0, 0.0)	(87.0, 0.0)	(88.0, 0.0)	(89.0, 0.0)	(90.0, 0.0)	(91.0, 0.0)	(92.0, 0.0)	(93.0, 0.0)	(94.0, 0.0)	(95.0, 0.0)	(96.0, 0.0)	(97.0, 0.0)	(98.0, 0.0)	(99.0, 0.0)	(100.0, 0.0)
SRR29920132_2	(0.0, 0.0)	(1.0, 0.0)	(2.0, 0.0)	(3.0, 0.0)	(4.0, 0.0)	(5.0, 0.0)	(6.0, 0.0)	(7.0, 0.0)	(8.0, 0.0)	(9.0, 0.0)	(10.0, 0.0)	(11.0, 0.0)	(12.0, 0.0)	(13.0, 0.0)	(14.0, 0.0)	(15.0, 0.0)	(16.0, 0.0)	(17.0, 0.0)	(18.0, 0.0)	(19.0, 0.0)	(20.0, 0.0)	(21.0, 0.0)	(22.0, 0.0)	(23.0, 0.0)	(24.0, 0.0)	(25.0, 0.0)	(26.0, 0.0)	(27.0, 0.0)	(28.0, 0.0)	(29.0, 0.0)	(30.0, 0.0)	(31.0, 0.0)	(32.0, 0.0)	(33.0, 0.0)	(34.0, 0.0)	(35.0, 0.0)	(36.0, 0.0)	(37.0, 0.0)	(38.0, 0.0012342479110353743)	(39.0, 0.0024684958220707485)	(40.0, 0.0)	(41.0, 0.0)	(42.0, 0.0012342479110353743)	(43.0, 0.0024684958220707485)	(44.0, 0.0012342479110353743)	(45.0, 0.0)	(46.0, 0.0012342479110353743)	(47.0, 0.0074054874662122456)	(48.0, 0.009873983288282994)	(49.0, 0.08392885795040542)	(50.0, 0.3023907382036664)	(51.0, 0.6492144012046092)	(52.0, 2.8325989558262474)	(53.0, 7.991755223953543)	(54.0, 23.398871897403897)	(55.0, 39.52061811135836)	(56.0, 14.514755433778465)	(57.0, 2.0278693178310916)	(58.0, 1.0651559472235321)	(59.0, 1.3120055294305928)	(60.0, 1.093543649177344)	(61.0, 2.1549968526677494)	(62.0, 2.266079164660946)	(63.0, 0.48012243739275806)	(64.0, 0.11601930363732502)	(65.0, 0.06418089137383949)	(66.0, 0.03579318942002585)	(67.0, 0.024684958220707477)	(68.0, 0.009873983288282994)	(69.0, 0.0074054874662122456)	(70.0, 0.0037027437331061228)	(71.0, 0.004936991644141497)	(72.0, 0.004936991644141497)	(73.0, 0.0012342479110353743)	(74.0, 0.0024684958220707485)	(75.0, 0.0024684958220707485)	(76.0, 0.0)	(77.0, 0.0)	(78.0, 0.0)	(79.0, 0.0012342479110353743)	(80.0, 0.0)	(81.0, 0.0)	(82.0, 0.0)	(83.0, 0.0)	(84.0, 0.0)	(85.0, 0.0)	(86.0, 0.0)	(87.0, 0.0)	(88.0, 0.0)	(89.0, 0.0)	(90.0, 0.0)	(91.0, 0.0)	(92.0, 0.0)	(93.0, 0.0)	(94.0, 0.0)	(95.0, 0.0)	(96.0, 0.0)	(97.0, 0.0)	(98.0, 0.0)	(99.0, 0.0)	(100.0, 0.0)
SRR29920133_1	(0.0, 0.0)	(1.0, 0.0)	(2.0, 0.0)	(3.0, 0.0)	(4.0, 0.0)	(5.0, 0.0)	(6.0, 0.0)	(7.0, 0.0)	(8.0, 0.0)	(9.0, 0.0)	(10.0, 0.0)	(11.0, 0.0)	(12.0, 0.0)	(13.0, 0.0)	(14.0, 0.0)	(15.0, 0.0)	(16.0, 0.0)	(17.0, 0.0)	(18.0, 0.0)	(19.0, 0.0)	(20.0, 0.0)	(21.0, 0.0)	(22.0, 0.0)	(23.0, 0.0)	(24.0, 0.0)	(25.0, 0.0)	(26.0, 0.0)	(27.0, 0.0)	(28.0, 0.0)	(29.0, 0.0)	(30.0, 0.0)	(31.0, 0.0)	(32.0, 0.0)	(33.0, 0.0)	(34.0, 0.0)	(35.0, 0.0)	(36.0, 0.0)	(37.0, 0.0011932177503071377)	(38.0, 0.0011932177503071377)	(39.0, 0.0035796532509214133)	(40.0, 0.0)	(41.0, 0.0)	(42.0, 0.0023864355006142754)	(43.0, 0.0035796532509214133)	(44.0, 0.0)	(45.0, 0.0023864355006142754)	(46.0, 0.0023864355006142754)	(47.0, 0.038182968009828414)	(48.0, 0.09187776677364952)	(49.0, 0.16108439629146373)	(50.0, 0.45222952736640265)	(51.0, 1.3340174448433666)	(52.0, 8.26661257412761)	(53.0, 41.833021108030024)	(54.0, 34.43865070936324)	(55.0, 7.28459436562442)	(56.0, 2.129893684298233)	(57.0, 1.9151144892429237)	(58.0, 1.5559559464004815)	(59.0, 0.3126230505804695)	(60.0, 0.08949133127303525)	(61.0, 0.035796532509214135)	(62.0, 0.02267113725583561)	(63.0, 0.01073895975276424)	(64.0, 0.0011932177503071377)	(65.0, 0.0023864355006142754)	(66.0, 0.0011932177503071377)	(67.0, 0.0011932177503071377)	(68.0, 0.0)	(69.0, 0.0)	(70.0, 0.0023864355006142754)	(71.0, 0.0011932177503071377)	(72.0, 0.0011932177503071377)	(73.0, 0.0)	(74.0, 0.0)	(75.0, 0.0)	(76.0, 0.0)	(77.0, 0.0)	(78.0, 0.0)	(79.0, 0.0)	(80.0, 0.0)	(81.0, 0.0)	(82.0, 0.0)	(83.0, 0.0)	(84.0, 0.0)	(85.0, 0.0)	(86.0, 0.0)	(87.0, 0.0)	(88.0, 0.0)	(89.0, 0.0)	(90.0, 0.0)	(91.0, 0.0)	(92.0, 0.0)	(93.0, 0.0)	(94.0, 0.0)	(95.0, 0.0)	(96.0, 0.0)	(97.0, 0.0)	(98.0, 0.0)	(99.0, 0.0)	(100.0, 0.0)
SRR29920133_2	(0.0, 0.0)	(1.0, 0.0)	(2.0, 0.0)	(3.0, 0.0)	(4.0, 0.0)	(5.0, 0.0)	(6.0, 0.0)	(7.0, 0.0)	(8.0, 0.0)	(9.0, 0.0)	(10.0, 0.0)	(11.0, 0.0)	(12.0, 0.0)	(13.0, 0.0)	(14.0, 0.0)	(15.0, 0.0)	(16.0, 0.0)	(17.0, 0.0)	(18.0, 0.0)	(19.0, 0.0)	(20.0, 0.0)	(21.0, 0.0)	(22.0, 0.0)	(23.0, 0.0)	(24.0, 0.0)	(25.0, 0.0)	(26.0, 0.0)	(27.0, 0.0)	(28.0, 0.0)	(29.0, 0.0)	(30.0, 0.0)	(31.0, 0.0)	(32.0, 0.0)	(33.0, 0.0)	(34.0, 0.0)	(35.0, 0.0)	(36.0, 0.0)	(37.0, 0.0)	(38.0, 0.0)	(39.0, 0.0)	(40.0, 0.0)	(41.0, 0.0023901716143218273)	(42.0, 0.0011950858071609137)	(43.0, 0.0011950858071609137)	(44.0, 0.0011950858071609137)	(45.0, 0.0011950858071609137)	(46.0, 0.0011950858071609137)	(47.0, 0.0059754290358045685)	(48.0, 0.008365600650126395)	(49.0, 0.011950858071609139)	(50.0, 0.041828003250632)	(51.0, 0.12548400975189586)	(52.0, 0.7086858836464263)	(53.0, 1.9085520340359459)	(54.0, 10.255031311248457)	(55.0, 40.09393374445032)	(56.0, 32.122711410672515)	(57.0, 6.1869592236716455)	(58.0, 2.7642334719632573)	(59.0, 1.2393039820258598)	(60.0, 1.3133993020698322)	(61.0, 1.4520292557004904)	(62.0, 1.166403747789048)	(63.0, 0.2939911085615845)	(64.0, 0.10277737941583848)	(65.0, 0.05975429035804571)	(66.0, 0.03943783163631016)	(67.0, 0.031072230986183752)	(68.0, 0.017926287107413705)	(69.0, 0.014341029685930966)	(70.0, 0.013145943878770053)	(71.0, 0.0071705148429654815)	(72.0, 0.0023901716143218273)	(73.0, 0.0)	(74.0, 0.0011950858071609137)	(75.0, 0.0011950858071609137)	(76.0, 0.0011950858071609137)	(77.0, 0.0)	(78.0, 0.0)	(79.0, 0.0)	(80.0, 0.0)	(81.0, 0.0011950858071609137)	(82.0, 0.0)	(83.0, 0.0)	(84.0, 0.0)	(85.0, 0.0)	(86.0, 0.0)	(87.0, 0.0)	(88.0, 0.0)	(89.0, 0.0)	(90.0, 0.0)	(91.0, 0.0)	(92.0, 0.0)	(93.0, 0.0)	(94.0, 0.0)	(95.0, 0.0)	(96.0, 0.0)	(97.0, 0.0)	(98.0, 0.0)	(99.0, 0.0)	(100.0, 0.0)
SRR29920134_1	(0.0, 0.0)	(1.0, 0.0)	(2.0, 0.0)	(3.0, 0.0)	(4.0, 0.0)	(5.0, 0.0)	(6.0, 0.0)	(7.0, 0.0)	(8.0, 0.0)	(9.0, 0.0)	(10.0, 0.0)	(11.0, 0.0)	(12.0, 0.0)	(13.0, 0.0)	(14.0, 0.0)	(15.0, 0.0)	(16.0, 0.0)	(17.0, 0.0)	(18.0, 0.0)	(19.0, 0.0)	(20.0, 0.0)	(21.0, 0.0)	(22.0, 0.0)	(23.0, 0.0)	(24.0, 0.0)	(25.0, 0.0)	(26.0, 0.0)	(27.0, 0.0)	(28.0, 0.0)	(29.0, 0.0)	(30.0, 0.0)	(31.0, 0.0)	(32.0, 0.0)	(33.0, 0.0)	(34.0, 0.0)	(35.0, 0.0)	(36.0, 0.0012601600403251197)	(37.0, 0.0012601600403251197)	(38.0, 0.0)	(39.0, 0.0)	(40.0, 0.0012601600403251197)	(41.0, 0.0)	(42.0, 0.0)	(43.0, 0.0)	(44.0, 0.0)	(45.0, 0.0012601600403251197)	(46.0, 0.003780480120975359)	(47.0, 0.0012601600403251197)	(48.0, 0.07308928233885693)	(49.0, 0.5645516980656531)	(50.0, 2.4900762396824554)	(51.0, 4.956209438598624)	(52.0, 13.65257387688433)	(53.0, 39.54886270556789)	(54.0, 25.645516980650086)	(55.0, 3.4780417112974615)	(56.0, 1.7730451767374085)	(57.0, 4.053934849726044)	(58.0, 2.8088967298847467)	(59.0, 0.6187385797996348)	(60.0, 0.17264192552454158)	(61.0, 0.05670720181463042)	(62.0, 0.03906496125007872)	(63.0, 0.030243840967802856)	(64.0, 0.006300800201625598)	(65.0, 0.0012601600403251197)	(66.0, 0.0)	(67.0, 0.0)	(68.0, 0.0012601600403251197)	(69.0, 0.007560960241950717)	(70.0, 0.008821120282275836)	(71.0, 0.0025203200806502395)	(72.0, 0.0)	(73.0, 0.0)	(74.0, 0.0)	(75.0, 0.0)	(76.0, 0.0)	(77.0, 0.0)	(78.0, 0.0)	(79.0, 0.0)	(80.0, 0.0)	(81.0, 0.0)	(82.0, 0.0)	(83.0, 0.0)	(84.0, 0.0)	(85.0, 0.0)	(86.0, 0.0)	(87.0, 0.0)	(88.0, 0.0)	(89.0, 0.0)	(90.0, 0.0)	(91.0, 0.0)	(92.0, 0.0)	(93.0, 0.0)	(94.0, 0.0)	(95.0, 0.0)	(96.0, 0.0)	(97.0, 0.0)	(98.0, 0.0)	(99.0, 0.0)	(100.0, 0.0)
SRR29920134_2	(0.0, 0.0)	(1.0, 0.0)	(2.0, 0.0)	(3.0, 0.0)	(4.0, 0.0)	(5.0, 0.0)	(6.0, 0.0)	(7.0, 0.0)	(8.0, 0.0)	(9.0, 0.0)	(10.0, 0.0)	(11.0, 0.0)	(12.0, 0.0)	(13.0, 0.0)	(14.0, 0.0)	(15.0, 0.0)	(16.0, 0.0)	(17.0, 0.0)	(18.0, 0.0)	(19.0, 0.0)	(20.0, 0.0)	(21.0, 0.0)	(22.0, 0.0)	(23.0, 0.0)	(24.0, 0.0)	(25.0, 0.0)	(26.0, 0.0)	(27.0, 0.0)	(28.0, 0.0)	(29.0, 0.0)	(30.0, 0.0)	(31.0, 0.0)	(32.0, 0.0)	(33.0, 0.0)	(34.0, 0.0)	(35.0, 0.0)	(36.0, 0.0)	(37.0, 0.0)	(38.0, 0.0)	(39.0, 0.0)	(40.0, 0.0)	(41.0, 0.0)	(42.0, 0.0)	(43.0, 0.0012563445399266337)	(44.0, 0.0)	(45.0, 0.003769033619779901)	(46.0, 0.003769033619779901)	(47.0, 0.006281722699633169)	(48.0, 0.015076134479119605)	(49.0, 0.07161163877581812)	(50.0, 0.28393386602341925)	(51.0, 1.0678928589376437)	(52.0, 5.096989798482246)	(53.0, 8.631086989295685)	(54.0, 19.659279360770935)	(55.0, 36.19654253982469)	(56.0, 14.42786069651981)	(57.0, 2.4172068948188548)	(58.0, 1.291522187044572)	(59.0, 1.2739333634856)	(60.0, 1.3932860947786234)	(61.0, 3.390873913262107)	(62.0, 3.42479521584013)	(63.0, 0.8241620181918787)	(64.0, 0.2361927735062078)	(65.0, 0.12689079853258986)	(66.0, 0.05779184883662519)	(67.0, 0.0263832353384593)	(68.0, 0.01758882355897287)	(69.0, 0.013819789939192972)	(70.0, 0.01005075631941307)	(71.0, 0.003769033619779901)	(72.0, 0.003769033619779901)	(73.0, 0.005025378159706535)	(74.0, 0.0025126890798532675)	(75.0, 0.0025126890798532675)	(76.0, 0.0)	(77.0, 0.0)	(78.0, 0.0025126890798532675)	(79.0, 0.0025126890798532675)	(80.0, 0.0025126890798532675)	(81.0, 0.0)	(82.0, 0.0)	(83.0, 0.0012563445399266337)	(84.0, 0.0)	(85.0, 0.0)	(86.0, 0.0)	(87.0, 0.0)	(88.0, 0.0)	(89.0, 0.0)	(90.0, 0.0)	(91.0, 0.0)	(92.0, 0.0)	(93.0, 0.0025126890798532675)	(94.0, 0.0012563445399266337)	(95.0, 0.0)	(96.0, 0.0)	(97.0, 0.0)	(98.0, 0.0)	(99.0, 0.0)	(100.0, 0.0)
SRR29920135_1	(0.0, 0.0)	(1.0, 0.0)	(2.0, 0.0)	(3.0, 0.0)	(4.0, 0.0)	(5.0, 0.0)	(6.0, 0.0)	(7.0, 0.0)	(8.0, 0.0)	(9.0, 0.0)	(10.0, 0.0)	(11.0, 0.0)	(12.0, 0.0)	(13.0, 0.0)	(14.0, 0.0)	(15.0, 0.0)	(16.0, 0.0)	(17.0, 0.0)	(18.0, 0.0)	(19.0, 0.0)	(20.0, 0.0)	(21.0, 0.0)	(22.0, 0.0)	(23.0, 0.0)	(24.0, 0.0)	(25.0, 0.0)	(26.0, 0.0)	(27.0, 0.0)	(28.0, 0.0)	(29.0, 0.0009554200982171823)	(30.0, 0.0)	(31.0, 0.0)	(32.0, 0.0)	(33.0, 0.0009554200982171823)	(34.0, 0.0009554200982171823)	(35.0, 0.0)	(36.0, 0.0)	(37.0, 0.0009554200982171823)	(38.0, 0.002866260294651547)	(39.0, 0.002866260294651547)	(40.0, 0.0)	(41.0, 0.0009554200982171823)	(42.0, 0.0009554200982171823)	(43.0, 0.0019108401964343647)	(44.0, 0.0019108401964343647)	(45.0, 0.0009554200982171823)	(46.0, 0.02388550245542955)	(47.0, 0.09936369021458688)	(48.0, 0.4710221084210718)	(49.0, 2.315938318078513)	(50.0, 10.294651558291617)	(51.0, 11.96377046987749)	(52.0, 16.135134618689914)	(53.0, 29.169931018670596)	(54.0, 17.385779527255067)	(55.0, 4.161809947833901)	(56.0, 1.6089274453977176)	(57.0, 2.4946018764451465)	(58.0, 2.8538398333748476)	(59.0, 0.69076873101103)	(60.0, 0.1968165402327399)	(61.0, 0.0592360460894653)	(62.0, 0.0162421416696921)	(63.0, 0.007643360785737459)	(64.0, 0.007643360785737459)	(65.0, 0.006687940687520276)	(66.0, 0.004777100491085912)	(67.0, 0.0019108401964343647)	(68.0, 0.004777100491085912)	(69.0, 0.004777100491085912)	(70.0, 0.0)	(71.0, 0.0019108401964343647)	(72.0, 0.0019108401964343647)	(73.0, 0.0)	(74.0, 0.0)	(75.0, 0.0)	(76.0, 0.0)	(77.0, 0.0)	(78.0, 0.0)	(79.0, 0.0)	(80.0, 0.0)	(81.0, 0.0)	(82.0, 0.0)	(83.0, 0.0)	(84.0, 0.0)	(85.0, 0.0)	(86.0, 0.0)	(87.0, 0.0)	(88.0, 0.0)	(89.0, 0.0)	(90.0, 0.0)	(91.0, 0.0)	(92.0, 0.0)	(93.0, 0.0)	(94.0, 0.0)	(95.0, 0.0)	(96.0, 0.0)	(97.0, 0.0)	(98.0, 0.0)	(99.0, 0.0)	(100.0, 0.0)
SRR29920135_2	(0.0, 0.0)	(1.0, 0.0)	(2.0, 0.0)	(3.0, 0.0)	(4.0, 0.0)	(5.0, 0.0)	(6.0, 0.0)	(7.0, 0.0)	(8.0, 0.0)	(9.0, 0.0)	(10.0, 0.0)	(11.0, 0.0)	(12.0, 0.0)	(13.0, 0.0)	(14.0, 0.0)	(15.0, 0.0)	(16.0, 0.0)	(17.0, 0.0)	(18.0, 0.0)	(19.0, 0.0)	(20.0, 0.0)	(21.0, 0.0)	(22.0, 0.0)	(23.0, 0.0)	(24.0, 0.0)	(25.0, 0.0)	(26.0, 0.0)	(27.0, 0.0)	(28.0, 0.0)	(29.0, 0.0)	(30.0, 0.0)	(31.0, 0.0)	(32.0, 0.0)	(33.0, 0.0)	(34.0, 0.0)	(35.0, 0.0)	(36.0, 0.0009551828219921687)	(37.0, 0.0)	(38.0, 0.0)	(39.0, 0.0)	(40.0, 0.0)	(41.0, 0.0)	(42.0, 0.0019103656439843375)	(43.0, 0.0009551828219921687)	(44.0, 0.0019103656439843375)	(45.0, 0.002865548465976506)	(46.0, 0.002865548465976506)	(47.0, 0.002865548465976506)	(48.0, 0.01623810797386686)	(49.0, 0.156649982806716)	(50.0, 0.7574599778397967)	(51.0, 1.4165361250143556)	(52.0, 2.365032667252678)	(53.0, 7.313834867994158)	(54.0, 25.078324991398766)	(55.0, 28.715661177551553)	(56.0, 12.772704695680472)	(57.0, 5.123600657165628)	(58.0, 1.9437970427540838)	(59.0, 2.44144729301206)	(60.0, 5.4607801933287865)	(61.0, 4.107286134566192)	(62.0, 1.4958162992397057)	(63.0, 0.3954456883047565)	(64.0, 0.17002254231460642)	(65.0, 0.102204561953162)	(66.0, 0.0630420662514831)	(67.0, 0.033431398769725916)	(68.0, 0.015282925151874696)	(69.0, 0.009551828219921687)	(70.0, 0.0047759141099608425)	(71.0, 0.003820731287968675)	(72.0, 0.00764146257593735)	(73.0, 0.003820731287968675)	(74.0, 0.002865548465976506)	(75.0, 0.003820731287968675)	(76.0, 0.0019103656439843375)	(77.0, 0.0009551828219921687)	(78.0, 0.0009551828219921687)	(79.0, 0.0009551828219921687)	(80.0, 0.0)	(81.0, 0.0)	(82.0, 0.0)	(83.0, 0.0)	(84.0, 0.0)	(85.0, 0.0)	(86.0, 0.0)	(87.0, 0.0)	(88.0, 0.0)	(89.0, 0.0)	(90.0, 0.0)	(91.0, 0.0)	(92.0, 0.0)	(93.0, 0.0)	(94.0, 0.0)	(95.0, 0.0)	(96.0, 0.0)	(97.0, 0.0)	(98.0, 0.0)	(99.0, 0.0)	(100.0, 0.0)
SRR29920136_1	(0.0, 0.0)	(1.0, 0.0)	(2.0, 0.0)	(3.0, 0.0)	(4.0, 0.0)	(5.0, 0.0)	(6.0, 0.0)	(7.0, 0.0)	(8.0, 0.0)	(9.0, 0.0)	(10.0, 0.0)	(11.0, 0.0)	(12.0, 0.0)	(13.0, 0.0)	(14.0, 0.0)	(15.0, 0.0)	(16.0, 0.0)	(17.0, 0.0)	(18.0, 0.0)	(19.0, 0.0)	(20.0, 0.0)	(21.0, 0.0)	(22.0, 0.0)	(23.0, 0.0)	(24.0, 0.0)	(25.0, 0.0)	(26.0, 0.0)	(27.0, 0.0)	(28.0, 0.0)	(29.0, 0.0)	(30.0, 0.0)	(31.0, 0.0)	(32.0, 0.0011182055038075637)	(33.0, 0.0)	(34.0, 0.0)	(35.0, 0.0)	(36.0, 0.0)	(37.0, 0.0011182055038075637)	(38.0, 0.0)	(39.0, 0.0011182055038075637)	(40.0, 0.0022364110076151275)	(41.0, 0.0022364110076151275)	(42.0, 0.0022364110076151275)	(43.0, 0.0011182055038075637)	(44.0, 0.0011182055038075637)	(45.0, 0.0022364110076151275)	(46.0, 0.017891288060921016)	(47.0, 0.04584642565611013)	(48.0, 0.5244383812857476)	(49.0, 1.5643694998267514)	(50.0, 6.467700634022415)	(51.0, 13.898176206826566)	(52.0, 11.303939437992051)	(53.0, 23.039506200445086)	(54.0, 19.113486676580298)	(55.0, 5.839269140882706)	(56.0, 2.6803385926268004)	(57.0, 6.718178666875252)	(58.0, 7.152042402352681)	(59.0, 1.3172460834852937)	(60.0, 0.18114929161682566)	(61.0, 0.060383097205608444)	(62.0, 0.025718726587573952)	(63.0, 0.011182055038075638)	(64.0, 0.007827438526652944)	(65.0, 0.004472822015230255)	(66.0, 0.004472822015230255)	(67.0, 0.0)	(68.0, 0.0011182055038075637)	(69.0, 0.005591027519037818)	(70.0, 0.0011182055038075637)	(71.0, 0.0)	(72.0, 0.0)	(73.0, 0.0)	(74.0, 0.0)	(75.0, 0.0)	(76.0, 0.0)	(77.0, 0.0)	(78.0, 0.0)	(79.0, 0.0)	(80.0, 0.0)	(81.0, 0.0)	(82.0, 0.0)	(83.0, 0.0)	(84.0, 0.0)	(85.0, 0.0)	(86.0, 0.0)	(87.0, 0.0)	(88.0, 0.0)	(89.0, 0.0)	(90.0, 0.0)	(91.0, 0.0)	(92.0, 0.0)	(93.0, 0.0)	(94.0, 0.0)	(95.0, 0.0)	(96.0, 0.0)	(97.0, 0.0)	(98.0, 0.0)	(99.0, 0.0)	(100.0, 0.0)
SRR29920136_2	(0.0, 0.0)	(1.0, 0.0)	(2.0, 0.0)	(3.0, 0.0)	(4.0, 0.0)	(5.0, 0.0)	(6.0, 0.0)	(7.0, 0.0)	(8.0, 0.0)	(9.0, 0.0)	(10.0, 0.0)	(11.0, 0.0)	(12.0, 0.0)	(13.0, 0.0)	(14.0, 0.0)	(15.0, 0.0)	(16.0, 0.0)	(17.0, 0.0)	(18.0, 0.0)	(19.0, 0.0)	(20.0, 0.0)	(21.0, 0.0)	(22.0, 0.0)	(23.0, 0.0)	(24.0, 0.0)	(25.0, 0.0)	(26.0, 0.0)	(27.0, 0.0)	(28.0, 0.0)	(29.0, 0.0)	(30.0, 0.0)	(31.0, 0.0)	(32.0, 0.0)	(33.0, 0.0)	(34.0, 0.0)	(35.0, 0.0)	(36.0, 0.0)	(37.0, 0.0)	(38.0, 0.0)	(39.0, 0.0)	(40.0, 0.0)	(41.0, 0.0)	(42.0, 0.0)	(43.0, 0.001118962497972001)	(44.0, 0.002237924995944002)	(45.0, 0.003356887493916003)	(46.0, 0.001118962497972001)	(47.0, 0.004475849991888004)	(48.0, 0.026855099951328013)	(49.0, 0.3714955493267027)	(50.0, 1.153650335409126)	(51.0, 1.3517066975501588)	(52.0, 1.4848632348088193)	(53.0, 5.086803515780497)	(54.0, 15.169774585007625)	(55.0, 26.947973838650196)	(56.0, 17.867593167615667)	(57.0, 6.82455227513062)	(58.0, 3.923082517889881)	(59.0, 3.3971701438431463)	(60.0, 5.839865276915482)	(61.0, 5.234506565512768)	(62.0, 3.6399850059030294)	(63.0, 0.9410474607944579)	(64.0, 0.34799733686929096)	(65.0, 0.1790339996755205)	(66.0, 0.08056529985398402)	(67.0, 0.039163687429020044)	(68.0, 0.025736137453356008)	(69.0, 0.01454651247363601)	(70.0, 0.004475849991888004)	(71.0, 0.007832737485804006)	(72.0, 0.005594812489860005)	(73.0, 0.003356887493916003)	(74.0, 0.0)	(75.0, 0.001118962497972001)	(76.0, 0.005594812489860005)	(77.0, 0.006713774987832005)	(78.0, 0.0)	(79.0, 0.001118962497972001)	(80.0, 0.0)	(81.0, 0.0)	(82.0, 0.0)	(83.0, 0.0)	(84.0, 0.0)	(85.0, 0.0)	(86.0, 0.0)	(87.0, 0.0)	(88.0, 0.0)	(89.0, 0.0)	(90.0, 0.0)	(91.0, 0.0)	(92.0, 0.0)	(93.0, 0.0)	(94.0, 0.0)	(95.0, 0.001118962497972001)	(96.0, 0.001118962497972001)	(97.0, 0.0)	(98.0, 0.0)	(99.0, 0.0)	(100.0, 0.0016784437469580015)
SRR29920137_1	(0.0, 0.0)	(1.0, 0.0)	(2.0, 0.0)	(3.0, 0.0)	(4.0, 0.0)	(5.0, 0.0)	(6.0, 0.0)	(7.0, 0.0)	(8.0, 0.0)	(9.0, 0.0)	(10.0, 0.0)	(11.0, 0.0)	(12.0, 0.0)	(13.0, 0.0)	(14.0, 0.0)	(15.0, 0.0)	(16.0, 0.0)	(17.0, 0.0)	(18.0, 0.0)	(19.0, 0.0)	(20.0, 0.0)	(21.0, 0.0)	(22.0, 0.0)	(23.0, 0.0)	(24.0, 0.0)	(25.0, 0.0)	(26.0, 0.0)	(27.0, 0.0)	(28.0, 0.0)	(29.0, 0.0)	(30.0, 0.0010599845242260481)	(31.0, 0.0021199690484520963)	(32.0, 0.0)	(33.0, 0.0)	(34.0, 0.0)	(35.0, 0.0021199690484520963)	(36.0, 0.0042399380969041925)	(37.0, 0.0010599845242260481)	(38.0, 0.0010599845242260481)	(39.0, 0.0010599845242260481)	(40.0, 0.0010599845242260481)	(41.0, 0.0010599845242260481)	(42.0, 0.0)	(43.0, 0.0)	(44.0, 0.0010599845242260481)	(45.0, 0.0021199690484520963)	(46.0, 0.018019736911842818)	(47.0, 0.06359907145356289)	(48.0, 0.37205456800334114)	(49.0, 1.3959996184056818)	(50.0, 8.603894383143192)	(51.0, 17.061510901941173)	(52.0, 12.066863823791268)	(53.0, 23.006964098319667)	(54.0, 19.281118495668498)	(55.0, 6.023892051176151)	(56.0, 2.4740038795436554)	(57.0, 3.927242662257504)	(58.0, 4.458294908894633)	(59.0, 0.9826056539575464)	(60.0, 0.1346180345767082)	(61.0, 0.050879257162850355)	(62.0, 0.02119969048452096)	(63.0, 0.008479876193808385)	(64.0, 0.006359907145356288)	(65.0, 0.0042399380969041925)	(66.0, 0.006359907145356288)	(67.0, 0.0010599845242260481)	(68.0, 0.0010599845242260481)	(69.0, 0.005299922621130241)	(70.0, 0.003179953572678145)	(71.0, 0.0)	(72.0, 0.0021199690484520963)	(73.0, 0.0)	(74.0, 0.0010599845242260481)	(75.0, 0.0)	(76.0, 0.0)	(77.0, 0.0)	(78.0, 0.0)	(79.0, 0.0)	(80.0, 0.0)	(81.0, 0.0)	(82.0, 0.0)	(83.0, 0.0)	(84.0, 0.0)	(85.0, 0.0)	(86.0, 0.0)	(87.0, 0.0)	(88.0, 0.0)	(89.0, 0.0)	(90.0, 0.0)	(91.0, 0.0)	(92.0, 0.0)	(93.0, 0.0)	(94.0, 0.0)	(95.0, 0.0)	(96.0, 0.0)	(97.0, 0.0)	(98.0, 0.0)	(99.0, 0.0)	(100.0, 0.0)
SRR29920137_2	(0.0, 0.0)	(1.0, 0.0)	(2.0, 0.0)	(3.0, 0.0)	(4.0, 0.0)	(5.0, 0.0)	(6.0, 0.0)	(7.0, 0.0)	(8.0, 0.0)	(9.0, 0.0)	(10.0, 0.0)	(11.0, 0.0)	(12.0, 0.0)	(13.0, 0.0)	(14.0, 0.0)	(15.0, 0.0)	(16.0, 0.0)	(17.0, 0.0)	(18.0, 0.0)	(19.0, 0.0)	(20.0, 0.0)	(21.0, 0.0)	(22.0, 0.0)	(23.0, 0.0)	(24.0, 0.0)	(25.0, 0.0)	(26.0, 0.0)	(27.0, 0.0)	(28.0, 0.0)	(29.0, 0.0)	(30.0, 0.0)	(31.0, 0.0)	(32.0, 0.0)	(33.0, 0.0)	(34.0, 0.0)	(35.0, 0.0)	(36.0, 0.0010557878288780505)	(37.0, 0.0)	(38.0, 0.0)	(39.0, 0.0)	(40.0, 0.0)	(41.0, 0.0)	(42.0, 0.002111575657756101)	(43.0, 0.002111575657756101)	(44.0, 0.0010557878288780505)	(45.0, 0.002111575657756101)	(46.0, 0.0063347269732683025)	(47.0, 0.013725241775414655)	(48.0, 0.03906414966848788)	(49.0, 0.7770598420542534)	(50.0, 2.0883483255208)	(51.0, 1.5456733814774333)	(52.0, 1.874023396258531)	(53.0, 7.186747751172618)	(54.0, 17.74673761560917)	(55.0, 26.500274504830635)	(56.0, 18.084589720849838)	(57.0, 6.367456395962959)	(58.0, 3.3320663879392547)	(59.0, 3.3489589932012995)	(60.0, 4.888297647705147)	(61.0, 3.3151737826772094)	(62.0, 1.8434055492210646)	(63.0, 0.561679124963125)	(64.0, 0.22171544406439087)	(65.0, 0.1087461463744391)	(66.0, 0.058068330588292784)	(67.0, 0.025338907893073203)	(68.0, 0.020059968748682953)	(69.0, 0.014781029604292706)	(70.0, 0.0031673634866341517)	(71.0, 0.002111575657756101)	(72.0, 0.004223151315512202)	(73.0, 0.0031673634866341517)	(74.0, 0.002111575657756101)	(75.0, 0.0010557878288780505)	(76.0, 0.0010557878288780505)	(77.0, 0.0)	(78.0, 0.0010557878288780505)	(79.0, 0.0010557878288780505)	(80.0, 0.002111575657756101)	(81.0, 0.0)	(82.0, 0.0010557878288780505)	(83.0, 0.0)	(84.0, 0.0010557878288780505)	(85.0, 0.0)	(86.0, 0.0)	(87.0, 0.0)	(88.0, 0.0)	(89.0, 0.0)	(90.0, 0.0)	(91.0, 0.0)	(92.0, 0.0)	(93.0, 0.0)	(94.0, 0.0)	(95.0, 0.0)	(96.0, 0.0)	(97.0, 0.0)	(98.0, 0.0)	(99.0, 0.0)	(100.0, 0.0)
SRR29920138_1	(0.0, 0.0)	(1.0, 0.0)	(2.0, 0.0)	(3.0, 0.0)	(4.0, 0.0)	(5.0, 0.0)	(6.0, 0.0)	(7.0, 0.0)	(8.0, 0.0)	(9.0, 0.0)	(10.0, 0.0)	(11.0, 0.0)	(12.0, 0.0)	(13.0, 0.0)	(14.0, 0.0)	(15.0, 0.0)	(16.0, 0.0)	(17.0, 0.0)	(18.0, 0.0)	(19.0, 0.0)	(20.0, 0.0)	(21.0, 0.0)	(22.0, 0.0)	(23.0, 0.0)	(24.0, 0.0)	(25.0, 0.0)	(26.0, 0.0)	(27.0, 0.0)	(28.0, 0.0007693313741027644)	(29.0, 0.0)	(30.0, 0.0007693313741027644)	(31.0, 0.0015386627482055289)	(32.0, 0.0007693313741027644)	(33.0, 0.0007693313741027644)	(34.0, 0.0007693313741027644)	(35.0, 0.0007693313741027644)	(36.0, 0.0030773254964110578)	(37.0, 0.0007693313741027644)	(38.0, 0.0015386627482055289)	(39.0, 0.002307994122308293)	(40.0, 0.0007693313741027644)	(41.0, 0.002307994122308293)	(42.0, 0.0007693313741027644)	(43.0, 0.0)	(44.0, 0.0007693313741027644)	(45.0, 0.002307994122308293)	(46.0, 0.021541278474877402)	(47.0, 0.09693575313694838)	(48.0, 0.8885777370886827)	(49.0, 2.4249324911720067)	(50.0, 6.7078002508024746)	(51.0, 12.447781632981725)	(52.0, 11.699222205980417)	(53.0, 24.685535800839034)	(54.0, 21.20200333889538)	(55.0, 7.487902264143031)	(56.0, 2.7211250702015035)	(57.0, 4.520591154227461)	(58.0, 4.124385496564627)	(59.0, 0.7570220721171175)	(60.0, 0.11078371787079824)	(61.0, 0.039235900079241)	(62.0, 0.015386627482055285)	(63.0, 0.010001307863335938)	(64.0, 0.003846656870513822)	(65.0, 0.003846656870513822)	(66.0, 0.0007693313741027644)	(67.0, 0.0007693313741027644)	(68.0, 0.0030773254964110578)	(69.0, 0.0)	(70.0, 0.0007693313741027644)	(71.0, 0.0030773254964110578)	(72.0, 0.0007693313741027644)	(73.0, 0.0)	(74.0, 0.0007693313741027644)	(75.0, 0.0007693313741027644)	(76.0, 0.0)	(77.0, 0.0)	(78.0, 0.0)	(79.0, 0.0)	(80.0, 0.0)	(81.0, 0.0)	(82.0, 0.0)	(83.0, 0.0)	(84.0, 0.0)	(85.0, 0.0)	(86.0, 0.0)	(87.0, 0.0)	(88.0, 0.0)	(89.0, 0.0)	(90.0, 0.0)	(91.0, 0.0)	(92.0, 0.0)	(93.0, 0.0)	(94.0, 0.0)	(95.0, 0.0)	(96.0, 0.0)	(97.0, 0.0)	(98.0, 0.0)	(99.0, 0.0)	(100.0, 0.0)
SRR29920138_2	(0.0, 0.0)	(1.0, 0.0)	(2.0, 0.0)	(3.0, 0.0)	(4.0, 0.0)	(5.0, 0.0)	(6.0, 0.0)	(7.0, 0.0)	(8.0, 0.0)	(9.0, 0.0)	(10.0, 0.0)	(11.0, 0.0)	(12.0, 0.0)	(13.0, 0.0)	(14.0, 0.0)	(15.0, 0.0)	(16.0, 0.0)	(17.0, 0.0)	(18.0, 0.0)	(19.0, 0.0)	(20.0, 0.0)	(21.0, 0.0)	(22.0, 0.0)	(23.0, 0.0)	(24.0, 0.0)	(25.0, 0.0)	(26.0, 0.0)	(27.0, 0.0)	(28.0, 0.0)	(29.0, 0.0)	(30.0, 0.0)	(31.0, 0.0)	(32.0, 0.0)	(33.0, 0.0)	(34.0, 0.0)	(35.0, 0.0)	(36.0, 0.0007684091625108658)	(37.0, 0.0007684091625108658)	(38.0, 0.0)	(39.0, 0.0)	(40.0, 0.0)	(41.0, 0.0)	(42.0, 0.0)	(43.0, 0.0)	(44.0, 0.0)	(45.0, 0.0007684091625108658)	(46.0, 0.0030736366500434633)	(47.0, 0.0030736366500434633)	(48.0, 0.009989319112641256)	(49.0, 0.21592297466555277)	(50.0, 0.5647807344454924)	(51.0, 0.5609386886329379)	(52.0, 1.8003826677630026)	(53.0, 6.7596954026085845)	(54.0, 15.47652894212758)	(55.0, 25.75938035485739)	(56.0, 20.050100277391273)	(57.0, 9.208615403531828)	(58.0, 5.007722512083014)	(59.0, 3.059805285118216)	(60.0, 4.058737196382115)	(61.0, 3.8581824049668243)	(62.0, 2.7947041240520276)	(63.0, 0.48179254489431655)	(64.0, 0.1506081958521301)	(65.0, 0.06070432383835835)	(66.0, 0.034578412312988985)	(67.0, 0.026894320687880315)	(68.0, 0.013831364925195582)	(69.0, 0.0053788641375760605)	(70.0, 0.006147273300086927)	(71.0, 0.006147273300086927)	(72.0, 0.0023052274875325976)	(73.0, 0.0030736366500434633)	(74.0, 0.0015368183250217317)	(75.0, 0.0015368183250217317)	(76.0, 0.0023052274875325976)	(77.0, 0.0023052274875325976)	(78.0, 0.0015368183250217317)	(79.0, 0.0015368183250217317)	(80.0, 0.0)	(81.0, 0.0007684091625108658)	(82.0, 0.0007684091625108658)	(83.0, 0.0)	(84.0, 0.0)	(85.0, 0.0)	(86.0, 0.0)	(87.0, 0.0)	(88.0, 0.0)	(89.0, 0.0)	(90.0, 0.0007684091625108658)	(91.0, 0.0015368183250217317)	(92.0, 0.0)	(93.0, 0.0)	(94.0, 0.0)	(95.0, 0.0)	(96.0, 0.0)	(97.0, 0.0)	(98.0, 0.0)	(99.0, 0.0)	(100.0, 0.0)
SRR29920139_1	(0.0, 0.0)	(1.0, 0.0)	(2.0, 0.0)	(3.0, 0.0)	(4.0, 0.0)	(5.0, 0.0)	(6.0, 0.0)	(7.0, 0.0)	(8.0, 0.0)	(9.0, 0.0)	(10.0, 0.0)	(11.0, 0.0)	(12.0, 0.0)	(13.0, 0.0)	(14.0, 0.0)	(15.0, 0.0)	(16.0, 0.0)	(17.0, 0.0)	(18.0, 0.0)	(19.0, 0.0)	(20.0, 0.0)	(21.0, 0.0)	(22.0, 0.0)	(23.0, 0.0)	(24.0, 0.0)	(25.0, 0.0)	(26.0, 0.0)	(27.0, 0.0)	(28.0, 0.0)	(29.0, 0.0)	(30.0, 0.0)	(31.0, 0.0008496754239879511)	(32.0, 0.0016993508479759022)	(33.0, 0.0016993508479759022)	(34.0, 0.0)	(35.0, 0.0)	(36.0, 0.0)	(37.0, 0.0008496754239879511)	(38.0, 0.0)	(39.0, 0.0016993508479759022)	(40.0, 0.0016993508479759022)	(41.0, 0.0008496754239879511)	(42.0, 0.0008496754239879511)	(43.0, 0.0033987016959518045)	(44.0, 0.005098052543927706)	(45.0, 0.005098052543927706)	(46.0, 0.025490262719638536)	(47.0, 0.07901981443087935)	(48.0, 0.13254936614212062)	(49.0, 1.272813785133923)	(50.0, 5.277334058388716)	(51.0, 8.195969139788655)	(52.0, 13.705264588924582)	(53.0, 32.61309179894327)	(54.0, 23.46208748257639)	(55.0, 5.829623083981135)	(56.0, 2.283927539679694)	(57.0, 3.0715766577164567)	(58.0, 3.2151718043703883)	(59.0, 0.6398055942629344)	(60.0, 0.08411786697480707)	(61.0, 0.04503279747136143)	(62.0, 0.01869285932773492)	(63.0, 0.0033987016959518045)	(64.0, 0.0025490262719638536)	(65.0, 0.0033987016959518045)	(66.0, 0.004248377119939755)	(67.0, 0.0033987016959518045)	(68.0, 0.0016993508479759022)	(69.0, 0.0016993508479759022)	(70.0, 0.0016993508479759022)	(71.0, 0.0016993508479759022)	(72.0, 0.0008496754239879511)	(73.0, 0.0)	(74.0, 0.0)	(75.0, 0.0)	(76.0, 0.0)	(77.0, 0.0)	(78.0, 0.0)	(79.0, 0.0)	(80.0, 0.0)	(81.0, 0.0)	(82.0, 0.0)	(83.0, 0.0)	(84.0, 0.0)	(85.0, 0.0)	(86.0, 0.0)	(87.0, 0.0)	(88.0, 0.0)	(89.0, 0.0)	(90.0, 0.0)	(91.0, 0.0)	(92.0, 0.0)	(93.0, 0.0)	(94.0, 0.0)	(95.0, 0.0)	(96.0, 0.0)	(97.0, 0.0)	(98.0, 0.0)	(99.0, 0.0)	(100.0, 0.0)
SRR29920139_2	(0.0, 0.0)	(1.0, 0.0)	(2.0, 0.0)	(3.0, 0.0)	(4.0, 0.0)	(5.0, 0.0)	(6.0, 0.0)	(7.0, 0.0)	(8.0, 0.0)	(9.0, 0.0)	(10.0, 0.0)	(11.0, 0.0)	(12.0, 0.0)	(13.0, 0.0)	(14.0, 0.0)	(15.0, 0.0)	(16.0, 0.0)	(17.0, 0.0)	(18.0, 0.0)	(19.0, 0.0)	(20.0, 0.0)	(21.0, 0.0)	(22.0, 0.0)	(23.0, 0.0)	(24.0, 0.0)	(25.0, 0.0)	(26.0, 0.0)	(27.0, 0.0)	(28.0, 0.0)	(29.0, 0.0)	(30.0, 0.0)	(31.0, 0.0)	(32.0, 0.0)	(33.0, 0.0)	(34.0, 0.0)	(35.0, 0.0)	(36.0, 0.0)	(37.0, 0.0)	(38.0, 0.0)	(39.0, 0.0)	(40.0, 0.0)	(41.0, 0.0)	(42.0, 0.0)	(43.0, 0.0008518649453315264)	(44.0, 0.0017037298906630528)	(45.0, 0.0008518649453315264)	(46.0, 0.0034074597813261056)	(47.0, 0.0025555948359945796)	(48.0, 0.008518649453315267)	(49.0, 0.05111189671989159)	(50.0, 0.15759501488633282)	(51.0, 0.2947452710847068)	(52.0, 1.169610569940164)	(53.0, 5.643605262821073)	(54.0, 16.716145822236765)	(55.0, 32.761022067573734)	(56.0, 22.434715200246192)	(57.0, 6.133427606386924)	(58.0, 3.558239876649691)	(59.0, 2.536853807197396)	(60.0, 3.900689584672887)	(61.0, 2.5998918131519355)	(62.0, 1.3323167744984803)	(63.0, 0.37482057594587115)	(64.0, 0.14055771597970215)	(65.0, 0.07240852035317967)	(66.0, 0.034074597813261075)	(67.0, 0.021296623633288155)	(68.0, 0.017889163851962053)	(69.0, 0.009370514398646793)	(70.0, 0.004259324726657633)	(71.0, 0.0034074597813261056)	(72.0, 0.0025555948359945796)	(73.0, 0.0025555948359945796)	(74.0, 0.0025555948359945796)	(75.0, 0.0017037298906630528)	(76.0, 0.0)	(77.0, 0.0)	(78.0, 0.0008518649453315264)	(79.0, 0.0)	(80.0, 0.0)	(81.0, 0.0)	(82.0, 0.0)	(83.0, 0.0)	(84.0, 0.0)	(85.0, 0.0)	(86.0, 0.0)	(87.0, 0.0)	(88.0, 0.0)	(89.0, 0.0)	(90.0, 0.0)	(91.0, 0.0)	(92.0, 0.0)	(93.0, 0.0)	(94.0, 0.0)	(95.0, 0.0017037298906630528)	(96.0, 0.0008518649453315264)	(97.0, 0.0)	(98.0, 0.0)	(99.0, 0.0)	(100.0, 0.0012777974179972898)
SRR29920140_1	(0.0, 0.0)	(1.0, 0.0)	(2.0, 0.0)	(3.0, 0.0)	(4.0, 0.0)	(5.0, 0.0)	(6.0, 0.0)	(7.0, 0.0)	(8.0, 0.0)	(9.0, 0.0)	(10.0, 0.0)	(11.0, 0.0)	(12.0, 0.0)	(13.0, 0.0)	(14.0, 0.0)	(15.0, 0.0)	(16.0, 0.0)	(17.0, 0.0)	(18.0, 0.0)	(19.0, 0.0)	(20.0, 0.0)	(21.0, 0.0)	(22.0, 0.0)	(23.0, 0.0)	(24.0, 0.0)	(25.0, 0.0)	(26.0, 0.0)	(27.0, 0.0)	(28.0, 0.0)	(29.0, 0.0)	(30.0, 0.0)	(31.0, 0.0)	(32.0, 0.0)	(33.0, 0.0)	(34.0, 0.0)	(35.0, 0.0)	(36.0, 0.0008460737945563351)	(37.0, 0.0)	(38.0, 0.0)	(39.0, 0.0)	(40.0, 0.0)	(41.0, 0.0008460737945563351)	(42.0, 0.0)	(43.0, 0.0016921475891126703)	(44.0, 0.0042303689727816755)	(45.0, 0.0025382213836690056)	(46.0, 0.038073320755035105)	(47.0, 0.16752261132215474)	(48.0, 1.192964050324409)	(49.0, 3.312378905688008)	(50.0, 5.4918650004648315)	(51.0, 7.119710981191961)	(52.0, 13.834998688583955)	(53.0, 29.411217246375433)	(54.0, 22.661240513392713)	(55.0, 7.001260649954021)	(56.0, 2.3275490088245654)	(57.0, 3.133011261242105)	(58.0, 3.3386071933192483)	(59.0, 0.718316651578332)	(60.0, 0.12437284779978144)	(61.0, 0.0507644276733801)	(62.0, 0.022843992453021045)	(63.0, 0.01776754968568303)	(64.0, 0.009306811740119688)	(65.0, 0.0033842951782253406)	(66.0, 0.0025382213836690056)	(67.0, 0.0033842951782253406)	(68.0, 0.0025382213836690056)	(69.0, 0.0016921475891126703)	(70.0, 0.0)	(71.0, 0.0008460737945563351)	(72.0, 0.0008460737945563351)	(73.0, 0.0008460737945563351)	(74.0, 0.0)	(75.0, 0.0)	(76.0, 0.0)	(77.0, 0.0)	(78.0, 0.0)	(79.0, 0.0)	(80.0, 0.0)	(81.0, 0.0)	(82.0, 0.0)	(83.0, 0.0)	(84.0, 0.0)	(85.0, 0.0)	(86.0, 0.0)	(87.0, 0.0)	(88.0, 0.0)	(89.0, 0.0)	(90.0, 0.0)	(91.0, 0.0)	(92.0, 0.0)	(93.0, 0.0)	(94.0, 0.0)	(95.0, 0.0)	(96.0, 0.0)	(97.0, 0.0)	(98.0, 0.0)	(99.0, 0.0)	(100.0, 0.0)
SRR29920140_2	(0.0, 0.0)	(1.0, 0.0)	(2.0, 0.0)	(3.0, 0.0)	(4.0, 0.0)	(5.0, 0.0)	(6.0, 0.0)	(7.0, 0.0)	(8.0, 0.0)	(9.0, 0.0)	(10.0, 0.0)	(11.0, 0.0)	(12.0, 0.0)	(13.0, 0.0)	(14.0, 0.0)	(15.0, 0.0)	(16.0, 0.0)	(17.0, 0.0)	(18.0, 0.0)	(19.0, 0.0)	(20.0, 0.0)	(21.0, 0.0)	(22.0, 0.0)	(23.0, 0.0)	(24.0, 0.0)	(25.0, 0.0)	(26.0, 0.0)	(27.0, 0.0)	(28.0, 0.0)	(29.0, 0.0)	(30.0, 0.0)	(31.0, 0.0)	(32.0, 0.0)	(33.0, 0.0)	(34.0, 0.0)	(35.0, 0.0)	(36.0, 0.0)	(37.0, 0.0)	(38.0, 0.0)	(39.0, 0.0)	(40.0, 0.0)	(41.0, 0.0016880486158001458)	(42.0, 0.0008440243079000729)	(43.0, 0.0)	(44.0, 0.0008440243079000729)	(45.0, 0.0016880486158001458)	(46.0, 0.0016880486158001458)	(47.0, 0.004220121539500364)	(48.0, 0.009284267386900804)	(49.0, 0.050641458474004364)	(50.0, 0.19243754220121662)	(51.0, 0.6912559081701646)	(52.0, 2.4940918298448223)	(53.0, 5.676907494935642)	(54.0, 15.436360567181712)	(55.0, 28.034267386906635)	(56.0, 18.06465226198015)	(57.0, 10.474341661041697)	(58.0, 6.346218771100704)	(59.0, 3.2461174881836494)	(60.0, 4.213369345036913)	(61.0, 2.8266374071574085)	(62.0, 1.4145847400405058)	(63.0, 0.4144159351789365)	(64.0, 0.1780891289669156)	(65.0, 0.08355840648210712)	(66.0, 0.048109385550304154)	(67.0, 0.030384875084402633)	(68.0, 0.017724510465901525)	(69.0, 0.010972316002700946)	(70.0, 0.010128291694800874)	(71.0, 0.006752194463200583)	(72.0, 0.00844024307900073)	(73.0, 0.0025320729237002185)	(74.0, 0.0)	(75.0, 0.0008440243079000729)	(76.0, 0.0016880486158001458)	(77.0, 0.0008440243079000729)	(78.0, 0.0008440243079000729)	(79.0, 0.0)	(80.0, 0.0008440243079000729)	(81.0, 0.0)	(82.0, 0.0)	(83.0, 0.0)	(84.0, 0.0)	(85.0, 0.0)	(86.0, 0.0)	(87.0, 0.0)	(88.0, 0.0)	(89.0, 0.0008440243079000729)	(90.0, 0.0008440243079000729)	(91.0, 0.0)	(92.0, 0.0)	(93.0, 0.0)	(94.0, 0.0)	(95.0, 0.0)	(96.0, 0.0)	(97.0, 0.0)	(98.0, 0.0)	(99.0, 0.0)	(100.0, 0.0)
SRR29920141_1	(0.0, 0.0)	(1.0, 0.0)	(2.0, 0.0)	(3.0, 0.0)	(4.0, 0.0)	(5.0, 0.0)	(6.0, 0.0)	(7.0, 0.0)	(8.0, 0.0)	(9.0, 0.0)	(10.0, 0.0)	(11.0, 0.0)	(12.0, 0.0)	(13.0, 0.0)	(14.0, 0.0)	(15.0, 0.0)	(16.0, 0.0)	(17.0, 0.0)	(18.0, 0.0)	(19.0, 0.0)	(20.0, 0.0)	(21.0, 0.0)	(22.0, 0.0)	(23.0, 0.0)	(24.0, 0.0)	(25.0, 0.0)	(26.0, 0.0)	(27.0, 0.0)	(28.0, 0.0)	(29.0, 0.0)	(30.0, 0.0)	(31.0, 0.0)	(32.0, 0.0)	(33.0, 0.0013168464162026652)	(34.0, 0.0)	(35.0, 0.0013168464162026652)	(36.0, 0.0)	(37.0, 0.0)	(38.0, 0.0026336928324053304)	(39.0, 0.0013168464162026652)	(40.0, 0.0013168464162026652)	(41.0, 0.0)	(42.0, 0.0)	(43.0, 0.0)	(44.0, 0.0)	(45.0, 0.0)	(46.0, 0.006584232081013326)	(47.0, 0.02765377474025596)	(48.0, 0.4674804777519438)	(49.0, 1.4906701431414013)	(50.0, 2.012141323957627)	(51.0, 2.340036081592126)	(52.0, 8.408064367453425)	(53.0, 36.86906596083864)	(54.0, 30.270348569240795)	(55.0, 6.611885855753181)	(56.0, 2.2860453785278105)	(57.0, 4.234978074507912)	(58.0, 3.8596768458901747)	(59.0, 0.7914246961378071)	(60.0, 0.1764574197711573)	(61.0, 0.06584232081013329)	(62.0, 0.035554853237471956)	(63.0, 0.01448531057822932)	(64.0, 0.007901078497215991)	(65.0, 0.0039505392486079965)	(66.0, 0.0013168464162026652)	(67.0, 0.0)	(68.0, 0.0)	(69.0, 0.0)	(70.0, 0.0026336928324053304)	(71.0, 0.0039505392486079965)	(72.0, 0.0026336928324053304)	(73.0, 0.0013168464162026652)	(74.0, 0.0)	(75.0, 0.0)	(76.0, 0.0)	(77.0, 0.0)	(78.0, 0.0)	(79.0, 0.0)	(80.0, 0.0)	(81.0, 0.0)	(82.0, 0.0)	(83.0, 0.0)	(84.0, 0.0)	(85.0, 0.0)	(86.0, 0.0)	(87.0, 0.0)	(88.0, 0.0)	(89.0, 0.0)	(90.0, 0.0)	(91.0, 0.0)	(92.0, 0.0)	(93.0, 0.0)	(94.0, 0.0)	(95.0, 0.0)	(96.0, 0.0)	(97.0, 0.0)	(98.0, 0.0)	(99.0, 0.0)	(100.0, 0.0)
SRR29920141_2	(0.0, 0.0)	(1.0, 0.0)	(2.0, 0.0)	(3.0, 0.0)	(4.0, 0.0)	(5.0, 0.0)	(6.0, 0.0)	(7.0, 0.0)	(8.0, 0.0)	(9.0, 0.0)	(10.0, 0.0)	(11.0, 0.0)	(12.0, 0.0)	(13.0, 0.0)	(14.0, 0.0)	(15.0, 0.0)	(16.0, 0.0)	(17.0, 0.0)	(18.0, 0.0)	(19.0, 0.0)	(20.0, 0.0)	(21.0, 0.0)	(22.0, 0.0)	(23.0, 0.0)	(24.0, 0.0)	(25.0, 0.0)	(26.0, 0.0)	(27.0, 0.0)	(28.0, 0.0)	(29.0, 0.0)	(30.0, 0.0)	(31.0, 0.0)	(32.0, 0.0)	(33.0, 0.0)	(34.0, 0.0)	(35.0, 0.0)	(36.0, 0.0)	(37.0, 0.0)	(38.0, 0.0)	(39.0, 0.0013237318648736396)	(40.0, 0.0013237318648736396)	(41.0, 0.0)	(42.0, 0.0)	(43.0, 0.0)	(44.0, 0.0013237318648736396)	(45.0, 0.0013237318648736396)	(46.0, 0.0)	(47.0, 0.002647463729747279)	(48.0, 0.011913586783862756)	(49.0, 0.02779836916234642)	(50.0, 0.07545271629779746)	(51.0, 0.17076141056869965)	(52.0, 0.6671608598963159)	(53.0, 1.8293974372553354)	(54.0, 9.843270147200423)	(55.0, 35.87180980620499)	(56.0, 28.59657947685698)	(57.0, 7.120353701154798)	(58.0, 3.2246108228322754)	(59.0, 2.2225458011228163)	(60.0, 3.3861061103468773)	(61.0, 3.4284655300228386)	(62.0, 2.5667160859900013)	(63.0, 0.5281690140845798)	(64.0, 0.18135126548768882)	(65.0, 0.09001376681140745)	(66.0, 0.048978079000324685)	(67.0, 0.02250344170285187)	(68.0, 0.015884782378483675)	(69.0, 0.018532246108230954)	(70.0, 0.007942391189241838)	(71.0, 0.006618659324368198)	(72.0, 0.005294927459494558)	(73.0, 0.006618659324368198)	(74.0, 0.003971195594620919)	(75.0, 0.0013237318648736396)	(76.0, 0.002647463729747279)	(77.0, 0.002647463729747279)	(78.0, 0.0013237318648736396)	(79.0, 0.0013237318648736396)	(80.0, 0.0)	(81.0, 0.0013237318648736396)	(82.0, 0.0)	(83.0, 0.0)	(84.0, 0.0)	(85.0, 0.0)	(86.0, 0.0)	(87.0, 0.0)	(88.0, 0.0)	(89.0, 0.0)	(90.0, 0.0)	(91.0, 0.0013237318648736396)	(92.0, 0.0013237318648736396)	(93.0, 0.0)	(94.0, 0.0)	(95.0, 0.0)	(96.0, 0.0)	(97.0, 0.0)	(98.0, 0.0)	(99.0, 0.0)	(100.0, 0.0)
SRR29920142_1	(0.0, 0.0)	(1.0, 0.0)	(2.0, 0.0)	(3.0, 0.0)	(4.0, 0.0)	(5.0, 0.0)	(6.0, 0.0)	(7.0, 0.0)	(8.0, 0.0)	(9.0, 0.0)	(10.0, 0.0)	(11.0, 0.0)	(12.0, 0.0)	(13.0, 0.0)	(14.0, 0.0)	(15.0, 0.0)	(16.0, 0.0)	(17.0, 0.0)	(18.0, 0.0)	(19.0, 0.0)	(20.0, 0.0)	(21.0, 0.0)	(22.0, 0.0)	(23.0, 0.0)	(24.0, 0.0)	(25.0, 0.0)	(26.0, 0.0)	(27.0, 0.0)	(28.0, 0.0)	(29.0, 0.0)	(30.0, 0.0)	(31.0, 0.0)	(32.0, 0.0)	(33.0, 0.0)	(34.0, 0.0)	(35.0, 0.0)	(36.0, 0.0)	(37.0, 0.0016233766233768202)	(38.0, 0.0016233766233768202)	(39.0, 0.0)	(40.0, 0.0016233766233768202)	(41.0, 0.0016233766233768202)	(42.0, 0.0016233766233768202)	(43.0, 0.0)	(44.0, 0.0)	(45.0, 0.0016233766233768202)	(46.0, 0.0032467532467536403)	(47.0, 0.012987012987014561)	(48.0, 0.042207792207797315)	(49.0, 0.2061688311688563)	(50.0, 0.8912337662338784)	(51.0, 2.842532467532795)	(52.0, 11.245129870130903)	(53.0, 36.56168831168126)	(54.0, 24.543831168833595)	(55.0, 5.202922077922886)	(56.0, 5.175324675325486)	(57.0, 7.254870129870719)	(58.0, 4.72564935065012)	(59.0, 0.7727272727273671)	(60.0, 0.31980519480523434)	(61.0, 0.10389610389611645)	(62.0, 0.038961038961043665)	(63.0, 0.019480519480521843)	(64.0, 0.009740259740260921)	(65.0, 0.009740259740260921)	(66.0, 0.0016233766233768202)	(67.0, 0.0)	(68.0, 0.0016233766233768202)	(69.0, 0.0016233766233768202)	(70.0, 0.0032467532467536403)	(71.0, 0.0)	(72.0, 0.0)	(73.0, 0.0)	(74.0, 0.0)	(75.0, 0.0)	(76.0, 0.0)	(77.0, 0.0)	(78.0, 0.0)	(79.0, 0.0)	(80.0, 0.0)	(81.0, 0.0)	(82.0, 0.0)	(83.0, 0.0)	(84.0, 0.0)	(85.0, 0.0)	(86.0, 0.0)	(87.0, 0.0)	(88.0, 0.0)	(89.0, 0.0)	(90.0, 0.0)	(91.0, 0.0)	(92.0, 0.0)	(93.0, 0.0)	(94.0, 0.0)	(95.0, 0.0)	(96.0, 0.0)	(97.0, 0.0)	(98.0, 0.0)	(99.0, 0.0)	(100.0, 0.0)
SRR29920142_2	(0.0, 0.0)	(1.0, 0.0)	(2.0, 0.0)	(3.0, 0.0)	(4.0, 0.0)	(5.0, 0.0)	(6.0, 0.0)	(7.0, 0.0)	(8.0, 0.0)	(9.0, 0.0)	(10.0, 0.0)	(11.0, 0.0)	(12.0, 0.0)	(13.0, 0.0)	(14.0, 0.0)	(15.0, 0.0)	(16.0, 0.0)	(17.0, 0.0)	(18.0, 0.0)	(19.0, 0.0)	(20.0, 0.0)	(21.0, 0.0)	(22.0, 0.0)	(23.0, 0.0)	(24.0, 0.0)	(25.0, 0.0)	(26.0, 0.0)	(27.0, 0.0)	(28.0, 0.0)	(29.0, 0.0)	(30.0, 0.0)	(31.0, 0.0)	(32.0, 0.0)	(33.0, 0.0)	(34.0, 0.0)	(35.0, 0.0)	(36.0, 0.0)	(37.0, 0.0)	(38.0, 0.0)	(39.0, 0.0)	(40.0, 0.0)	(41.0, 0.0)	(42.0, 0.0)	(43.0, 0.0)	(44.0, 0.0016209031672448975)	(45.0, 0.0016209031672448975)	(46.0, 0.0016209031672448975)	(47.0, 0.003241806334489795)	(48.0, 0.01296722533795918)	(49.0, 0.10211689953642852)	(50.0, 0.6645702985704056)	(51.0, 1.5123026550394885)	(52.0, 6.639219373034949)	(53.0, 8.70100820176999)	(54.0, 16.658021849777953)	(55.0, 33.35980808505863)	(56.0, 13.140661976854926)	(57.0, 2.2433299834668956)	(58.0, 1.1265277012352146)	(59.0, 0.9077057736571472)	(60.0, 1.606315038739687)	(61.0, 5.749343534217703)	(62.0, 5.94871462378878)	(63.0, 1.0535870587091922)	(64.0, 0.28365805426785773)	(65.0, 0.11184231853989786)	(66.0, 0.05024799818459183)	(67.0, 0.030797160177653046)	(68.0, 0.01945083800693877)	(69.0, 0.009725419003469385)	(70.0, 0.01296722533795918)	(71.0, 0.00648361266897959)	(72.0, 0.009725419003469385)	(73.0, 0.00648361266897959)	(74.0, 0.003241806334489795)	(75.0, 0.003241806334489795)	(76.0, 0.003241806334489795)	(77.0, 0.004862709501734693)	(78.0, 0.0016209031672448975)	(79.0, 0.0016209031672448975)	(80.0, 0.0016209031672448975)	(81.0, 0.0)	(82.0, 0.0)	(83.0, 0.0016209031672448975)	(84.0, 0.0)	(85.0, 0.0016209031672448975)	(86.0, 0.0)	(87.0, 0.0016209031672448975)	(88.0, 0.0)	(89.0, 0.0)	(90.0, 0.0)	(91.0, 0.0)	(92.0, 0.0)	(93.0, 0.0)	(94.0, 0.0)	(95.0, 0.0)	(96.0, 0.0)	(97.0, 0.0)	(98.0, 0.0)	(99.0, 0.0)	(100.0, 0.0)
SRR29920143_1	(0.0, 0.0)	(1.0, 0.0)	(2.0, 0.0)	(3.0, 0.0)	(4.0, 0.0)	(5.0, 0.0)	(6.0, 0.0)	(7.0, 0.0)	(8.0, 0.0)	(9.0, 0.0)	(10.0, 0.0)	(11.0, 0.0)	(12.0, 0.0)	(13.0, 0.0)	(14.0, 0.0)	(15.0, 0.0)	(16.0, 0.0)	(17.0, 0.0)	(18.0, 0.0)	(19.0, 0.0)	(20.0, 0.0)	(21.0, 0.0)	(22.0, 0.0)	(23.0, 0.0)	(24.0, 0.0)	(25.0, 0.0)	(26.0, 0.0)	(27.0, 0.0011363119858189244)	(28.0, 0.0011363119858189244)	(29.0, 0.004545247943275698)	(30.0, 0.002272623971637849)	(31.0, 0.0)	(32.0, 0.0)	(33.0, 0.0)	(34.0, 0.0)	(35.0, 0.0)	(36.0, 0.0)	(37.0, 0.0)	(38.0, 0.0)	(39.0, 0.0011363119858189244)	(40.0, 0.0011363119858189244)	(41.0, 0.0011363119858189244)	(42.0, 0.0011363119858189244)	(43.0, 0.002272623971637849)	(44.0, 0.0011363119858189244)	(45.0, 0.002272623971637849)	(46.0, 0.032953047588748806)	(47.0, 0.07158765510659221)	(48.0, 0.7590564065270482)	(49.0, 2.6010181355395754)	(50.0, 4.48275078405559)	(51.0, 5.945184309804213)	(52.0, 12.202854415711169)	(53.0, 32.81782646243509)	(54.0, 25.97609199581223)	(55.0, 7.584882505340959)	(56.0, 2.249897731921488)	(57.0, 2.3328485068862785)	(58.0, 2.2248988682334687)	(59.0, 0.48747784191631754)	(60.0, 0.11590382255353016)	(61.0, 0.03977091950366237)	(62.0, 0.02158992773055956)	(63.0, 0.014772055815646019)	(64.0, 0.004545247943275698)	(65.0, 0.002272623971637849)	(66.0, 0.007954183900732471)	(67.0, 0.0034089359574567732)	(68.0, 0.0011363119858189244)	(69.0, 0.0)	(70.0, 0.0)	(71.0, 0.0)	(72.0, 0.0)	(73.0, 0.0)	(74.0, 0.0)	(75.0, 0.0)	(76.0, 0.0)	(77.0, 0.0)	(78.0, 0.0)	(79.0, 0.0)	(80.0, 0.0)	(81.0, 0.0)	(82.0, 0.0)	(83.0, 0.0)	(84.0, 0.0)	(85.0, 0.0)	(86.0, 0.0)	(87.0, 0.0)	(88.0, 0.0)	(89.0, 0.0)	(90.0, 0.0)	(91.0, 0.0)	(92.0, 0.0)	(93.0, 0.0)	(94.0, 0.0)	(95.0, 0.0)	(96.0, 0.0)	(97.0, 0.0)	(98.0, 0.0)	(99.0, 0.0)	(100.0, 0.0)
SRR29920143_2	(0.0, 0.0)	(1.0, 0.0)	(2.0, 0.0)	(3.0, 0.0)	(4.0, 0.0)	(5.0, 0.0)	(6.0, 0.0)	(7.0, 0.0)	(8.0, 0.0)	(9.0, 0.0)	(10.0, 0.0)	(11.0, 0.0)	(12.0, 0.0)	(13.0, 0.0)	(14.0, 0.0)	(15.0, 0.0)	(16.0, 0.0)	(17.0, 0.0)	(18.0, 0.0)	(19.0, 0.0)	(20.0, 0.0)	(21.0, 0.0)	(22.0, 0.0)	(23.0, 0.0)	(24.0, 0.0)	(25.0, 0.0)	(26.0, 0.0)	(27.0, 0.0)	(28.0, 0.0)	(29.0, 0.0)	(30.0, 0.0)	(31.0, 0.0)	(32.0, 0.0)	(33.0, 0.0)	(34.0, 0.0)	(35.0, 0.0)	(36.0, 0.0)	(37.0, 0.0011345972746974894)	(38.0, 0.0011345972746974894)	(39.0, 0.0)	(40.0, 0.0011345972746974894)	(41.0, 0.0011345972746974894)	(42.0, 0.0)	(43.0, 0.0011345972746974894)	(44.0, 0.0011345972746974894)	(45.0, 0.0011345972746974894)	(46.0, 0.003403791824092468)	(47.0, 0.003403791824092468)	(48.0, 0.005672986373487447)	(49.0, 0.07147962830594182)	(50.0, 0.26436116500451495)	(51.0, 0.7874105086400651)	(52.0, 2.2589831739227204)	(53.0, 4.3647957157612005)	(54.0, 11.024881718236715)	(55.0, 29.611854272322773)	(56.0, 24.672952335564382)	(57.0, 9.700806698664142)	(58.0, 5.391606249362194)	(59.0, 4.127664885349478)	(60.0, 3.8871302631136655)	(61.0, 2.075178415421706)	(62.0, 1.1039631482806538)	(63.0, 0.27343794320209475)	(64.0, 0.13161328386490878)	(65.0, 0.08622939287700912)	(66.0, 0.037441710065017154)	(67.0, 0.03176872369152971)	(68.0, 0.024961140043344758)	(69.0, 0.012480570021672384)	(70.0, 0.009076778197579915)	(71.0, 0.007942180922882427)	(72.0, 0.005672986373487447)	(73.0, 0.0022691945493949787)	(74.0, 0.004538389098789957)	(75.0, 0.0011345972746974894)	(76.0, 0.003403791824092468)	(77.0, 0.0022691945493949787)	(78.0, 0.0)	(79.0, 0.0011345972746974894)	(80.0, 0.0011345972746974894)	(81.0, 0.0)	(82.0, 0.0)	(83.0, 0.0)	(84.0, 0.0)	(85.0, 0.0)	(86.0, 0.0)	(87.0, 0.0)	(88.0, 0.0)	(89.0, 0.0)	(90.0, 0.0)	(91.0, 0.0)	(92.0, 0.0)	(93.0, 0.0)	(94.0, 0.0)	(95.0, 0.0)	(96.0, 0.0)	(97.0, 0.0)	(98.0, 0.0)	(99.0, 0.0)	(100.0, 0.0)
SRR29920144_1	(0.0, 0.0)	(1.0, 0.0)	(2.0, 0.0)	(3.0, 0.0)	(4.0, 0.0)	(5.0, 0.0)	(6.0, 0.0)	(7.0, 0.0)	(8.0, 0.0)	(9.0, 0.0)	(10.0, 0.0)	(11.0, 0.0)	(12.0, 0.0)	(13.0, 0.0)	(14.0, 0.0)	(15.0, 0.0)	(16.0, 0.0)	(17.0, 0.0)	(18.0, 0.0)	(19.0, 0.0)	(20.0, 0.0)	(21.0, 0.0)	(22.0, 0.0)	(23.0, 0.0)	(24.0, 0.0)	(25.0, 0.0)	(26.0, 0.0)	(27.0, 0.0)	(28.0, 0.0)	(29.0, 0.0)	(30.0, 0.0007543298533581327)	(31.0, 0.0)	(32.0, 0.0)	(33.0, 0.0)	(34.0, 0.0)	(35.0, 0.0007543298533581327)	(36.0, 0.0015086597067162655)	(37.0, 0.0015086597067162655)	(38.0, 0.0022629895600743983)	(39.0, 0.0007543298533581327)	(40.0, 0.0022629895600743983)	(41.0, 0.004525979120148796)	(42.0, 0.0022629895600743983)	(43.0, 0.0022629895600743983)	(44.0, 0.0015086597067162655)	(45.0, 0.003017319413432531)	(46.0, 0.015086597067162649)	(47.0, 0.05732906885521804)	(48.0, 1.40229919739277)	(49.0, 3.7980508116579665)	(50.0, 5.4538048397792505)	(51.0, 6.8153702250913)	(52.0, 11.945567557778642)	(53.0, 30.031380121908143)	(54.0, 24.783507332086067)	(55.0, 7.11710216643469)	(56.0, 2.0940196729222564)	(57.0, 2.9283084907362373)	(58.0, 2.7638645827042017)	(59.0, 0.5483978033913682)	(60.0, 0.12446442580409216)	(61.0, 0.05431174944178552)	(62.0, 0.021875565747385847)	(63.0, 0.006788968680223195)	(64.0, 0.0037716492667906635)	(65.0, 0.0015086597067162655)	(66.0, 0.0)	(67.0, 0.0015086597067162655)	(68.0, 0.0022629895600743983)	(69.0, 0.003017319413432531)	(70.0, 0.0)	(71.0, 0.0015086597067162655)	(72.0, 0.0015086597067162655)	(73.0, 0.0)	(74.0, 0.0)	(75.0, 0.0)	(76.0, 0.0)	(77.0, 0.0)	(78.0, 0.0)	(79.0, 0.0)	(80.0, 0.0)	(81.0, 0.0)	(82.0, 0.0)	(83.0, 0.0)	(84.0, 0.0)	(85.0, 0.0)	(86.0, 0.0)	(87.0, 0.0)	(88.0, 0.0)	(89.0, 0.0)	(90.0, 0.0)	(91.0, 0.0)	(92.0, 0.0)	(93.0, 0.0)	(94.0, 0.0)	(95.0, 0.0)	(96.0, 0.0)	(97.0, 0.0)	(98.0, 0.0)	(99.0, 0.0)	(100.0, 0.0)
SRR29920144_2	(0.0, 0.0)	(1.0, 0.0)	(2.0, 0.0)	(3.0, 0.0)	(4.0, 0.0)	(5.0, 0.0)	(6.0, 0.0)	(7.0, 0.0)	(8.0, 0.0)	(9.0, 0.0)	(10.0, 0.0)	(11.0, 0.0)	(12.0, 0.0)	(13.0, 0.0)	(14.0, 0.0)	(15.0, 0.0)	(16.0, 0.0)	(17.0, 0.0)	(18.0, 0.0)	(19.0, 0.0)	(20.0, 0.0)	(21.0, 0.0)	(22.0, 0.0)	(23.0, 0.0)	(24.0, 0.0)	(25.0, 0.0)	(26.0, 0.0)	(27.0, 0.0)	(28.0, 0.0)	(29.0, 0.0)	(30.0, 0.0)	(31.0, 0.0)	(32.0, 0.0)	(33.0, 0.0)	(34.0, 0.0)	(35.0, 0.0)	(36.0, 0.0)	(37.0, 0.0)	(38.0, 0.0)	(39.0, 0.0007515745486794139)	(40.0, 0.0007515745486794139)	(41.0, 0.0007515745486794139)	(42.0, 0.0007515745486794139)	(43.0, 0.0)	(44.0, 0.0007515745486794139)	(45.0, 0.0)	(46.0, 0.0007515745486794139)	(47.0, 0.004509447292076483)	(48.0, 0.01427991642490886)	(49.0, 0.01427991642490886)	(50.0, 0.10296571316907982)	(51.0, 0.41787544906575613)	(52.0, 1.54974671937697)	(53.0, 3.70300780134326)	(54.0, 14.045425165718193)	(55.0, 30.104318547368365)	(56.0, 20.869722067727608)	(57.0, 10.615238925548468)	(58.0, 5.63154809325489)	(59.0, 3.5872653208466567)	(60.0, 3.9359959114338254)	(61.0, 2.865002179565904)	(62.0, 1.7226088655732548)	(63.0, 0.41111127812764126)	(64.0, 0.14430231334644786)	(65.0, 0.09018894584152969)	(66.0, 0.049603920212841296)	(67.0, 0.025553534655100078)	(68.0, 0.023298811009061834)	(69.0, 0.011273618230191206)	(70.0, 0.011273618230191206)	(71.0, 0.011273618230191206)	(72.0, 0.008267320035473555)	(73.0, 0.0052610218407558975)	(74.0, 0.003757872743397069)	(75.0, 0.004509447292076483)	(76.0, 0.0022547236460382417)	(77.0, 0.0015031490973588279)	(78.0, 0.0015031490973588279)	(79.0, 0.0007515745486794139)	(80.0, 0.0007515745486794139)	(81.0, 0.0007515745486794139)	(82.0, 0.0007515745486794139)	(83.0, 0.0)	(84.0, 0.0007515745486794139)	(85.0, 0.0007515745486794139)	(86.0, 0.0)	(87.0, 0.0007515745486794139)	(88.0, 0.0015031490973588279)	(89.0, 0.0)	(90.0, 0.0)	(91.0, 0.0)	(92.0, 0.0)	(93.0, 0.0)	(94.0, 0.0)	(95.0, 0.0)	(96.0, 0.0)	(97.0, 0.0)	(98.0, 0.0)	(99.0, 0.0)	(100.0, 0.0)
SRR29920145_1	(0.0, 0.0)	(1.0, 0.0)	(2.0, 0.0)	(3.0, 0.0)	(4.0, 0.0)	(5.0, 0.0)	(6.0, 0.0)	(7.0, 0.0)	(8.0, 0.0)	(9.0, 0.0)	(10.0, 0.0)	(11.0, 0.0)	(12.0, 0.0)	(13.0, 0.0)	(14.0, 0.0)	(15.0, 0.0)	(16.0, 0.0)	(17.0, 0.0)	(18.0, 0.0)	(19.0, 0.0)	(20.0, 0.0)	(21.0, 0.0)	(22.0, 0.0)	(23.0, 0.0)	(24.0, 0.0)	(25.0, 0.0)	(26.0, 0.0)	(27.0, 0.0)	(28.0, 0.0)	(29.0, 0.0)	(30.0, 0.001129260842315784)	(31.0, 0.0)	(32.0, 0.0)	(33.0, 0.0)	(34.0, 0.0)	(35.0, 0.0)	(36.0, 0.0)	(37.0, 0.001129260842315784)	(38.0, 0.001129260842315784)	(39.0, 0.0)	(40.0, 0.0)	(41.0, 0.0)	(42.0, 0.0)	(43.0, 0.0)	(44.0, 0.001129260842315784)	(45.0, 0.0033877825269473523)	(46.0, 0.020326695161684106)	(47.0, 0.046299694534947165)	(48.0, 1.3641470975174486)	(49.0, 3.812384603658166)	(50.0, 4.744024798568476)	(51.0, 5.996375072696395)	(52.0, 11.896762973798406)	(53.0, 31.025312381779703)	(54.0, 24.783887706297115)	(55.0, 6.953988266979973)	(56.0, 2.215609772623583)	(57.0, 3.3019587029314907)	(58.0, 3.080623577837572)	(59.0, 0.535269639257682)	(60.0, 0.11066756254694667)	(61.0, 0.04742895537726295)	(62.0, 0.025972999373263018)	(63.0, 0.01129260842315784)	(64.0, 0.002258521684631568)	(65.0, 0.0033877825269473523)	(66.0, 0.0033877825269473523)	(67.0, 0.001129260842315784)	(68.0, 0.001129260842315784)	(69.0, 0.001129260842315784)	(70.0, 0.0)	(71.0, 0.001129260842315784)	(72.0, 0.002258521684631568)	(73.0, 0.001129260842315784)	(74.0, 0.0)	(75.0, 0.0)	(76.0, 0.0)	(77.0, 0.0)	(78.0, 0.0)	(79.0, 0.0)	(80.0, 0.0)	(81.0, 0.0)	(82.0, 0.0)	(83.0, 0.0)	(84.0, 0.0)	(85.0, 0.0)	(86.0, 0.0)	(87.0, 0.0)	(88.0, 0.0)	(89.0, 0.0)	(90.0, 0.0)	(91.0, 0.0)	(92.0, 0.0)	(93.0, 0.0)	(94.0, 0.0)	(95.0, 0.0)	(96.0, 0.0)	(97.0, 0.0)	(98.0, 0.0)	(99.0, 0.001129260842315784)	(100.0, 0.0016938912634736761)
SRR29920145_2	(0.0, 0.0)	(1.0, 0.0)	(2.0, 0.0)	(3.0, 0.0)	(4.0, 0.0)	(5.0, 0.0)	(6.0, 0.0)	(7.0, 0.0)	(8.0, 0.0)	(9.0, 0.0)	(10.0, 0.0)	(11.0, 0.0)	(12.0, 0.0)	(13.0, 0.0)	(14.0, 0.0)	(15.0, 0.0)	(16.0, 0.0)	(17.0, 0.0)	(18.0, 0.0)	(19.0, 0.0)	(20.0, 0.0)	(21.0, 0.0)	(22.0, 0.0)	(23.0, 0.0)	(24.0, 0.0)	(25.0, 0.0)	(26.0, 0.0)	(27.0, 0.0)	(28.0, 0.0)	(29.0, 0.0)	(30.0, 0.0)	(31.0, 0.0)	(32.0, 0.0)	(33.0, 0.0)	(34.0, 0.0)	(35.0, 0.0)	(36.0, 0.0)	(37.0, 0.0)	(38.0, 0.0)	(39.0, 0.0)	(40.0, 0.0)	(41.0, 0.0)	(42.0, 0.0)	(43.0, 0.0)	(44.0, 0.0022592232790367974)	(45.0, 0.0033888349185551966)	(46.0, 0.0033888349185551966)	(47.0, 0.0011296116395183987)	(48.0, 0.004518446558073595)	(49.0, 0.02033300951133117)	(50.0, 0.12425728034702382)	(51.0, 0.5105844610623159)	(52.0, 1.6639179450105661)	(53.0, 3.9129747192917903)	(54.0, 13.921333845427236)	(55.0, 30.65314144996643)	(56.0, 21.154237173256966)	(57.0, 9.809547477578448)	(58.0, 4.904773738788719)	(59.0, 3.8101800600956395)	(60.0, 4.008991708650832)	(61.0, 2.8228994871565627)	(62.0, 1.904525224228)	(63.0, 0.4134378600637318)	(64.0, 0.14684951313739195)	(65.0, 0.09036893116147181)	(66.0, 0.03388834918555196)	(67.0, 0.02146262115084957)	(68.0, 0.014684951313739186)	(69.0, 0.011296116395183988)	(70.0, 0.006777669837110393)	(71.0, 0.0033888349185551966)	(72.0, 0.0033888349185551966)	(73.0, 0.0022592232790367974)	(74.0, 0.0022592232790367974)	(75.0, 0.0022592232790367974)	(76.0, 0.0011296116395183987)	(77.0, 0.0011296116395183987)	(78.0, 0.0033888349185551966)	(79.0, 0.0011296116395183987)	(80.0, 0.0011296116395183987)	(81.0, 0.0011296116395183987)	(82.0, 0.0011296116395183987)	(83.0, 0.0)	(84.0, 0.0)	(85.0, 0.0011296116395183987)	(86.0, 0.0)	(87.0, 0.0)	(88.0, 0.0)	(89.0, 0.0)	(90.0, 0.0)	(91.0, 0.0)	(92.0, 0.0)	(93.0, 0.0)	(94.0, 0.0)	(95.0, 0.0)	(96.0, 0.0)	(97.0, 0.0)	(98.0, 0.0)	(99.0, 0.0)	(100.0, 0.0)
SRR29920146_1	(0.0, 0.0)	(1.0, 0.0)	(2.0, 0.0)	(3.0, 0.0)	(4.0, 0.0)	(5.0, 0.0)	(6.0, 0.0)	(7.0, 0.0)	(8.0, 0.0)	(9.0, 0.0)	(10.0, 0.0)	(11.0, 0.0)	(12.0, 0.0)	(13.0, 0.0)	(14.0, 0.0)	(15.0, 0.0)	(16.0, 0.0)	(17.0, 0.0)	(18.0, 0.0)	(19.0, 0.0)	(20.0, 0.0)	(21.0, 0.0)	(22.0, 0.0)	(23.0, 0.0)	(24.0, 0.0)	(25.0, 0.0)	(26.0, 0.0)	(27.0, 0.0)	(28.0, 0.0)	(29.0, 0.0)	(30.0, 0.0)	(31.0, 0.0)	(32.0, 0.0)	(33.0, 0.0)	(34.0, 0.0)	(35.0, 0.0)	(36.0, 0.0009969592742137168)	(37.0, 0.0009969592742137168)	(38.0, 0.0009969592742137168)	(39.0, 0.0009969592742137168)	(40.0, 0.0009969592742137168)	(41.0, 0.0009969592742137168)	(42.0, 0.002990877822641151)	(43.0, 0.004984796371068584)	(44.0, 0.0)	(45.0, 0.0019939185484274336)	(46.0, 0.026917900403770352)	(47.0, 0.09271721250187555)	(48.0, 1.2930561786551695)	(49.0, 3.6797766811228274)	(50.0, 5.523154379143571)	(51.0, 7.174118937241826)	(52.0, 12.51981456557784)	(53.0, 29.483076616322396)	(54.0, 23.76950301579519)	(55.0, 6.566970739245397)	(56.0, 2.074672249638772)	(57.0, 3.5870594686209727)	(58.0, 3.3587557948260836)	(59.0, 0.6270873834804327)	(60.0, 0.12162903145407349)	(61.0, 0.04486316733961729)	(62.0, 0.013957429838992036)	(63.0, 0.00996959274213717)	(64.0, 0.0009969592742137168)	(65.0, 0.0019939185484274336)	(66.0, 0.006978714919496018)	(67.0, 0.003987837096854867)	(68.0, 0.0009969592742137168)	(69.0, 0.0019939185484274336)	(70.0, 0.0)	(71.0, 0.0)	(72.0, 0.0)	(73.0, 0.0)	(74.0, 0.0)	(75.0, 0.0)	(76.0, 0.0)	(77.0, 0.0)	(78.0, 0.0)	(79.0, 0.0)	(80.0, 0.0)	(81.0, 0.0)	(82.0, 0.0)	(83.0, 0.0)	(84.0, 0.0)	(85.0, 0.0)	(86.0, 0.0)	(87.0, 0.0)	(88.0, 0.0)	(89.0, 0.0)	(90.0, 0.0)	(91.0, 0.0)	(92.0, 0.0)	(93.0, 0.0)	(94.0, 0.0)	(95.0, 0.0)	(96.0, 0.0)	(97.0, 0.0)	(98.0, 0.0)	(99.0, 0.0)	(100.0, 0.0)
SRR29920146_2	(0.0, 0.0)	(1.0, 0.0)	(2.0, 0.0)	(3.0, 0.0)	(4.0, 0.0)	(5.0, 0.0)	(6.0, 0.0)	(7.0, 0.0)	(8.0, 0.0)	(9.0, 0.0)	(10.0, 0.0)	(11.0, 0.0)	(12.0, 0.0)	(13.0, 0.0)	(14.0, 0.0)	(15.0, 0.0)	(16.0, 0.0)	(17.0, 0.0)	(18.0, 0.0)	(19.0, 0.0)	(20.0, 0.0)	(21.0, 0.0)	(22.0, 0.0)	(23.0, 0.0)	(24.0, 0.0)	(25.0, 0.0)	(26.0, 0.0)	(27.0, 0.0)	(28.0, 0.0)	(29.0, 0.0)	(30.0, 0.0)	(31.0, 0.0)	(32.0, 0.0)	(33.0, 0.0)	(34.0, 0.0)	(35.0, 0.0)	(36.0, 0.0)	(37.0, 0.0)	(38.0, 0.0)	(39.0, 0.0)	(40.0, 0.0)	(41.0, 0.0)	(42.0, 0.0009964029852234087)	(43.0, 0.0019928059704468174)	(44.0, 0.0009964029852234087)	(45.0, 0.0019928059704468174)	(46.0, 0.0019928059704468174)	(47.0, 0.002989208955670226)	(48.0, 0.00697482089656386)	(49.0, 0.019928059704468166)	(50.0, 0.10860792538935148)	(51.0, 0.4683094030550023)	(52.0, 1.7427088211557307)	(53.0, 3.8640507766963346)	(54.0, 12.894451031777765)	(55.0, 28.37954982513129)	(56.0, 22.714002451145525)	(57.0, 10.326720538856762)	(58.0, 4.638255896214747)	(59.0, 3.544205418439693)	(60.0, 4.493777463357386)	(61.0, 3.635874493080226)	(62.0, 2.1472484331564807)	(63.0, 0.5310827911240789)	(64.0, 0.19429858211856516)	(65.0, 0.10761152240412807)	(66.0, 0.05181295523161726)	(67.0, 0.030888492541925668)	(68.0, 0.026902880601032027)	(69.0, 0.020924462689691573)	(70.0, 0.009964029852234086)	(71.0, 0.009964029852234086)	(72.0, 0.004982014926117042)	(73.0, 0.003985611940893635)	(74.0, 0.0019928059704468174)	(75.0, 0.002989208955670226)	(76.0, 0.004982014926117042)	(77.0, 0.0009964029852234087)	(78.0, 0.0)	(79.0, 0.0)	(80.0, 0.0)	(81.0, 0.0)	(82.0, 0.0)	(83.0, 0.0)	(84.0, 0.0)	(85.0, 0.0)	(86.0, 0.0)	(87.0, 0.0)	(88.0, 0.0)	(89.0, 0.0)	(90.0, 0.0009964029852234087)	(91.0, 0.0)	(92.0, 0.0)	(93.0, 0.0)	(94.0, 0.0)	(95.0, 0.0)	(96.0, 0.0)	(97.0, 0.0)	(98.0, 0.0)	(99.0, 0.0)	(100.0, 0.0)
SRR29920147_1	(0.0, 0.0)	(1.0, 0.0)	(2.0, 0.0)	(3.0, 0.0)	(4.0, 0.0)	(5.0, 0.0)	(6.0, 0.0)	(7.0, 0.0)	(8.0, 0.0)	(9.0, 0.0)	(10.0, 0.0)	(11.0, 0.0)	(12.0, 0.0)	(13.0, 0.0)	(14.0, 0.0)	(15.0, 0.0)	(16.0, 0.0)	(17.0, 0.0)	(18.0, 0.0)	(19.0, 0.0)	(20.0, 0.0)	(21.0, 0.0)	(22.0, 0.0)	(23.0, 0.0)	(24.0, 0.0)	(25.0, 0.0)	(26.0, 0.0)	(27.0, 0.0)	(28.0, 0.0)	(29.0, 0.0)	(30.0, 0.0)	(31.0, 0.0)	(32.0, 0.0)	(33.0, 0.0)	(34.0, 0.0)	(35.0, 0.0009868063984522955)	(36.0, 0.0)	(37.0, 0.0)	(38.0, 0.0009868063984522955)	(39.0, 0.0)	(40.0, 0.0009868063984522955)	(41.0, 0.002960419195356886)	(42.0, 0.0009868063984522955)	(43.0, 0.001973612796904591)	(44.0, 0.0009868063984522955)	(45.0, 0.002960419195356886)	(46.0, 0.008881257586070659)	(47.0, 0.011841676781427545)	(48.0, 0.01085487038297525)	(49.0, 0.05131393271951938)	(50.0, 0.2743321787697374)	(51.0, 0.6858304469243518)	(52.0, 7.360588926055709)	(53.0, 44.50694218302345)	(54.0, 35.80232294225991)	(55.0, 5.911957133127184)	(56.0, 1.927232896177345)	(57.0, 1.8285522563321042)	(58.0, 1.1259461006340568)	(59.0, 0.2338731164331939)	(60.0, 0.1371660893848692)	(61.0, 0.04637990072725791)	(62.0, 0.01776251517214131)	(63.0, 0.009868063984522954)	(64.0, 0.0059208383907137715)	(65.0, 0.003947225593809182)	(66.0, 0.0059208383907137715)	(67.0, 0.001973612796904591)	(68.0, 0.0009868063984522955)	(69.0, 0.004934031992261476)	(70.0, 0.007894451187618364)	(71.0, 0.002960419195356886)	(72.0, 0.0009868063984522955)	(73.0, 0.0)	(74.0, 0.0)	(75.0, 0.0)	(76.0, 0.0)	(77.0, 0.0)	(78.0, 0.0)	(79.0, 0.0)	(80.0, 0.0)	(81.0, 0.0)	(82.0, 0.0)	(83.0, 0.0)	(84.0, 0.0)	(85.0, 0.0)	(86.0, 0.0)	(87.0, 0.0)	(88.0, 0.0)	(89.0, 0.0)	(90.0, 0.0)	(91.0, 0.0)	(92.0, 0.0)	(93.0, 0.0)	(94.0, 0.0)	(95.0, 0.0)	(96.0, 0.0)	(97.0, 0.0)	(98.0, 0.0)	(99.0, 0.0)	(100.0, 0.0)
SRR29920147_2	(0.0, 0.0)	(1.0, 0.0)	(2.0, 0.0)	(3.0, 0.0)	(4.0, 0.0)	(5.0, 0.0)	(6.0, 0.0)	(7.0, 0.0)	(8.0, 0.0)	(9.0, 0.0)	(10.0, 0.0)	(11.0, 0.0)	(12.0, 0.0)	(13.0, 0.0)	(14.0, 0.0)	(15.0, 0.0)	(16.0, 0.0)	(17.0, 0.0)	(18.0, 0.0)	(19.0, 0.0)	(20.0, 0.0)	(21.0, 0.0)	(22.0, 0.0)	(23.0, 0.0)	(24.0, 0.0)	(25.0, 0.0)	(26.0, 0.0)	(27.0, 0.0)	(28.0, 0.0)	(29.0, 0.0)	(30.0, 0.0)	(31.0, 0.0)	(32.0, 0.0)	(33.0, 0.0)	(34.0, 0.0)	(35.0, 0.0)	(36.0, 0.000987371518280844)	(37.0, 0.000987371518280844)	(38.0, 0.000987371518280844)	(39.0, 0.0)	(40.0, 0.000987371518280844)	(41.0, 0.000987371518280844)	(42.0, 0.0)	(43.0, 0.001974743036561688)	(44.0, 0.0029621145548425314)	(45.0, 0.006911600627965906)	(46.0, 0.006911600627965906)	(47.0, 0.00987371518280844)	(48.0, 0.008886343664527594)	(49.0, 0.014810572774212657)	(50.0, 0.029621145548425317)	(51.0, 0.1421814986324417)	(52.0, 0.7069580070890914)	(53.0, 1.5472111691460513)	(54.0, 8.189259372621732)	(55.0, 40.68760552533806)	(56.0, 36.4991755447831)	(57.0, 5.2636775639548095)	(58.0, 1.6113903178343134)	(59.0, 0.9024575677086918)	(60.0, 0.826429960801071)	(61.0, 1.5314132248535557)	(62.0, 1.3912064692576818)	(63.0, 0.3406431738068895)	(64.0, 0.12045932523026298)	(65.0, 0.05924229109685063)	(66.0, 0.030608517066706163)	(67.0, 0.023696916438740244)	(68.0, 0.014810572774212657)	(69.0, 0.005924229109685063)	(70.0, 0.001974743036561688)	(71.0, 0.0029621145548425314)	(72.0, 0.000987371518280844)	(73.0, 0.0)	(74.0, 0.0029621145548425314)	(75.0, 0.001974743036561688)	(76.0, 0.001974743036561688)	(77.0, 0.001974743036561688)	(78.0, 0.0)	(79.0, 0.0)	(80.0, 0.000987371518280844)	(81.0, 0.000987371518280844)	(82.0, 0.0)	(83.0, 0.0)	(84.0, 0.0)	(85.0, 0.0)	(86.0, 0.0)	(87.0, 0.0)	(88.0, 0.0)	(89.0, 0.0)	(90.0, 0.0)	(91.0, 0.000987371518280844)	(92.0, 0.000987371518280844)	(93.0, 0.0)	(94.0, 0.0)	(95.0, 0.0)	(96.0, 0.0)	(97.0, 0.0)	(98.0, 0.0)	(99.0, 0.0)	(100.0, 0.0)
SRR29920148_1	(0.0, 0.0)	(1.0, 0.0)	(2.0, 0.0)	(3.0, 0.0)	(4.0, 0.0)	(5.0, 0.0)	(6.0, 0.0)	(7.0, 0.0)	(8.0, 0.0)	(9.0, 0.0)	(10.0, 0.0)	(11.0, 0.0)	(12.0, 0.0)	(13.0, 0.0)	(14.0, 0.0)	(15.0, 0.0)	(16.0, 0.0)	(17.0, 0.0)	(18.0, 0.0)	(19.0, 0.0)	(20.0, 0.0)	(21.0, 0.0)	(22.0, 0.0)	(23.0, 0.0010327484534588232)	(24.0, 0.0010327484534588232)	(25.0, 0.0)	(26.0, 0.0)	(27.0, 0.0)	(28.0, 0.0010327484534588232)	(29.0, 0.0010327484534588232)	(30.0, 0.0)	(31.0, 0.0)	(32.0, 0.0)	(33.0, 0.0)	(34.0, 0.0)	(35.0, 0.0)	(36.0, 0.0010327484534588232)	(37.0, 0.0)	(38.0, 0.0)	(39.0, 0.0)	(40.0, 0.0020654969069176464)	(41.0, 0.0010327484534588232)	(42.0, 0.0)	(43.0, 0.0010327484534588232)	(44.0, 0.0010327484534588232)	(45.0, 0.0010327484534588232)	(46.0, 0.004130993813835293)	(47.0, 0.00309824536037647)	(48.0, 0.0134257298949647)	(49.0, 0.0733251401955764)	(50.0, 0.43685259581308106)	(51.0, 0.9305063565664009)	(52.0, 8.112239101919283)	(53.0, 45.771411457322905)	(54.0, 34.659038098085745)	(55.0, 4.37885344266528)	(56.0, 1.6420700409994988)	(57.0, 2.2617191130748635)	(58.0, 1.316754278159979)	(59.0, 0.20035319997101222)	(60.0, 0.08261987627670578)	(61.0, 0.03821169277797647)	(62.0, 0.01755672370879999)	(63.0, 0.00929473608112941)	(64.0, 0.004130993813835293)	(65.0, 0.0051637422672941155)	(66.0, 0.008261987627670586)	(67.0, 0.00309824536037647)	(68.0, 0.0)	(69.0, 0.008261987627670586)	(70.0, 0.006196490720752939)	(71.0, 0.0020654969069176464)	(72.0, 0.0)	(73.0, 0.0)	(74.0, 0.0)	(75.0, 0.0)	(76.0, 0.0)	(77.0, 0.0)	(78.0, 0.0)	(79.0, 0.0)	(80.0, 0.0)	(81.0, 0.0)	(82.0, 0.0)	(83.0, 0.0)	(84.0, 0.0)	(85.0, 0.0)	(86.0, 0.0)	(87.0, 0.0)	(88.0, 0.0)	(89.0, 0.0)	(90.0, 0.0)	(91.0, 0.0)	(92.0, 0.0)	(93.0, 0.0)	(94.0, 0.0)	(95.0, 0.0)	(96.0, 0.0)	(97.0, 0.0)	(98.0, 0.0)	(99.0, 0.0)	(100.0, 0.0)
SRR29920148_2	(0.0, 0.0)	(1.0, 0.0)	(2.0, 0.0)	(3.0, 0.0)	(4.0, 0.0)	(5.0, 0.0)	(6.0, 0.0)	(7.0, 0.0)	(8.0, 0.0)	(9.0, 0.0)	(10.0, 0.0)	(11.0, 0.0)	(12.0, 0.0)	(13.0, 0.0)	(14.0, 0.0)	(15.0, 0.0)	(16.0, 0.0)	(17.0, 0.0)	(18.0, 0.0)	(19.0, 0.0)	(20.0, 0.0)	(21.0, 0.0)	(22.0, 0.0)	(23.0, 0.0)	(24.0, 0.0)	(25.0, 0.0)	(26.0, 0.0)	(27.0, 0.0)	(28.0, 0.0)	(29.0, 0.0)	(30.0, 0.0)	(31.0, 0.0)	(32.0, 0.0010336024144949208)	(33.0, 0.0010336024144949208)	(34.0, 0.0)	(35.0, 0.0)	(36.0, 0.0)	(37.0, 0.0)	(38.0, 0.0)	(39.0, 0.0)	(40.0, 0.0)	(41.0, 0.0)	(42.0, 0.0010336024144949208)	(43.0, 0.0010336024144949208)	(44.0, 0.0010336024144949208)	(45.0, 0.004134409657979683)	(46.0, 0.004134409657979683)	(47.0, 0.0020672048289898416)	(48.0, 0.007235216901464445)	(49.0, 0.023772855533383166)	(50.0, 0.04341130140878669)	(51.0, 0.08268819315959357)	(52.0, 0.3700296643891797)	(53.0, 1.0925177521211231)	(54.0, 7.798530217364258)	(55.0, 41.04021746995453)	(56.0, 37.01950407756197)	(57.0, 4.795915203256207)	(58.0, 1.4697826334117479)	(59.0, 0.9478134140918425)	(60.0, 0.7669329915552394)	(61.0, 1.8460139122879213)	(62.0, 1.9483405513229302)	(63.0, 0.41240736338347156)	(64.0, 0.13953632595681442)	(65.0, 0.07338577142913932)	(66.0, 0.03514248209282731)	(67.0, 0.020672048289898406)	(68.0, 0.01757124104641365)	(69.0, 0.012403228973939048)	(70.0, 0.006201614486969524)	(71.0, 0.0020672048289898416)	(72.0, 0.0010336024144949208)	(73.0, 0.0)	(74.0, 0.0010336024144949208)	(75.0, 0.0010336024144949208)	(76.0, 0.0)	(77.0, 0.0)	(78.0, 0.0)	(79.0, 0.0010336024144949208)	(80.0, 0.004134409657979683)	(81.0, 0.0020672048289898416)	(82.0, 0.0010336024144949208)	(83.0, 0.0)	(84.0, 0.0)	(85.0, 0.0)	(86.0, 0.0)	(87.0, 0.0)	(88.0, 0.0)	(89.0, 0.0)	(90.0, 0.0)	(91.0, 0.0010336024144949208)	(92.0, 0.0)	(93.0, 0.0)	(94.0, 0.0)	(95.0, 0.0)	(96.0, 0.0)	(97.0, 0.0)	(98.0, 0.0)	(99.0, 0.0)	(100.0, 0.0)
SRR29920149_1	(0.0, 0.0)	(1.0, 0.0)	(2.0, 0.0)	(3.0, 0.0)	(4.0, 0.0)	(5.0, 0.0)	(6.0, 0.0)	(7.0, 0.0)	(8.0, 0.0)	(9.0, 0.0)	(10.0, 0.0)	(11.0, 0.0)	(12.0, 0.0)	(13.0, 0.0)	(14.0, 0.0)	(15.0, 0.0)	(16.0, 0.0)	(17.0, 0.0)	(18.0, 0.0)	(19.0, 0.0)	(20.0, 0.0)	(21.0, 0.0)	(22.0, 0.0)	(23.0, 0.0)	(24.0, 0.0)	(25.0, 0.0)	(26.0, 0.0)	(27.0, 0.0)	(28.0, 0.0)	(29.0, 0.0)	(30.0, 0.0)	(31.0, 0.0)	(32.0, 0.0)	(33.0, 0.0)	(34.0, 0.0)	(35.0, 0.0)	(36.0, 0.0)	(37.0, 0.0)	(38.0, 0.0)	(39.0, 0.0)	(40.0, 0.0)	(41.0, 0.0018055756175071505)	(42.0, 0.0018055756175071505)	(43.0, 0.0)	(44.0, 0.0)	(45.0, 0.0018055756175071505)	(46.0, 0.005416726852521452)	(47.0, 0.021666907410085808)	(48.0, 0.043333814820171596)	(49.0, 0.2997255525061876)	(50.0, 1.9193268814100866)	(51.0, 3.4757330637012815)	(52.0, 10.732341470461575)	(53.0, 40.48281092011522)	(54.0, 29.629495883289607)	(55.0, 5.622562472917501)	(56.0, 3.672540806009583)	(57.0, 2.2226635851512704)	(58.0, 1.1718185757621502)	(59.0, 0.3123645818287378)	(60.0, 0.24014155712845123)	(61.0, 0.08305647840532897)	(62.0, 0.028889209880114404)	(63.0, 0.016250180557564355)	(64.0, 0.0018055756175071505)	(65.0, 0.003611151235014301)	(66.0, 0.003611151235014301)	(67.0, 0.0)	(68.0, 0.0)	(69.0, 0.0018055756175071505)	(70.0, 0.0018055756175071505)	(71.0, 0.0)	(72.0, 0.0)	(73.0, 0.0)	(74.0, 0.0018055756175071505)	(75.0, 0.0)	(76.0, 0.0)	(77.0, 0.0)	(78.0, 0.0)	(79.0, 0.0)	(80.0, 0.0)	(81.0, 0.0)	(82.0, 0.0)	(83.0, 0.0)	(84.0, 0.0)	(85.0, 0.0)	(86.0, 0.0)	(87.0, 0.0)	(88.0, 0.0)	(89.0, 0.0)	(90.0, 0.0)	(91.0, 0.0)	(92.0, 0.0)	(93.0, 0.0)	(94.0, 0.0)	(95.0, 0.0)	(96.0, 0.0)	(97.0, 0.0)	(98.0, 0.0)	(99.0, 0.0)	(100.0, 0.0)
SRR29920149_2	(0.0, 0.0)	(1.0, 0.0)	(2.0, 0.0)	(3.0, 0.0)	(4.0, 0.0)	(5.0, 0.0)	(6.0, 0.0)	(7.0, 0.0)	(8.0, 0.0)	(9.0, 0.0)	(10.0, 0.0)	(11.0, 0.0)	(12.0, 0.0)	(13.0, 0.0)	(14.0, 0.0)	(15.0, 0.0)	(16.0, 0.0)	(17.0, 0.0)	(18.0, 0.0)	(19.0, 0.0)	(20.0, 0.0)	(21.0, 0.0)	(22.0, 0.0)	(23.0, 0.0)	(24.0, 0.0)	(25.0, 0.0)	(26.0, 0.0)	(27.0, 0.0)	(28.0, 0.0)	(29.0, 0.0)	(30.0, 0.0)	(31.0, 0.0)	(32.0, 0.0)	(33.0, 0.0)	(34.0, 0.0)	(35.0, 0.0)	(36.0, 0.0)	(37.0, 0.0)	(38.0, 0.0)	(39.0, 0.0)	(40.0, 0.0)	(41.0, 0.0)	(42.0, 0.0018038168765109285)	(43.0, 0.003607633753021857)	(44.0, 0.003607633753021857)	(45.0, 0.003607633753021857)	(46.0, 0.003607633753021857)	(47.0, 0.003607633753021857)	(48.0, 0.01082290125906557)	(49.0, 0.08838702694903555)	(50.0, 0.1912045889101583)	(51.0, 0.369782459684741)	(52.0, 2.3413543057111466)	(53.0, 4.704354413940658)	(54.0, 12.75659295068504)	(55.0, 38.67563764925983)	(56.0, 28.6860997871514)	(57.0, 4.529384176919078)	(58.0, 1.7641329052276822)	(59.0, 1.1346008153253828)	(60.0, 0.9794725639454385)	(61.0, 1.652296258884011)	(62.0, 1.4773260218624609)	(63.0, 0.3030412352538367)	(64.0, 0.15512825137993969)	(65.0, 0.0847793931960137)	(66.0, 0.025253436271152997)	(67.0, 0.014430535012087428)	(68.0, 0.012626718135576498)	(69.0, 0.007215267506043714)	(70.0, 0.005411450629532786)	(71.0, 0.003607633753021857)	(72.0, 0.0018038168765109285)	(73.0, 0.0018038168765109285)	(74.0, 0.0)	(75.0, 0.0)	(76.0, 0.0018038168765109285)	(77.0, 0.0)	(78.0, 0.0)	(79.0, 0.0)	(80.0, 0.0)	(81.0, 0.0)	(82.0, 0.0)	(83.0, 0.0)	(84.0, 0.0)	(85.0, 0.0)	(86.0, 0.0)	(87.0, 0.0018038168765109285)	(88.0, 0.0)	(89.0, 0.0)	(90.0, 0.0)	(91.0, 0.0)	(92.0, 0.0)	(93.0, 0.0)	(94.0, 0.0)	(95.0, 0.0)	(96.0, 0.0)	(97.0, 0.0)	(98.0, 0.0)	(99.0, 0.0)	(100.0, 0.0)
SRR29920150_1	(0.0, 0.0)	(1.0, 0.0)	(2.0, 0.0)	(3.0, 0.0)	(4.0, 0.0)	(5.0, 0.0)	(6.0, 0.0)	(7.0, 0.0)	(8.0, 0.0)	(9.0, 0.0)	(10.0, 0.0)	(11.0, 0.0)	(12.0, 0.0)	(13.0, 0.0)	(14.0, 0.0)	(15.0, 0.0)	(16.0, 0.0)	(17.0, 0.0)	(18.0, 0.0)	(19.0, 0.0)	(20.0, 0.0)	(21.0, 0.0)	(22.0, 0.0)	(23.0, 0.0)	(24.0, 0.0)	(25.0, 0.0)	(26.0, 0.0)	(27.0, 0.0)	(28.0, 0.0)	(29.0, 0.0)	(30.0, 0.0)	(31.0, 0.0016103318894026063)	(32.0, 0.0016103318894026063)	(33.0, 0.0)	(34.0, 0.0016103318894026063)	(35.0, 0.0016103318894026063)	(36.0, 0.0)	(37.0, 0.0)	(38.0, 0.0)	(39.0, 0.0)	(40.0, 0.0016103318894026063)	(41.0, 0.0016103318894026063)	(42.0, 0.0)	(43.0, 0.0016103318894026063)	(44.0, 0.0)	(45.0, 0.0)	(46.0, 0.0)	(47.0, 0.0032206637788052125)	(48.0, 0.030596305898649513)	(49.0, 0.1497608657144422)	(50.0, 0.647353419539845)	(51.0, 2.9179213835975166)	(52.0, 12.587964379460498)	(53.0, 44.0699528172749)	(54.0, 31.134156749703273)	(55.0, 4.607159535581043)	(56.0, 1.4589606917987628)	(57.0, 1.275382856406876)	(58.0, 0.7407526691251988)	(59.0, 0.18196750350249447)	(60.0, 0.08051659447013036)	(61.0, 0.04186862912446775)	(62.0, 0.020934314562233883)	(63.0, 0.019323982672831277)	(64.0, 0.0032206637788052125)	(65.0, 0.0016103318894026063)	(66.0, 0.006441327557610425)	(67.0, 0.0016103318894026063)	(68.0, 0.0032206637788052125)	(69.0, 0.0016103318894026063)	(70.0, 0.0016103318894026063)	(71.0, 0.0016103318894026063)	(72.0, 0.0)	(73.0, 0.0)	(74.0, 0.0)	(75.0, 0.0)	(76.0, 0.0)	(77.0, 0.0)	(78.0, 0.0)	(79.0, 0.0)	(80.0, 0.0)	(81.0, 0.0)	(82.0, 0.0)	(83.0, 0.0)	(84.0, 0.0)	(85.0, 0.0)	(86.0, 0.0)	(87.0, 0.0)	(88.0, 0.0)	(89.0, 0.0)	(90.0, 0.0)	(91.0, 0.0)	(92.0, 0.0)	(93.0, 0.0)	(94.0, 0.0)	(95.0, 0.0)	(96.0, 0.0)	(97.0, 0.0)	(98.0, 0.0)	(99.0, 0.0)	(100.0, 0.0)
SRR29920150_2	(0.0, 0.0)	(1.0, 0.0)	(2.0, 0.0)	(3.0, 0.0)	(4.0, 0.0)	(5.0, 0.0)	(6.0, 0.0)	(7.0, 0.0)	(8.0, 0.0)	(9.0, 0.0)	(10.0, 0.0)	(11.0, 0.0)	(12.0, 0.0)	(13.0, 0.0)	(14.0, 0.0)	(15.0, 0.0)	(16.0, 0.0)	(17.0, 0.0)	(18.0, 0.0)	(19.0, 0.0)	(20.0, 0.0)	(21.0, 0.0)	(22.0, 0.0)	(23.0, 0.0)	(24.0, 0.0)	(25.0, 0.0)	(26.0, 0.0)	(27.0, 0.0)	(28.0, 0.0)	(29.0, 0.0)	(30.0, 0.0)	(31.0, 0.0)	(32.0, 0.0)	(33.0, 0.0)	(34.0, 0.0)	(35.0, 0.0)	(36.0, 0.0)	(37.0, 0.0)	(38.0, 0.0)	(39.0, 0.0)	(40.0, 0.0)	(41.0, 0.0016138142499799947)	(42.0, 0.0032276284999599894)	(43.0, 0.0016138142499799947)	(44.0, 0.0032276284999599894)	(45.0, 0.004841442749939986)	(46.0, 0.0032276284999599894)	(47.0, 0.008069071249899975)	(48.0, 0.012910513999839958)	(49.0, 0.05648349874929984)	(50.0, 0.2049544097474595)	(51.0, 0.5825869442427751)	(52.0, 3.7795529734532396)	(53.0, 8.306301944646497)	(54.0, 17.395303800536865)	(55.0, 38.386185750010895)	(56.0, 22.89518276446701)	(57.0, 3.5003631082066686)	(58.0, 1.4459775679820779)	(59.0, 0.7552650689906379)	(60.0, 0.5051238602437366)	(61.0, 0.9005083514888416)	(62.0, 0.8520939239894405)	(63.0, 0.2049544097474595)	(64.0, 0.07746308399903981)	(65.0, 0.030662470749619898)	(66.0, 0.022593399499719925)	(67.0, 0.024207213749699922)	(68.0, 0.011296699749859963)	(69.0, 0.011296699749859963)	(70.0, 0.006455256999919979)	(71.0, 0.0032276284999599894)	(72.0, 0.0)	(73.0, 0.0)	(74.0, 0.0016138142499799947)	(75.0, 0.0)	(76.0, 0.0)	(77.0, 0.0)	(78.0, 0.0)	(79.0, 0.0)	(80.0, 0.0)	(81.0, 0.0)	(82.0, 0.0)	(83.0, 0.0)	(84.0, 0.0)	(85.0, 0.0)	(86.0, 0.0)	(87.0, 0.0)	(88.0, 0.0)	(89.0, 0.0)	(90.0, 0.0)	(91.0, 0.0)	(92.0, 0.0)	(93.0, 0.0)	(94.0, 0.0)	(95.0, 0.0)	(96.0, 0.0)	(97.0, 0.0016138142499799947)	(98.0, 0.0)	(99.0, 0.0)	(100.0, 0.0)
SRR29920151_1	(0.0, 0.0)	(1.0, 0.0)	(2.0, 0.0)	(3.0, 0.0)	(4.0, 0.0)	(5.0, 0.0)	(6.0, 0.0)	(7.0, 0.0)	(8.0, 0.0)	(9.0, 0.0)	(10.0, 0.0)	(11.0, 0.0)	(12.0, 0.0)	(13.0, 0.0)	(14.0, 0.0)	(15.0, 0.0)	(16.0, 0.0)	(17.0, 0.0)	(18.0, 0.0)	(19.0, 0.0)	(20.0, 0.0)	(21.0, 0.0)	(22.0, 0.0)	(23.0, 0.0)	(24.0, 0.0)	(25.0, 0.0)	(26.0, 0.0)	(27.0, 0.0)	(28.0, 0.0012550043297650452)	(29.0, 0.0012550043297650452)	(30.0, 0.0)	(31.0, 0.0)	(32.0, 0.0)	(33.0, 0.0)	(34.0, 0.0)	(35.0, 0.0)	(36.0, 0.0012550043297650452)	(37.0, 0.0012550043297650452)	(38.0, 0.0025100086595300905)	(39.0, 0.0)	(40.0, 0.0)	(41.0, 0.0025100086595300905)	(42.0, 0.0025100086595300905)	(43.0, 0.0012550043297650452)	(44.0, 0.005020017319060181)	(45.0, 0.005020017319060181)	(46.0, 0.011295038967885406)	(47.0, 0.08032027710496285)	(48.0, 0.23719581832559417)	(49.0, 0.32755613006867623)	(50.0, 1.1169538534908925)	(51.0, 4.679911145693841)	(52.0, 19.323301665391657)	(53.0, 35.312056826595985)	(54.0, 23.010504386238008)	(55.0, 7.900252255870344)	(56.0, 4.566960756015012)	(57.0, 2.120957317302904)	(58.0, 0.9412532473237941)	(59.0, 0.1907606581242872)	(60.0, 0.06902523813707749)	(61.0, 0.037650129892951356)	(62.0, 0.011295038967885406)	(63.0, 0.006275021648825226)	(64.0, 0.006275021648825226)	(65.0, 0.008785030308355314)	(66.0, 0.005020017319060181)	(67.0, 0.0037650129892951357)	(68.0, 0.0012550043297650452)	(69.0, 0.0025100086595300905)	(70.0, 0.0012550043297650452)	(71.0, 0.0025100086595300905)	(72.0, 0.0012550043297650452)	(73.0, 0.0)	(74.0, 0.0)	(75.0, 0.0)	(76.0, 0.0)	(77.0, 0.0)	(78.0, 0.0)	(79.0, 0.0)	(80.0, 0.0)	(81.0, 0.0)	(82.0, 0.0)	(83.0, 0.0)	(84.0, 0.0)	(85.0, 0.0)	(86.0, 0.0)	(87.0, 0.0)	(88.0, 0.0)	(89.0, 0.0)	(90.0, 0.0)	(91.0, 0.0)	(92.0, 0.0)	(93.0, 0.0)	(94.0, 0.0)	(95.0, 0.0)	(96.0, 0.0)	(97.0, 0.0)	(98.0, 0.0)	(99.0, 0.0)	(100.0, 0.0)
SRR29920151_2	(0.0, 0.0)	(1.0, 0.0)	(2.0, 0.0)	(3.0, 0.0)	(4.0, 0.0)	(5.0, 0.0)	(6.0, 0.0)	(7.0, 0.0)	(8.0, 0.0)	(9.0, 0.0)	(10.0, 0.0)	(11.0, 0.0)	(12.0, 0.0)	(13.0, 0.0)	(14.0, 0.0)	(15.0, 0.0)	(16.0, 0.0)	(17.0, 0.0)	(18.0, 0.0)	(19.0, 0.0)	(20.0, 0.0)	(21.0, 0.0)	(22.0, 0.0)	(23.0, 0.0)	(24.0, 0.0)	(25.0, 0.0)	(26.0, 0.0)	(27.0, 0.0)	(28.0, 0.0)	(29.0, 0.0)	(30.0, 0.0)	(31.0, 0.0)	(32.0, 0.0)	(33.0, 0.0)	(34.0, 0.0)	(35.0, 0.0)	(36.0, 0.0)	(37.0, 0.0)	(38.0, 0.0)	(39.0, 0.0)	(40.0, 0.0025107806644782443)	(41.0, 0.0025107806644782443)	(42.0, 0.0025107806644782443)	(43.0, 0.0025107806644782443)	(44.0, 0.0012553903322391222)	(45.0, 0.005021561328956489)	(46.0, 0.005021561328956489)	(47.0, 0.0037661709967173663)	(48.0, 0.012553903322391223)	(49.0, 0.06402490694419526)	(50.0, 0.2523334567800641)	(51.0, 0.6741446084124113)	(52.0, 3.2953996221278072)	(53.0, 7.136894038778839)	(54.0, 20.937399961081873)	(55.0, 34.537043430225964)	(56.0, 16.57617394688713)	(57.0, 5.782327870293134)	(58.0, 3.9318825205730885)	(59.0, 1.9307903309837262)	(60.0, 1.5516624506475327)	(61.0, 1.511489960015883)	(62.0, 1.2742211872227023)	(63.0, 0.2962721184084327)	(64.0, 0.10294200724360791)	(65.0, 0.04393866162836929)	(66.0, 0.02008624531582595)	(67.0, 0.007532341993434733)	(68.0, 0.005021561328956489)	(69.0, 0.0025107806644782443)	(70.0, 0.0037661709967173663)	(71.0, 0.006276951661195611)	(72.0, 0.0012553903322391222)	(73.0, 0.0012553903322391222)	(74.0, 0.0012553903322391222)	(75.0, 0.0025107806644782443)	(76.0, 0.0025107806644782443)	(77.0, 0.0012553903322391222)	(78.0, 0.0012553903322391222)	(79.0, 0.0)	(80.0, 0.0)	(81.0, 0.0)	(82.0, 0.0)	(83.0, 0.0)	(84.0, 0.0)	(85.0, 0.0012553903322391222)	(86.0, 0.0012553903322391222)	(87.0, 0.0)	(88.0, 0.0)	(89.0, 0.0)	(90.0, 0.0)	(91.0, 0.0)	(92.0, 0.0)	(93.0, 0.0)	(94.0, 0.0)	(95.0, 0.0)	(96.0, 0.0)	(97.0, 0.0)	(98.0, 0.0)	(99.0, 0.0025107806644782443)	(100.0, 0.0018830854983586832)
SRR29920152_1	(0.0, 0.0)	(1.0, 0.0)	(2.0, 0.0)	(3.0, 0.0)	(4.0, 0.0)	(5.0, 0.0)	(6.0, 0.0)	(7.0, 0.0)	(8.0, 0.0)	(9.0, 0.0)	(10.0, 0.0)	(11.0, 0.0)	(12.0, 0.0)	(13.0, 0.0)	(14.0, 0.0)	(15.0, 0.0)	(16.0, 0.0)	(17.0, 0.0)	(18.0, 0.0)	(19.0, 0.0)	(20.0, 0.0)	(21.0, 0.0)	(22.0, 0.0)	(23.0, 0.0)	(24.0, 0.0)	(25.0, 0.0)	(26.0, 0.0)	(27.0, 0.0)	(28.0, 0.0)	(29.0, 0.0)	(30.0, 0.0)	(31.0, 0.0)	(32.0, 0.0)	(33.0, 0.0)	(34.0, 0.0)	(35.0, 0.0)	(36.0, 0.0)	(37.0, 0.0)	(38.0, 0.002767093721464565)	(39.0, 0.0013835468607322826)	(40.0, 0.0013835468607322826)	(41.0, 0.0)	(42.0, 0.0)	(43.0, 0.0)	(44.0, 0.0013835468607322826)	(45.0, 0.002767093721464565)	(46.0, 0.01660256232878739)	(47.0, 0.08716345222613377)	(48.0, 0.2116826696920396)	(49.0, 0.4828578543955643)	(50.0, 2.7850798306541114)	(51.0, 10.307424112455553)	(52.0, 26.50875785162498)	(53.0, 25.68416392262929)	(54.0, 15.315863748308695)	(55.0, 10.58136639088067)	(56.0, 5.711281441102723)	(57.0, 1.4499571100474222)	(58.0, 0.5022275104458159)	(59.0, 0.17986109189519686)	(60.0, 0.06917734303661416)	(61.0, 0.03320512465757477)	(62.0, 0.020753202910984234)	(63.0, 0.01106837488585826)	(64.0, 0.00553418744292913)	(65.0, 0.004150640582196848)	(66.0, 0.002767093721464565)	(67.0, 0.002767093721464565)	(68.0, 0.0)	(69.0, 0.006917734303661412)	(70.0, 0.009684828025125977)	(71.0, 0.0)	(72.0, 0.0)	(73.0, 0.0)	(74.0, 0.0)	(75.0, 0.0)	(76.0, 0.0)	(77.0, 0.0)	(78.0, 0.0)	(79.0, 0.0)	(80.0, 0.0)	(81.0, 0.0)	(82.0, 0.0)	(83.0, 0.0)	(84.0, 0.0)	(85.0, 0.0)	(86.0, 0.0)	(87.0, 0.0)	(88.0, 0.0)	(89.0, 0.0)	(90.0, 0.0)	(91.0, 0.0)	(92.0, 0.0)	(93.0, 0.0)	(94.0, 0.0)	(95.0, 0.0)	(96.0, 0.0)	(97.0, 0.0)	(98.0, 0.0)	(99.0, 0.0)	(100.0, 0.0)
SRR29920152_2	(0.0, 0.0)	(1.0, 0.0)	(2.0, 0.0)	(3.0, 0.0)	(4.0, 0.0)	(5.0, 0.0)	(6.0, 0.0)	(7.0, 0.0)	(8.0, 0.0)	(9.0, 0.0)	(10.0, 0.0)	(11.0, 0.0)	(12.0, 0.0)	(13.0, 0.0)	(14.0, 0.0)	(15.0, 0.0)	(16.0, 0.0)	(17.0, 0.0)	(18.0, 0.0)	(19.0, 0.0)	(20.0, 0.0)	(21.0, 0.0)	(22.0, 0.0)	(23.0, 0.0)	(24.0, 0.0)	(25.0, 0.0)	(26.0, 0.0)	(27.0, 0.0)	(28.0, 0.0)	(29.0, 0.0)	(30.0, 0.0)	(31.0, 0.0)	(32.0, 0.0)	(33.0, 0.0)	(34.0, 0.0)	(35.0, 0.0)	(36.0, 0.0)	(37.0, 0.0)	(38.0, 0.0)	(39.0, 0.0)	(40.0, 0.0013842746400888133)	(41.0, 0.0)	(42.0, 0.0)	(43.0, 0.0013842746400888133)	(44.0, 0.0013842746400888133)	(45.0, 0.0013842746400888133)	(46.0, 0.0069213732004440665)	(47.0, 0.005537098560355253)	(48.0, 0.019379844961243384)	(49.0, 0.08305647840532879)	(50.0, 0.42774086378744175)	(51.0, 1.0202104097454663)	(52.0, 2.5124584717611915)	(53.0, 9.60686600221609)	(54.0, 28.928571428568272)	(55.0, 30.102436323362518)	(56.0, 12.807308970102884)	(57.0, 6.540697674419316)	(58.0, 3.1353820598012283)	(59.0, 1.3053709856037492)	(60.0, 1.2569213732006435)	(61.0, 1.1378737541530124)	(62.0, 0.7045957918052078)	(63.0, 0.1799557032115459)	(64.0, 0.08028792912515116)	(65.0, 0.05675526024364137)	(66.0, 0.02906976744186507)	(67.0, 0.01799557032115457)	(68.0, 0.0069213732004440665)	(69.0, 0.0069213732004440665)	(70.0, 0.0027685492801776267)	(71.0, 0.0013842746400888133)	(72.0, 0.0027685492801776267)	(73.0, 0.0027685492801776267)	(74.0, 0.0)	(75.0, 0.0027685492801776267)	(76.0, 0.0027685492801776267)	(77.0, 0.0)	(78.0, 0.0)	(79.0, 0.0)	(80.0, 0.0)	(81.0, 0.0)	(82.0, 0.0)	(83.0, 0.0)	(84.0, 0.0)	(85.0, 0.0)	(86.0, 0.0)	(87.0, 0.0)	(88.0, 0.0)	(89.0, 0.0)	(90.0, 0.0)	(91.0, 0.0)	(92.0, 0.0)	(93.0, 0.0)	(94.0, 0.0)	(95.0, 0.0)	(96.0, 0.0)	(97.0, 0.0)	(98.0, 0.0)	(99.0, 0.0)	(100.0, 0.0)
SRR29920153_1	(0.0, 0.0)	(1.0, 0.0)	(2.0, 0.0)	(3.0, 0.0)	(4.0, 0.0)	(5.0, 0.0)	(6.0, 0.0)	(7.0, 0.0)	(8.0, 0.0)	(9.0, 0.0)	(10.0, 0.0)	(11.0, 0.0)	(12.0, 0.0)	(13.0, 0.0)	(14.0, 0.0)	(15.0, 0.0)	(16.0, 0.0)	(17.0, 0.0)	(18.0, 0.0)	(19.0, 0.0)	(20.0, 0.0)	(21.0, 0.0)	(22.0, 0.0)	(23.0, 0.0)	(24.0, 0.0)	(25.0, 0.0)	(26.0, 0.0)	(27.0, 0.0)	(28.0, 0.0)	(29.0, 0.0)	(30.0, 0.0)	(31.0, 0.0)	(32.0, 0.0)	(33.0, 0.0)	(34.0, 0.0)	(35.0, 0.0)	(36.0, 0.0)	(37.0, 0.0)	(38.0, 0.0014235483365840117)	(39.0, 0.0014235483365840117)	(40.0, 0.0028470966731680234)	(41.0, 0.004270645009752036)	(42.0, 0.0028470966731680234)	(43.0, 0.0028470966731680234)	(44.0, 0.0014235483365840117)	(45.0, 0.0014235483365840117)	(46.0, 0.011388386692672094)	(47.0, 0.044129998434104374)	(48.0, 0.051247740117024446)	(49.0, 0.7103506199554234)	(50.0, 3.7482027702258307)	(51.0, 6.663629763549437)	(52.0, 14.063234017115075)	(53.0, 34.73030876762764)	(54.0, 26.695801955954785)	(55.0, 8.643785499737348)	(56.0, 2.1239341181832994)	(57.0, 1.1317209275842997)	(58.0, 0.995060287272234)	(59.0, 0.24200321721928256)	(60.0, 0.039859353424352324)	(61.0, 0.02562387005851221)	(62.0, 0.01423548336584012)	(63.0, 0.005694193346336047)	(64.0, 0.00854129001950407)	(65.0, 0.012811935029256106)	(66.0, 0.004270645009752036)	(67.0, 0.0014235483365840117)	(68.0, 0.0014235483365840117)	(69.0, 0.004270645009752036)	(70.0, 0.004270645009752036)	(71.0, 0.0014235483365840117)	(72.0, 0.0014235483365840117)	(73.0, 0.0014235483365840117)	(74.0, 0.0)	(75.0, 0.0)	(76.0, 0.0)	(77.0, 0.0)	(78.0, 0.0)	(79.0, 0.0)	(80.0, 0.0)	(81.0, 0.0)	(82.0, 0.0)	(83.0, 0.0)	(84.0, 0.0)	(85.0, 0.0)	(86.0, 0.0)	(87.0, 0.0)	(88.0, 0.0)	(89.0, 0.0)	(90.0, 0.0)	(91.0, 0.0)	(92.0, 0.0)	(93.0, 0.0)	(94.0, 0.0)	(95.0, 0.0)	(96.0, 0.0)	(97.0, 0.0)	(98.0, 0.0)	(99.0, 0.0)	(100.0, 0.0)
SRR29920153_2	(0.0, 0.0)	(1.0, 0.0)	(2.0, 0.0)	(3.0, 0.0)	(4.0, 0.0)	(5.0, 0.0)	(6.0, 0.0)	(7.0, 0.0)	(8.0, 0.0)	(9.0, 0.0)	(10.0, 0.0)	(11.0, 0.0)	(12.0, 0.0)	(13.0, 0.0)	(14.0, 0.0)	(15.0, 0.0)	(16.0, 0.0)	(17.0, 0.0)	(18.0, 0.0)	(19.0, 0.0)	(20.0, 0.0)	(21.0, 0.0)	(22.0, 0.0)	(23.0, 0.0)	(24.0, 0.0)	(25.0, 0.0)	(26.0, 0.0)	(27.0, 0.0)	(28.0, 0.0)	(29.0, 0.0)	(30.0, 0.0)	(31.0, 0.0)	(32.0, 0.0)	(33.0, 0.0)	(34.0, 0.0)	(35.0, 0.0)	(36.0, 0.0)	(37.0, 0.0)	(38.0, 0.0014255777153692882)	(39.0, 0.0)	(40.0, 0.0)	(41.0, 0.0)	(42.0, 0.0)	(43.0, 0.0014255777153692882)	(44.0, 0.0028511554307385765)	(45.0, 0.004276733146107865)	(46.0, 0.0014255777153692882)	(47.0, 0.005702310861477153)	(48.0, 0.008553466292215728)	(49.0, 0.048469642322555816)	(50.0, 0.16394143726746813)	(51.0, 0.4233965814646772)	(52.0, 1.1689737266028244)	(53.0, 4.862645587124731)	(54.0, 17.3136413531631)	(55.0, 33.20027941322428)	(56.0, 21.923959684663462)	(57.0, 9.326129413945344)	(58.0, 5.9189986742131335)	(59.0, 1.8974439391564895)	(60.0, 1.6579468829744628)	(61.0, 1.073460019673086)	(62.0, 0.5588264644247581)	(63.0, 0.19530414700559268)	(64.0, 0.07698119662994159)	(65.0, 0.05559753089940227)	(66.0, 0.03136270973812433)	(67.0, 0.019958088015170034)	(68.0, 0.014255777153692882)	(69.0, 0.011404621722954306)	(70.0, 0.007127888576846441)	(71.0, 0.005702310861477153)	(72.0, 0.0014255777153692882)	(73.0, 0.004276733146107865)	(74.0, 0.0028511554307385765)	(75.0, 0.0028511554307385765)	(76.0, 0.0028511554307385765)	(77.0, 0.0014255777153692882)	(78.0, 0.0)	(79.0, 0.0)	(80.0, 0.0)	(81.0, 0.0)	(82.0, 0.0)	(83.0, 0.0014255777153692882)	(84.0, 0.0014255777153692882)	(85.0, 0.0)	(86.0, 0.0)	(87.0, 0.0)	(88.0, 0.0)	(89.0, 0.0)	(90.0, 0.0)	(91.0, 0.0)	(92.0, 0.0)	(93.0, 0.0)	(94.0, 0.0)	(95.0, 0.0)	(96.0, 0.0)	(97.0, 0.0)	(98.0, 0.0)	(99.0, 0.0)	(100.0, 0.0)
SRR29920154_1	(0.0, 0.0)	(1.0, 0.0)	(2.0, 0.0)	(3.0, 0.0)	(4.0, 0.0)	(5.0, 0.0)	(6.0, 0.0)	(7.0, 0.0)	(8.0, 0.0)	(9.0, 0.0)	(10.0, 0.0)	(11.0, 0.0)	(12.0, 0.0)	(13.0, 0.0)	(14.0, 0.0)	(15.0, 0.0)	(16.0, 0.0)	(17.0, 0.0)	(18.0, 0.0)	(19.0, 0.0)	(20.0, 0.0)	(21.0, 0.0)	(22.0, 0.0)	(23.0, 0.0)	(24.0, 0.0)	(25.0, 0.0)	(26.0, 0.0)	(27.0, 0.0)	(28.0, 0.0)	(29.0, 0.0)	(30.0, 0.0)	(31.0, 0.0)	(32.0, 0.0)	(33.0, 0.0)	(34.0, 0.0)	(35.0, 0.0)	(36.0, 0.0)	(37.0, 0.0010520114458843926)	(38.0, 0.0)	(39.0, 0.0010520114458843926)	(40.0, 0.002104022891768785)	(41.0, 0.0)	(42.0, 0.0010520114458843926)	(43.0, 0.0031560343376531783)	(44.0, 0.002104022891768785)	(45.0, 0.0)	(46.0, 0.0)	(47.0, 0.00420804578353757)	(48.0, 0.0473405150647977)	(49.0, 0.21040228917687895)	(50.0, 1.0625315603432313)	(51.0, 3.9692391853217925)	(52.0, 20.192307692300776)	(53.0, 43.77209224038099)	(54.0, 21.69668405991409)	(55.0, 4.008163608819506)	(56.0, 1.6926864164279596)	(57.0, 1.469659989900468)	(58.0, 1.2781939067495196)	(59.0, 0.3629439488301137)	(60.0, 0.12098131627670515)	(61.0, 0.04628850361891331)	(62.0, 0.027352297592994207)	(63.0, 0.00841609156707514)	(64.0, 0.002104022891768785)	(65.0, 0.0)	(66.0, 0.0010520114458843926)	(67.0, 0.002104022891768785)	(68.0, 0.002104022891768785)	(69.0, 0.0031560343376531783)	(70.0, 0.0063120686753063565)	(71.0, 0.0010520114458843926)	(72.0, 0.0)	(73.0, 0.0)	(74.0, 0.0010520114458843926)	(75.0, 0.0010520114458843926)	(76.0, 0.0)	(77.0, 0.0)	(78.0, 0.0)	(79.0, 0.0)	(80.0, 0.0)	(81.0, 0.0)	(82.0, 0.0)	(83.0, 0.0)	(84.0, 0.0)	(85.0, 0.0)	(86.0, 0.0)	(87.0, 0.0)	(88.0, 0.0)	(89.0, 0.0)	(90.0, 0.0)	(91.0, 0.0)	(92.0, 0.0)	(93.0, 0.0)	(94.0, 0.0)	(95.0, 0.0)	(96.0, 0.0)	(97.0, 0.0)	(98.0, 0.0)	(99.0, 0.0)	(100.0, 0.0)
SRR29920154_2	(0.0, 0.0)	(1.0, 0.0)	(2.0, 0.0)	(3.0, 0.0)	(4.0, 0.0)	(5.0, 0.0)	(6.0, 0.0)	(7.0, 0.0)	(8.0, 0.0)	(9.0, 0.0)	(10.0, 0.0)	(11.0, 0.0)	(12.0, 0.0)	(13.0, 0.0)	(14.0, 0.0)	(15.0, 0.0)	(16.0, 0.0)	(17.0, 0.0)	(18.0, 0.0)	(19.0, 0.0)	(20.0, 0.0)	(21.0, 0.0)	(22.0, 0.0)	(23.0, 0.0)	(24.0, 0.0)	(25.0, 0.0)	(26.0, 0.0)	(27.0, 0.0)	(28.0, 0.0)	(29.0, 0.0)	(30.0, 0.0)	(31.0, 0.0)	(32.0, 0.0)	(33.0, 0.0)	(34.0, 0.0)	(35.0, 0.0)	(36.0, 0.0)	(37.0, 0.0)	(38.0, 0.0)	(39.0, 0.0)	(40.0, 0.0021115868046944195)	(41.0, 0.0031673802070416295)	(42.0, 0.0031673802070416295)	(43.0, 0.007390553816430469)	(44.0, 0.007390553816430469)	(45.0, 0.0031673802070416295)	(46.0, 0.0052789670117360495)	(47.0, 0.008446347218777678)	(48.0, 0.02322745485163861)	(49.0, 0.06757077775022141)	(50.0, 0.2766178714149685)	(51.0, 3.448221252066088)	(52.0, 20.473945658312633)	(53.0, 23.30136038979589)	(54.0, 16.080789311149886)	(55.0, 21.669103789768588)	(56.0, 8.363995333394861)	(57.0, 1.491836077516578)	(58.0, 0.7263858608148872)	(59.0, 0.7094931663773314)	(60.0, 1.138145287730283)	(61.0, 1.0938019648317026)	(62.0, 0.7274416542172345)	(63.0, 0.1689269443755539)	(64.0, 0.06757077775022141)	(65.0, 0.040120149289193996)	(66.0, 0.02428324825398582)	(67.0, 0.011613727425819311)	(68.0, 0.011613727425819311)	(69.0, 0.007390553816430469)	(70.0, 0.008446347218777678)	(71.0, 0.004223173609388839)	(72.0, 0.0052789670117360495)	(73.0, 0.0021115868046944195)	(74.0, 0.0021115868046944195)	(75.0, 0.0021115868046944195)	(76.0, 0.0010557934023472098)	(77.0, 0.0031673802070416295)	(78.0, 0.0010557934023472098)	(79.0, 0.0010557934023472098)	(80.0, 0.0021115868046944195)	(81.0, 0.0010557934023472098)	(82.0, 0.0)	(83.0, 0.0)	(84.0, 0.0)	(85.0, 0.0)	(86.0, 0.0)	(87.0, 0.0)	(88.0, 0.0)	(89.0, 0.0)	(90.0, 0.0)	(91.0, 0.0)	(92.0, 0.0)	(93.0, 0.0)	(94.0, 0.0)	(95.0, 0.0)	(96.0, 0.0)	(97.0, 0.0)	(98.0, 0.0)	(99.0, 0.0010557934023472098)	(100.0, 0.0015836901035208148)
SRR29920155_1	(0.0, 0.0)	(1.0, 0.0)	(2.0, 0.0)	(3.0, 0.0)	(4.0, 0.0)	(5.0, 0.0)	(6.0, 0.0)	(7.0, 0.0)	(8.0, 0.0)	(9.0, 0.0)	(10.0, 0.0)	(11.0, 0.0)	(12.0, 0.0)	(13.0, 0.0)	(14.0, 0.0)	(15.0, 0.0)	(16.0, 0.0)	(17.0, 0.0)	(18.0, 0.0)	(19.0, 0.0)	(20.0, 0.0)	(21.0, 0.0)	(22.0, 0.0)	(23.0, 0.0)	(24.0, 0.0)	(25.0, 0.0009648877353117557)	(26.0, 0.0009648877353117557)	(27.0, 0.0)	(28.0, 0.0)	(29.0, 0.0)	(30.0, 0.0)	(31.0, 0.0)	(32.0, 0.0)	(33.0, 0.0)	(34.0, 0.0)	(35.0, 0.0)	(36.0, 0.0)	(37.0, 0.0009648877353117557)	(38.0, 0.002894663205935267)	(39.0, 0.0)	(40.0, 0.0009648877353117557)	(41.0, 0.0019297754706235114)	(42.0, 0.0019297754706235114)	(43.0, 0.0009648877353117557)	(44.0, 0.0009648877353117557)	(45.0, 0.0009648877353117557)	(46.0, 0.0009648877353117557)	(47.0, 0.008683989617805803)	(48.0, 0.06947191694244637)	(49.0, 0.46025144974370785)	(50.0, 3.1802699755876325)	(51.0, 6.670268914209965)	(52.0, 12.15179613851814)	(53.0, 39.95600111928072)	(54.0, 29.864240295636712)	(55.0, 4.925751888766201)	(56.0, 1.2726869228761841)	(57.0, 0.7198062505425775)	(58.0, 0.4042879610956245)	(59.0, 0.13604917067895772)	(60.0, 0.07333146788369337)	(61.0, 0.032806183000599703)	(62.0, 0.0173679792356116)	(63.0, 0.012543540559052825)	(64.0, 0.0019297754706235114)	(65.0, 0.003859550941247023)	(66.0, 0.003859550941247023)	(67.0, 0.0009648877353117557)	(68.0, 0.004824438676558778)	(69.0, 0.004824438676558778)	(70.0, 0.003859550941247023)	(71.0, 0.002894663205935267)	(72.0, 0.0019297754706235114)	(73.0, 0.0009648877353117557)	(74.0, 0.0)	(75.0, 0.0)	(76.0, 0.0)	(77.0, 0.0)	(78.0, 0.0)	(79.0, 0.0)	(80.0, 0.0)	(81.0, 0.0)	(82.0, 0.0)	(83.0, 0.0)	(84.0, 0.0)	(85.0, 0.0)	(86.0, 0.0)	(87.0, 0.0)	(88.0, 0.0)	(89.0, 0.0)	(90.0, 0.0)	(91.0, 0.0)	(92.0, 0.0)	(93.0, 0.0)	(94.0, 0.0)	(95.0, 0.0)	(96.0, 0.0)	(97.0, 0.0)	(98.0, 0.0)	(99.0, 0.0)	(100.0, 0.0)
SRR29920155_2	(0.0, 0.0)	(1.0, 0.0)	(2.0, 0.0)	(3.0, 0.0)	(4.0, 0.0)	(5.0, 0.0)	(6.0, 0.0)	(7.0, 0.0)	(8.0, 0.0)	(9.0, 0.0)	(10.0, 0.0)	(11.0, 0.0)	(12.0, 0.0)	(13.0, 0.0)	(14.0, 0.0)	(15.0, 0.0)	(16.0, 0.0)	(17.0, 0.0)	(18.0, 0.0)	(19.0, 0.0)	(20.0, 0.0)	(21.0, 0.0)	(22.0, 0.0)	(23.0, 0.0)	(24.0, 0.0)	(25.0, 0.0)	(26.0, 0.0)	(27.0, 0.0)	(28.0, 0.0)	(29.0, 0.0)	(30.0, 0.0)	(31.0, 0.0)	(32.0, 0.0)	(33.0, 0.0)	(34.0, 0.0)	(35.0, 0.0)	(36.0, 0.0)	(37.0, 0.0009633493731003473)	(38.0, 0.0009633493731003473)	(39.0, 0.0)	(40.0, 0.0009633493731003473)	(41.0, 0.0009633493731003473)	(42.0, 0.0)	(43.0, 0.0)	(44.0, 0.0038533974924013894)	(45.0, 0.004816746865501737)	(46.0, 0.0019266987462006947)	(47.0, 0.009633493731003475)	(48.0, 0.011560192477204169)	(49.0, 0.023120384954408327)	(50.0, 0.072251202982526)	(51.0, 0.6300304900076324)	(52.0, 3.2917648078839457)	(53.0, 7.386962992933594)	(54.0, 19.43653695166785)	(55.0, 36.70746451263073)	(56.0, 20.183132715819944)	(57.0, 4.029690427678644)	(58.0, 2.04904411658447)	(59.0, 1.437317264665687)	(60.0, 1.9999132985563466)	(61.0, 1.7128351853724104)	(62.0, 0.5808996719795133)	(63.0, 0.1849630796352672)	(64.0, 0.09440823856383393)	(65.0, 0.047204119281917055)	(66.0, 0.022157035581307983)	(67.0, 0.016376939342705902)	(68.0, 0.012523541850304517)	(69.0, 0.009633493731003475)	(70.0, 0.005780096238602084)	(71.0, 0.007706794984802779)	(72.0, 0.004816746865501737)	(73.0, 0.0028900481193010422)	(74.0, 0.0019266987462006947)	(75.0, 0.0009633493731003473)	(76.0, 0.0019266987462006947)	(77.0, 0.0)	(78.0, 0.0019266987462006947)	(79.0, 0.0028900481193010422)	(80.0, 0.0)	(81.0, 0.0)	(82.0, 0.0)	(83.0, 0.0)	(84.0, 0.0)	(85.0, 0.0)	(86.0, 0.0)	(87.0, 0.0)	(88.0, 0.0)	(89.0, 0.0009633493731003473)	(90.0, 0.0009633493731003473)	(91.0, 0.0009633493731003473)	(92.0, 0.0)	(93.0, 0.0)	(94.0, 0.0)	(95.0, 0.0)	(96.0, 0.0)	(97.0, 0.0)	(98.0, 0.0)	(99.0, 0.0009633493731003473)	(100.0, 0.0014450240596505211)
SRR29920156_1	(0.0, 0.0)	(1.0, 0.0)	(2.0, 0.0)	(3.0, 0.0)	(4.0, 0.0)	(5.0, 0.0)	(6.0, 0.0)	(7.0, 0.0)	(8.0, 0.0)	(9.0, 0.0)	(10.0, 0.0)	(11.0, 0.0)	(12.0, 0.0)	(13.0, 0.0)	(14.0, 0.0)	(15.0, 0.0)	(16.0, 0.0)	(17.0, 0.0)	(18.0, 0.0)	(19.0, 0.0)	(20.0, 0.0)	(21.0, 0.0)	(22.0, 0.0)	(23.0, 0.0)	(24.0, 0.0)	(25.0, 0.0)	(26.0, 0.0)	(27.0, 0.0)	(28.0, 0.0)	(29.0, 0.0)	(30.0, 0.0)	(31.0, 0.0)	(32.0, 0.0)	(33.0, 0.0)	(34.0, 0.0)	(35.0, 0.0)	(36.0, 0.0017926126432972053)	(37.0, 0.002688918964945808)	(38.0, 0.0017926126432972053)	(39.0, 0.0)	(40.0, 0.0)	(41.0, 0.0008963063216486026)	(42.0, 0.0008963063216486026)	(43.0, 0.0008963063216486026)	(44.0, 0.0017926126432972053)	(45.0, 0.0008963063216486026)	(46.0, 0.0017926126432972053)	(47.0, 0.016133513789674845)	(48.0, 0.15774991261015445)	(49.0, 1.54433579220053)	(50.0, 6.80475759395628)	(51.0, 14.295189523972585)	(52.0, 22.105602810811614)	(53.0, 25.793007018080672)	(54.0, 16.522510733267335)	(55.0, 4.326470614597572)	(56.0, 2.8726617608838696)	(57.0, 2.3519077880060126)	(58.0, 2.2120840018288153)	(59.0, 0.6265181188323793)	(60.0, 0.20435784133588142)	(61.0, 0.07977126262672554)	(62.0, 0.02868180229275529)	(63.0, 0.008066756894837424)	(64.0, 0.0035852252865944106)	(65.0, 0.00985936953813463)	(66.0, 0.002688918964945808)	(67.0, 0.0008963063216486026)	(68.0, 0.0008963063216486026)	(69.0, 0.007170450573188821)	(70.0, 0.006274144251540218)	(71.0, 0.0017926126432972053)	(72.0, 0.0017926126432972053)	(73.0, 0.0017926126432972053)	(74.0, 0.0)	(75.0, 0.0)	(76.0, 0.0)	(77.0, 0.0)	(78.0, 0.0)	(79.0, 0.0)	(80.0, 0.0)	(81.0, 0.0)	(82.0, 0.0)	(83.0, 0.0)	(84.0, 0.0)	(85.0, 0.0)	(86.0, 0.0)	(87.0, 0.0)	(88.0, 0.0)	(89.0, 0.0)	(90.0, 0.0)	(91.0, 0.0)	(92.0, 0.0)	(93.0, 0.0)	(94.0, 0.0)	(95.0, 0.0)	(96.0, 0.0)	(97.0, 0.0)	(98.0, 0.0)	(99.0, 0.0)	(100.0, 0.0)
SRR29920156_2	(0.0, 0.0)	(1.0, 0.0)	(2.0, 0.0)	(3.0, 0.0)	(4.0, 0.0)	(5.0, 0.0)	(6.0, 0.0)	(7.0, 0.0)	(8.0, 0.0)	(9.0, 0.0)	(10.0, 0.0)	(11.0, 0.0)	(12.0, 0.0)	(13.0, 0.0)	(14.0, 0.0)	(15.0, 0.0)	(16.0, 0.0)	(17.0, 0.0)	(18.0, 0.0)	(19.0, 0.0)	(20.0, 0.0)	(21.0, 0.0)	(22.0, 0.0)	(23.0, 0.0)	(24.0, 0.0)	(25.0, 0.0)	(26.0, 0.0)	(27.0, 0.0)	(28.0, 0.0)	(29.0, 0.0)	(30.0, 0.0)	(31.0, 0.0)	(32.0, 0.0)	(33.0, 0.0)	(34.0, 0.0)	(35.0, 0.0)	(36.0, 0.0)	(37.0, 0.0)	(38.0, 0.0)	(39.0, 0.0)	(40.0, 0.0008956841459428604)	(41.0, 0.0)	(42.0, 0.0)	(43.0, 0.0)	(44.0, 0.0)	(45.0, 0.0017913682918857209)	(46.0, 0.0017913682918857209)	(47.0, 0.0026870524378285817)	(48.0, 0.012539578043200045)	(49.0, 0.07702883655108592)	(50.0, 0.4541118619930315)	(51.0, 1.4984795761623881)	(52.0, 8.469589284036537)	(53.0, 18.623960446584974)	(54.0, 21.059325639401397)	(55.0, 26.202344005412055)	(56.0, 10.560116080668125)	(57.0, 3.0847361986272603)	(58.0, 2.001854066182333)	(59.0, 1.5656558871081103)	(60.0, 2.861710846287539)	(61.0, 2.127249846614348)	(62.0, 0.8150725728080036)	(63.0, 0.25168724500994316)	(64.0, 0.1343526218914293)	(65.0, 0.06717631094571448)	(66.0, 0.03582736583771443)	(67.0, 0.02507915608640009)	(68.0, 0.014330946335085765)	(69.0, 0.009852525605371467)	(70.0, 0.009852525605371467)	(71.0, 0.008061157313485745)	(72.0, 0.0035827365837714418)	(73.0, 0.0008956841459428604)	(74.0, 0.0035827365837714418)	(75.0, 0.0017913682918857209)	(76.0, 0.0008956841459428604)	(77.0, 0.0026870524378285817)	(78.0, 0.0008956841459428604)	(79.0, 0.0008956841459428604)	(80.0, 0.0)	(81.0, 0.0008956841459428604)	(82.0, 0.0017913682918857209)	(83.0, 0.0017913682918857209)	(84.0, 0.0)	(85.0, 0.0)	(86.0, 0.0)	(87.0, 0.0)	(88.0, 0.0)	(89.0, 0.0)	(90.0, 0.0)	(91.0, 0.0)	(92.0, 0.0)	(93.0, 0.0)	(94.0, 0.0)	(95.0, 0.0)	(96.0, 0.0)	(97.0, 0.0)	(98.0, 0.0)	(99.0, 0.0017913682918857209)	(100.0, 0.0013435262189142908)
SRR29920157_1	(0.0, 0.0)	(1.0, 0.0)	(2.0, 0.0)	(3.0, 0.0)	(4.0, 0.0)	(5.0, 0.0)	(6.0, 0.0)	(7.0, 0.0)	(8.0, 0.0)	(9.0, 0.0)	(10.0, 0.0)	(11.0, 0.0)	(12.0, 0.0)	(13.0, 0.0)	(14.0, 0.0)	(15.0, 0.0)	(16.0, 0.0)	(17.0, 0.0)	(18.0, 0.0)	(19.0, 0.0)	(20.0, 0.0)	(21.0, 0.0)	(22.0, 0.0)	(23.0, 0.0)	(24.0, 0.0)	(25.0, 0.0)	(26.0, 0.0)	(27.0, 0.0)	(28.0, 0.0)	(29.0, 0.0)	(30.0, 0.0)	(31.0, 0.0)	(32.0, 0.0)	(33.0, 0.0)	(34.0, 0.0010328231187124446)	(35.0, 0.002065646237424889)	(36.0, 0.003098469356137334)	(37.0, 0.0)	(38.0, 0.003098469356137334)	(39.0, 0.0010328231187124446)	(40.0, 0.0)	(41.0, 0.0)	(42.0, 0.0)	(43.0, 0.0)	(44.0, 0.002065646237424889)	(45.0, 0.002065646237424889)	(46.0, 0.0)	(47.0, 0.003098469356137334)	(48.0, 0.04854268657948493)	(49.0, 0.2014005081489272)	(50.0, 0.9977071326762189)	(51.0, 3.313296564829634)	(52.0, 12.179050215859224)	(53.0, 42.92103034435573)	(54.0, 29.85478506950082)	(55.0, 4.00735370060424)	(56.0, 1.5244469232195357)	(57.0, 1.9448059325355378)	(58.0, 2.0047096734208663)	(59.0, 0.6021358782093588)	(60.0, 0.23031955547287522)	(61.0, 0.09088843444669502)	(62.0, 0.023754931730386217)	(63.0, 0.009295408068412002)	(64.0, 0.008262584949699557)	(65.0, 0.005164115593562222)	(66.0, 0.007229761830987112)	(67.0, 0.002065646237424889)	(68.0, 0.0)	(69.0, 0.003098469356137334)	(70.0, 0.003098469356137334)	(71.0, 0.0)	(72.0, 0.0)	(73.0, 0.0)	(74.0, 0.0)	(75.0, 0.0)	(76.0, 0.0)	(77.0, 0.0)	(78.0, 0.0)	(79.0, 0.0)	(80.0, 0.0)	(81.0, 0.0)	(82.0, 0.0)	(83.0, 0.0)	(84.0, 0.0)	(85.0, 0.0)	(86.0, 0.0)	(87.0, 0.0)	(88.0, 0.0)	(89.0, 0.0)	(90.0, 0.0)	(91.0, 0.0)	(92.0, 0.0)	(93.0, 0.0)	(94.0, 0.0)	(95.0, 0.0)	(96.0, 0.0)	(97.0, 0.0)	(98.0, 0.0)	(99.0, 0.0)	(100.0, 0.0)
SRR29920157_2	(0.0, 0.0)	(1.0, 0.0)	(2.0, 0.0)	(3.0, 0.0)	(4.0, 0.0)	(5.0, 0.0)	(6.0, 0.0)	(7.0, 0.0)	(8.0, 0.0)	(9.0, 0.0)	(10.0, 0.0)	(11.0, 0.0)	(12.0, 0.0)	(13.0, 0.0)	(14.0, 0.0)	(15.0, 0.0)	(16.0, 0.0)	(17.0, 0.0)	(18.0, 0.0)	(19.0, 0.0)	(20.0, 0.0)	(21.0, 0.0)	(22.0, 0.0)	(23.0, 0.0)	(24.0, 0.0)	(25.0, 0.0)	(26.0, 0.0)	(27.0, 0.0)	(28.0, 0.0)	(29.0, 0.0)	(30.0, 0.0)	(31.0, 0.0)	(32.0, 0.0010294420424128564)	(33.0, 0.0010294420424128564)	(34.0, 0.0)	(35.0, 0.0)	(36.0, 0.0)	(37.0, 0.0010294420424128564)	(38.0, 0.0010294420424128564)	(39.0, 0.0)	(40.0, 0.0)	(41.0, 0.0)	(42.0, 0.0010294420424128564)	(43.0, 0.0010294420424128564)	(44.0, 0.0)	(45.0, 0.0030883261272385693)	(46.0, 0.002058884084825713)	(47.0, 0.002058884084825713)	(48.0, 0.005147210212064282)	(49.0, 0.022647724933082834)	(50.0, 0.13794523368332287)	(51.0, 0.6454601605928658)	(52.0, 3.462013588634511)	(53.0, 7.0928556722243545)	(54.0, 20.704138357002343)	(55.0, 42.173152151548976)	(56.0, 16.48960263536794)	(57.0, 2.2781552398596943)	(58.0, 1.114885731933114)	(59.0, 1.1684167181385796)	(60.0, 2.0650607370802088)	(61.0, 1.4648960263534654)	(62.0, 0.6578134651018205)	(63.0, 0.21618282890670015)	(64.0, 0.10912085649576271)	(65.0, 0.05867819641753282)	(66.0, 0.04117768169651428)	(67.0, 0.030883261272385693)	(68.0, 0.015441630636192845)	(69.0, 0.012353304508954277)	(70.0, 0.011323862466541422)	(71.0, 0.0030883261272385693)	(72.0, 0.0010294420424128564)	(73.0, 0.002058884084825713)	(74.0, 0.0010294420424128564)	(75.0, 0.0)	(76.0, 0.0)	(77.0, 0.0)	(78.0, 0.0)	(79.0, 0.0)	(80.0, 0.0)	(81.0, 0.0)	(82.0, 0.0)	(83.0, 0.0)	(84.0, 0.0)	(85.0, 0.0)	(86.0, 0.0)	(87.0, 0.0)	(88.0, 0.0)	(89.0, 0.0)	(90.0, 0.0)	(91.0, 0.0)	(92.0, 0.0)	(93.0, 0.0)	(94.0, 0.0)	(95.0, 0.0)	(96.0, 0.0)	(97.0, 0.0)	(98.0, 0.0010294420424128564)	(99.0, 0.0010294420424128564)	(100.0, 0.0)
SRR29920158_1	(0.0, 0.0)	(1.0, 0.0)	(2.0, 0.0)	(3.0, 0.0)	(4.0, 0.0)	(5.0, 0.0)	(6.0, 0.0)	(7.0, 0.0)	(8.0, 0.0)	(9.0, 0.0)	(10.0, 0.0)	(11.0, 0.0)	(12.0, 0.0)	(13.0, 0.0)	(14.0, 0.0)	(15.0, 0.0)	(16.0, 0.0)	(17.0, 0.0)	(18.0, 0.0)	(19.0, 0.0)	(20.0, 0.0)	(21.0, 0.0)	(22.0, 0.0)	(23.0, 0.0)	(24.0, 0.0)	(25.0, 0.0)	(26.0, 0.0)	(27.0, 0.0)	(28.0, 0.0)	(29.0, 0.0)	(30.0, 0.0)	(31.0, 0.0)	(32.0, 0.0008786033720797536)	(33.0, 0.0008786033720797536)	(34.0, 0.0)	(35.0, 0.0)	(36.0, 0.0008786033720797536)	(37.0, 0.0008786033720797536)	(38.0, 0.0008786033720797536)	(39.0, 0.0)	(40.0, 0.002635810116239261)	(41.0, 0.002635810116239261)	(42.0, 0.001757206744159507)	(43.0, 0.002635810116239261)	(44.0, 0.001757206744159507)	(45.0, 0.001757206744159507)	(46.0, 0.002635810116239261)	(47.0, 0.028115307906552117)	(48.0, 0.18977832836922695)	(49.0, 1.3688640537002277)	(50.0, 8.896737745680685)	(51.0, 16.783960216836054)	(52.0, 18.763453614129936)	(53.0, 31.489144855348517)	(54.0, 17.208325645550186)	(55.0, 2.8563395626313657)	(56.0, 0.8531238742894384)	(57.0, 0.8100723090575329)	(58.0, 0.49113928499258475)	(59.0, 0.1045538012774907)	(60.0, 0.05271620232478521)	(61.0, 0.028115307906552117)	(62.0, 0.01230044720911655)	(63.0, 0.011421843837036797)	(64.0, 0.008786033720797537)	(65.0, 0.004393016860398768)	(66.0, 0.001757206744159507)	(67.0, 0.002635810116239261)	(68.0, 0.005271620232478522)	(69.0, 0.004393016860398768)	(70.0, 0.002635810116239261)	(71.0, 0.0008786033720797536)	(72.0, 0.0008786033720797536)	(73.0, 0.0)	(74.0, 0.0)	(75.0, 0.0)	(76.0, 0.0)	(77.0, 0.0)	(78.0, 0.0)	(79.0, 0.0)	(80.0, 0.0)	(81.0, 0.0)	(82.0, 0.0)	(83.0, 0.0)	(84.0, 0.0)	(85.0, 0.0)	(86.0, 0.0)	(87.0, 0.0)	(88.0, 0.0)	(89.0, 0.0)	(90.0, 0.0)	(91.0, 0.0)	(92.0, 0.0)	(93.0, 0.0)	(94.0, 0.0)	(95.0, 0.0)	(96.0, 0.0)	(97.0, 0.0)	(98.0, 0.0)	(99.0, 0.0)	(100.0, 0.0)
SRR29920158_2	(0.0, 0.0)	(1.0, 0.0)	(2.0, 0.0)	(3.0, 0.0)	(4.0, 0.0)	(5.0, 0.0)	(6.0, 0.0)	(7.0, 0.0)	(8.0, 0.0)	(9.0, 0.0)	(10.0, 0.0)	(11.0, 0.0)	(12.0, 0.0)	(13.0, 0.0)	(14.0, 0.0)	(15.0, 0.0)	(16.0, 0.0)	(17.0, 0.0)	(18.0, 0.0)	(19.0, 0.0)	(20.0, 0.0)	(21.0, 0.0)	(22.0, 0.0)	(23.0, 0.0)	(24.0, 0.0)	(25.0, 0.0)	(26.0, 0.0)	(27.0, 0.0)	(28.0, 0.0)	(29.0, 0.0)	(30.0, 0.0)	(31.0, 0.0)	(32.0, 0.0)	(33.0, 0.0)	(34.0, 0.0)	(35.0, 0.0)	(36.0, 0.0)	(37.0, 0.0)	(38.0, 0.0)	(39.0, 0.0)	(40.0, 0.0008763397043228682)	(41.0, 0.0)	(42.0, 0.0008763397043228682)	(43.0, 0.0008763397043228682)	(44.0, 0.0008763397043228682)	(45.0, 0.0008763397043228682)	(46.0, 0.004381698521614341)	(47.0, 0.010516076451874419)	(48.0, 0.02453751172104031)	(49.0, 0.21295054815045678)	(50.0, 1.171666184679654)	(51.0, 2.1671880887905157)	(52.0, 5.696208078098295)	(53.0, 13.458825178990121)	(54.0, 28.683474862196963)	(55.0, 29.71405035448253)	(56.0, 11.09708967584214)	(57.0, 2.6640727011416385)	(58.0, 1.3337890299793755)	(59.0, 0.857936570532085)	(60.0, 1.0402152290312314)	(61.0, 0.9937692247021219)	(62.0, 0.5485886549061196)	(63.0, 0.15160676884785657)	(64.0, 0.06046743959827787)	(65.0, 0.03505358817291474)	(66.0, 0.015774114677811625)	(67.0, 0.014021435269165888)	(68.0, 0.011392416156197287)	(69.0, 0.0026290191129686048)	(70.0, 0.0026290191129686048)	(71.0, 0.0008763397043228682)	(72.0, 0.0)	(73.0, 0.0017526794086457364)	(74.0, 0.003505358817291473)	(75.0, 0.0017526794086457364)	(76.0, 0.0)	(77.0, 0.0026290191129686048)	(78.0, 0.0026290191129686048)	(79.0, 0.0017526794086457364)	(80.0, 0.0026290191129686048)	(81.0, 0.0)	(82.0, 0.0)	(83.0, 0.0)	(84.0, 0.0008763397043228682)	(85.0, 0.0008763397043228682)	(86.0, 0.0)	(87.0, 0.0008763397043228682)	(88.0, 0.0008763397043228682)	(89.0, 0.0008763397043228682)	(90.0, 0.0008763397043228682)	(91.0, 0.0)	(92.0, 0.0)	(93.0, 0.0)	(94.0, 0.0)	(95.0, 0.0)	(96.0, 0.0)	(97.0, 0.0)	(98.0, 0.0)	(99.0, 0.0)	(100.0, 0.0)
SRR29920159_1	(0.0, 0.0)	(1.0, 0.0)	(2.0, 0.0)	(3.0, 0.0)	(4.0, 0.0)	(5.0, 0.0)	(6.0, 0.0)	(7.0, 0.0)	(8.0, 0.0)	(9.0, 0.0)	(10.0, 0.0)	(11.0, 0.0)	(12.0, 0.0)	(13.0, 0.0)	(14.0, 0.0)	(15.0, 0.0)	(16.0, 0.0)	(17.0, 0.0)	(18.0, 0.0)	(19.0, 0.0)	(20.0, 0.0)	(21.0, 0.0)	(22.0, 0.0)	(23.0, 0.0)	(24.0, 0.0)	(25.0, 0.0)	(26.0, 0.0)	(27.0, 0.0)	(28.0, 0.0)	(29.0, 0.0)	(30.0, 0.0)	(31.0, 0.0)	(32.0, 0.0)	(33.0, 0.0)	(34.0, 0.0)	(35.0, 0.0)	(36.0, 0.0)	(37.0, 0.0)	(38.0, 0.0)	(39.0, 0.0)	(40.0, 0.0013626205919225133)	(41.0, 0.0013626205919225133)	(42.0, 0.0)	(43.0, 0.0)	(44.0, 0.0027252411838450267)	(45.0, 0.0027252411838450267)	(46.0, 0.03270289420614031)	(47.0, 0.23845860358644044)	(48.0, 0.5845642339347571)	(49.0, 0.818934975745436)	(50.0, 3.516923747752122)	(51.0, 11.19801602441974)	(52.0, 29.334496102899465)	(53.0, 22.2529568866846)	(54.0, 6.924837848149782)	(55.0, 11.10672044476089)	(56.0, 10.670681855345485)	(57.0, 2.384586035864384)	(58.0, 0.5409603749932353)	(59.0, 0.20303046819645484)	(60.0, 0.09129557965880836)	(61.0, 0.028615032430372774)	(62.0, 0.00817572355153508)	(63.0, 0.006813102959612567)	(64.0, 0.010900964735380107)	(65.0, 0.012263585327302621)	(66.0, 0.00408786177576754)	(67.0, 0.006813102959612567)	(68.0, 0.0)	(69.0, 0.005450482367690053)	(70.0, 0.009538344143457594)	(71.0, 0.0)	(72.0, 0.0)	(73.0, 0.0)	(74.0, 0.0)	(75.0, 0.0)	(76.0, 0.0)	(77.0, 0.0)	(78.0, 0.0)	(79.0, 0.0)	(80.0, 0.0)	(81.0, 0.0)	(82.0, 0.0)	(83.0, 0.0)	(84.0, 0.0)	(85.0, 0.0)	(86.0, 0.0)	(87.0, 0.0)	(88.0, 0.0)	(89.0, 0.0)	(90.0, 0.0)	(91.0, 0.0)	(92.0, 0.0)	(93.0, 0.0)	(94.0, 0.0)	(95.0, 0.0)	(96.0, 0.0)	(97.0, 0.0)	(98.0, 0.0)	(99.0, 0.0)	(100.0, 0.0)
SRR29920159_2	(0.0, 0.0)	(1.0, 0.0)	(2.0, 0.0)	(3.0, 0.0)	(4.0, 0.0)	(5.0, 0.0)	(6.0, 0.0)	(7.0, 0.0)	(8.0, 0.0)	(9.0, 0.0)	(10.0, 0.0)	(11.0, 0.0)	(12.0, 0.0)	(13.0, 0.0)	(14.0, 0.0)	(15.0, 0.0)	(16.0, 0.0)	(17.0, 0.0)	(18.0, 0.0)	(19.0, 0.0)	(20.0, 0.0)	(21.0, 0.0)	(22.0, 0.0)	(23.0, 0.0)	(24.0, 0.0)	(25.0, 0.0)	(26.0, 0.0)	(27.0, 0.0)	(28.0, 0.0)	(29.0, 0.0)	(30.0, 0.0)	(31.0, 0.0)	(32.0, 0.0)	(33.0, 0.0)	(34.0, 0.0)	(35.0, 0.0)	(36.0, 0.0)	(37.0, 0.0)	(38.0, 0.0)	(39.0, 0.0)	(40.0, 0.0)	(41.0, 0.0013653368285958206)	(42.0, 0.0)	(43.0, 0.0)	(44.0, 0.0013653368285958206)	(45.0, 0.0013653368285958206)	(46.0, 0.0027306736571916413)	(47.0, 0.0027306736571916413)	(48.0, 0.01638404194314985)	(49.0, 0.11195761994485717)	(50.0, 0.4382731219792566)	(51.0, 1.4144889544252612)	(52.0, 7.368722863931112)	(53.0, 16.34444717512342)	(54.0, 31.929767073531128)	(55.0, 26.94355697550373)	(56.0, 7.3100133803015055)	(57.0, 3.1102372955413466)	(58.0, 1.8787034761478139)	(59.0, 1.1782856830781978)	(60.0, 0.7796073291282177)	(61.0, 0.5720761311816471)	(62.0, 0.40277436443576575)	(63.0, 0.0791895360585576)	(64.0, 0.03276808388629968)	(65.0, 0.023210726086128945)	(66.0, 0.013653368285958208)	(67.0, 0.010922694628766565)	(68.0, 0.008192020971574922)	(69.0, 0.006826684142979102)	(70.0, 0.0027306736571916413)	(71.0, 0.004096010485787462)	(72.0, 0.004096010485787462)	(73.0, 0.0013653368285958206)	(74.0, 0.0)	(75.0, 0.0)	(76.0, 0.0013653368285958206)	(77.0, 0.0)	(78.0, 0.0)	(79.0, 0.0)	(80.0, 0.0)	(81.0, 0.0)	(82.0, 0.0)	(83.0, 0.0)	(84.0, 0.0013653368285958206)	(85.0, 0.0013653368285958206)	(86.0, 0.0)	(87.0, 0.0)	(88.0, 0.0)	(89.0, 0.0)	(90.0, 0.0)	(91.0, 0.0)	(92.0, 0.0)	(93.0, 0.0)	(94.0, 0.0)	(95.0, 0.0)	(96.0, 0.0)	(97.0, 0.0)	(98.0, 0.0)	(99.0, 0.0)	(100.0, 0.0)
SRR29920160_1	(0.0, 0.0)	(1.0, 0.0)	(2.0, 0.0)	(3.0, 0.0)	(4.0, 0.0)	(5.0, 0.0)	(6.0, 0.0)	(7.0, 0.0)	(8.0, 0.0)	(9.0, 0.0)	(10.0, 0.0)	(11.0, 0.0)	(12.0, 0.0)	(13.0, 0.0)	(14.0, 0.0)	(15.0, 0.0)	(16.0, 0.0)	(17.0, 0.0)	(18.0, 0.0)	(19.0, 0.0)	(20.0, 0.0)	(21.0, 0.0)	(22.0, 0.0)	(23.0, 0.0)	(24.0, 0.0)	(25.0, 0.0)	(26.0, 0.0)	(27.0, 0.0012706157403876899)	(28.0, 0.0)	(29.0, 0.0012706157403876899)	(30.0, 0.0)	(31.0, 0.0)	(32.0, 0.0)	(33.0, 0.0012706157403876899)	(34.0, 0.0012706157403876899)	(35.0, 0.0)	(36.0, 0.0)	(37.0, 0.0012706157403876899)	(38.0, 0.0012706157403876899)	(39.0, 0.0)	(40.0, 0.0)	(41.0, 0.0)	(42.0, 0.0012706157403876899)	(43.0, 0.0012706157403876899)	(44.0, 0.0025412314807753797)	(45.0, 0.0)	(46.0, 0.048283398134732244)	(47.0, 0.42692688877026197)	(48.0, 4.781327031078855)	(49.0, 10.028970038880338)	(50.0, 9.593148839927162)	(51.0, 12.439328098396881)	(52.0, 13.445655764784389)	(53.0, 15.439251861453581)	(54.0, 14.155929963661432)	(55.0, 6.205687276053132)	(56.0, 1.8233335874562981)	(57.0, 4.040558054433)	(58.0, 5.783842850244515)	(59.0, 1.4154659347918728)	(60.0, 0.210922212904357)	(61.0, 0.0762369444232614)	(62.0, 0.03557724073085532)	(63.0, 0.01524738888465228)	(64.0, 0.00381184722116307)	(65.0, 0.0012706157403876899)	(66.0, 0.0025412314807753797)	(67.0, 0.0012706157403876899)	(68.0, 0.00381184722116307)	(69.0, 0.00381184722116307)	(70.0, 0.0)	(71.0, 0.0)	(72.0, 0.0)	(73.0, 0.0)	(74.0, 0.0012706157403876899)	(75.0, 0.0012706157403876899)	(76.0, 0.0)	(77.0, 0.0)	(78.0, 0.0012706157403876899)	(79.0, 0.0012706157403876899)	(80.0, 0.0)	(81.0, 0.0)	(82.0, 0.0)	(83.0, 0.0)	(84.0, 0.0)	(85.0, 0.0)	(86.0, 0.0)	(87.0, 0.0)	(88.0, 0.0)	(89.0, 0.0)	(90.0, 0.0)	(91.0, 0.0)	(92.0, 0.0)	(93.0, 0.0)	(94.0, 0.0)	(95.0, 0.0)	(96.0, 0.0)	(97.0, 0.0)	(98.0, 0.0)	(99.0, 0.0)	(100.0, 0.0)
SRR29920160_2	(0.0, 0.0)	(1.0, 0.0)	(2.0, 0.0)	(3.0, 0.0)	(4.0, 0.0)	(5.0, 0.0)	(6.0, 0.0)	(7.0, 0.0)	(8.0, 0.0)	(9.0, 0.0)	(10.0, 0.0)	(11.0, 0.0)	(12.0, 0.0)	(13.0, 0.0)	(14.0, 0.0)	(15.0, 0.0)	(16.0, 0.0)	(17.0, 0.0)	(18.0, 0.0)	(19.0, 0.0)	(20.0, 0.0)	(21.0, 0.0)	(22.0, 0.0)	(23.0, 0.0)	(24.0, 0.0)	(25.0, 0.0)	(26.0, 0.0)	(27.0, 0.0)	(28.0, 0.0)	(29.0, 0.0)	(30.0, 0.0)	(31.0, 0.0)	(32.0, 0.0012694060449115743)	(33.0, 0.0012694060449115743)	(34.0, 0.0)	(35.0, 0.0)	(36.0, 0.0)	(37.0, 0.0)	(38.0, 0.0)	(39.0, 0.0)	(40.0, 0.0)	(41.0, 0.0)	(42.0, 0.0)	(43.0, 0.0012694060449115743)	(44.0, 0.0038082181347347224)	(45.0, 0.0)	(46.0, 0.005077624179646297)	(47.0, 0.010155248359292594)	(48.0, 0.05331505388628615)	(49.0, 1.007908399659799)	(50.0, 2.823159043883396)	(51.0, 2.281122662706092)	(52.0, 3.5492593015728993)	(53.0, 5.061121901062359)	(54.0, 7.683714789849075)	(55.0, 14.627365855518464)	(56.0, 18.79736471305052)	(57.0, 18.55490815847263)	(58.0, 8.117851657208952)	(59.0, 4.710765832666844)	(60.0, 6.916993538722658)	(61.0, 3.5137159323153706)	(62.0, 1.2592507965522766)	(63.0, 0.4506391459436066)	(64.0, 0.222146057859526)	(65.0, 0.12694060449115727)	(66.0, 0.07870317478451759)	(67.0, 0.04189039948208196)	(68.0, 0.01523287253893889)	(69.0, 0.012694060449115743)	(70.0, 0.016502278583850463)	(71.0, 0.01523287253893889)	(72.0, 0.010155248359292594)	(73.0, 0.006347030224557871)	(74.0, 0.005077624179646297)	(75.0, 0.0025388120898231486)	(76.0, 0.0038082181347347224)	(77.0, 0.0038082181347347224)	(78.0, 0.0)	(79.0, 0.0012694060449115743)	(80.0, 0.0025388120898231486)	(81.0, 0.0012694060449115743)	(82.0, 0.0)	(83.0, 0.0)	(84.0, 0.0)	(85.0, 0.0012694060449115743)	(86.0, 0.0)	(87.0, 0.0)	(88.0, 0.0)	(89.0, 0.0)	(90.0, 0.0)	(91.0, 0.0)	(92.0, 0.0)	(93.0, 0.0)	(94.0, 0.0)	(95.0, 0.0)	(96.0, 0.0012694060449115743)	(97.0, 0.0)	(98.0, 0.0)	(99.0, 0.0)	(100.0, 0.0)
SRR29920161_1	(0.0, 0.0)	(1.0, 0.0)	(2.0, 0.0)	(3.0, 0.0)	(4.0, 0.0)	(5.0, 0.0)	(6.0, 0.0)	(7.0, 0.0)	(8.0, 0.0)	(9.0, 0.0)	(10.0, 0.0)	(11.0, 0.0)	(12.0, 0.0)	(13.0, 0.0)	(14.0, 0.0)	(15.0, 0.0)	(16.0, 0.0)	(17.0, 0.0)	(18.0, 0.0)	(19.0, 0.0)	(20.0, 0.0)	(21.0, 0.0)	(22.0, 0.0)	(23.0, 0.0)	(24.0, 0.0011697958706206625)	(25.0, 0.0)	(26.0, 0.0)	(27.0, 0.0)	(28.0, 0.0)	(29.0, 0.0)	(30.0, 0.0)	(31.0, 0.0011697958706206625)	(32.0, 0.0)	(33.0, 0.0)	(34.0, 0.0011697958706206625)	(35.0, 0.0)	(36.0, 0.0)	(37.0, 0.0)	(38.0, 0.0011697958706206625)	(39.0, 0.0011697958706206625)	(40.0, 0.002339591741241325)	(41.0, 0.0011697958706206625)	(42.0, 0.0)	(43.0, 0.0011697958706206625)	(44.0, 0.0011697958706206625)	(45.0, 0.007018775223723976)	(46.0, 0.05848979353103316)	(47.0, 0.23863835760661556)	(48.0, 1.544130549219248)	(49.0, 3.490670877932209)	(50.0, 5.379891208984184)	(51.0, 16.771363397088873)	(52.0, 26.747382581732808)	(53.0, 17.849915189800143)	(54.0, 14.954670410016638)	(55.0, 7.589635608586387)	(56.0, 1.6342048312570339)	(57.0, 1.4762823887232535)	(58.0, 1.689185237176202)	(59.0, 0.41878692168219506)	(60.0, 0.07603673159034303)	(61.0, 0.03158448850675788)	(62.0, 0.015207346318068613)	(63.0, 0.005848979353103312)	(64.0, 0.00467918348248265)	(65.0, 0.0011697958706206625)	(66.0, 0.0)	(67.0, 0.0011697958706206625)	(68.0, 0.0)	(69.0, 0.0)	(70.0, 0.0)	(71.0, 0.0)	(72.0, 0.002339591741241325)	(73.0, 0.0)	(74.0, 0.0)	(75.0, 0.0)	(76.0, 0.0)	(77.0, 0.0)	(78.0, 0.0)	(79.0, 0.0)	(80.0, 0.0)	(81.0, 0.0)	(82.0, 0.0)	(83.0, 0.0)	(84.0, 0.0)	(85.0, 0.0)	(86.0, 0.0)	(87.0, 0.0)	(88.0, 0.0)	(89.0, 0.0)	(90.0, 0.0)	(91.0, 0.0)	(92.0, 0.0)	(93.0, 0.0)	(94.0, 0.0)	(95.0, 0.0)	(96.0, 0.0)	(97.0, 0.0)	(98.0, 0.0)	(99.0, 0.0)	(100.0, 0.0)
SRR29920161_2	(0.0, 0.0)	(1.0, 0.0)	(2.0, 0.0)	(3.0, 0.0)	(4.0, 0.0)	(5.0, 0.0)	(6.0, 0.0)	(7.0, 0.0)	(8.0, 0.0)	(9.0, 0.0)	(10.0, 0.0)	(11.0, 0.0)	(12.0, 0.0)	(13.0, 0.0)	(14.0, 0.0)	(15.0, 0.0)	(16.0, 0.0)	(17.0, 0.0)	(18.0, 0.0)	(19.0, 0.0)	(20.0, 0.0)	(21.0, 0.0)	(22.0, 0.0)	(23.0, 0.0)	(24.0, 0.0)	(25.0, 0.0)	(26.0, 0.0)	(27.0, 0.0)	(28.0, 0.0)	(29.0, 0.0)	(30.0, 0.0)	(31.0, 0.0)	(32.0, 0.0)	(33.0, 0.0)	(34.0, 0.0)	(35.0, 0.0)	(36.0, 0.0)	(37.0, 0.0)	(38.0, 0.0)	(39.0, 0.0)	(40.0, 0.0)	(41.0, 0.0)	(42.0, 0.0011700696191423554)	(43.0, 0.0011700696191423554)	(44.0, 0.0011700696191423554)	(45.0, 0.0011700696191423554)	(46.0, 0.0023401392382847107)	(47.0, 0.0046802784765694215)	(48.0, 0.0234013923828471)	(49.0, 0.7956473410168089)	(50.0, 1.9832680044462727)	(51.0, 1.5187503656467523)	(52.0, 10.518925876090636)	(53.0, 24.359679400918235)	(54.0, 13.460480898615854)	(55.0, 9.885918212134333)	(56.0, 9.663604984497184)	(57.0, 11.877376703915528)	(58.0, 7.183057391914267)	(59.0, 3.1182355350144864)	(60.0, 3.1580179020653314)	(61.0, 1.4824782074533414)	(62.0, 0.5031299362312118)	(63.0, 0.2071023225881974)	(64.0, 0.11349675305680831)	(65.0, 0.05265313286140602)	(66.0, 0.018721113906277686)	(67.0, 0.018721113906277686)	(68.0, 0.017551044287135328)	(69.0, 0.0046802784765694215)	(70.0, 0.0035102088574270663)	(71.0, 0.0035102088574270663)	(72.0, 0.0035102088574270663)	(73.0, 0.0035102088574270663)	(74.0, 0.0046802784765694215)	(75.0, 0.0011700696191423554)	(76.0, 0.0)	(77.0, 0.0)	(78.0, 0.0011700696191423554)	(79.0, 0.0011700696191423554)	(80.0, 0.0)	(81.0, 0.0)	(82.0, 0.0)	(83.0, 0.0011700696191423554)	(84.0, 0.0)	(85.0, 0.0)	(86.0, 0.0)	(87.0, 0.0)	(88.0, 0.0)	(89.0, 0.0)	(90.0, 0.0)	(91.0, 0.0)	(92.0, 0.0)	(93.0, 0.0)	(94.0, 0.0)	(95.0, 0.0)	(96.0, 0.0)	(97.0, 0.0)	(98.0, 0.0)	(99.0, 0.0)	(100.0, 0.0)
SRR29920162_1	(0.0, 0.0)	(1.0, 0.0)	(2.0, 0.0)	(3.0, 0.0)	(4.0, 0.0)	(5.0, 0.0)	(6.0, 0.0)	(7.0, 0.0)	(8.0, 0.0)	(9.0, 0.0)	(10.0, 0.0)	(11.0, 0.0)	(12.0, 0.0)	(13.0, 0.0)	(14.0, 0.0)	(15.0, 0.0)	(16.0, 0.0)	(17.0, 0.0)	(18.0, 0.0)	(19.0, 0.0)	(20.0, 0.0)	(21.0, 0.0)	(22.0, 0.0)	(23.0, 0.0)	(24.0, 0.0)	(25.0, 0.0)	(26.0, 0.0)	(27.0, 0.0)	(28.0, 0.0)	(29.0, 0.0)	(30.0, 0.0)	(31.0, 0.0)	(32.0, 0.0008647152924898866)	(33.0, 0.0008647152924898866)	(34.0, 0.0)	(35.0, 0.0008647152924898866)	(36.0, 0.0008647152924898866)	(37.0, 0.0017294305849797733)	(38.0, 0.00259414587746966)	(39.0, 0.0008647152924898866)	(40.0, 0.0)	(41.0, 0.0)	(42.0, 0.0017294305849797733)	(43.0, 0.004323576462449432)	(44.0, 0.0017294305849797733)	(45.0, 0.0008647152924898866)	(46.0, 0.021617882312247157)	(47.0, 0.11241298802368534)	(48.0, 2.2396126075488794)	(49.0, 5.495265683772828)	(50.0, 5.241039387780735)	(51.0, 6.566647931168284)	(52.0, 12.057590038479608)	(53.0, 30.746681655072432)	(54.0, 23.816853301045878)	(55.0, 7.685589519650707)	(56.0, 2.478274028276115)	(57.0, 1.6075057287387007)	(58.0, 1.3792208915213444)	(59.0, 0.34675083228844306)	(60.0, 0.0925245362964178)	(61.0, 0.03804747286955503)	(62.0, 0.01642959055730784)	(63.0, 0.014700159972328068)	(64.0, 0.0034588611699595466)	(65.0, 0.004323576462449432)	(66.0, 0.0060530070474292055)	(67.0, 0.00259414587746966)	(68.0, 0.0034588611699595466)	(69.0, 0.0034588611699595466)	(70.0, 0.0008647152924898866)	(71.0, 0.0008647152924898866)	(72.0, 0.0008647152924898866)	(73.0, 0.0)	(74.0, 0.0)	(75.0, 0.0)	(76.0, 0.0)	(77.0, 0.0)	(78.0, 0.0)	(79.0, 0.0)	(80.0, 0.0)	(81.0, 0.0)	(82.0, 0.0)	(83.0, 0.0)	(84.0, 0.0)	(85.0, 0.0)	(86.0, 0.0)	(87.0, 0.0)	(88.0, 0.0)	(89.0, 0.0)	(90.0, 0.0)	(91.0, 0.0)	(92.0, 0.0)	(93.0, 0.0)	(94.0, 0.0)	(95.0, 0.0)	(96.0, 0.0)	(97.0, 0.0)	(98.0, 0.0)	(99.0, 0.0)	(100.0, 0.0)
SRR29920162_2	(0.0, 0.0)	(1.0, 0.0)	(2.0, 0.0)	(3.0, 0.0)	(4.0, 0.0)	(5.0, 0.0)	(6.0, 0.0)	(7.0, 0.0)	(8.0, 0.0)	(9.0, 0.0)	(10.0, 0.0)	(11.0, 0.0)	(12.0, 0.0)	(13.0, 0.0)	(14.0, 0.0)	(15.0, 0.0)	(16.0, 0.0)	(17.0, 0.0)	(18.0, 0.0)	(19.0, 0.0)	(20.0, 0.0)	(21.0, 0.0)	(22.0, 0.0)	(23.0, 0.0)	(24.0, 0.0)	(25.0, 0.0)	(26.0, 0.0)	(27.0, 0.0)	(28.0, 0.0)	(29.0, 0.0)	(30.0, 0.0)	(31.0, 0.0)	(32.0, 0.0)	(33.0, 0.0)	(34.0, 0.0)	(35.0, 0.0)	(36.0, 0.0)	(37.0, 0.0)	(38.0, 0.0)	(39.0, 0.0)	(40.0, 0.0)	(41.0, 0.0)	(42.0, 0.0008677467220867928)	(43.0, 0.0017354934441735856)	(44.0, 0.0017354934441735856)	(45.0, 0.0017354934441735856)	(46.0, 0.003470986888347171)	(47.0, 0.003470986888347171)	(48.0, 0.045990576270600034)	(49.0, 0.4998221119219955)	(50.0, 0.8798951761960034)	(51.0, 0.6768424432277054)	(52.0, 1.910778282035153)	(53.0, 5.210819066130734)	(54.0, 13.010994350969177)	(55.0, 27.455506286829518)	(56.0, 20.057965481029612)	(57.0, 13.509948716168626)	(58.0, 7.360227696740615)	(59.0, 3.7989951492958425)	(60.0, 2.7906734582312183)	(61.0, 1.3936012356713658)	(62.0, 0.7896495170989821)	(63.0, 0.26726599040273125)	(64.0, 0.11714580748171716)	(65.0, 0.06247776399024905)	(66.0, 0.03557761560555853)	(67.0, 0.02082592133008302)	(68.0, 0.014751694275475475)	(69.0, 0.01301620083130189)	(70.0, 0.011280707387128306)	(71.0, 0.01301620083130189)	(72.0, 0.006074227054607549)	(73.0, 0.006941973776694342)	(74.0, 0.009545213942954722)	(75.0, 0.004338733610433964)	(76.0, 0.003470986888347171)	(77.0, 0.003470986888347171)	(78.0, 0.003470986888347171)	(79.0, 0.0008677467220867928)	(80.0, 0.0008677467220867928)	(81.0, 0.0008677467220867928)	(82.0, 0.0)	(83.0, 0.0)	(84.0, 0.0)	(85.0, 0.0)	(86.0, 0.0)	(87.0, 0.0)	(88.0, 0.0)	(89.0, 0.0)	(90.0, 0.0)	(91.0, 0.0)	(92.0, 0.0)	(93.0, 0.0)	(94.0, 0.0)	(95.0, 0.0)	(96.0, 0.0)	(97.0, 0.0)	(98.0, 0.0)	(99.0, 0.0)	(100.0, 0.0)
SRR29920163_1	(0.0, 0.0)	(1.0, 0.0)	(2.0, 0.0)	(3.0, 0.0)	(4.0, 0.0)	(5.0, 0.0)	(6.0, 0.0)	(7.0, 0.0)	(8.0, 0.0)	(9.0, 0.0)	(10.0, 0.0)	(11.0, 0.0)	(12.0, 0.0)	(13.0, 0.0)	(14.0, 0.0)	(15.0, 0.0)	(16.0, 0.0)	(17.0, 0.0)	(18.0, 0.0)	(19.0, 0.0)	(20.0, 0.0)	(21.0, 0.0)	(22.0, 0.0)	(23.0, 0.0)	(24.0, 0.0)	(25.0, 0.0)	(26.0, 0.0011083279764148729)	(27.0, 0.0011083279764148729)	(28.0, 0.0)	(29.0, 0.0)	(30.0, 0.0)	(31.0, 0.0)	(32.0, 0.0)	(33.0, 0.0)	(34.0, 0.0)	(35.0, 0.0)	(36.0, 0.0011083279764148729)	(37.0, 0.0011083279764148729)	(38.0, 0.0)	(39.0, 0.0)	(40.0, 0.0)	(41.0, 0.0022166559528297458)	(42.0, 0.0022166559528297458)	(43.0, 0.0)	(44.0, 0.0)	(45.0, 0.0011083279764148729)	(46.0, 0.025491543457542065)	(47.0, 0.12302440538205085)	(48.0, 2.2676390397448554)	(49.0, 5.63917274399852)	(50.0, 4.341320683616998)	(51.0, 4.613969365814995)	(52.0, 10.746348059319779)	(53.0, 32.83310797331446)	(54.0, 26.405914038075196)	(55.0, 7.875778600403952)	(56.0, 2.2454724802165553)	(57.0, 1.3676767228959334)	(58.0, 1.0772947930752532)	(59.0, 0.26267373041032477)	(60.0, 0.06982466251413696)	(61.0, 0.031033183339616438)	(62.0, 0.01662491964622309)	(63.0, 0.008866623811318983)	(64.0, 0.005541639882074364)	(65.0, 0.0022166559528297458)	(66.0, 0.009974951787733857)	(67.0, 0.005541639882074364)	(68.0, 0.003324983929244619)	(69.0, 0.0022166559528297458)	(70.0, 0.005541639882074364)	(71.0, 0.0044333119056594915)	(72.0, 0.0)	(73.0, 0.0)	(74.0, 0.0)	(75.0, 0.0)	(76.0, 0.0)	(77.0, 0.0)	(78.0, 0.0)	(79.0, 0.0)	(80.0, 0.0)	(81.0, 0.0)	(82.0, 0.0)	(83.0, 0.0)	(84.0, 0.0)	(85.0, 0.0)	(86.0, 0.0)	(87.0, 0.0)	(88.0, 0.0)	(89.0, 0.0)	(90.0, 0.0)	(91.0, 0.0)	(92.0, 0.0)	(93.0, 0.0)	(94.0, 0.0)	(95.0, 0.0)	(96.0, 0.0)	(97.0, 0.0)	(98.0, 0.0)	(99.0, 0.0)	(100.0, 0.0)
SRR29920163_2	(0.0, 0.0)	(1.0, 0.0)	(2.0, 0.0)	(3.0, 0.0)	(4.0, 0.0)	(5.0, 0.0)	(6.0, 0.0)	(7.0, 0.0)	(8.0, 0.0)	(9.0, 0.0)	(10.0, 0.0)	(11.0, 0.0)	(12.0, 0.0)	(13.0, 0.0)	(14.0, 0.0)	(15.0, 0.0)	(16.0, 0.0)	(17.0, 0.0)	(18.0, 0.0)	(19.0, 0.0)	(20.0, 0.0)	(21.0, 0.0)	(22.0, 0.0)	(23.0, 0.0)	(24.0, 0.0)	(25.0, 0.0)	(26.0, 0.0)	(27.0, 0.0)	(28.0, 0.0)	(29.0, 0.0)	(30.0, 0.0)	(31.0, 0.0)	(32.0, 0.0)	(33.0, 0.0)	(34.0, 0.0)	(35.0, 0.0)	(36.0, 0.0)	(37.0, 0.0)	(38.0, 0.0)	(39.0, 0.0)	(40.0, 0.0)	(41.0, 0.0)	(42.0, 0.0)	(43.0, 0.0)	(44.0, 0.001107382921940725)	(45.0, 0.0)	(46.0, 0.00221476584388145)	(47.0, 0.005536914609703624)	(48.0, 0.025469807204636662)	(49.0, 0.1627852895252868)	(50.0, 0.34439608872356414)	(51.0, 0.4473827004640511)	(52.0, 1.778456972636774)	(53.0, 4.4173504756214745)	(54.0, 10.246614176718474)	(55.0, 28.71776131468165)	(56.0, 26.159706764996805)	(57.0, 13.493460903850155)	(58.0, 7.1736265683315645)	(59.0, 2.597920334873004)	(60.0, 2.0497657885122824)	(61.0, 1.2136916824470234)	(62.0, 0.7242284309492402)	(63.0, 0.20265107471515317)	(64.0, 0.09744969713078368)	(65.0, 0.04097316811180683)	(66.0, 0.022147658438814492)	(67.0, 0.01661074382911087)	(68.0, 0.01882550967299232)	(69.0, 0.014395977985229425)	(70.0, 0.005536914609703624)	(71.0, 0.00221476584388145)	(72.0, 0.0033221487658221744)	(73.0, 0.0033221487658221744)	(74.0, 0.00221476584388145)	(75.0, 0.0)	(76.0, 0.001107382921940725)	(77.0, 0.00221476584388145)	(78.0, 0.0)	(79.0, 0.0)	(80.0, 0.0)	(81.0, 0.0)	(82.0, 0.0)	(83.0, 0.0)	(84.0, 0.0)	(85.0, 0.0)	(86.0, 0.0)	(87.0, 0.001107382921940725)	(88.0, 0.001107382921940725)	(89.0, 0.0)	(90.0, 0.0)	(91.0, 0.0)	(92.0, 0.0)	(93.0, 0.0)	(94.0, 0.001107382921940725)	(95.0, 0.0)	(96.0, 0.0)	(97.0, 0.0)	(98.0, 0.001107382921940725)	(99.0, 0.001107382921940725)	(100.0, 0.0)
SRR29920164_1	(0.0, 0.0)	(1.0, 0.0)	(2.0, 0.0)	(3.0, 0.0)	(4.0, 0.0)	(5.0, 0.0)	(6.0, 0.0)	(7.0, 0.0)	(8.0, 0.0)	(9.0, 0.0)	(10.0, 0.0)	(11.0, 0.0)	(12.0, 0.0)	(13.0, 0.0)	(14.0, 0.0)	(15.0, 0.0)	(16.0, 0.0)	(17.0, 0.0)	(18.0, 0.0)	(19.0, 0.0)	(20.0, 0.0)	(21.0, 0.0)	(22.0, 0.0)	(23.0, 0.0)	(24.0, 0.0)	(25.0, 0.0)	(26.0, 0.0)	(27.0, 0.0)	(28.0, 0.0)	(29.0, 0.0)	(30.0, 0.0)	(31.0, 0.0014952823840782897)	(32.0, 0.0014952823840782897)	(33.0, 0.0)	(34.0, 0.0)	(35.0, 0.0)	(36.0, 0.0014952823840782897)	(37.0, 0.0)	(38.0, 0.0014952823840782897)	(39.0, 0.0014952823840782897)	(40.0, 0.0029905647681565794)	(41.0, 0.0029905647681565794)	(42.0, 0.0014952823840782897)	(43.0, 0.0)	(44.0, 0.0014952823840782897)	(45.0, 0.0)	(46.0, 0.007476411920391447)	(47.0, 0.014952823840782897)	(48.0, 0.09270750781285393)	(49.0, 0.9958580677961496)	(50.0, 6.097761562271131)	(51.0, 10.553703066824353)	(52.0, 18.86298727515052)	(53.0, 30.737024687105418)	(54.0, 19.504463417919524)	(55.0, 8.650208591892191)	(56.0, 2.217503775588056)	(57.0, 1.0496882336229696)	(58.0, 0.8343675703156898)	(59.0, 0.20186312185056932)	(60.0, 0.05532544821089673)	(61.0, 0.03588677721787893)	(62.0, 0.017943388608939476)	(63.0, 0.007476411920391447)	(64.0, 0.008971694304469736)	(65.0, 0.010466976688548025)	(66.0, 0.007476411920391447)	(67.0, 0.0)	(68.0, 0.008971694304469736)	(69.0, 0.007476411920391447)	(70.0, 0.0014952823840782897)	(71.0, 0.0014952823840782897)	(72.0, 0.0)	(73.0, 0.0)	(74.0, 0.0)	(75.0, 0.0)	(76.0, 0.0)	(77.0, 0.0)	(78.0, 0.0)	(79.0, 0.0)	(80.0, 0.0)	(81.0, 0.0)	(82.0, 0.0)	(83.0, 0.0)	(84.0, 0.0)	(85.0, 0.0)	(86.0, 0.0)	(87.0, 0.0)	(88.0, 0.0)	(89.0, 0.0)	(90.0, 0.0)	(91.0, 0.0)	(92.0, 0.0)	(93.0, 0.0)	(94.0, 0.0)	(95.0, 0.0)	(96.0, 0.0)	(97.0, 0.0)	(98.0, 0.0)	(99.0, 0.0)	(100.0, 0.0)
SRR29920164_2	(0.0, 0.0)	(1.0, 0.0)	(2.0, 0.0)	(3.0, 0.0)	(4.0, 0.0)	(5.0, 0.0)	(6.0, 0.0)	(7.0, 0.0)	(8.0, 0.0)	(9.0, 0.0)	(10.0, 0.0)	(11.0, 0.0)	(12.0, 0.0)	(13.0, 0.0)	(14.0, 0.0)	(15.0, 0.0)	(16.0, 0.0)	(17.0, 0.0)	(18.0, 0.0)	(19.0, 0.0)	(20.0, 0.0)	(21.0, 0.0)	(22.0, 0.0)	(23.0, 0.0)	(24.0, 0.0)	(25.0, 0.0)	(26.0, 0.0)	(27.0, 0.0)	(28.0, 0.0)	(29.0, 0.0)	(30.0, 0.0)	(31.0, 0.0)	(32.0, 0.0)	(33.0, 0.0)	(34.0, 0.0)	(35.0, 0.0)	(36.0, 0.0)	(37.0, 0.0)	(38.0, 0.0)	(39.0, 0.0)	(40.0, 0.0)	(41.0, 0.0014998350181481023)	(42.0, 0.0029996700362962046)	(43.0, 0.0014998350181481023)	(44.0, 0.0014998350181481023)	(45.0, 0.0014998350181481023)	(46.0, 0.0029996700362962046)	(47.0, 0.0029996700362962046)	(48.0, 0.008999010108888613)	(49.0, 0.03449620541740634)	(50.0, 0.2234754177040676)	(51.0, 0.6569277379488677)	(52.0, 2.377238503764698)	(53.0, 8.154602993670634)	(54.0, 23.65989741128491)	(55.0, 27.60596334402898)	(56.0, 14.051954285030932)	(57.0, 9.913909469958435)	(58.0, 6.926238113807619)	(59.0, 2.234754177040624)	(60.0, 1.9527851936287965)	(61.0, 1.2493625701173767)	(62.0, 0.5249422563518332)	(63.0, 0.1559828418874025)	(64.0, 0.07499175090740516)	(65.0, 0.0539940606533317)	(66.0, 0.03299637039925824)	(67.0, 0.025497195308517736)	(68.0, 0.016498185199629128)	(69.0, 0.014998350181481023)	(70.0, 0.008999010108888613)	(71.0, 0.0029996700362962046)	(72.0, 0.0029996700362962046)	(73.0, 0.0)	(74.0, 0.004499505054444307)	(75.0, 0.005999340072592409)	(76.0, 0.0014998350181481023)	(77.0, 0.0029996700362962046)	(78.0, 0.0)	(79.0, 0.0)	(80.0, 0.0029996700362962046)	(81.0, 0.0014998350181481023)	(82.0, 0.0)	(83.0, 0.0)	(84.0, 0.0)	(85.0, 0.0)	(86.0, 0.0)	(87.0, 0.0)	(88.0, 0.0)	(89.0, 0.0)	(90.0, 0.0)	(91.0, 0.0)	(92.0, 0.0)	(93.0, 0.0)	(94.0, 0.0)	(95.0, 0.0)	(96.0, 0.0)	(97.0, 0.0)	(98.0, 0.0)	(99.0, 0.0)	(100.0, 0.0)
SRR29920165_1	(0.0, 0.0)	(1.0, 0.0)	(2.0, 0.0)	(3.0, 0.0)	(4.0, 0.0)	(5.0, 0.0)	(6.0, 0.0)	(7.0, 0.0)	(8.0, 0.0)	(9.0, 0.0)	(10.0, 0.0)	(11.0, 0.0)	(12.0, 0.0)	(13.0, 0.0)	(14.0, 0.0)	(15.0, 0.0)	(16.0, 0.0)	(17.0, 0.0)	(18.0, 0.0)	(19.0, 0.0)	(20.0, 0.0)	(21.0, 0.0)	(22.0, 0.0)	(23.0, 0.0)	(24.0, 0.0)	(25.0, 0.0)	(26.0, 0.0)	(27.0, 0.0)	(28.0, 0.0)	(29.0, 0.0)	(30.0, 0.0)	(31.0, 0.0)	(32.0, 0.0009191429910751108)	(33.0, 0.0009191429910751108)	(34.0, 0.0009191429910751108)	(35.0, 0.0009191429910751108)	(36.0, 0.0)	(37.0, 0.0)	(38.0, 0.0)	(39.0, 0.0009191429910751108)	(40.0, 0.0009191429910751108)	(41.0, 0.0009191429910751108)	(42.0, 0.0009191429910751108)	(43.0, 0.0027574289732253325)	(44.0, 0.0009191429910751108)	(45.0, 0.004595714955375555)	(46.0, 0.027574289732253326)	(47.0, 0.10662058696471285)	(48.0, 1.7105251063907831)	(49.0, 4.286882910374112)	(50.0, 5.452356223057088)	(51.0, 8.035148027979192)	(52.0, 13.020579611570504)	(53.0, 30.574372455128795)	(54.0, 23.77731003611599)	(55.0, 7.687711977352642)	(56.0, 2.483524361885039)	(57.0, 1.3171319062106073)	(58.0, 1.0496612958077651)	(59.0, 0.2785003262957576)	(60.0, 0.09467172808073634)	(61.0, 0.035846576651929335)	(62.0, 0.021140288794727544)	(63.0, 0.006434000937525775)	(64.0, 0.0009191429910751108)	(65.0, 0.0027574289732253325)	(66.0, 0.0036765719643004433)	(67.0, 0.0036765719643004433)	(68.0, 0.0018382859821502217)	(69.0, 0.0009191429910751108)	(70.0, 0.0009191429910751108)	(71.0, 0.0009191429910751108)	(72.0, 0.0009191429910751108)	(73.0, 0.0018382859821502217)	(74.0, 0.0)	(75.0, 0.0)	(76.0, 0.0)	(77.0, 0.0)	(78.0, 0.0)	(79.0, 0.0)	(80.0, 0.0)	(81.0, 0.0)	(82.0, 0.0)	(83.0, 0.0)	(84.0, 0.0)	(85.0, 0.0)	(86.0, 0.0)	(87.0, 0.0)	(88.0, 0.0)	(89.0, 0.0)	(90.0, 0.0)	(91.0, 0.0)	(92.0, 0.0)	(93.0, 0.0)	(94.0, 0.0)	(95.0, 0.0)	(96.0, 0.0)	(97.0, 0.0)	(98.0, 0.0)	(99.0, 0.0)	(100.0, 0.0)
SRR29920165_2	(0.0, 0.0)	(1.0, 0.0)	(2.0, 0.0)	(3.0, 0.0)	(4.0, 0.0)	(5.0, 0.0)	(6.0, 0.0)	(7.0, 0.0)	(8.0, 0.0)	(9.0, 0.0)	(10.0, 0.0)	(11.0, 0.0)	(12.0, 0.0)	(13.0, 0.0)	(14.0, 0.0)	(15.0, 0.0)	(16.0, 0.0)	(17.0, 0.0)	(18.0, 0.0)	(19.0, 0.0)	(20.0, 0.0)	(21.0, 0.0)	(22.0, 0.0)	(23.0, 0.0)	(24.0, 0.0)	(25.0, 0.0)	(26.0, 0.0)	(27.0, 0.0)	(28.0, 0.0)	(29.0, 0.0)	(30.0, 0.0)	(31.0, 0.0)	(32.0, 0.0)	(33.0, 0.0)	(34.0, 0.0)	(35.0, 0.0)	(36.0, 0.0)	(37.0, 0.0)	(38.0, 0.0)	(39.0, 0.0)	(40.0, 0.0009205305938343478)	(41.0, 0.0018410611876686956)	(42.0, 0.0018410611876686956)	(43.0, 0.0)	(44.0, 0.0)	(45.0, 0.0)	(46.0, 0.0036821223753373913)	(47.0, 0.010125836532177829)	(48.0, 0.04510599909788307)	(49.0, 0.5026097042335561)	(50.0, 0.8975173289884864)	(51.0, 0.8008616166358853)	(52.0, 2.834313698416084)	(53.0, 7.031933206300694)	(54.0, 12.596540646030105)	(55.0, 26.790201872360374)	(56.0, 22.120350169831607)	(57.0, 13.04391851463319)	(58.0, 6.663720968766787)	(59.0, 2.7026778234977593)	(60.0, 2.0049156333712443)	(61.0, 1.0162657755931104)	(62.0, 0.558762070457453)	(63.0, 0.17674187401619526)	(64.0, 0.08745040641426292)	(65.0, 0.03405963197187088)	(66.0, 0.02117220365818999)	(67.0, 0.013807958907515214)	(68.0, 0.004602652969171739)	(69.0, 0.00828477534450913)	(70.0, 0.00828477534450913)	(71.0, 0.004602652969171739)	(72.0, 0.0018410611876686956)	(73.0, 0.0018410611876686956)	(74.0, 0.0009205305938343478)	(75.0, 0.0009205305938343478)	(76.0, 0.0027615917815030436)	(77.0, 0.0009205305938343478)	(78.0, 0.0)	(79.0, 0.0)	(80.0, 0.0009205305938343478)	(81.0, 0.0009205305938343478)	(82.0, 0.0)	(83.0, 0.0)	(84.0, 0.0)	(85.0, 0.0)	(86.0, 0.0)	(87.0, 0.0)	(88.0, 0.0)	(89.0, 0.0)	(90.0, 0.0)	(91.0, 0.0)	(92.0, 0.0)	(93.0, 0.0)	(94.0, 0.0)	(95.0, 0.0)	(96.0, 0.0)	(97.0, 0.0009205305938343478)	(98.0, 0.0009205305938343478)	(99.0, 0.0)	(100.0, 0.0)
SRR29920166_1	(0.0, 0.0)	(1.0, 0.0)	(2.0, 0.0)	(3.0, 0.0)	(4.0, 0.0)	(5.0, 0.0)	(6.0, 0.0)	(7.0, 0.0)	(8.0, 0.0)	(9.0, 0.0)	(10.0, 0.0)	(11.0, 0.0)	(12.0, 0.0)	(13.0, 0.0)	(14.0, 0.0)	(15.0, 0.0)	(16.0, 0.0)	(17.0, 0.0)	(18.0, 0.0)	(19.0, 0.0)	(20.0, 0.0)	(21.0, 0.0)	(22.0, 0.0)	(23.0, 0.0)	(24.0, 0.0016086480921433152)	(25.0, 0.0)	(26.0, 0.0)	(27.0, 0.0)	(28.0, 0.0)	(29.0, 0.0)	(30.0, 0.0)	(31.0, 0.0)	(32.0, 0.0)	(33.0, 0.0)	(34.0, 0.0)	(35.0, 0.0032172961842866304)	(36.0, 0.006434592368573261)	(37.0, 0.0016086480921433152)	(38.0, 0.0016086480921433152)	(39.0, 0.0)	(40.0, 0.0016086480921433152)	(41.0, 0.0016086480921433152)	(42.0, 0.0016086480921433152)	(43.0, 0.0016086480921433152)	(44.0, 0.0016086480921433152)	(45.0, 0.006434592368573261)	(46.0, 0.06756321987001927)	(47.0, 0.23003667717649434)	(48.0, 3.55350363554465)	(49.0, 9.132295219096871)	(50.0, 7.903288076699658)	(51.0, 9.003603371725436)	(52.0, 12.25307251785581)	(53.0, 21.41593205070605)	(54.0, 19.244257126313833)	(55.0, 9.885142526219772)	(56.0, 3.4569847500160398)	(57.0, 1.6038221478668784)	(58.0, 1.6279518692490267)	(59.0, 0.40216202303582826)	(60.0, 0.11099671835788869)	(61.0, 0.04182485039572618)	(62.0, 0.020912425197863096)	(63.0, 0.008043240460716574)	(64.0, 0.0)	(65.0, 0.004825944276429945)	(66.0, 0.0032172961842866304)	(67.0, 0.0)	(68.0, 0.0016086480921433152)	(69.0, 0.0)	(70.0, 0.0)	(71.0, 0.0)	(72.0, 0.0)	(73.0, 0.0)	(74.0, 0.0)	(75.0, 0.0)	(76.0, 0.0)	(77.0, 0.0)	(78.0, 0.0)	(79.0, 0.0)	(80.0, 0.0)	(81.0, 0.0)	(82.0, 0.0)	(83.0, 0.0)	(84.0, 0.0)	(85.0, 0.0)	(86.0, 0.0)	(87.0, 0.0)	(88.0, 0.0)	(89.0, 0.0)	(90.0, 0.0)	(91.0, 0.0)	(92.0, 0.0)	(93.0, 0.0)	(94.0, 0.0)	(95.0, 0.0)	(96.0, 0.0)	(97.0, 0.0)	(98.0, 0.0)	(99.0, 0.0)	(100.0, 0.0)
SRR29920166_2	(0.0, 0.0)	(1.0, 0.0)	(2.0, 0.0)	(3.0, 0.0)	(4.0, 0.0)	(5.0, 0.0)	(6.0, 0.0)	(7.0, 0.0)	(8.0, 0.0)	(9.0, 0.0)	(10.0, 0.0)	(11.0, 0.0)	(12.0, 0.0)	(13.0, 0.0)	(14.0, 0.0)	(15.0, 0.0)	(16.0, 0.0)	(17.0, 0.0)	(18.0, 0.0)	(19.0, 0.0)	(20.0, 0.0)	(21.0, 0.0)	(22.0, 0.0)	(23.0, 0.0)	(24.0, 0.0016109285392099124)	(25.0, 0.0016109285392099124)	(26.0, 0.0)	(27.0, 0.0)	(28.0, 0.0)	(29.0, 0.0)	(30.0, 0.0)	(31.0, 0.0)	(32.0, 0.0)	(33.0, 0.0)	(34.0, 0.0)	(35.0, 0.0)	(36.0, 0.0)	(37.0, 0.0)	(38.0, 0.0)	(39.0, 0.0016109285392099124)	(40.0, 0.0032218570784198247)	(41.0, 0.0016109285392099124)	(42.0, 0.0)	(43.0, 0.0016109285392099124)	(44.0, 0.0016109285392099124)	(45.0, 0.0064437141568396495)	(46.0, 0.004832785617629738)	(47.0, 0.009665571235259475)	(48.0, 0.040273213480247795)	(49.0, 0.691088343321051)	(50.0, 1.9073393904245124)	(51.0, 1.9331142470518696)	(52.0, 4.306011985308248)	(53.0, 8.144854694244815)	(54.0, 10.408209291834575)	(55.0, 18.892969907857044)	(56.0, 22.171209485147468)	(57.0, 17.26271022617587)	(58.0, 8.061086410205919)	(59.0, 2.1232038146786283)	(60.0, 2.187640956247021)	(61.0, 1.0986532637411706)	(62.0, 0.3672917069398601)	(63.0, 0.15626006830336128)	(64.0, 0.09504478381338484)	(65.0, 0.049938784715507285)	(66.0, 0.024163928088148684)	(67.0, 0.016109285392099125)	(68.0, 0.012887428313679299)	(69.0, 0.0032218570784198247)	(70.0, 0.0032218570784198247)	(71.0, 0.0032218570784198247)	(72.0, 0.0032218570784198247)	(73.0, 0.0032218570784198247)	(74.0, 0.0)	(75.0, 0.0)	(76.0, 0.0)	(77.0, 0.0)	(78.0, 0.0)	(79.0, 0.0)	(80.0, 0.0)	(81.0, 0.0)	(82.0, 0.0)	(83.0, 0.0)	(84.0, 0.0)	(85.0, 0.0)	(86.0, 0.0)	(87.0, 0.0)	(88.0, 0.0)	(89.0, 0.0)	(90.0, 0.0)	(91.0, 0.0)	(92.0, 0.0)	(93.0, 0.0)	(94.0, 0.0)	(95.0, 0.0)	(96.0, 0.0)	(97.0, 0.0)	(98.0, 0.0)	(99.0, 0.0)	(100.0, 0.0)
SRR29920167_1	(0.0, 0.0)	(1.0, 0.0)	(2.0, 0.0)	(3.0, 0.0)	(4.0, 0.0)	(5.0, 0.0)	(6.0, 0.0)	(7.0, 0.0)	(8.0, 0.0)	(9.0, 0.0)	(10.0, 0.0)	(11.0, 0.0)	(12.0, 0.0)	(13.0, 0.0)	(14.0, 0.0)	(15.0, 0.0)	(16.0, 0.0)	(17.0, 0.0)	(18.0, 0.0)	(19.0, 0.0)	(20.0, 0.0)	(21.0, 0.0)	(22.0, 0.0)	(23.0, 0.0)	(24.0, 0.001384427954369166)	(25.0, 0.001384427954369166)	(26.0, 0.0)	(27.0, 0.0)	(28.0, 0.0)	(29.0, 0.0)	(30.0, 0.0)	(31.0, 0.0)	(32.0, 0.0)	(33.0, 0.001384427954369166)	(34.0, 0.001384427954369166)	(35.0, 0.0)	(36.0, 0.001384427954369166)	(37.0, 0.001384427954369166)	(38.0, 0.001384427954369166)	(39.0, 0.0)	(40.0, 0.0)	(41.0, 0.0)	(42.0, 0.002768855908738332)	(43.0, 0.001384427954369166)	(44.0, 0.0)	(45.0, 0.0041532838631074985)	(46.0, 0.05537711817476667)	(47.0, 0.18966662974857598)	(48.0, 3.2063351423190634)	(49.0, 8.334256285301645)	(50.0, 9.919426293054945)	(51.0, 12.46400487318663)	(52.0, 10.693321519547661)	(53.0, 15.612194041423544)	(54.0, 17.357957691883385)	(55.0, 11.65134566397156)	(56.0, 4.711208328718361)	(57.0, 2.3230701074314344)	(58.0, 2.4352087717353497)	(59.0, 0.6811385535496309)	(60.0, 0.1882822017942068)	(61.0, 0.074759109535935)	(62.0, 0.03599512681359831)	(63.0, 0.011075423634953329)	(64.0, 0.005537711817476664)	(65.0, 0.00692213977184583)	(66.0, 0.005537711817476664)	(67.0, 0.0041532838631074985)	(68.0, 0.005537711817476664)	(69.0, 0.0041532838631074985)	(70.0, 0.0041532838631074985)	(71.0, 0.0)	(72.0, 0.001384427954369166)	(73.0, 0.0)	(74.0, 0.0)	(75.0, 0.0)	(76.0, 0.0)	(77.0, 0.0)	(78.0, 0.0)	(79.0, 0.0)	(80.0, 0.0)	(81.0, 0.0)	(82.0, 0.0)	(83.0, 0.0)	(84.0, 0.0)	(85.0, 0.0)	(86.0, 0.0)	(87.0, 0.0)	(88.0, 0.0)	(89.0, 0.0)	(90.0, 0.0)	(91.0, 0.0)	(92.0, 0.0)	(93.0, 0.0)	(94.0, 0.0)	(95.0, 0.0)	(96.0, 0.0)	(97.0, 0.0)	(98.0, 0.0)	(99.0, 0.0)	(100.0, 0.0)
SRR29920167_2	(0.0, 0.0)	(1.0, 0.0)	(2.0, 0.0)	(3.0, 0.0)	(4.0, 0.0)	(5.0, 0.0)	(6.0, 0.0)	(7.0, 0.0)	(8.0, 0.0)	(9.0, 0.0)	(10.0, 0.0)	(11.0, 0.0)	(12.0, 0.0)	(13.0, 0.0)	(14.0, 0.0)	(15.0, 0.0)	(16.0, 0.0)	(17.0, 0.0)	(18.0, 0.0)	(19.0, 0.0)	(20.0, 0.0)	(21.0, 0.0)	(22.0, 0.0)	(23.0, 0.0)	(24.0, 0.0)	(25.0, 0.0)	(26.0, 0.0)	(27.0, 0.0)	(28.0, 0.0)	(29.0, 0.0)	(30.0, 0.0)	(31.0, 0.0)	(32.0, 0.0)	(33.0, 0.0)	(34.0, 0.0)	(35.0, 0.0)	(36.0, 0.0)	(37.0, 0.0)	(38.0, 0.0)	(39.0, 0.0)	(40.0, 0.0013773725241727946)	(41.0, 0.0013773725241727946)	(42.0, 0.002754745048345589)	(43.0, 0.0013773725241727946)	(44.0, 0.002754745048345589)	(45.0, 0.0013773725241727946)	(46.0, 0.008264235145036767)	(47.0, 0.012396352717555152)	(48.0, 0.08677446902288602)	(49.0, 1.7520178507477673)	(50.0, 4.305666510564331)	(51.0, 2.7561224208697865)	(52.0, 3.122503512299791)	(53.0, 7.076940029199363)	(54.0, 10.933583096883996)	(55.0, 16.13316437563866)	(56.0, 18.30114872868575)	(57.0, 17.79565301231479)	(58.0, 9.696702570176265)	(59.0, 2.8855954381420434)	(60.0, 2.7878019889257644)	(61.0, 1.4407316602847333)	(62.0, 0.4765708933637846)	(63.0, 0.1707941929974266)	(64.0, 0.0895292140712316)	(65.0, 0.05371752844273901)	(66.0, 0.020660587862591916)	(67.0, 0.005509490096691178)	(68.0, 0.009641607669209561)	(69.0, 0.011018980193382356)	(70.0, 0.013773725241727946)	(71.0, 0.012396352717555152)	(72.0, 0.009641607669209561)	(73.0, 0.0013773725241727946)	(74.0, 0.005509490096691178)	(75.0, 0.0013773725241727946)	(76.0, 0.0)	(77.0, 0.004132117572518384)	(78.0, 0.002754745048345589)	(79.0, 0.0013773725241727946)	(80.0, 0.0)	(81.0, 0.0013773725241727946)	(82.0, 0.0013773725241727946)	(83.0, 0.0)	(84.0, 0.0)	(85.0, 0.0)	(86.0, 0.0)	(87.0, 0.0)	(88.0, 0.0)	(89.0, 0.0)	(90.0, 0.0)	(91.0, 0.0)	(92.0, 0.0)	(93.0, 0.0)	(94.0, 0.0)	(95.0, 0.0)	(96.0, 0.0)	(97.0, 0.0)	(98.0, 0.0)	(99.0, 0.0013773725241727946)	(100.0, 0.0)
SRR29920168_1	(0.0, 0.0)	(1.0, 0.0)	(2.0, 0.0)	(3.0, 0.0)	(4.0, 0.0)	(5.0, 0.0)	(6.0, 0.0)	(7.0, 0.0)	(8.0, 0.0)	(9.0, 0.0)	(10.0, 0.0)	(11.0, 0.0)	(12.0, 0.0)	(13.0, 0.0)	(14.0, 0.0)	(15.0, 0.0)	(16.0, 0.0)	(17.0, 0.0)	(18.0, 0.0)	(19.0, 0.0)	(20.0, 0.0)	(21.0, 0.0)	(22.0, 0.0)	(23.0, 0.0)	(24.0, 0.0)	(25.0, 0.0)	(26.0, 0.0)	(27.0, 0.0)	(28.0, 0.0)	(29.0, 0.0)	(30.0, 0.0)	(31.0, 0.0)	(32.0, 0.0)	(33.0, 0.0)	(34.0, 0.0)	(35.0, 0.0)	(36.0, 0.0)	(37.0, 0.0)	(38.0, 0.0017210222872386023)	(39.0, 0.0008605111436193011)	(40.0, 0.0008605111436193011)	(41.0, 0.0008605111436193011)	(42.0, 0.0008605111436193011)	(43.0, 0.0017210222872386023)	(44.0, 0.0017210222872386023)	(45.0, 0.0008605111436193011)	(46.0, 0.02409431202134043)	(47.0, 0.13940280526632706)	(48.0, 1.0498235952155328)	(49.0, 2.870665175114057)	(50.0, 4.074520265037186)	(51.0, 6.101884519404354)	(52.0, 13.634799070646967)	(53.0, 28.500989587820552)	(54.0, 22.832802684789907)	(55.0, 9.16788572412132)	(56.0, 3.74322347474383)	(57.0, 3.2991997246363716)	(58.0, 3.3826693055674246)	(59.0, 0.8192066087255732)	(60.0, 0.22889596420273364)	(61.0, 0.07056191377678263)	(62.0, 0.018070734016005317)	(63.0, 0.012047156010670215)	(64.0, 0.006023578005335107)	(65.0, 0.0017210222872386023)	(66.0, 0.0034420445744772045)	(67.0, 0.0008605111436193011)	(68.0, 0.0043025557180965054)	(69.0, 0.0008605111436193011)	(70.0, 0.0025815334308579036)	(71.0, 0.0)	(72.0, 0.0)	(73.0, 0.0)	(74.0, 0.0)	(75.0, 0.0)	(76.0, 0.0)	(77.0, 0.0)	(78.0, 0.0)	(79.0, 0.0)	(80.0, 0.0)	(81.0, 0.0)	(82.0, 0.0)	(83.0, 0.0)	(84.0, 0.0)	(85.0, 0.0)	(86.0, 0.0)	(87.0, 0.0)	(88.0, 0.0)	(89.0, 0.0)	(90.0, 0.0)	(91.0, 0.0)	(92.0, 0.0)	(93.0, 0.0)	(94.0, 0.0)	(95.0, 0.0)	(96.0, 0.0)	(97.0, 0.0)	(98.0, 0.0)	(99.0, 0.0)	(100.0, 0.0)
SRR29920168_2	(0.0, 0.0)	(1.0, 0.0)	(2.0, 0.0)	(3.0, 0.0)	(4.0, 0.0)	(5.0, 0.0)	(6.0, 0.0)	(7.0, 0.0)	(8.0, 0.0)	(9.0, 0.0)	(10.0, 0.0)	(11.0, 0.0)	(12.0, 0.0)	(13.0, 0.0)	(14.0, 0.0)	(15.0, 0.0)	(16.0, 0.0)	(17.0, 0.0)	(18.0, 0.0)	(19.0, 0.0)	(20.0, 0.0)	(21.0, 0.0)	(22.0, 0.0)	(23.0, 0.0)	(24.0, 0.0)	(25.0, 0.0)	(26.0, 0.0)	(27.0, 0.0)	(28.0, 0.0)	(29.0, 0.0)	(30.0, 0.0)	(31.0, 0.0)	(32.0, 0.0)	(33.0, 0.0)	(34.0, 0.0)	(35.0, 0.0)	(36.0, 0.0)	(37.0, 0.0)	(38.0, 0.0)	(39.0, 0.0)	(40.0, 0.0)	(41.0, 0.0008618237915076121)	(42.0, 0.004309118957538061)	(43.0, 0.0017236475830152242)	(44.0, 0.0034472951660304485)	(45.0, 0.0034472951660304485)	(46.0, 0.004309118957538061)	(47.0, 0.00775641412356851)	(48.0, 0.016374652038644626)	(49.0, 0.09738608844036016)	(50.0, 0.32059845044083)	(51.0, 0.797187007144541)	(52.0, 3.840286814957769)	(53.0, 8.862134048073916)	(54.0, 15.783440917667612)	(55.0, 25.796971551198045)	(56.0, 15.705014952640491)	(57.0, 9.70241224479422)	(58.0, 6.055173959132347)	(59.0, 3.7997810967569206)	(60.0, 4.556462385700432)	(61.0, 2.6277007403068278)	(62.0, 1.2642955021416404)	(63.0, 0.39040617755294815)	(64.0, 0.1611610490119239)	(65.0, 0.07239319848663935)	(66.0, 0.04653848474141107)	(67.0, 0.02671653753673598)	(68.0, 0.01723647583015224)	(69.0, 0.010341885498091346)	(70.0, 0.0060327665405532855)	(71.0, 0.005170942749045672)	(72.0, 0.005170942749045672)	(73.0, 0.0008618237915076121)	(74.0, 0.0008618237915076121)	(75.0, 0.0025854713745228366)	(76.0, 0.0008618237915076121)	(77.0, 0.0)	(78.0, 0.0)	(79.0, 0.0)	(80.0, 0.0)	(81.0, 0.0017236475830152242)	(82.0, 0.0)	(83.0, 0.0)	(84.0, 0.0)	(85.0, 0.0)	(86.0, 0.0008618237915076121)	(87.0, 0.0)	(88.0, 0.0)	(89.0, 0.0)	(90.0, 0.0)	(91.0, 0.0)	(92.0, 0.0)	(93.0, 0.0)	(94.0, 0.0)	(95.0, 0.0)	(96.0, 0.0)	(97.0, 0.0)	(98.0, 0.0)	(99.0, 0.0)	(100.0, 0.0)
SRR29920169_1	(0.0, 0.0)	(1.0, 0.0)	(2.0, 0.0)	(3.0, 0.0)	(4.0, 0.0)	(5.0, 0.0)	(6.0, 0.0)	(7.0, 0.0)	(8.0, 0.0)	(9.0, 0.0)	(10.0, 0.0)	(11.0, 0.0)	(12.0, 0.0)	(13.0, 0.0)	(14.0, 0.0)	(15.0, 0.0)	(16.0, 0.0)	(17.0, 0.0)	(18.0, 0.0)	(19.0, 0.0)	(20.0, 0.0)	(21.0, 0.0)	(22.0, 0.0)	(23.0, 0.0)	(24.0, 0.0010765305573200248)	(25.0, 0.0010765305573200248)	(26.0, 0.0)	(27.0, 0.0)	(28.0, 0.0)	(29.0, 0.0)	(30.0, 0.0)	(31.0, 0.0)	(32.0, 0.0010765305573200248)	(33.0, 0.0)	(34.0, 0.0)	(35.0, 0.0)	(36.0, 0.0)	(37.0, 0.0010765305573200248)	(38.0, 0.0021530611146400496)	(39.0, 0.006459183343920148)	(40.0, 0.0021530611146400496)	(41.0, 0.0)	(42.0, 0.0)	(43.0, 0.0)	(44.0, 0.0053826527866001235)	(45.0, 0.0032295916719600744)	(46.0, 0.04736734452208112)	(47.0, 0.2056173364481253)	(48.0, 0.959188726572144)	(49.0, 2.4878621179666345)	(50.0, 4.631234457590596)	(51.0, 9.004101581425171)	(52.0, 17.659407262276066)	(53.0, 26.27703437361502)	(54.0, 20.716754045062153)	(55.0, 8.818938325566043)	(56.0, 3.1725355524222483)	(57.0, 2.594438643141329)	(58.0, 2.4652549762629112)	(59.0, 0.6308469065895383)	(60.0, 0.17978060307244453)	(61.0, 0.06243877232456144)	(62.0, 0.029066325047640663)	(63.0, 0.009688775015880223)	(64.0, 0.006459183343920148)	(65.0, 0.004306122229280099)	(66.0, 0.0021530611146400496)	(67.0, 0.0032295916719600744)	(68.0, 0.0053826527866001235)	(69.0, 0.0032295916719600744)	(70.0, 0.0)	(71.0, 0.0)	(72.0, 0.0)	(73.0, 0.0)	(74.0, 0.0)	(75.0, 0.0)	(76.0, 0.0)	(77.0, 0.0)	(78.0, 0.0)	(79.0, 0.0)	(80.0, 0.0)	(81.0, 0.0)	(82.0, 0.0)	(83.0, 0.0)	(84.0, 0.0)	(85.0, 0.0)	(86.0, 0.0)	(87.0, 0.0)	(88.0, 0.0)	(89.0, 0.0)	(90.0, 0.0)	(91.0, 0.0)	(92.0, 0.0)	(93.0, 0.0)	(94.0, 0.0)	(95.0, 0.0)	(96.0, 0.0)	(97.0, 0.0)	(98.0, 0.0)	(99.0, 0.0)	(100.0, 0.0)
SRR29920169_2	(0.0, 0.0)	(1.0, 0.0)	(2.0, 0.0)	(3.0, 0.0)	(4.0, 0.0)	(5.0, 0.0)	(6.0, 0.0)	(7.0, 0.0)	(8.0, 0.0)	(9.0, 0.0)	(10.0, 0.0)	(11.0, 0.0)	(12.0, 0.0)	(13.0, 0.0)	(14.0, 0.0)	(15.0, 0.0)	(16.0, 0.0)	(17.0, 0.0)	(18.0, 0.0)	(19.0, 0.0)	(20.0, 0.0)	(21.0, 0.0)	(22.0, 0.0)	(23.0, 0.0)	(24.0, 0.0)	(25.0, 0.0)	(26.0, 0.0)	(27.0, 0.0)	(28.0, 0.0)	(29.0, 0.0)	(30.0, 0.0)	(31.0, 0.0)	(32.0, 0.0)	(33.0, 0.0)	(34.0, 0.0)	(35.0, 0.0)	(36.0, 0.0)	(37.0, 0.0)	(38.0, 0.0)	(39.0, 0.0)	(40.0, 0.0)	(41.0, 0.0)	(42.0, 0.001075662070004167)	(43.0, 0.002151324140008334)	(44.0, 0.0)	(45.0, 0.001075662070004167)	(46.0, 0.003226986210012501)	(47.0, 0.003226986210012501)	(48.0, 0.012907944840050005)	(49.0, 0.1527440139405919)	(50.0, 0.47436697287183704)	(51.0, 0.9024804767335013)	(52.0, 4.703870232128054)	(53.0, 11.888217197687853)	(54.0, 18.631542714539655)	(55.0, 25.79437643869089)	(56.0, 13.413506012954187)	(57.0, 9.094722801885762)	(58.0, 5.625712626121415)	(59.0, 2.4729470989396356)	(60.0, 2.967751651141609)	(61.0, 2.1147516296282074)	(62.0, 1.112234580384302)	(63.0, 0.3270012692812656)	(64.0, 0.12154981391047084)	(65.0, 0.058085751780225035)	(66.0, 0.038723834520150026)	(67.0, 0.026891551750104162)	(68.0, 0.01398360691005417)	(69.0, 0.005378310350020834)	(70.0, 0.005378310350020834)	(71.0, 0.003226986210012501)	(72.0, 0.003226986210012501)	(73.0, 0.002151324140008334)	(74.0, 0.001075662070004167)	(75.0, 0.005378310350020834)	(76.0, 0.003226986210012501)	(77.0, 0.002151324140008334)	(78.0, 0.001075662070004167)	(79.0, 0.0)	(80.0, 0.002151324140008334)	(81.0, 0.001075662070004167)	(82.0, 0.0)	(83.0, 0.0)	(84.0, 0.0)	(85.0, 0.001075662070004167)	(86.0, 0.0)	(87.0, 0.0)	(88.0, 0.001075662070004167)	(89.0, 0.001075662070004167)	(90.0, 0.0)	(91.0, 0.0)	(92.0, 0.0)	(93.0, 0.0)	(94.0, 0.0)	(95.0, 0.0)	(96.0, 0.001075662070004167)	(97.0, 0.001075662070004167)	(98.0, 0.0)	(99.0, 0.0)	(100.0, 0.0)
SRR29920170_1	(0.0, 0.0)	(1.0, 0.0)	(2.0, 0.0)	(3.0, 0.0)	(4.0, 0.0)	(5.0, 0.0)	(6.0, 0.0)	(7.0, 0.0)	(8.0, 0.0)	(9.0, 0.0)	(10.0, 0.0)	(11.0, 0.0)	(12.0, 0.0)	(13.0, 0.0)	(14.0, 0.0)	(15.0, 0.0)	(16.0, 0.0)	(17.0, 0.0)	(18.0, 0.0)	(19.0, 0.0)	(20.0, 0.0)	(21.0, 0.0)	(22.0, 0.0)	(23.0, 0.0)	(24.0, 0.0)	(25.0, 0.0)	(26.0, 0.0)	(27.0, 0.0)	(28.0, 0.0)	(29.0, 0.001225144873381494)	(30.0, 0.001225144873381494)	(31.0, 0.0)	(32.0, 0.001225144873381494)	(33.0, 0.0)	(34.0, 0.0)	(35.0, 0.0)	(36.0, 0.002450289746762988)	(37.0, 0.001225144873381494)	(38.0, 0.0)	(39.0, 0.0)	(40.0, 0.0)	(41.0, 0.0)	(42.0, 0.001225144873381494)	(43.0, 0.001225144873381494)	(44.0, 0.002450289746762988)	(45.0, 0.002450289746762988)	(46.0, 0.02450289746762987)	(47.0, 0.1494676745525423)	(48.0, 2.1844333092391954)	(49.0, 5.450669541674054)	(50.0, 4.230425247786363)	(51.0, 4.466878208348938)	(52.0, 10.324295847986436)	(53.0, 30.115286132579556)	(54.0, 25.93876725922583)	(55.0, 8.832069392207098)	(56.0, 2.658564375237887)	(57.0, 2.67571640346523)	(58.0, 2.222412800314026)	(59.0, 0.49128309422597694)	(60.0, 0.13966651556549028)	(61.0, 0.0441052154417338)	(62.0, 0.0196023179741039)	(63.0, 0.004900579493525976)	(64.0, 0.0036754346201444818)	(65.0, 0.0)	(66.0, 0.001225144873381494)	(67.0, 0.001225144873381494)	(68.0, 0.002450289746762988)	(69.0, 0.001225144873381494)	(70.0, 0.0)	(71.0, 0.001225144873381494)	(72.0, 0.001225144873381494)	(73.0, 0.0)	(74.0, 0.0)	(75.0, 0.0)	(76.0, 0.0)	(77.0, 0.0)	(78.0, 0.0)	(79.0, 0.0)	(80.0, 0.0)	(81.0, 0.0)	(82.0, 0.0)	(83.0, 0.0)	(84.0, 0.0)	(85.0, 0.0)	(86.0, 0.0)	(87.0, 0.0)	(88.0, 0.0)	(89.0, 0.0)	(90.0, 0.0)	(91.0, 0.0)	(92.0, 0.0)	(93.0, 0.0)	(94.0, 0.0)	(95.0, 0.0)	(96.0, 0.0)	(97.0, 0.0)	(98.0, 0.0)	(99.0, 0.0)	(100.0, 0.0)
SRR29920170_2	(0.0, 0.0)	(1.0, 0.0)	(2.0, 0.0)	(3.0, 0.0)	(4.0, 0.0)	(5.0, 0.0)	(6.0, 0.0)	(7.0, 0.0)	(8.0, 0.0)	(9.0, 0.0)	(10.0, 0.0)	(11.0, 0.0)	(12.0, 0.0)	(13.0, 0.0)	(14.0, 0.0)	(15.0, 0.0)	(16.0, 0.0)	(17.0, 0.0)	(18.0, 0.0)	(19.0, 0.0)	(20.0, 0.0)	(21.0, 0.0)	(22.0, 0.0)	(23.0, 0.0)	(24.0, 0.0)	(25.0, 0.0)	(26.0, 0.0)	(27.0, 0.0)	(28.0, 0.0)	(29.0, 0.0)	(30.0, 0.0)	(31.0, 0.0)	(32.0, 0.0)	(33.0, 0.0)	(34.0, 0.0)	(35.0, 0.0)	(36.0, 0.0)	(37.0, 0.0)	(38.0, 0.0)	(39.0, 0.0)	(40.0, 0.0)	(41.0, 0.0012255953329330985)	(42.0, 0.0012255953329330985)	(43.0, 0.0)	(44.0, 0.0012255953329330985)	(45.0, 0.004902381331732394)	(46.0, 0.0036767859987992956)	(47.0, 0.002451190665866197)	(48.0, 0.013481548662264085)	(49.0, 0.050249408650257066)	(50.0, 0.15074822595077117)	(51.0, 0.4350863431912478)	(52.0, 1.7342173961003002)	(53.0, 3.887588396063931)	(54.0, 12.388317625289284)	(55.0, 29.11156594314985)	(56.0, 21.580282622282805)	(57.0, 12.98028017109624)	(58.0, 7.061880308359934)	(59.0, 2.9205936783796487)	(60.0, 2.9058865343844498)	(61.0, 2.255095412596901)	(62.0, 1.5883715514812695)	(63.0, 0.48901253784030413)	(64.0, 0.20099763460102857)	(65.0, 0.08211488730651756)	(66.0, 0.03799345532092606)	(67.0, 0.023286311325728865)	(68.0, 0.026963097324528153)	(69.0, 0.014707143995197182)	(70.0, 0.011030357996397887)	(71.0, 0.009804762663464788)	(72.0, 0.009804762663464788)	(73.0, 0.002451190665866197)	(74.0, 0.0036767859987992956)	(75.0, 0.0012255953329330985)	(76.0, 0.0012255953329330985)	(77.0, 0.0012255953329330985)	(78.0, 0.0)	(79.0, 0.0)	(80.0, 0.0)	(81.0, 0.0)	(82.0, 0.0012255953329330985)	(83.0, 0.0)	(84.0, 0.0)	(85.0, 0.0012255953329330985)	(86.0, 0.0012255953329330985)	(87.0, 0.0)	(88.0, 0.0)	(89.0, 0.0)	(90.0, 0.0)	(91.0, 0.0)	(92.0, 0.0)	(93.0, 0.0012255953329330985)	(94.0, 0.0012255953329330985)	(95.0, 0.0)	(96.0, 0.0)	(97.0, 0.0)	(98.0, 0.0)	(99.0, 0.0)	(100.0, 0.0)
SRR29920171_1	(0.0, 0.0)	(1.0, 0.0)	(2.0, 0.0)	(3.0, 0.0)	(4.0, 0.0)	(5.0, 0.0)	(6.0, 0.0)	(7.0, 0.0)	(8.0, 0.0)	(9.0, 0.0)	(10.0, 0.0)	(11.0, 0.0)	(12.0, 0.0)	(13.0, 0.0)	(14.0, 0.0)	(15.0, 0.0)	(16.0, 0.0)	(17.0, 0.0)	(18.0, 0.0)	(19.0, 0.0)	(20.0, 0.0)	(21.0, 0.0)	(22.0, 0.0)	(23.0, 0.0)	(24.0, 0.0)	(25.0, 0.0)	(26.0, 0.0)	(27.0, 0.0)	(28.0, 0.0)	(29.0, 0.0)	(30.0, 0.0)	(31.0, 0.0)	(32.0, 0.0)	(33.0, 0.0)	(34.0, 0.0)	(35.0, 0.0)	(36.0, 0.0)	(37.0, 0.0)	(38.0, 0.0)	(39.0, 0.0033045834572555674)	(40.0, 0.0022030556381703783)	(41.0, 0.0022030556381703783)	(42.0, 0.0022030556381703783)	(43.0, 0.0011015278190851891)	(44.0, 0.0)	(45.0, 0.004406111276340757)	(46.0, 0.04295958494432239)	(47.0, 0.12667569919479674)	(48.0, 0.15311236685284146)	(49.0, 0.7578511395306172)	(50.0, 4.102089598273234)	(51.0, 7.942015575604132)	(52.0, 15.939107542162962)	(53.0, 29.348005683880984)	(54.0, 23.17284073008882)	(55.0, 10.16820329797631)	(56.0, 2.49165592677075)	(57.0, 2.443188702730996)	(58.0, 2.530209400438736)	(59.0, 0.597028077944175)	(60.0, 0.09583292026041133)	(61.0, 0.03524889021072605)	(62.0, 0.012116806009937081)	(63.0, 0.0022030556381703783)	(64.0, 0.004406111276340757)	(65.0, 0.005507639095425945)	(66.0, 0.005507639095425945)	(67.0, 0.0022030556381703783)	(68.0, 0.0022030556381703783)	(69.0, 0.0)	(70.0, 0.0)	(71.0, 0.0022030556381703783)	(72.0, 0.0011015278190851891)	(73.0, 0.0011015278190851891)	(74.0, 0.0)	(75.0, 0.0)	(76.0, 0.0)	(77.0, 0.0)	(78.0, 0.0)	(79.0, 0.0)	(80.0, 0.0)	(81.0, 0.0)	(82.0, 0.0)	(83.0, 0.0)	(84.0, 0.0)	(85.0, 0.0)	(86.0, 0.0)	(87.0, 0.0)	(88.0, 0.0)	(89.0, 0.0)	(90.0, 0.0)	(91.0, 0.0)	(92.0, 0.0)	(93.0, 0.0)	(94.0, 0.0)	(95.0, 0.0)	(96.0, 0.0)	(97.0, 0.0)	(98.0, 0.0)	(99.0, 0.0)	(100.0, 0.0)
SRR29920171_2	(0.0, 0.0)	(1.0, 0.0)	(2.0, 0.0)	(3.0, 0.0)	(4.0, 0.0)	(5.0, 0.0)	(6.0, 0.0)	(7.0, 0.0)	(8.0, 0.0)	(9.0, 0.0)	(10.0, 0.0)	(11.0, 0.0)	(12.0, 0.0)	(13.0, 0.0)	(14.0, 0.0)	(15.0, 0.0)	(16.0, 0.0)	(17.0, 0.0)	(18.0, 0.0)	(19.0, 0.0)	(20.0, 0.0)	(21.0, 0.0)	(22.0, 0.0)	(23.0, 0.0)	(24.0, 0.0)	(25.0, 0.0)	(26.0, 0.0)	(27.0, 0.0)	(28.0, 0.0)	(29.0, 0.0)	(30.0, 0.0)	(31.0, 0.0)	(32.0, 0.0)	(33.0, 0.0)	(34.0, 0.0)	(35.0, 0.0)	(36.0, 0.0)	(37.0, 0.0)	(38.0, 0.0)	(39.0, 0.0)	(40.0, 0.0)	(41.0, 0.0)	(42.0, 0.0)	(43.0, 0.0)	(44.0, 0.0)	(45.0, 0.0011020376676475568)	(46.0, 0.0011020376676475568)	(47.0, 0.0022040753352951135)	(48.0, 0.011020376676475567)	(49.0, 0.049591695044140086)	(50.0, 0.17191787615301912)	(51.0, 0.5917942275267403)	(52.0, 2.4465236221776228)	(53.0, 7.18087744239105)	(54.0, 18.696069031638572)	(55.0, 24.558909423518244)	(56.0, 14.306653001402347)	(57.0, 11.10192746388284)	(58.0, 8.246547867006722)	(59.0, 3.7866014260370666)	(60.0, 4.3739875028930815)	(61.0, 2.6592168920336254)	(62.0, 1.1692619653740488)	(63.0, 0.30967258460896263)	(64.0, 0.11571395510299337)	(65.0, 0.07714263673532891)	(66.0, 0.04738761970884497)	(67.0, 0.0330611300294267)	(68.0, 0.01653056501471335)	(69.0, 0.004408150670590227)	(70.0, 0.0055101883382377825)	(71.0, 0.00991833900882801)	(72.0, 0.008816301341180454)	(73.0, 0.00330611300294267)	(74.0, 0.00330611300294267)	(75.0, 0.0022040753352951135)	(76.0, 0.00330611300294267)	(77.0, 0.0022040753352951135)	(78.0, 0.0011020376676475568)	(79.0, 0.0)	(80.0, 0.0011020376676475568)	(81.0, 0.0)	(82.0, 0.0)	(83.0, 0.0)	(84.0, 0.0)	(85.0, 0.0)	(86.0, 0.0)	(87.0, 0.0)	(88.0, 0.0)	(89.0, 0.0)	(90.0, 0.0)	(91.0, 0.0)	(92.0, 0.0)	(93.0, 0.0)	(94.0, 0.0)	(95.0, 0.0)	(96.0, 0.0)	(97.0, 0.0)	(98.0, 0.0)	(99.0, 0.0)	(100.0, 0.0)
SRR29920172_1	(0.0, 0.0)	(1.0, 0.0)	(2.0, 0.0)	(3.0, 0.0)	(4.0, 0.0)	(5.0, 0.0)	(6.0, 0.0)	(7.0, 0.0)	(8.0, 0.0)	(9.0, 0.0)	(10.0, 0.0)	(11.0, 0.0)	(12.0, 0.0)	(13.0, 0.0)	(14.0, 0.0)	(15.0, 0.0)	(16.0, 0.0)	(17.0, 0.0)	(18.0, 0.0)	(19.0, 0.0)	(20.0, 0.0)	(21.0, 0.0)	(22.0, 0.0)	(23.0, 0.0)	(24.0, 0.0)	(25.0, 0.0)	(26.0, 0.0)	(27.0, 0.0)	(28.0, 0.0)	(29.0, 0.0)	(30.0, 0.0)	(31.0, 0.0)	(32.0, 0.0)	(33.0, 0.0)	(34.0, 0.0011855505103795776)	(35.0, 0.0011855505103795776)	(36.0, 0.0)	(37.0, 0.0)	(38.0, 0.0)	(39.0, 0.0)	(40.0, 0.0023711010207591553)	(41.0, 0.0023711010207591553)	(42.0, 0.0)	(43.0, 0.0)	(44.0, 0.0011855505103795776)	(45.0, 0.0023711010207591553)	(46.0, 0.0023711010207591553)	(47.0, 0.005927752551897888)	(48.0, 0.05690642449821977)	(49.0, 0.20628578880604703)	(50.0, 0.7978754934854628)	(51.0, 2.889186593795111)	(52.0, 9.018482732457574)	(53.0, 35.539247649649646)	(54.0, 25.504748129788556)	(55.0, 7.3101044469998255)	(56.0, 8.603540053824531)	(57.0, 5.817496354432258)	(58.0, 3.0919157310700416)	(59.0, 0.6425683766257339)	(60.0, 0.3082431326986897)	(61.0, 0.09602959134074569)	(62.0, 0.049793121435942285)	(63.0, 0.02489656071797112)	(64.0, 0.0047422020415183105)	(65.0, 0.0047422020415183105)	(66.0, 0.007113303062277466)	(67.0, 0.003556651531138733)	(68.0, 0.0011855505103795776)	(69.0, 0.0)	(70.0, 0.0)	(71.0, 0.0011855505103795776)	(72.0, 0.0011855505103795776)	(73.0, 0.0)	(74.0, 0.0)	(75.0, 0.0)	(76.0, 0.0)	(77.0, 0.0)	(78.0, 0.0)	(79.0, 0.0)	(80.0, 0.0)	(81.0, 0.0)	(82.0, 0.0)	(83.0, 0.0)	(84.0, 0.0)	(85.0, 0.0)	(86.0, 0.0)	(87.0, 0.0)	(88.0, 0.0)	(89.0, 0.0)	(90.0, 0.0)	(91.0, 0.0)	(92.0, 0.0)	(93.0, 0.0)	(94.0, 0.0)	(95.0, 0.0)	(96.0, 0.0)	(97.0, 0.0)	(98.0, 0.0)	(99.0, 0.0)	(100.0, 0.0)
SRR29920172_2	(0.0, 0.0)	(1.0, 0.0)	(2.0, 0.0)	(3.0, 0.0)	(4.0, 0.0)	(5.0, 0.0)	(6.0, 0.0)	(7.0, 0.0)	(8.0, 0.0)	(9.0, 0.0)	(10.0, 0.0)	(11.0, 0.0)	(12.0, 0.0)	(13.0, 0.0)	(14.0, 0.0)	(15.0, 0.0)	(16.0, 0.0)	(17.0, 0.0)	(18.0, 0.0)	(19.0, 0.0)	(20.0, 0.0)	(21.0, 0.0)	(22.0, 0.0)	(23.0, 0.0)	(24.0, 0.0)	(25.0, 0.0)	(26.0, 0.0)	(27.0, 0.0)	(28.0, 0.0)	(29.0, 0.0)	(30.0, 0.0)	(31.0, 0.0)	(32.0, 0.0)	(33.0, 0.0)	(34.0, 0.0)	(35.0, 0.0)	(36.0, 0.0)	(37.0, 0.0)	(38.0, 0.0)	(39.0, 0.0)	(40.0, 0.0)	(41.0, 0.0)	(42.0, 0.0)	(43.0, 0.0)	(44.0, 0.0011836981096340995)	(45.0, 0.002367396219268199)	(46.0, 0.0035510943289022994)	(47.0, 0.005918490548170498)	(48.0, 0.010653282986706897)	(49.0, 0.08759366011292331)	(50.0, 0.28527124442181784)	(51.0, 0.8629159219232676)	(52.0, 6.632260508279344)	(53.0, 10.942105325458625)	(54.0, 18.446751340536906)	(55.0, 34.64210887655108)	(56.0, 13.678815354933906)	(57.0, 2.316497200553948)	(58.0, 1.5482771274013765)	(59.0, 1.021531468614232)	(60.0, 1.2701080716373787)	(61.0, 3.6209325173708744)	(62.0, 3.554645423231357)	(63.0, 0.6605035451758309)	(64.0, 0.1680851315680424)	(65.0, 0.07575667901658235)	(66.0, 0.05208271682390042)	(67.0, 0.026041358411950183)	(68.0, 0.02012286786377969)	(69.0, 0.014204377315609197)	(70.0, 0.007102188657804597)	(71.0, 0.010653282986706897)	(72.0, 0.008285886767438697)	(73.0, 0.0035510943289022994)	(74.0, 0.007102188657804597)	(75.0, 0.0035510943289022994)	(76.0, 0.002367396219268199)	(77.0, 0.0011836981096340995)	(78.0, 0.0011836981096340995)	(79.0, 0.0011836981096340995)	(80.0, 0.0)	(81.0, 0.0)	(82.0, 0.0)	(83.0, 0.0)	(84.0, 0.0)	(85.0, 0.0)	(86.0, 0.0)	(87.0, 0.0)	(88.0, 0.0)	(89.0, 0.0)	(90.0, 0.0)	(91.0, 0.0)	(92.0, 0.0011836981096340995)	(93.0, 0.0011836981096340995)	(94.0, 0.0011836981096340995)	(95.0, 0.0)	(96.0, 0.0)	(97.0, 0.0)	(98.0, 0.0)	(99.0, 0.0)	(100.0, 0.0)
SRR29920173_1	(0.0, 0.0)	(1.0, 0.0)	(2.0, 0.0)	(3.0, 0.0)	(4.0, 0.0)	(5.0, 0.0)	(6.0, 0.0)	(7.0, 0.0)	(8.0, 0.0)	(9.0, 0.0)	(10.0, 0.0)	(11.0, 0.0)	(12.0, 0.0)	(13.0, 0.0)	(14.0, 0.0)	(15.0, 0.0)	(16.0, 0.0)	(17.0, 0.0)	(18.0, 0.0)	(19.0, 0.0)	(20.0, 0.0)	(21.0, 0.0)	(22.0, 0.0)	(23.0, 0.0)	(24.0, 0.0)	(25.0, 0.0)	(26.0, 0.0012225985108750787)	(27.0, 0.0012225985108750787)	(28.0, 0.0)	(29.0, 0.0)	(30.0, 0.0)	(31.0, 0.0)	(32.0, 0.0)	(33.0, 0.0)	(34.0, 0.0)	(35.0, 0.0)	(36.0, 0.0012225985108750787)	(37.0, 0.0024451970217501573)	(38.0, 0.0012225985108750787)	(39.0, 0.0024451970217501573)	(40.0, 0.0012225985108750787)	(41.0, 0.0)	(42.0, 0.0012225985108750787)	(43.0, 0.0036677955326252366)	(44.0, 0.0024451970217501573)	(45.0, 0.0024451970217501573)	(46.0, 0.0024451970217501573)	(47.0, 0.014671182130500946)	(48.0, 0.06112992554375397)	(49.0, 0.23596151259889078)	(50.0, 1.6407272015943264)	(51.0, 4.497939921509416)	(52.0, 9.761226510826967)	(53.0, 38.083943613762386)	(54.0, 27.616055163637558)	(55.0, 6.028633257124667)	(56.0, 5.938160967319931)	(57.0, 3.451395596200483)	(58.0, 1.723863900333827)	(59.0, 0.47559082073040315)	(60.0, 0.299536635164394)	(61.0, 0.08435929725038038)	(62.0, 0.026897167239251722)	(63.0, 0.014671182130500946)	(64.0, 0.0012225985108750787)	(65.0, 0.0)	(66.0, 0.004890394043500315)	(67.0, 0.004890394043500315)	(68.0, 0.0)	(69.0, 0.0024451970217501573)	(70.0, 0.0036677955326252366)	(71.0, 0.0)	(72.0, 0.0024451970217501573)	(73.0, 0.0)	(74.0, 0.0)	(75.0, 0.0)	(76.0, 0.0)	(77.0, 0.0)	(78.0, 0.0)	(79.0, 0.0)	(80.0, 0.0012225985108750787)	(81.0, 0.0012225985108750787)	(82.0, 0.0)	(83.0, 0.0)	(84.0, 0.0)	(85.0, 0.0)	(86.0, 0.0)	(87.0, 0.0)	(88.0, 0.0)	(89.0, 0.0)	(90.0, 0.0)	(91.0, 0.0)	(92.0, 0.0)	(93.0, 0.0)	(94.0, 0.0)	(95.0, 0.0)	(96.0, 0.0)	(97.0, 0.0)	(98.0, 0.0)	(99.0, 0.0)	(100.0, 0.0)
SRR29920173_2	(0.0, 0.0)	(1.0, 0.0)	(2.0, 0.0)	(3.0, 0.0)	(4.0, 0.0)	(5.0, 0.0)	(6.0, 0.0)	(7.0, 0.0)	(8.0, 0.0)	(9.0, 0.0)	(10.0, 0.0)	(11.0, 0.0)	(12.0, 0.0)	(13.0, 0.0)	(14.0, 0.0)	(15.0, 0.0)	(16.0, 0.0)	(17.0, 0.0)	(18.0, 0.0)	(19.0, 0.0)	(20.0, 0.0)	(21.0, 0.0)	(22.0, 0.0)	(23.0, 0.0)	(24.0, 0.0)	(25.0, 0.0)	(26.0, 0.0)	(27.0, 0.0)	(28.0, 0.0)	(29.0, 0.0)	(30.0, 0.0)	(31.0, 0.0)	(32.0, 0.0)	(33.0, 0.0)	(34.0, 0.0)	(35.0, 0.0)	(36.0, 0.0)	(37.0, 0.0)	(38.0, 0.0)	(39.0, 0.0)	(40.0, 0.0)	(41.0, 0.0)	(42.0, 0.0)	(43.0, 0.0012207180263430295)	(44.0, 0.0012207180263430295)	(45.0, 0.0012207180263430295)	(46.0, 0.002441436052686059)	(47.0, 0.004882872105372118)	(48.0, 0.014648616316116355)	(49.0, 0.19775632026757117)	(50.0, 1.4196950646369266)	(51.0, 1.7492889317495257)	(52.0, 5.061096937218072)	(53.0, 8.438823716109107)	(54.0, 19.466790366090958)	(55.0, 38.531964501522324)	(56.0, 14.6620442144087)	(57.0, 2.227810398076026)	(58.0, 1.4001635762154392)	(59.0, 0.8886827231777348)	(60.0, 1.007092371733006)	(61.0, 2.241238296365801)	(62.0, 2.0569098743879826)	(63.0, 0.38208474224536676)	(64.0, 0.09521600605475622)	(65.0, 0.052490875132750296)	(66.0, 0.02807651460588967)	(67.0, 0.014648616316116355)	(68.0, 0.007324308158058176)	(69.0, 0.008545026184401205)	(70.0, 0.009765744210744236)	(71.0, 0.007324308158058176)	(72.0, 0.004882872105372118)	(73.0, 0.0012207180263430295)	(74.0, 0.0)	(75.0, 0.002441436052686059)	(76.0, 0.0036621540790290888)	(77.0, 0.002441436052686059)	(78.0, 0.0)	(79.0, 0.0)	(80.0, 0.002441436052686059)	(81.0, 0.002441436052686059)	(82.0, 0.0)	(83.0, 0.0)	(84.0, 0.0)	(85.0, 0.0)	(86.0, 0.0)	(87.0, 0.0)	(88.0, 0.0)	(89.0, 0.0)	(90.0, 0.0)	(91.0, 0.0)	(92.0, 0.0)	(93.0, 0.0)	(94.0, 0.0)	(95.0, 0.0)	(96.0, 0.0)	(97.0, 0.0)	(98.0, 0.0)	(99.0, 0.0)	(100.0, 0.0)
SRR29920174_1	(0.0, 0.0)	(1.0, 0.0)	(2.0, 0.0)	(3.0, 0.0)	(4.0, 0.0)	(5.0, 0.0)	(6.0, 0.0)	(7.0, 0.0)	(8.0, 0.0)	(9.0, 0.0)	(10.0, 0.0)	(11.0, 0.0)	(12.0, 0.0)	(13.0, 0.0)	(14.0, 0.0)	(15.0, 0.0)	(16.0, 0.0)	(17.0, 0.0)	(18.0, 0.0)	(19.0, 0.0)	(20.0, 0.0)	(21.0, 0.0)	(22.0, 0.0)	(23.0, 0.0)	(24.0, 0.0)	(25.0, 0.0)	(26.0, 0.0015440676919277196)	(27.0, 0.0)	(28.0, 0.0)	(29.0, 0.0)	(30.0, 0.0)	(31.0, 0.0)	(32.0, 0.0)	(33.0, 0.0)	(34.0, 0.0)	(35.0, 0.0)	(36.0, 0.0015440676919277196)	(37.0, 0.0030881353838554393)	(38.0, 0.004632203075783159)	(39.0, 0.0)	(40.0, 0.0)	(41.0, 0.0)	(42.0, 0.0015440676919277196)	(43.0, 0.0015440676919277196)	(44.0, 0.0015440676919277196)	(45.0, 0.0030881353838554393)	(46.0, 0.0030881353838554393)	(47.0, 0.030881353838554386)	(48.0, 0.09264406151566316)	(49.0, 0.9202643443889269)	(50.0, 4.051633623618473)	(51.0, 6.4495707491819125)	(52.0, 15.190537953186636)	(53.0, 30.487616577105804)	(54.0, 24.35921190785026)	(55.0, 11.256253474153018)	(56.0, 3.0371811500218464)	(57.0, 1.744796491878305)	(58.0, 1.7432524241863774)	(59.0, 0.45395590142674813)	(60.0, 0.0849237230560246)	(61.0, 0.021616947686988075)	(62.0, 0.013896609227349479)	(63.0, 0.010808473843494038)	(64.0, 0.012352541535421757)	(65.0, 0.004632203075783159)	(66.0, 0.0030881353838554393)	(67.0, 0.0030881353838554393)	(68.0, 0.0015440676919277196)	(69.0, 0.0015440676919277196)	(70.0, 0.0015440676919277196)	(71.0, 0.0015440676919277196)	(72.0, 0.0)	(73.0, 0.0)	(74.0, 0.0)	(75.0, 0.0)	(76.0, 0.0)	(77.0, 0.0)	(78.0, 0.0)	(79.0, 0.0)	(80.0, 0.0)	(81.0, 0.0)	(82.0, 0.0)	(83.0, 0.0)	(84.0, 0.0)	(85.0, 0.0)	(86.0, 0.0)	(87.0, 0.0)	(88.0, 0.0)	(89.0, 0.0)	(90.0, 0.0)	(91.0, 0.0)	(92.0, 0.0)	(93.0, 0.0)	(94.0, 0.0)	(95.0, 0.0)	(96.0, 0.0)	(97.0, 0.0)	(98.0, 0.0)	(99.0, 0.0)	(100.0, 0.0)
SRR29920174_2	(0.0, 0.0)	(1.0, 0.0)	(2.0, 0.0)	(3.0, 0.0)	(4.0, 0.0)	(5.0, 0.0)	(6.0, 0.0)	(7.0, 0.0)	(8.0, 0.0)	(9.0, 0.0)	(10.0, 0.0)	(11.0, 0.0)	(12.0, 0.0)	(13.0, 0.0)	(14.0, 0.0)	(15.0, 0.0)	(16.0, 0.0)	(17.0, 0.0)	(18.0, 0.0)	(19.0, 0.0)	(20.0, 0.0)	(21.0, 0.0)	(22.0, 0.0)	(23.0, 0.0)	(24.0, 0.0)	(25.0, 0.0)	(26.0, 0.0)	(27.0, 0.0)	(28.0, 0.0)	(29.0, 0.0)	(30.0, 0.0)	(31.0, 0.0)	(32.0, 0.0)	(33.0, 0.0)	(34.0, 0.0)	(35.0, 0.0)	(36.0, 0.0)	(37.0, 0.0)	(38.0, 0.0)	(39.0, 0.0)	(40.0, 0.0)	(41.0, 0.0)	(42.0, 0.0015521201961879382)	(43.0, 0.0015521201961879382)	(44.0, 0.0031042403923758764)	(45.0, 0.006208480784751753)	(46.0, 0.007760600980939691)	(47.0, 0.006208480784751753)	(48.0, 0.01862544235425526)	(49.0, 0.04966784627801404)	(50.0, 0.1598683802073575)	(51.0, 0.49046998199538655)	(52.0, 1.8408145526788715)	(53.0, 5.421555845284536)	(54.0, 16.675979387845587)	(55.0, 25.125721735888305)	(56.0, 18.14273297324386)	(57.0, 11.720059601415247)	(58.0, 7.226671633450699)	(59.0, 3.607127335940853)	(60.0, 4.69671571366491)	(61.0, 3.0592289066864486)	(62.0, 0.8862606320233175)	(63.0, 0.3181846402185279)	(64.0, 0.19401502452349237)	(65.0, 0.11640901471409529)	(66.0, 0.07139752902464522)	(67.0, 0.04811572608182609)	(68.0, 0.031042403923758757)	(69.0, 0.021729682746631132)	(70.0, 0.010864841373315566)	(71.0, 0.010864841373315566)	(72.0, 0.006208480784751753)	(73.0, 0.006208480784751753)	(74.0, 0.0015521201961879382)	(75.0, 0.0031042403923758764)	(76.0, 0.0031042403923758764)	(77.0, 0.0031042403923758764)	(78.0, 0.0015521201961879382)	(79.0, 0.0)	(80.0, 0.0015521201961879382)	(81.0, 0.0)	(82.0, 0.0)	(83.0, 0.0)	(84.0, 0.0)	(85.0, 0.0)	(86.0, 0.0)	(87.0, 0.0)	(88.0, 0.0)	(89.0, 0.0)	(90.0, 0.0)	(91.0, 0.0)	(92.0, 0.0)	(93.0, 0.0)	(94.0, 0.0015521201961879382)	(95.0, 0.0015521201961879382)	(96.0, 0.0)	(97.0, 0.0)	(98.0, 0.0)	(99.0, 0.0)	(100.0, 0.0)
SRR29920175_1	(0.0, 0.0)	(1.0, 0.0)	(2.0, 0.0)	(3.0, 0.0)	(4.0, 0.0)	(5.0, 0.0)	(6.0, 0.0)	(7.0, 0.0)	(8.0, 0.0)	(9.0, 0.0)	(10.0, 0.0)	(11.0, 0.0)	(12.0, 0.0)	(13.0, 0.0)	(14.0, 0.0)	(15.0, 0.0)	(16.0, 0.0)	(17.0, 0.0)	(18.0, 0.0)	(19.0, 0.0)	(20.0, 0.0)	(21.0, 0.0)	(22.0, 0.0)	(23.0, 0.0)	(24.0, 0.0)	(25.0, 0.0)	(26.0, 0.0)	(27.0, 0.0)	(28.0, 0.0011572332866583706)	(29.0, 0.0)	(30.0, 0.0)	(31.0, 0.0)	(32.0, 0.0)	(33.0, 0.0)	(34.0, 0.0)	(35.0, 0.0)	(36.0, 0.002314466573316741)	(37.0, 0.0011572332866583706)	(38.0, 0.0011572332866583706)	(39.0, 0.002314466573316741)	(40.0, 0.0011572332866583706)	(41.0, 0.0)	(42.0, 0.0011572332866583706)	(43.0, 0.0)	(44.0, 0.003471699859975112)	(45.0, 0.0011572332866583706)	(46.0, 0.010415099579925336)	(47.0, 0.030088065453117627)	(48.0, 0.09489312950598629)	(49.0, 0.8725538981404211)	(50.0, 4.782845173758927)	(51.0, 9.468482751439215)	(52.0, 18.118801569209147)	(53.0, 31.63297189080202)	(54.0, 22.085797275870437)	(55.0, 8.426972793446206)	(56.0, 2.2809068080036647)	(57.0, 0.999849559672836)	(58.0, 0.8216356335274513)	(59.0, 0.2291321907583579)	(60.0, 0.05438996447294346)	(61.0, 0.028930832166459253)	(62.0, 0.010415099579925336)	(63.0, 0.002314466573316741)	(64.0, 0.008100633006608593)	(65.0, 0.008100633006608593)	(66.0, 0.002314466573316741)	(67.0, 0.0)	(68.0, 0.005786166433291853)	(69.0, 0.005786166433291853)	(70.0, 0.0011572332866583706)	(71.0, 0.0011572332866583706)	(72.0, 0.0011572332866583706)	(73.0, 0.0)	(74.0, 0.0)	(75.0, 0.0)	(76.0, 0.0)	(77.0, 0.0)	(78.0, 0.0)	(79.0, 0.0)	(80.0, 0.0)	(81.0, 0.0)	(82.0, 0.0)	(83.0, 0.0)	(84.0, 0.0)	(85.0, 0.0)	(86.0, 0.0)	(87.0, 0.0)	(88.0, 0.0)	(89.0, 0.0)	(90.0, 0.0)	(91.0, 0.0)	(92.0, 0.0)	(93.0, 0.0)	(94.0, 0.0)	(95.0, 0.0)	(96.0, 0.0)	(97.0, 0.0)	(98.0, 0.0)	(99.0, 0.0)	(100.0, 0.0)
SRR29920175_2	(0.0, 0.0)	(1.0, 0.0)	(2.0, 0.0)	(3.0, 0.0)	(4.0, 0.0)	(5.0, 0.0)	(6.0, 0.0)	(7.0, 0.0)	(8.0, 0.0)	(9.0, 0.0)	(10.0, 0.0)	(11.0, 0.0)	(12.0, 0.0)	(13.0, 0.0)	(14.0, 0.0)	(15.0, 0.0)	(16.0, 0.0)	(17.0, 0.0)	(18.0, 0.0)	(19.0, 0.0)	(20.0, 0.0)	(21.0, 0.0)	(22.0, 0.0)	(23.0, 0.0)	(24.0, 0.0)	(25.0, 0.0)	(26.0, 0.0)	(27.0, 0.0)	(28.0, 0.0)	(29.0, 0.0)	(30.0, 0.0)	(31.0, 0.0)	(32.0, 0.0)	(33.0, 0.0)	(34.0, 0.0)	(35.0, 0.0)	(36.0, 0.0)	(37.0, 0.0)	(38.0, 0.0)	(39.0, 0.0011586142973005812)	(40.0, 0.0011586142973005812)	(41.0, 0.0011586142973005812)	(42.0, 0.0)	(43.0, 0.0023172285946011623)	(44.0, 0.0011586142973005812)	(45.0, 0.0023172285946011623)	(46.0, 0.005793071486502905)	(47.0, 0.010427528675705231)	(48.0, 0.026648128837913357)	(49.0, 0.06604101494613313)	(50.0, 0.23751593094661952)	(51.0, 0.6082725060828073)	(52.0, 1.7402386745454346)	(53.0, 6.592515351639778)	(54.0, 20.077627157919046)	(55.0, 29.376665508047516)	(56.0, 18.417332869888824)	(57.0, 9.728884254433519)	(58.0, 6.556598308423468)	(59.0, 2.7053643841969217)	(60.0, 1.9893407484650811)	(61.0, 1.0033599814623069)	(62.0, 0.4611284903256292)	(63.0, 0.13787510137876918)	(64.0, 0.07878577221643948)	(65.0, 0.04866180048662443)	(66.0, 0.03244120032441627)	(67.0, 0.016220600162208134)	(68.0, 0.011586142973005814)	(69.0, 0.012744757270306394)	(70.0, 0.00926891437840465)	(71.0, 0.005793071486502905)	(72.0, 0.0023172285946011623)	(73.0, 0.004634457189202325)	(74.0, 0.0069516857838034865)	(75.0, 0.004634457189202325)	(76.0, 0.0069516857838034865)	(77.0, 0.0034758428919017437)	(78.0, 0.0)	(79.0, 0.0011586142973005812)	(80.0, 0.0011586142973005812)	(81.0, 0.0011586142973005812)	(82.0, 0.0)	(83.0, 0.0)	(84.0, 0.0)	(85.0, 0.0)	(86.0, 0.0011586142973005812)	(87.0, 0.0)	(88.0, 0.0)	(89.0, 0.0)	(90.0, 0.0)	(91.0, 0.0)	(92.0, 0.0)	(93.0, 0.0)	(94.0, 0.0)	(95.0, 0.0)	(96.0, 0.0)	(97.0, 0.0)	(98.0, 0.0)	(99.0, 0.0)	(100.0, 0.0)
SRR29920176_1	(0.0, 0.0)	(1.0, 0.0)	(2.0, 0.0)	(3.0, 0.0)	(4.0, 0.0)	(5.0, 0.0)	(6.0, 0.0)	(7.0, 0.0)	(8.0, 0.0)	(9.0, 0.0)	(10.0, 0.0)	(11.0, 0.0)	(12.0, 0.0)	(13.0, 0.0)	(14.0, 0.0)	(15.0, 0.0)	(16.0, 0.0)	(17.0, 0.0)	(18.0, 0.0)	(19.0, 0.0)	(20.0, 0.0)	(21.0, 0.0)	(22.0, 0.0)	(23.0, 0.0)	(24.0, 0.0)	(25.0, 0.0)	(26.0, 0.0)	(27.0, 0.0)	(28.0, 0.0)	(29.0, 0.0)	(30.0, 0.0)	(31.0, 0.0)	(32.0, 0.0)	(33.0, 0.0)	(34.0, 0.0)	(35.0, 0.0)	(36.0, 0.0)	(37.0, 0.001221374045801692)	(38.0, 0.001221374045801692)	(39.0, 0.0)	(40.0, 0.0)	(41.0, 0.0)	(42.0, 0.0)	(43.0, 0.001221374045801692)	(44.0, 0.001221374045801692)	(45.0, 0.0)	(46.0, 0.007328244274810151)	(47.0, 0.028091603053438902)	(48.0, 0.06839694656489476)	(49.0, 0.47633587786265735)	(50.0, 2.343816793893457)	(51.0, 4.602137404580752)	(52.0, 12.663206106873604)	(53.0, 31.931603053431996)	(54.0, 27.49801526717066)	(55.0, 10.454961832063143)	(56.0, 2.7102290076340063)	(57.0, 2.8409160305348022)	(58.0, 3.341679389313553)	(59.0, 0.8012213740459166)	(60.0, 0.12824427480917755)	(61.0, 0.040305343511455836)	(62.0, 0.013435114503818613)	(63.0, 0.008549618320611841)	(64.0, 0.004885496183206768)	(65.0, 0.008549618320611841)	(66.0, 0.010992366412215227)	(67.0, 0.001221374045801692)	(68.0, 0.0)	(69.0, 0.001221374045801692)	(70.0, 0.003664122137405076)	(71.0, 0.003664122137405076)	(72.0, 0.002442748091603384)	(73.0, 0.0)	(74.0, 0.0)	(75.0, 0.0)	(76.0, 0.0)	(77.0, 0.0)	(78.0, 0.0)	(79.0, 0.0)	(80.0, 0.0)	(81.0, 0.0)	(82.0, 0.0)	(83.0, 0.0)	(84.0, 0.0)	(85.0, 0.0)	(86.0, 0.0)	(87.0, 0.0)	(88.0, 0.0)	(89.0, 0.0)	(90.0, 0.0)	(91.0, 0.0)	(92.0, 0.0)	(93.0, 0.0)	(94.0, 0.0)	(95.0, 0.0)	(96.0, 0.0)	(97.0, 0.0)	(98.0, 0.0)	(99.0, 0.0)	(100.0, 0.0)
SRR29920176_2	(0.0, 0.0)	(1.0, 0.0)	(2.0, 0.0)	(3.0, 0.0)	(4.0, 0.0)	(5.0, 0.0)	(6.0, 0.0)	(7.0, 0.0)	(8.0, 0.0)	(9.0, 0.0)	(10.0, 0.0)	(11.0, 0.0)	(12.0, 0.0)	(13.0, 0.0)	(14.0, 0.0)	(15.0, 0.0)	(16.0, 0.0)	(17.0, 0.0)	(18.0, 0.0)	(19.0, 0.0)	(20.0, 0.0)	(21.0, 0.0)	(22.0, 0.0)	(23.0, 0.0)	(24.0, 0.0)	(25.0, 0.0)	(26.0, 0.0)	(27.0, 0.0)	(28.0, 0.0)	(29.0, 0.0)	(30.0, 0.0)	(31.0, 0.0)	(32.0, 0.0)	(33.0, 0.0)	(34.0, 0.0)	(35.0, 0.0)	(36.0, 0.0)	(37.0, 0.0)	(38.0, 0.0)	(39.0, 0.0)	(40.0, 0.0)	(41.0, 0.0)	(42.0, 0.0)	(43.0, 0.0)	(44.0, 0.0012203456018745438)	(45.0, 0.0012203456018745438)	(46.0, 0.0012203456018745438)	(47.0, 0.003661036805623631)	(48.0, 0.00976276481499635)	(49.0, 0.023186566435616323)	(50.0, 0.08908522893684163)	(51.0, 0.3099677828761337)	(52.0, 1.499804744703793)	(53.0, 4.133310553549162)	(54.0, 13.885092258130783)	(55.0, 27.668895831292733)	(56.0, 19.488919261935102)	(57.0, 10.906228643953666)	(58.0, 7.040173777213663)	(59.0, 4.039343942204844)	(60.0, 5.548911451723311)	(61.0, 3.3095772722838834)	(62.0, 1.2240066386801618)	(63.0, 0.36610368056236187)	(64.0, 0.18061114907743275)	(65.0, 0.11105144977058333)	(66.0, 0.052474860880605406)	(67.0, 0.03539002245436177)	(68.0, 0.01708483842624361)	(69.0, 0.010983110416870893)	(70.0, 0.013423801620619983)	(71.0, 0.0024406912037490875)	(72.0, 0.0012203456018745438)	(73.0, 0.0024406912037490875)	(74.0, 0.0)	(75.0, 0.004881382407498175)	(76.0, 0.004881382407498175)	(77.0, 0.0024406912037490875)	(78.0, 0.0012203456018745438)	(79.0, 0.0012203456018745438)	(80.0, 0.0012203456018745438)	(81.0, 0.0)	(82.0, 0.0)	(83.0, 0.0)	(84.0, 0.0)	(85.0, 0.0)	(86.0, 0.0)	(87.0, 0.0)	(88.0, 0.0)	(89.0, 0.0)	(90.0, 0.0)	(91.0, 0.0)	(92.0, 0.0)	(93.0, 0.0)	(94.0, 0.0012203456018745438)	(95.0, 0.0)	(96.0, 0.0)	(97.0, 0.0)	(98.0, 0.0)	(99.0, 0.0024406912037490875)	(100.0, 0.003661036805623631)
SRR29920177_1	(0.0, 0.0)	(1.0, 0.0)	(2.0, 0.0)	(3.0, 0.0)	(4.0, 0.0)	(5.0, 0.0)	(6.0, 0.0)	(7.0, 0.0)	(8.0, 0.0)	(9.0, 0.0)	(10.0, 0.0)	(11.0, 0.0)	(12.0, 0.0)	(13.0, 0.0)	(14.0, 0.0)	(15.0, 0.0)	(16.0, 0.0)	(17.0, 0.0)	(18.0, 0.0)	(19.0, 0.0)	(20.0, 0.0)	(21.0, 0.0)	(22.0, 0.0)	(23.0, 0.0)	(24.0, 0.0)	(25.0, 0.0)	(26.0, 0.0)	(27.0, 0.0)	(28.0, 0.0)	(29.0, 0.0)	(30.0, 0.0)	(31.0, 0.0)	(32.0, 0.0017154129856764514)	(33.0, 0.0017154129856764514)	(34.0, 0.0017154129856764514)	(35.0, 0.005146238957029354)	(36.0, 0.0017154129856764514)	(37.0, 0.0)	(38.0, 0.0)	(39.0, 0.0017154129856764514)	(40.0, 0.0017154129856764514)	(41.0, 0.0)	(42.0, 0.0017154129856764514)	(43.0, 0.0)	(44.0, 0.0)	(45.0, 0.0017154129856764514)	(46.0, 0.005146238957029354)	(47.0, 0.008577064928382257)	(48.0, 0.04116991165623482)	(49.0, 0.2744660777082328)	(50.0, 2.1665666009093245)	(51.0, 5.974783429111159)	(52.0, 10.635560511193082)	(53.0, 34.53640964061559)	(54.0, 24.521828630245576)	(55.0, 6.609486233811301)	(56.0, 7.17214169311305)	(57.0, 4.600737627584406)	(58.0, 2.4273093747321304)	(59.0, 0.5334934385453743)	(60.0, 0.308774337421762)	(61.0, 0.08748606226949907)	(62.0, 0.034308259713529014)	(63.0, 0.010292477914058707)	(64.0, 0.006861651942705806)	(65.0, 0.012007890899735158)	(66.0, 0.003430825971352903)	(67.0, 0.0)	(68.0, 0.0017154129856764514)	(69.0, 0.003430825971352903)	(70.0, 0.0)	(71.0, 0.0017154129856764514)	(72.0, 0.0)	(73.0, 0.0017154129856764514)	(74.0, 0.0017154129856764514)	(75.0, 0.0)	(76.0, 0.0)	(77.0, 0.0)	(78.0, 0.0)	(79.0, 0.0)	(80.0, 0.0)	(81.0, 0.0)	(82.0, 0.0)	(83.0, 0.0)	(84.0, 0.0)	(85.0, 0.0)	(86.0, 0.0)	(87.0, 0.0)	(88.0, 0.0)	(89.0, 0.0)	(90.0, 0.0)	(91.0, 0.0)	(92.0, 0.0)	(93.0, 0.0)	(94.0, 0.0)	(95.0, 0.0)	(96.0, 0.0)	(97.0, 0.0)	(98.0, 0.0)	(99.0, 0.0)	(100.0, 0.0)
SRR29920177_2	(0.0, 0.0)	(1.0, 0.0)	(2.0, 0.0)	(3.0, 0.0)	(4.0, 0.0)	(5.0, 0.0)	(6.0, 0.0)	(7.0, 0.0)	(8.0, 0.0)	(9.0, 0.0)	(10.0, 0.0)	(11.0, 0.0)	(12.0, 0.0)	(13.0, 0.0)	(14.0, 0.0)	(15.0, 0.0)	(16.0, 0.0)	(17.0, 0.0)	(18.0, 0.0)	(19.0, 0.0)	(20.0, 0.0)	(21.0, 0.0)	(22.0, 0.0)	(23.0, 0.0)	(24.0, 0.0)	(25.0, 0.0)	(26.0, 0.0)	(27.0, 0.0)	(28.0, 0.0)	(29.0, 0.0)	(30.0, 0.0)	(31.0, 0.0)	(32.0, 0.0)	(33.0, 0.0)	(34.0, 0.0)	(35.0, 0.0)	(36.0, 0.0)	(37.0, 0.0)	(38.0, 0.0)	(39.0, 0.0)	(40.0, 0.0)	(41.0, 0.001710512811741038)	(42.0, 0.0)	(43.0, 0.0)	(44.0, 0.001710512811741038)	(45.0, 0.001710512811741038)	(46.0, 0.001710512811741038)	(47.0, 0.005131538435223114)	(48.0, 0.022236666552633497)	(49.0, 0.28394512674901295)	(50.0, 1.3718312750163242)	(51.0, 1.931168964455612)	(52.0, 6.41955458246409)	(53.0, 11.188464301597485)	(54.0, 19.77694912935314)	(55.0, 33.081317779064534)	(56.0, 12.95713454893852)	(57.0, 2.4340597311074488)	(58.0, 1.8011699907633005)	(59.0, 1.0793335842086034)	(60.0, 1.111833327631684)	(61.0, 2.849714344360535)	(62.0, 2.760767678149991)	(63.0, 0.5815743559919503)	(64.0, 0.15052512743321117)	(65.0, 0.07526256371660572)	(66.0, 0.027368204987856602)	(67.0, 0.015394615305669344)	(68.0, 0.017105128117410384)	(69.0, 0.011973589682187267)	(70.0, 0.006842051246964152)	(71.0, 0.0)	(72.0, 0.001710512811741038)	(73.0, 0.001710512811741038)	(74.0, 0.003421025623482076)	(75.0, 0.003421025623482076)	(76.0, 0.005131538435223114)	(77.0, 0.005131538435223114)	(78.0, 0.003421025623482076)	(79.0, 0.0)	(80.0, 0.001710512811741038)	(81.0, 0.003421025623482076)	(82.0, 0.0)	(83.0, 0.0)	(84.0, 0.0)	(85.0, 0.001710512811741038)	(86.0, 0.0)	(87.0, 0.0)	(88.0, 0.0)	(89.0, 0.0)	(90.0, 0.0)	(91.0, 0.0)	(92.0, 0.0)	(93.0, 0.0)	(94.0, 0.0)	(95.0, 0.0)	(96.0, 0.001710512811741038)	(97.0, 0.0)	(98.0, 0.0)	(99.0, 0.0)	(100.0, 0.0)
SRR29920178_1	(0.0, 0.0)	(1.0, 0.0)	(2.0, 0.0)	(3.0, 0.0)	(4.0, 0.0)	(5.0, 0.0)	(6.0, 0.0)	(7.0, 0.0)	(8.0, 0.0)	(9.0, 0.0)	(10.0, 0.0)	(11.0, 0.0)	(12.0, 0.0)	(13.0, 0.0)	(14.0, 0.0)	(15.0, 0.0)	(16.0, 0.0)	(17.0, 0.0)	(18.0, 0.0)	(19.0, 0.0)	(20.0, 0.0)	(21.0, 0.0)	(22.0, 0.0)	(23.0, 0.0)	(24.0, 0.0)	(25.0, 0.0)	(26.0, 0.0)	(27.0, 0.0)	(28.0, 0.0)	(29.0, 0.0)	(30.0, 0.0)	(31.0, 0.0)	(32.0, 0.0)	(33.0, 0.0)	(34.0, 0.0)	(35.0, 0.0015776852202450003)	(36.0, 0.0031553704404900006)	(37.0, 0.0031553704404900006)	(38.0, 0.0015776852202450003)	(39.0, 0.0015776852202450003)	(40.0, 0.0)	(41.0, 0.0)	(42.0, 0.0)	(43.0, 0.0)	(44.0, 0.006310740880980001)	(45.0, 0.0047330556607350005)	(46.0, 0.047330556607350006)	(47.0, 0.2760949135428757)	(48.0, 0.4180865833649242)	(49.0, 1.1737978038622927)	(50.0, 5.2473810425349985)	(51.0, 7.4845386848419)	(52.0, 14.416887542600076)	(53.0, 35.74561403507961)	(54.0, 22.089170768651314)	(55.0, 4.229774075476995)	(56.0, 1.5193108670959314)	(57.0, 2.6836425596367195)	(58.0, 3.590811561277698)	(59.0, 0.833017796289363)	(60.0, 0.11359333585763992)	(61.0, 0.047330556607350006)	(62.0, 0.025242963523919998)	(63.0, 0.0047330556607350005)	(64.0, 0.0047330556607350005)	(65.0, 0.007888426101225001)	(66.0, 0.006310740880980001)	(67.0, 0.0031553704404900006)	(68.0, 0.0015776852202450003)	(69.0, 0.0047330556607350005)	(70.0, 0.0015776852202450003)	(71.0, 0.0)	(72.0, 0.0)	(73.0, 0.0015776852202450003)	(74.0, 0.0)	(75.0, 0.0)	(76.0, 0.0)	(77.0, 0.0)	(78.0, 0.0)	(79.0, 0.0)	(80.0, 0.0)	(81.0, 0.0)	(82.0, 0.0)	(83.0, 0.0)	(84.0, 0.0)	(85.0, 0.0)	(86.0, 0.0)	(87.0, 0.0)	(88.0, 0.0)	(89.0, 0.0)	(90.0, 0.0)	(91.0, 0.0)	(92.0, 0.0)	(93.0, 0.0)	(94.0, 0.0)	(95.0, 0.0)	(96.0, 0.0)	(97.0, 0.0)	(98.0, 0.0)	(99.0, 0.0)	(100.0, 0.0)
SRR29920178_2	(0.0, 0.0)	(1.0, 0.0)	(2.0, 0.0)	(3.0, 0.0)	(4.0, 0.0)	(5.0, 0.0)	(6.0, 0.0)	(7.0, 0.0)	(8.0, 0.0)	(9.0, 0.0)	(10.0, 0.0)	(11.0, 0.0)	(12.0, 0.0)	(13.0, 0.0)	(14.0, 0.0)	(15.0, 0.0)	(16.0, 0.0)	(17.0, 0.0)	(18.0, 0.0)	(19.0, 0.0)	(20.0, 0.0)	(21.0, 0.0)	(22.0, 0.0)	(23.0, 0.0)	(24.0, 0.0)	(25.0, 0.0)	(26.0, 0.0)	(27.0, 0.0)	(28.0, 0.0)	(29.0, 0.0)	(30.0, 0.0)	(31.0, 0.0)	(32.0, 0.0)	(33.0, 0.0)	(34.0, 0.0)	(35.0, 0.0)	(36.0, 0.0)	(37.0, 0.0)	(38.0, 0.0015749767690927373)	(39.0, 0.0)	(40.0, 0.0)	(41.0, 0.0)	(42.0, 0.0)	(43.0, 0.0015749767690927373)	(44.0, 0.0015749767690927373)	(45.0, 0.0)	(46.0, 0.0)	(47.0, 0.007874883845463686)	(48.0, 0.03149953538185474)	(49.0, 0.05669916368733856)	(50.0, 0.2724709810530442)	(51.0, 1.5119776983290245)	(52.0, 6.458979730049166)	(53.0, 9.315987589182743)	(54.0, 19.904556407797035)	(55.0, 32.18622525317103)	(56.0, 13.047107555164889)	(57.0, 4.661931236514703)	(58.0, 3.1735781897218964)	(59.0, 2.190792685807956)	(60.0, 4.011465830879328)	(61.0, 2.0348699856677834)	(62.0, 0.5528168459515481)	(63.0, 0.20632195675114878)	(64.0, 0.13072307183469706)	(65.0, 0.07087395460917323)	(66.0, 0.05669916368733856)	(67.0, 0.03622446568913295)	(68.0, 0.017324744460020112)	(69.0, 0.02204967476729832)	(70.0, 0.018899721229112848)	(71.0, 0.01102483738364916)	(72.0, 0.0)	(73.0, 0.0015749767690927373)	(74.0, 0.0015749767690927373)	(75.0, 0.0015749767690927373)	(76.0, 0.0015749767690927373)	(77.0, 0.0)	(78.0, 0.0)	(79.0, 0.0)	(80.0, 0.0)	(81.0, 0.0)	(82.0, 0.0)	(83.0, 0.0)	(84.0, 0.0)	(85.0, 0.0)	(86.0, 0.0)	(87.0, 0.0)	(88.0, 0.0)	(89.0, 0.0)	(90.0, 0.0)	(91.0, 0.0)	(92.0, 0.0)	(93.0, 0.0)	(94.0, 0.0)	(95.0, 0.0)	(96.0, 0.0)	(97.0, 0.0)	(98.0, 0.0)	(99.0, 0.0)	(100.0, 0.0)
SRR29920179_1	(0.0, 0.0)	(1.0, 0.0)	(2.0, 0.0)	(3.0, 0.0)	(4.0, 0.0)	(5.0, 0.0)	(6.0, 0.0)	(7.0, 0.0)	(8.0, 0.0)	(9.0, 0.0)	(10.0, 0.0)	(11.0, 0.0)	(12.0, 0.0)	(13.0, 0.0)	(14.0, 0.0)	(15.0, 0.0)	(16.0, 0.0)	(17.0, 0.0)	(18.0, 0.0)	(19.0, 0.0)	(20.0, 0.0)	(21.0, 0.0)	(22.0, 0.0)	(23.0, 0.0)	(24.0, 0.0)	(25.0, 0.0)	(26.0, 0.0)	(27.0, 0.0)	(28.0, 0.0)	(29.0, 0.0)	(30.0, 0.0)	(31.0, 0.0)	(32.0, 0.0)	(33.0, 0.0012903059315363386)	(34.0, 0.0012903059315363386)	(35.0, 0.0012903059315363386)	(36.0, 0.0)	(37.0, 0.0012903059315363386)	(38.0, 0.0012903059315363386)	(39.0, 0.002580611863072677)	(40.0, 0.003870917794609016)	(41.0, 0.0)	(42.0, 0.0)	(43.0, 0.0)	(44.0, 0.0)	(45.0, 0.0012903059315363386)	(46.0, 0.0167739771099724)	(47.0, 0.07999896775525298)	(48.0, 0.1883846660043057)	(49.0, 0.580637669191352)	(50.0, 2.2786802750931625)	(51.0, 4.4967161714041985)	(52.0, 14.535296318759139)	(53.0, 41.429142849774905)	(54.0, 26.039664004328472)	(55.0, 3.6876943523310044)	(56.0, 1.2554676713848536)	(57.0, 2.0954568328149814)	(58.0, 2.4915807537966828)	(59.0, 0.5870891988490339)	(60.0, 0.114837227906734)	(61.0, 0.04516070760377186)	(62.0, 0.021935200836117753)	(63.0, 0.011612753383827048)	(64.0, 0.003870917794609016)	(65.0, 0.003870917794609016)	(66.0, 0.006451529657681692)	(67.0, 0.003870917794609016)	(68.0, 0.0)	(69.0, 0.005161223726145354)	(70.0, 0.005161223726145354)	(71.0, 0.0012903059315363386)	(72.0, 0.0)	(73.0, 0.0)	(74.0, 0.0)	(75.0, 0.0)	(76.0, 0.0)	(77.0, 0.0)	(78.0, 0.0)	(79.0, 0.0)	(80.0, 0.0)	(81.0, 0.0)	(82.0, 0.0)	(83.0, 0.0)	(84.0, 0.0)	(85.0, 0.0)	(86.0, 0.0)	(87.0, 0.0)	(88.0, 0.0)	(89.0, 0.0)	(90.0, 0.0)	(91.0, 0.0)	(92.0, 0.0)	(93.0, 0.0)	(94.0, 0.0)	(95.0, 0.0)	(96.0, 0.0)	(97.0, 0.0)	(98.0, 0.0)	(99.0, 0.0)	(100.0, 0.0)
SRR29920179_2	(0.0, 0.0)	(1.0, 0.0)	(2.0, 0.0)	(3.0, 0.0)	(4.0, 0.0)	(5.0, 0.0)	(6.0, 0.0)	(7.0, 0.0)	(8.0, 0.0)	(9.0, 0.0)	(10.0, 0.0)	(11.0, 0.0)	(12.0, 0.0)	(13.0, 0.0)	(14.0, 0.0)	(15.0, 0.0)	(16.0, 0.0)	(17.0, 0.0)	(18.0, 0.0)	(19.0, 0.0)	(20.0, 0.0)	(21.0, 0.0)	(22.0, 0.0)	(23.0, 0.0)	(24.0, 0.0)	(25.0, 0.0)	(26.0, 0.0)	(27.0, 0.0)	(28.0, 0.0)	(29.0, 0.0)	(30.0, 0.0)	(31.0, 0.0)	(32.0, 0.0)	(33.0, 0.0)	(34.0, 0.0)	(35.0, 0.0)	(36.0, 0.0)	(37.0, 0.0)	(38.0, 0.0)	(39.0, 0.0)	(40.0, 0.0012937280066239332)	(41.0, 0.0025874560132478665)	(42.0, 0.0012937280066239332)	(43.0, 0.0)	(44.0, 0.0012937280066239332)	(45.0, 0.0038811840198717997)	(46.0, 0.0025874560132478665)	(47.0, 0.0025874560132478665)	(48.0, 0.007762368039743599)	(49.0, 0.02328710411923079)	(50.0, 0.2095839370730776)	(51.0, 1.760763817015141)	(52.0, 9.232043055268248)	(53.0, 11.065255640655195)	(54.0, 17.504139929623246)	(55.0, 33.94871662181098)	(56.0, 14.161146760507675)	(57.0, 3.0907162078246566)	(58.0, 1.8940178016973983)	(59.0, 1.7206582488098012)	(60.0, 2.9781618712483615)	(61.0, 1.5240115918029744)	(62.0, 0.3894121299938026)	(63.0, 0.15007244876837625)	(64.0, 0.10091078451666671)	(65.0, 0.060805216311324906)	(66.0, 0.05433657627820522)	(67.0, 0.03622438418547013)	(68.0, 0.02199337611260686)	(69.0, 0.012937280066239334)	(70.0, 0.014231008072863267)	(71.0, 0.009056096046367533)	(72.0, 0.0012937280066239332)	(73.0, 0.0025874560132478665)	(74.0, 0.0025874560132478665)	(75.0, 0.0)	(76.0, 0.0)	(77.0, 0.0)	(78.0, 0.0012937280066239332)	(79.0, 0.0025874560132478665)	(80.0, 0.0)	(81.0, 0.0)	(82.0, 0.0)	(83.0, 0.0)	(84.0, 0.0)	(85.0, 0.0)	(86.0, 0.0012937280066239332)	(87.0, 0.0)	(88.0, 0.0)	(89.0, 0.0012937280066239332)	(90.0, 0.0012937280066239332)	(91.0, 0.0)	(92.0, 0.0)	(93.0, 0.0)	(94.0, 0.0)	(95.0, 0.0)	(96.0, 0.0)	(97.0, 0.0)	(98.0, 0.0)	(99.0, 0.0)	(100.0, 0.0)
SRR29920180_1	(0.0, 0.0)	(1.0, 0.0)	(2.0, 0.0)	(3.0, 0.0)	(4.0, 0.0)	(5.0, 0.0)	(6.0, 0.0)	(7.0, 0.0)	(8.0, 0.0)	(9.0, 0.0)	(10.0, 0.0)	(11.0, 0.0)	(12.0, 0.0)	(13.0, 0.0)	(14.0, 0.0)	(15.0, 0.0)	(16.0, 0.0)	(17.0, 0.0)	(18.0, 0.0)	(19.0, 0.0)	(20.0, 0.0)	(21.0, 0.0)	(22.0, 0.0)	(23.0, 0.0)	(24.0, 0.0)	(25.0, 0.0)	(26.0, 0.0)	(27.0, 0.0)	(28.0, 0.0)	(29.0, 0.0010437105999247548)	(30.0, 0.0010437105999247548)	(31.0, 0.0)	(32.0, 0.0010437105999247548)	(33.0, 0.0010437105999247548)	(34.0, 0.0)	(35.0, 0.0)	(36.0, 0.0)	(37.0, 0.0)	(38.0, 0.0)	(39.0, 0.0010437105999247548)	(40.0, 0.0010437105999247548)	(41.0, 0.0)	(42.0, 0.0)	(43.0, 0.0010437105999247548)	(44.0, 0.004174842399699019)	(45.0, 0.0031311317997742647)	(46.0, 0.026092764998118866)	(47.0, 0.10332734939255062)	(48.0, 0.26510249238088734)	(49.0, 0.5667348557591444)	(50.0, 2.1041205694483263)	(51.0, 3.941051225315853)	(52.0, 13.976328643593677)	(53.0, 39.69335782575457)	(54.0, 24.048135932858404)	(55.0, 3.7281342629312513)	(56.0, 1.4340583642965863)	(57.0, 3.6550745209365347)	(58.0, 5.074520936833879)	(59.0, 1.1188577631193284)	(60.0, 0.11167703419194872)	(61.0, 0.05114181939631302)	(62.0, 0.03339873919759216)	(63.0, 0.009393395399322794)	(64.0, 0.006262263599548529)	(65.0, 0.007305974199473283)	(66.0, 0.01043710599924755)	(67.0, 0.0020874211998495097)	(68.0, 0.004174842399699019)	(69.0, 0.0031311317997742647)	(70.0, 0.005218552999623774)	(71.0, 0.0010437105999247548)	(72.0, 0.0010437105999247548)	(73.0, 0.0020874211998495097)	(74.0, 0.0020874211998495097)	(75.0, 0.0)	(76.0, 0.0)	(77.0, 0.0)	(78.0, 0.0)	(79.0, 0.0)	(80.0, 0.0)	(81.0, 0.0)	(82.0, 0.0)	(83.0, 0.0)	(84.0, 0.0)	(85.0, 0.0)	(86.0, 0.0)	(87.0, 0.0)	(88.0, 0.0)	(89.0, 0.0)	(90.0, 0.0)	(91.0, 0.0)	(92.0, 0.0)	(93.0, 0.0)	(94.0, 0.0)	(95.0, 0.0)	(96.0, 0.0)	(97.0, 0.0)	(98.0, 0.0)	(99.0, 0.0)	(100.0, 0.0)
SRR29920180_2	(0.0, 0.0)	(1.0, 0.0)	(2.0, 0.0)	(3.0, 0.0)	(4.0, 0.0)	(5.0, 0.0)	(6.0, 0.0)	(7.0, 0.0)	(8.0, 0.0)	(9.0, 0.0)	(10.0, 0.0)	(11.0, 0.0)	(12.0, 0.0)	(13.0, 0.0)	(14.0, 0.0)	(15.0, 0.0)	(16.0, 0.0)	(17.0, 0.0)	(18.0, 0.0)	(19.0, 0.0)	(20.0, 0.0)	(21.0, 0.0)	(22.0, 0.0)	(23.0, 0.0)	(24.0, 0.0)	(25.0, 0.0)	(26.0, 0.0)	(27.0, 0.0)	(28.0, 0.0)	(29.0, 0.0)	(30.0, 0.0)	(31.0, 0.0)	(32.0, 0.0)	(33.0, 0.0)	(34.0, 0.0)	(35.0, 0.0)	(36.0, 0.0)	(37.0, 0.0)	(38.0, 0.0)	(39.0, 0.0)	(40.0, 0.0)	(41.0, 0.0)	(42.0, 0.0)	(43.0, 0.0010450303581318657)	(44.0, 0.0)	(45.0, 0.0010450303581318657)	(46.0, 0.0020900607162637314)	(47.0, 0.005225151790659328)	(48.0, 0.014630425013846118)	(49.0, 0.032395941102087836)	(50.0, 0.17556510016615381)	(51.0, 1.7734165177497585)	(52.0, 10.265333207930482)	(53.0, 12.003218693504564)	(54.0, 16.51356971919874)	(55.0, 30.5514625199846)	(56.0, 12.536184176152057)	(57.0, 2.6042156524646862)	(58.0, 1.6302473586856765)	(59.0, 2.4443260076704925)	(60.0, 5.396536769392603)	(61.0, 2.792321116928443)	(62.0, 0.6656843381300037)	(63.0, 0.24349207344472462)	(64.0, 0.1379440072734064)	(65.0, 0.08778255008307662)	(66.0, 0.05120648754846145)	(67.0, 0.034486001818351576)	(68.0, 0.00940527322318679)	(69.0, 0.007315212506923059)	(70.0, 0.006270182148791194)	(71.0, 0.004180121432527463)	(72.0, 0.0020900607162637314)	(73.0, 0.0)	(74.0, 0.0)	(75.0, 0.0010450303581318657)	(76.0, 0.0010450303581318657)	(77.0, 0.0)	(78.0, 0.0)	(79.0, 0.0020900607162637314)	(80.0, 0.0020900607162637314)	(81.0, 0.0)	(82.0, 0.0)	(83.0, 0.0)	(84.0, 0.0)	(85.0, 0.0)	(86.0, 0.0)	(87.0, 0.0)	(88.0, 0.0)	(89.0, 0.0)	(90.0, 0.0)	(91.0, 0.0)	(92.0, 0.0010450303581318657)	(93.0, 0.0)	(94.0, 0.0)	(95.0, 0.0)	(96.0, 0.0)	(97.0, 0.0)	(98.0, 0.0)	(99.0, 0.0)	(100.0, 0.0)
SRR29920181_1	(0.0, 0.0)	(1.0, 0.0)	(2.0, 0.0)	(3.0, 0.0)	(4.0, 0.0)	(5.0, 0.0)	(6.0, 0.0)	(7.0, 0.0)	(8.0, 0.0)	(9.0, 0.0)	(10.0, 0.0)	(11.0, 0.0)	(12.0, 0.0)	(13.0, 0.0)	(14.0, 0.0)	(15.0, 0.0)	(16.0, 0.0)	(17.0, 0.0)	(18.0, 0.0)	(19.0, 0.0)	(20.0, 0.0)	(21.0, 0.0)	(22.0, 0.0)	(23.0, 0.0)	(24.0, 0.0)	(25.0, 0.0)	(26.0, 0.0)	(27.0, 0.0)	(28.0, 0.0)	(29.0, 0.0)	(30.0, 0.0)	(31.0, 0.0)	(32.0, 0.0)	(33.0, 0.0)	(34.0, 0.0)	(35.0, 0.0029106997322159225)	(36.0, 0.0014553498661079613)	(37.0, 0.0)	(38.0, 0.0)	(39.0, 0.0014553498661079613)	(40.0, 0.0)	(41.0, 0.0)	(42.0, 0.0)	(43.0, 0.0)	(44.0, 0.0)	(45.0, 0.0014553498661079613)	(46.0, 0.017464198393295535)	(47.0, 0.4380603096984949)	(48.0, 1.1366282454303294)	(49.0, 1.0318430550705548)	(50.0, 2.8990569332870835)	(51.0, 8.181976947258319)	(52.0, 21.9219350331838)	(53.0, 33.56910001163522)	(54.0, 19.263010827806976)	(55.0, 6.159040633368711)	(56.0, 2.151007102107521)	(57.0, 1.4233321690535816)	(58.0, 1.3156362789615985)	(59.0, 0.3274537198742914)	(60.0, 0.08732099196647768)	(61.0, 0.020374898125511458)	(62.0, 0.007276749330539806)	(63.0, 0.007276749330539806)	(64.0, 0.0029106997322159225)	(65.0, 0.007276749330539806)	(66.0, 0.004366049598323884)	(67.0, 0.0)	(68.0, 0.0014553498661079613)	(69.0, 0.005821399464431845)	(70.0, 0.007276749330539806)	(71.0, 0.004366049598323884)	(72.0, 0.0014553498661079613)	(73.0, 0.0)	(74.0, 0.0)	(75.0, 0.0)	(76.0, 0.0)	(77.0, 0.0)	(78.0, 0.0)	(79.0, 0.0)	(80.0, 0.0)	(81.0, 0.0)	(82.0, 0.0)	(83.0, 0.0)	(84.0, 0.0)	(85.0, 0.0)	(86.0, 0.0)	(87.0, 0.0)	(88.0, 0.0)	(89.0, 0.0)	(90.0, 0.0)	(91.0, 0.0)	(92.0, 0.0)	(93.0, 0.0)	(94.0, 0.0)	(95.0, 0.0)	(96.0, 0.0)	(97.0, 0.0)	(98.0, 0.0)	(99.0, 0.0)	(100.0, 0.0)
SRR29920181_2	(0.0, 0.0)	(1.0, 0.0)	(2.0, 0.0)	(3.0, 0.0)	(4.0, 0.0)	(5.0, 0.0)	(6.0, 0.0)	(7.0, 0.0)	(8.0, 0.0)	(9.0, 0.0)	(10.0, 0.0)	(11.0, 0.0)	(12.0, 0.0)	(13.0, 0.0)	(14.0, 0.0)	(15.0, 0.0)	(16.0, 0.0)	(17.0, 0.0)	(18.0, 0.0)	(19.0, 0.0)	(20.0, 0.0)	(21.0, 0.0)	(22.0, 0.0)	(23.0, 0.0)	(24.0, 0.0)	(25.0, 0.0)	(26.0, 0.0)	(27.0, 0.0)	(28.0, 0.0)	(29.0, 0.0)	(30.0, 0.0)	(31.0, 0.0)	(32.0, 0.0)	(33.0, 0.0)	(34.0, 0.0)	(35.0, 0.0)	(36.0, 0.0)	(37.0, 0.0)	(38.0, 0.0)	(39.0, 0.0)	(40.0, 0.0)	(41.0, 0.0)	(42.0, 0.0014590446175844491)	(43.0, 0.0014590446175844491)	(44.0, 0.0014590446175844491)	(45.0, 0.0014590446175844491)	(46.0, 0.0029180892351688983)	(47.0, 0.007295223087922245)	(48.0, 0.017508535411013392)	(49.0, 0.11380548017158694)	(50.0, 0.453762876068762)	(51.0, 0.9191981090782099)	(52.0, 2.945811082903032)	(53.0, 6.918789576585108)	(54.0, 18.010446759465626)	(55.0, 30.88797455425426)	(56.0, 18.801248942195677)	(57.0, 6.25346523096675)	(58.0, 4.177244740144446)	(59.0, 4.623712393125291)	(60.0, 3.472526189851078)	(61.0, 1.3817152528524712)	(62.0, 0.6142577840030514)	(63.0, 0.1692491756397961)	(64.0, 0.07732936473197582)	(65.0, 0.058361784703377995)	(66.0, 0.02918089235168897)	(67.0, 0.018967580028597837)	(68.0, 0.017508535411013392)	(69.0, 0.013131401558260042)	(70.0, 0.004377133852753348)	(71.0, 0.0)	(72.0, 0.0014590446175844491)	(73.0, 0.0014590446175844491)	(74.0, 0.0)	(75.0, 0.0)	(76.0, 0.0)	(77.0, 0.0)	(78.0, 0.0014590446175844491)	(79.0, 0.0)	(80.0, 0.0)	(81.0, 0.0)	(82.0, 0.0)	(83.0, 0.0)	(84.0, 0.0)	(85.0, 0.0)	(86.0, 0.0)	(87.0, 0.0)	(88.0, 0.0)	(89.0, 0.0)	(90.0, 0.0)	(91.0, 0.0)	(92.0, 0.0)	(93.0, 0.0)	(94.0, 0.0)	(95.0, 0.0)	(96.0, 0.0)	(97.0, 0.0)	(98.0, 0.0)	(99.0, 0.0)	(100.0, 0.0)
SRR29920182_1	(0.0, 0.0)	(1.0, 0.0)	(2.0, 0.0)	(3.0, 0.0)	(4.0, 0.0)	(5.0, 0.0)	(6.0, 0.0)	(7.0, 0.0)	(8.0, 0.0)	(9.0, 0.0)	(10.0, 0.0)	(11.0, 0.0)	(12.0, 0.0)	(13.0, 0.0)	(14.0, 0.0)	(15.0, 0.0)	(16.0, 0.0)	(17.0, 0.0)	(18.0, 0.0)	(19.0, 0.0)	(20.0, 0.0)	(21.0, 0.0)	(22.0, 0.0)	(23.0, 0.0)	(24.0, 0.0)	(25.0, 0.0)	(26.0, 0.0)	(27.0, 0.0)	(28.0, 0.0)	(29.0, 0.0007321608996791929)	(30.0, 0.0007321608996791929)	(31.0, 0.0014643217993583859)	(32.0, 0.0007321608996791929)	(33.0, 0.0007321608996791929)	(34.0, 0.0007321608996791929)	(35.0, 0.0007321608996791929)	(36.0, 0.0021964826990375787)	(37.0, 0.0014643217993583859)	(38.0, 0.0007321608996791929)	(39.0, 0.0)	(40.0, 0.0007321608996791929)	(41.0, 0.0021964826990375787)	(42.0, 0.0007321608996791929)	(43.0, 0.0007321608996791929)	(44.0, 0.0007321608996791929)	(45.0, 0.0014643217993583859)	(46.0, 0.0007321608996791929)	(47.0, 0.0043929653980751575)	(48.0, 0.04832261937882671)	(49.0, 0.12080654844706709)	(50.0, 0.42904628721200966)	(51.0, 1.2161192543671242)	(52.0, 8.678303143898965)	(53.0, 44.86389128873611)	(54.0, 33.32942847521757)	(55.0, 4.4024834897706)	(56.0, 1.7176494706474283)	(57.0, 2.5215621384951805)	(58.0, 1.602700209397782)	(59.0, 0.45906488409885743)	(60.0, 0.33899049655146635)	(61.0, 0.1581467543307058)	(62.0, 0.049054780278505905)	(63.0, 0.020500505191017402)	(64.0, 0.0073216089967919305)	(65.0, 0.0043929653980751575)	(66.0, 0.0036608044983959644)	(67.0, 0.0007321608996791929)	(68.0, 0.0)	(69.0, 0.0021964826990375787)	(70.0, 0.0021964826990375787)	(71.0, 0.0)	(72.0, 0.0)	(73.0, 0.0)	(74.0, 0.0007321608996791929)	(75.0, 0.0007321608996791929)	(76.0, 0.0)	(77.0, 0.0)	(78.0, 0.0)	(79.0, 0.0)	(80.0, 0.0)	(81.0, 0.0)	(82.0, 0.0)	(83.0, 0.0)	(84.0, 0.0)	(85.0, 0.0)	(86.0, 0.0)	(87.0, 0.0)	(88.0, 0.0)	(89.0, 0.0)	(90.0, 0.0)	(91.0, 0.0)	(92.0, 0.0)	(93.0, 0.0)	(94.0, 0.0)	(95.0, 0.0)	(96.0, 0.0)	(97.0, 0.0)	(98.0, 0.0)	(99.0, 0.0)	(100.0, 0.0)
SRR29920182_2	(0.0, 0.0)	(1.0, 0.0)	(2.0, 0.0)	(3.0, 0.0)	(4.0, 0.0)	(5.0, 0.0)	(6.0, 0.0)	(7.0, 0.0)	(8.0, 0.0)	(9.0, 0.0)	(10.0, 0.0)	(11.0, 0.0)	(12.0, 0.0)	(13.0, 0.0)	(14.0, 0.0)	(15.0, 0.0)	(16.0, 0.0)	(17.0, 0.0)	(18.0, 0.0)	(19.0, 0.0)	(20.0, 0.0)	(21.0, 0.0)	(22.0, 0.0)	(23.0, 0.0)	(24.0, 0.0)	(25.0, 0.0)	(26.0, 0.0)	(27.0, 0.0)	(28.0, 0.0)	(29.0, 0.0)	(30.0, 0.0)	(31.0, 0.0)	(32.0, 0.0)	(33.0, 0.0)	(34.0, 0.0)	(35.0, 0.0007324987730645227)	(36.0, 0.0)	(37.0, 0.0)	(38.0, 0.0007324987730645227)	(39.0, 0.0)	(40.0, 0.0)	(41.0, 0.0)	(42.0, 0.0007324987730645227)	(43.0, 0.0007324987730645227)	(44.0, 0.0014649975461290454)	(45.0, 0.0007324987730645227)	(46.0, 0.0007324987730645227)	(47.0, 0.0036624938653226136)	(48.0, 0.004394992638387136)	(49.0, 0.01977746687274211)	(50.0, 0.06519239080274244)	(51.0, 0.11207231227887215)	(52.0, 0.5471765834792044)	(53.0, 2.081761513049457)	(54.0, 14.034676491913315)	(55.0, 44.07884616792753)	(56.0, 27.398384107715952)	(57.0, 3.7093737867985137)	(58.0, 1.0840981841354704)	(59.0, 0.7588687288948408)	(60.0, 1.0467407467091818)	(61.0, 2.227528768889313)	(62.0, 2.1030039774683305)	(63.0, 0.44828924911549106)	(64.0, 0.11500230737113026)	(65.0, 0.06445989202967792)	(66.0, 0.03222994601483902)	(67.0, 0.016847471780484017)	(68.0, 0.01464997546129045)	(69.0, 0.012452479142096884)	(70.0, 0.002929995092258091)	(71.0, 0.0036624938653226136)	(72.0, 0.0014649975461290454)	(73.0, 0.002197496319193568)	(74.0, 0.0007324987730645227)	(75.0, 0.0007324987730645227)	(76.0, 0.0)	(77.0, 0.0)	(78.0, 0.0007324987730645227)	(79.0, 0.0)	(80.0, 0.0)	(81.0, 0.0)	(82.0, 0.0)	(83.0, 0.0)	(84.0, 0.0)	(85.0, 0.0)	(86.0, 0.0)	(87.0, 0.0)	(88.0, 0.0)	(89.0, 0.0)	(90.0, 0.0)	(91.0, 0.0)	(92.0, 0.0)	(93.0, 0.0007324987730645227)	(94.0, 0.0)	(95.0, 0.0007324987730645227)	(96.0, 0.0007324987730645227)	(97.0, 0.0)	(98.0, 0.0)	(99.0, 0.0)	(100.0, 0.0)
SRR29920183_1	(0.0, 0.0)	(1.0, 0.0)	(2.0, 0.0)	(3.0, 0.0)	(4.0, 0.0)	(5.0, 0.0)	(6.0, 0.0)	(7.0, 0.0)	(8.0, 0.0)	(9.0, 0.0)	(10.0, 0.0)	(11.0, 0.0)	(12.0, 0.0)	(13.0, 0.0)	(14.0, 0.0)	(15.0, 0.0)	(16.0, 0.0)	(17.0, 0.0)	(18.0, 0.0)	(19.0, 0.0)	(20.0, 0.0)	(21.0, 0.0)	(22.0, 0.0)	(23.0, 0.0)	(24.0, 0.0)	(25.0, 0.0)	(26.0, 0.0)	(27.0, 0.0)	(28.0, 0.0)	(29.0, 0.0)	(30.0, 0.0)	(31.0, 0.0)	(32.0, 0.0)	(33.0, 0.0)	(34.0, 0.0)	(35.0, 0.0)	(36.0, 0.0)	(37.0, 0.001211886179649729)	(38.0, 0.001211886179649729)	(39.0, 0.002423772359299458)	(40.0, 0.001211886179649729)	(41.0, 0.0036356585389491873)	(42.0, 0.0036356585389491873)	(43.0, 0.002423772359299458)	(44.0, 0.001211886179649729)	(45.0, 0.002423772359299458)	(46.0, 0.0)	(47.0, 0.001211886179649729)	(48.0, 0.013330747976147021)	(49.0, 0.10058655291092741)	(50.0, 0.39022734984721114)	(51.0, 0.8592273013716665)	(52.0, 8.600756216973975)	(53.0, 48.47181152747337)	(54.0, 35.62824179552217)	(55.0, 3.6768626690574417)	(56.0, 0.8034805371077773)	(57.0, 0.7089534150950957)	(58.0, 0.4047699840030077)	(59.0, 0.15633331717481516)	(60.0, 0.06665373988073511)	(61.0, 0.04241601628774053)	(62.0, 0.023025837413344845)	(63.0, 0.008483203257548103)	(64.0, 0.004847544718598916)	(65.0, 0.004847544718598916)	(66.0, 0.009695089437197832)	(67.0, 0.002423772359299458)	(68.0, 0.0)	(69.0, 0.001211886179649729)	(70.0, 0.001211886179649729)	(71.0, 0.0)	(72.0, 0.0)	(73.0, 0.0)	(74.0, 0.0)	(75.0, 0.0)	(76.0, 0.0)	(77.0, 0.0)	(78.0, 0.0)	(79.0, 0.0)	(80.0, 0.0)	(81.0, 0.0)	(82.0, 0.0)	(83.0, 0.0)	(84.0, 0.0)	(85.0, 0.0)	(86.0, 0.0)	(87.0, 0.0)	(88.0, 0.0)	(89.0, 0.0)	(90.0, 0.0)	(91.0, 0.0)	(92.0, 0.0)	(93.0, 0.0)	(94.0, 0.0)	(95.0, 0.0)	(96.0, 0.0)	(97.0, 0.0)	(98.0, 0.0)	(99.0, 0.0)	(100.0, 0.0)
SRR29920183_2	(0.0, 0.0)	(1.0, 0.0)	(2.0, 0.0)	(3.0, 0.0)	(4.0, 0.0)	(5.0, 0.0)	(6.0, 0.0)	(7.0, 0.0)	(8.0, 0.0)	(9.0, 0.0)	(10.0, 0.0)	(11.0, 0.0)	(12.0, 0.0)	(13.0, 0.0)	(14.0, 0.0)	(15.0, 0.0)	(16.0, 0.0)	(17.0, 0.0)	(18.0, 0.0)	(19.0, 0.0)	(20.0, 0.0)	(21.0, 0.0)	(22.0, 0.0)	(23.0, 0.0)	(24.0, 0.0)	(25.0, 0.0)	(26.0, 0.0)	(27.0, 0.0)	(28.0, 0.0)	(29.0, 0.0)	(30.0, 0.0)	(31.0, 0.0)	(32.0, 0.0)	(33.0, 0.0)	(34.0, 0.0)	(35.0, 0.0)	(36.0, 0.0)	(37.0, 0.0)	(38.0, 0.0)	(39.0, 0.0012174929385407247)	(40.0, 0.0024349858770814493)	(41.0, 0.0024349858770814493)	(42.0, 0.0012174929385407247)	(43.0, 0.0012174929385407247)	(44.0, 0.0012174929385407247)	(45.0, 0.0)	(46.0, 0.0012174929385407247)	(47.0, 0.003652478815622174)	(48.0, 0.004869971754162899)	(49.0, 0.010957436446866522)	(50.0, 0.05235219635725119)	(51.0, 0.10348689977596147)	(52.0, 0.17410149021132387)	(53.0, 0.8644199863639231)	(54.0, 8.359306516020334)	(55.0, 44.08054933282035)	(56.0, 38.351027564037274)	(57.0, 4.525421252555865)	(58.0, 1.08843868705541)	(59.0, 0.5636992305443557)	(60.0, 0.4090776273496816)	(61.0, 0.6014415116391192)	(62.0, 0.5137820200641845)	(63.0, 0.12174929385407234)	(64.0, 0.0438297457874661)	(65.0, 0.032872309340599565)	(66.0, 0.01947988701665159)	(67.0, 0.020697379955192316)	(68.0, 0.013392422323947974)	(69.0, 0.008522450569785072)	(70.0, 0.010957436446866522)	(71.0, 0.003652478815622174)	(72.0, 0.0012174929385407247)	(73.0, 0.0024349858770814493)	(74.0, 0.0)	(75.0, 0.0012174929385407247)	(76.0, 0.0024349858770814493)	(77.0, 0.0)	(78.0, 0.0)	(79.0, 0.0)	(80.0, 0.0)	(81.0, 0.0)	(82.0, 0.0)	(83.0, 0.0)	(84.0, 0.0)	(85.0, 0.0)	(86.0, 0.0)	(87.0, 0.0)	(88.0, 0.0)	(89.0, 0.0)	(90.0, 0.0)	(91.0, 0.0)	(92.0, 0.0)	(93.0, 0.0)	(94.0, 0.0)	(95.0, 0.0)	(96.0, 0.0)	(97.0, 0.0)	(98.0, 0.0)	(99.0, 0.0)	(100.0, 0.0)
SRR29920184_1	(0.0, 0.0)	(1.0, 0.0)	(2.0, 0.0)	(3.0, 0.0)	(4.0, 0.0)	(5.0, 0.0)	(6.0, 0.0)	(7.0, 0.0)	(8.0, 0.0)	(9.0, 0.0)	(10.0, 0.0)	(11.0, 0.0)	(12.0, 0.0)	(13.0, 0.0)	(14.0, 0.0)	(15.0, 0.0)	(16.0, 0.0)	(17.0, 0.0)	(18.0, 0.0)	(19.0, 0.0)	(20.0, 0.0)	(21.0, 0.0)	(22.0, 0.0)	(23.0, 0.0)	(24.0, 0.0)	(25.0, 0.0)	(26.0, 0.0)	(27.0, 0.0)	(28.0, 0.0)	(29.0, 0.0)	(30.0, 0.0)	(31.0, 0.0)	(32.0, 0.0)	(33.0, 0.0)	(34.0, 0.0013422458457491664)	(35.0, 0.0013422458457491664)	(36.0, 0.0026844916914983328)	(37.0, 0.0053689833829966655)	(38.0, 0.0053689833829966655)	(39.0, 0.0013422458457491664)	(40.0, 0.0013422458457491664)	(41.0, 0.0)	(42.0, 0.0013422458457491664)	(43.0, 0.0)	(44.0, 0.0)	(45.0, 0.0)	(46.0, 0.006711229228745832)	(47.0, 0.018791441840488327)	(48.0, 0.08590373412794662)	(49.0, 0.6711229228745846)	(50.0, 5.373010120533816)	(51.0, 9.342031086413947)	(52.0, 12.763415747230125)	(53.0, 39.7385305092501)	(54.0, 26.067756570288854)	(55.0, 3.432122627580727)	(56.0, 1.3556683042066513)	(57.0, 0.6201175807361149)	(58.0, 0.30603205283081)	(59.0, 0.09798394673968906)	(60.0, 0.04832085044697001)	(61.0, 0.020133687686237495)	(62.0, 0.013422458457491664)	(63.0, 0.0053689833829966655)	(64.0, 0.0026844916914983328)	(65.0, 0.004026737537247499)	(66.0, 0.004026737537247499)	(67.0, 0.0)	(68.0, 0.0)	(69.0, 0.0013422458457491664)	(70.0, 0.0013422458457491664)	(71.0, 0.0)	(72.0, 0.0)	(73.0, 0.0)	(74.0, 0.0)	(75.0, 0.0)	(76.0, 0.0)	(77.0, 0.0)	(78.0, 0.0)	(79.0, 0.0)	(80.0, 0.0)	(81.0, 0.0)	(82.0, 0.0)	(83.0, 0.0)	(84.0, 0.0)	(85.0, 0.0)	(86.0, 0.0)	(87.0, 0.0)	(88.0, 0.0)	(89.0, 0.0)	(90.0, 0.0)	(91.0, 0.0)	(92.0, 0.0)	(93.0, 0.0)	(94.0, 0.0)	(95.0, 0.0)	(96.0, 0.0)	(97.0, 0.0)	(98.0, 0.0)	(99.0, 0.0)	(100.0, 0.0)
SRR29920184_2	(0.0, 0.0)	(1.0, 0.0)	(2.0, 0.0)	(3.0, 0.0)	(4.0, 0.0)	(5.0, 0.0)	(6.0, 0.0)	(7.0, 0.0)	(8.0, 0.0)	(9.0, 0.0)	(10.0, 0.0)	(11.0, 0.0)	(12.0, 0.0)	(13.0, 0.0)	(14.0, 0.0)	(15.0, 0.0)	(16.0, 0.0)	(17.0, 0.0)	(18.0, 0.0)	(19.0, 0.0)	(20.0, 0.0)	(21.0, 0.0)	(22.0, 0.0)	(23.0, 0.0)	(24.0, 0.0)	(25.0, 0.0)	(26.0, 0.0)	(27.0, 0.0)	(28.0, 0.0)	(29.0, 0.0)	(30.0, 0.0)	(31.0, 0.0)	(32.0, 0.0)	(33.0, 0.0)	(34.0, 0.0)	(35.0, 0.0)	(36.0, 0.0)	(37.0, 0.0)	(38.0, 0.0)	(39.0, 0.0)	(40.0, 0.0)	(41.0, 0.0)	(42.0, 0.0)	(43.0, 0.0013401232913428163)	(44.0, 0.0)	(45.0, 0.00402036987402845)	(46.0, 0.00402036987402845)	(47.0, 0.0)	(48.0, 0.006700616456714081)	(49.0, 0.05896542481908395)	(50.0, 0.24792280889842166)	(51.0, 0.9501474135620661)	(52.0, 3.8193513803271797)	(53.0, 8.2363977485922)	(54.0, 24.81506298579033)	(55.0, 40.41275797373559)	(56.0, 15.600375234524325)	(57.0, 2.7767354596623504)	(58.0, 1.0680782632002341)	(59.0, 0.556151165907267)	(60.0, 0.5253283302063814)	(61.0, 0.45028142589118425)	(62.0, 0.2385419458590219)	(63.0, 0.08308764406325458)	(64.0, 0.04288394532297012)	(65.0, 0.02010184937014224)	(66.0, 0.0160814794961138)	(67.0, 0.012061109622085347)	(68.0, 0.01474135620477098)	(69.0, 0.009380863039399712)	(70.0, 0.01072098633074253)	(71.0, 0.012061109622085347)	(72.0, 0.0026802465826856327)	(73.0, 0.0013401232913428163)	(74.0, 0.0)	(75.0, 0.0)	(76.0, 0.0)	(77.0, 0.0)	(78.0, 0.0)	(79.0, 0.0)	(80.0, 0.0)	(81.0, 0.0)	(82.0, 0.0)	(83.0, 0.0)	(84.0, 0.0)	(85.0, 0.0)	(86.0, 0.0)	(87.0, 0.0)	(88.0, 0.0)	(89.0, 0.0)	(90.0, 0.0)	(91.0, 0.0)	(92.0, 0.0)	(93.0, 0.0)	(94.0, 0.0013401232913428163)	(95.0, 0.0013401232913428163)	(96.0, 0.0)	(97.0, 0.0)	(98.0, 0.0)	(99.0, 0.0)	(100.0, 0.0)
SRR29920185_1	(0.0, 0.0)	(1.0, 0.0)	(2.0, 0.0)	(3.0, 0.0)	(4.0, 0.0)	(5.0, 0.0)	(6.0, 0.0)	(7.0, 0.0)	(8.0, 0.0)	(9.0, 0.0)	(10.0, 0.0)	(11.0, 0.0)	(12.0, 0.0)	(13.0, 0.0)	(14.0, 0.0)	(15.0, 0.0)	(16.0, 0.0)	(17.0, 0.0)	(18.0, 0.0)	(19.0, 0.0)	(20.0, 0.0)	(21.0, 0.0)	(22.0, 0.0)	(23.0, 0.0)	(24.0, 0.0)	(25.0, 0.0)	(26.0, 0.0)	(27.0, 0.0)	(28.0, 0.0)	(29.0, 0.0)	(30.0, 0.0)	(31.0, 0.0)	(32.0, 0.0)	(33.0, 0.0)	(34.0, 0.0012831370133702855)	(35.0, 0.0)	(36.0, 0.0)	(37.0, 0.0)	(38.0, 0.0012831370133702855)	(39.0, 0.0)	(40.0, 0.002566274026740571)	(41.0, 0.0038494110401108565)	(42.0, 0.0012831370133702855)	(43.0, 0.006415685066851427)	(44.0, 0.005132548053481142)	(45.0, 0.005132548053481142)	(46.0, 0.005132548053481142)	(47.0, 0.002566274026740571)	(48.0, 0.024379603254035417)	(49.0, 0.26817563579439)	(50.0, 1.4294146328944841)	(51.0, 2.9371006236046484)	(52.0, 10.16244514589298)	(53.0, 43.679267072148505)	(54.0, 31.88338850821401)	(55.0, 4.2805450766033735)	(56.0, 1.7758616265044416)	(57.0, 1.7527651602637775)	(58.0, 1.1496907639797775)	(59.0, 0.30153719814201696)	(60.0, 0.1732234968049887)	(61.0, 0.06672312469525488)	(62.0, 0.03207842533425713)	(63.0, 0.014114507147073142)	(64.0, 0.002566274026740571)	(65.0, 0.005132548053481142)	(66.0, 0.012831370133702856)	(67.0, 0.005132548053481142)	(68.0, 0.0038494110401108565)	(69.0, 0.0)	(70.0, 0.002566274026740571)	(71.0, 0.002566274026740571)	(72.0, 0.0)	(73.0, 0.0)	(74.0, 0.0)	(75.0, 0.0)	(76.0, 0.0)	(77.0, 0.0)	(78.0, 0.0)	(79.0, 0.0)	(80.0, 0.0)	(81.0, 0.0)	(82.0, 0.0)	(83.0, 0.0)	(84.0, 0.0)	(85.0, 0.0)	(86.0, 0.0)	(87.0, 0.0)	(88.0, 0.0)	(89.0, 0.0)	(90.0, 0.0)	(91.0, 0.0)	(92.0, 0.0)	(93.0, 0.0)	(94.0, 0.0)	(95.0, 0.0)	(96.0, 0.0)	(97.0, 0.0)	(98.0, 0.0)	(99.0, 0.0)	(100.0, 0.0)
SRR29920185_2	(0.0, 0.0)	(1.0, 0.0)	(2.0, 0.0)	(3.0, 0.0)	(4.0, 0.0)	(5.0, 0.0)	(6.0, 0.0)	(7.0, 0.0)	(8.0, 0.0)	(9.0, 0.0)	(10.0, 0.0)	(11.0, 0.0)	(12.0, 0.0)	(13.0, 0.0)	(14.0, 0.0)	(15.0, 0.0)	(16.0, 0.0)	(17.0, 0.0)	(18.0, 0.0)	(19.0, 0.0)	(20.0, 0.0)	(21.0, 0.0)	(22.0, 0.0)	(23.0, 0.0)	(24.0, 0.0)	(25.0, 0.0)	(26.0, 0.0)	(27.0, 0.0)	(28.0, 0.0)	(29.0, 0.0)	(30.0, 0.0)	(31.0, 0.0)	(32.0, 0.0)	(33.0, 0.0)	(34.0, 0.0)	(35.0, 0.0)	(36.0, 0.0)	(37.0, 0.0)	(38.0, 0.0012821005936124914)	(39.0, 0.0012821005936124914)	(40.0, 0.0)	(41.0, 0.0)	(42.0, 0.0012821005936124914)	(43.0, 0.0012821005936124914)	(44.0, 0.002564201187224983)	(45.0, 0.002564201187224983)	(46.0, 0.0012821005936124914)	(47.0, 0.0)	(48.0, 0.008974704155287441)	(49.0, 0.02179571009141235)	(50.0, 0.0846186391784244)	(51.0, 0.2500096157544365)	(52.0, 1.1179917176300962)	(53.0, 3.495006218187781)	(54.0, 15.959588189290974)	(55.0, 43.16832698694233)	(56.0, 25.727912612015665)	(57.0, 3.7232201238508305)	(58.0, 1.266715386489137)	(59.0, 0.7628498531994373)	(60.0, 0.8090054745694883)	(61.0, 1.616728848545327)	(62.0, 1.3885149428823165)	(63.0, 0.29360103593726056)	(64.0, 0.11410695283151161)	(65.0, 0.06795133146146208)	(66.0, 0.03718091721476226)	(67.0, 0.03461671602753726)	(68.0, 0.012821005936124917)	(69.0, 0.002564201187224983)	(70.0, 0.008974704155287441)	(71.0, 0.007692603561674949)	(72.0, 0.0012821005936124914)	(73.0, 0.002564201187224983)	(74.0, 0.002564201187224983)	(75.0, 0.0)	(76.0, 0.0012821005936124914)	(77.0, 0.0)	(78.0, 0.0)	(79.0, 0.0)	(80.0, 0.0)	(81.0, 0.0)	(82.0, 0.0)	(83.0, 0.0)	(84.0, 0.0)	(85.0, 0.0)	(86.0, 0.0)	(87.0, 0.0)	(88.0, 0.0)	(89.0, 0.0)	(90.0, 0.0)	(91.0, 0.0)	(92.0, 0.0)	(93.0, 0.0)	(94.0, 0.0)	(95.0, 0.0)	(96.0, 0.0)	(97.0, 0.0)	(98.0, 0.0)	(99.0, 0.0)	(100.0, 0.0)
SRR29920186_1	(0.0, 0.0)	(1.0, 0.0)	(2.0, 0.0)	(3.0, 0.0)	(4.0, 0.0)	(5.0, 0.0)	(6.0, 0.0)	(7.0, 0.0)	(8.0, 0.0)	(9.0, 0.0)	(10.0, 0.0)	(11.0, 0.0)	(12.0, 0.0)	(13.0, 0.0)	(14.0, 0.0)	(15.0, 0.0)	(16.0, 0.0)	(17.0, 0.0)	(18.0, 0.0)	(19.0, 0.0)	(20.0, 0.0)	(21.0, 0.0)	(22.0, 0.0)	(23.0, 0.0)	(24.0, 0.0)	(25.0, 0.0012118861796500055)	(26.0, 0.0)	(27.0, 0.0)	(28.0, 0.0)	(29.0, 0.0)	(30.0, 0.0)	(31.0, 0.0)	(32.0, 0.0)	(33.0, 0.0012118861796500055)	(34.0, 0.002423772359300011)	(35.0, 0.0)	(36.0, 0.0)	(37.0, 0.0012118861796500055)	(38.0, 0.003635658538950017)	(39.0, 0.0)	(40.0, 0.0)	(41.0, 0.0)	(42.0, 0.0012118861796500055)	(43.0, 0.0)	(44.0, 0.0)	(45.0, 0.002423772359300011)	(46.0, 0.008483203257550039)	(47.0, 0.01575452033545007)	(48.0, 0.036356585389500165)	(49.0, 0.1866304716661012)	(50.0, 0.8919482282224136)	(51.0, 2.9182219205972912)	(52.0, 13.625236317807143)	(53.0, 36.60623394250964)	(54.0, 21.445537835083243)	(55.0, 4.270686897086664)	(56.0, 4.620922003005436)	(57.0, 8.60681564787419)	(58.0, 5.538319841000281)	(59.0, 0.7901497891318101)	(60.0, 0.25207232536720153)	(61.0, 0.09937466673130034)	(62.0, 0.03514469920985016)	(63.0, 0.019390178874400085)	(64.0, 0.007271317077900032)	(65.0, 0.007271317077900032)	(66.0, 0.003635658538950017)	(67.0, 0.0)	(68.0, 0.0)	(69.0, 0.0)	(70.0, 0.0)	(71.0, 0.0)	(72.0, 0.0012118861796500055)	(73.0, 0.0)	(74.0, 0.0)	(75.0, 0.0)	(76.0, 0.0)	(77.0, 0.0)	(78.0, 0.0)	(79.0, 0.0)	(80.0, 0.0)	(81.0, 0.0)	(82.0, 0.0)	(83.0, 0.0)	(84.0, 0.0)	(85.0, 0.0)	(86.0, 0.0)	(87.0, 0.0)	(88.0, 0.0)	(89.0, 0.0)	(90.0, 0.0)	(91.0, 0.0)	(92.0, 0.0)	(93.0, 0.0)	(94.0, 0.0)	(95.0, 0.0)	(96.0, 0.0)	(97.0, 0.0)	(98.0, 0.0)	(99.0, 0.0)	(100.0, 0.0)
SRR29920186_2	(0.0, 0.0)	(1.0, 0.0)	(2.0, 0.0)	(3.0, 0.0)	(4.0, 0.0)	(5.0, 0.0)	(6.0, 0.0)	(7.0, 0.0)	(8.0, 0.0)	(9.0, 0.0)	(10.0, 0.0)	(11.0, 0.0)	(12.0, 0.0)	(13.0, 0.0)	(14.0, 0.0)	(15.0, 0.0)	(16.0, 0.0)	(17.0, 0.0)	(18.0, 0.0)	(19.0, 0.0)	(20.0, 0.0)	(21.0, 0.0)	(22.0, 0.0)	(23.0, 0.0)	(24.0, 0.0)	(25.0, 0.0)	(26.0, 0.0)	(27.0, 0.0)	(28.0, 0.0)	(29.0, 0.0)	(30.0, 0.0)	(31.0, 0.0)	(32.0, 0.0)	(33.0, 0.0)	(34.0, 0.0)	(35.0, 0.0)	(36.0, 0.0)	(37.0, 0.0)	(38.0, 0.0)	(39.0, 0.0)	(40.0, 0.0012176708392187764)	(41.0, 0.0012176708392187764)	(42.0, 0.0)	(43.0, 0.0)	(44.0, 0.0)	(45.0, 0.002435341678437553)	(46.0, 0.0012176708392187764)	(47.0, 0.006088354196093882)	(48.0, 0.023135745945156747)	(49.0, 0.09010764210218938)	(50.0, 0.45297355218938234)	(51.0, 2.1431006770250347)	(52.0, 11.442452876139962)	(53.0, 12.734401636551674)	(54.0, 14.537772149435499)	(55.0, 26.607325507761615)	(56.0, 11.090546003605576)	(57.0, 1.8411183088987493)	(58.0, 0.8073157664020558)	(59.0, 0.6989430617115816)	(60.0, 1.4977351322390737)	(61.0, 6.904193658369913)	(62.0, 7.260971214260933)	(63.0, 1.2456772685208013)	(64.0, 0.2812819638595373)	(65.0, 0.12663776727875264)	(66.0, 0.07549559203156411)	(67.0, 0.02922410014125062)	(68.0, 0.020700404266719194)	(69.0, 0.012176708392187766)	(70.0, 0.007306025035312658)	(71.0, 0.004870683356875106)	(72.0, 0.004870683356875106)	(73.0, 0.013394379231406543)	(74.0, 0.006088354196093882)	(75.0, 0.0)	(76.0, 0.002435341678437553)	(77.0, 0.0)	(78.0, 0.003653012517656329)	(79.0, 0.002435341678437553)	(80.0, 0.0012176708392187764)	(81.0, 0.006088354196093882)	(82.0, 0.004870683356875106)	(83.0, 0.0012176708392187764)	(84.0, 0.0)	(85.0, 0.002435341678437553)	(86.0, 0.002435341678437553)	(87.0, 0.0)	(88.0, 0.0)	(89.0, 0.0)	(90.0, 0.0)	(91.0, 0.0012176708392187764)	(92.0, 0.0)	(93.0, 0.0)	(94.0, 0.0)	(95.0, 0.0)	(96.0, 0.0)	(97.0, 0.0)	(98.0, 0.0)	(99.0, 0.0)	(100.0, 0.0)
SRR29920187_1	(0.0, 0.0)	(1.0, 0.0)	(2.0, 0.0)	(3.0, 0.0)	(4.0, 0.0)	(5.0, 0.0)	(6.0, 0.0)	(7.0, 0.0)	(8.0, 0.0)	(9.0, 0.0)	(10.0, 0.0)	(11.0, 0.0)	(12.0, 0.0)	(13.0, 0.0)	(14.0, 0.0)	(15.0, 0.0)	(16.0, 0.0)	(17.0, 0.0)	(18.0, 0.0)	(19.0, 0.0)	(20.0, 0.0)	(21.0, 0.0)	(22.0, 0.0)	(23.0, 0.0)	(24.0, 0.0)	(25.0, 0.0)	(26.0, 0.0)	(27.0, 0.0)	(28.0, 0.0)	(29.0, 0.0)	(30.0, 0.0)	(31.0, 0.0)	(32.0, 0.0)	(33.0, 0.0)	(34.0, 0.0010580331164365545)	(35.0, 0.0)	(36.0, 0.0010580331164365545)	(37.0, 0.0)	(38.0, 0.0)	(39.0, 0.0)	(40.0, 0.0)	(41.0, 0.0010580331164365545)	(42.0, 0.0010580331164365545)	(43.0, 0.0010580331164365545)	(44.0, 0.004232132465746218)	(45.0, 0.005290165582182772)	(46.0, 0.004232132465746218)	(47.0, 0.02645082791091385)	(48.0, 0.1565889012326103)	(49.0, 1.090832143046081)	(50.0, 7.890810982383864)	(51.0, 13.066708987993753)	(52.0, 12.536634396658888)	(53.0, 31.660582976248286)	(54.0, 22.236682008141027)	(55.0, 5.045759932285667)	(56.0, 3.6682008146855862)	(57.0, 1.6441834629423706)	(58.0, 0.6813733269851465)	(59.0, 0.1396603713696253)	(60.0, 0.06242395386975671)	(61.0, 0.03279902660953319)	(62.0, 0.01692852986298487)	(63.0, 0.008464264931492436)	(64.0, 0.005290165582182772)	(65.0, 0.0031740993493096633)	(66.0, 0.002116066232873109)	(67.0, 0.0)	(68.0, 0.0031740993493096633)	(69.0, 0.002116066232873109)	(70.0, 0.0)	(71.0, 0.0)	(72.0, 0.0)	(73.0, 0.0)	(74.0, 0.0)	(75.0, 0.0)	(76.0, 0.0)	(77.0, 0.0)	(78.0, 0.0)	(79.0, 0.0)	(80.0, 0.0)	(81.0, 0.0)	(82.0, 0.0)	(83.0, 0.0)	(84.0, 0.0)	(85.0, 0.0)	(86.0, 0.0)	(87.0, 0.0)	(88.0, 0.0)	(89.0, 0.0)	(90.0, 0.0)	(91.0, 0.0)	(92.0, 0.0)	(93.0, 0.0)	(94.0, 0.0)	(95.0, 0.0)	(96.0, 0.0)	(97.0, 0.0)	(98.0, 0.0)	(99.0, 0.0)	(100.0, 0.0)
SRR29920187_2	(0.0, 0.0)	(1.0, 0.0)	(2.0, 0.0)	(3.0, 0.0)	(4.0, 0.0)	(5.0, 0.0)	(6.0, 0.0)	(7.0, 0.0)	(8.0, 0.0)	(9.0, 0.0)	(10.0, 0.0)	(11.0, 0.0)	(12.0, 0.0)	(13.0, 0.0)	(14.0, 0.0)	(15.0, 0.0)	(16.0, 0.0)	(17.0, 0.0)	(18.0, 0.0)	(19.0, 0.0)	(20.0, 0.0)	(21.0, 0.0)	(22.0, 0.0)	(23.0, 0.0)	(24.0, 0.0)	(25.0, 0.0)	(26.0, 0.0)	(27.0, 0.0)	(28.0, 0.0)	(29.0, 0.0)	(30.0, 0.0)	(31.0, 0.0)	(32.0, 0.0)	(33.0, 0.0)	(34.0, 0.0)	(35.0, 0.0)	(36.0, 0.0)	(37.0, 0.0)	(38.0, 0.0)	(39.0, 0.0)	(40.0, 0.0)	(41.0, 0.0010538740409746063)	(42.0, 0.0010538740409746063)	(43.0, 0.0021077480819492126)	(44.0, 0.0010538740409746063)	(45.0, 0.0021077480819492126)	(46.0, 0.0031616221229238193)	(47.0, 0.0031616221229238193)	(48.0, 0.0052693702048730315)	(49.0, 0.09168704156479064)	(50.0, 0.2497681477109816)	(51.0, 0.6523480313632861)	(52.0, 3.970997386392297)	(53.0, 11.00455273585831)	(54.0, 26.934912739221446)	(55.0, 34.40477194166304)	(56.0, 13.914298962989205)	(57.0, 3.2322316836692644)	(58.0, 1.4195683331927693)	(59.0, 0.9253014079757069)	(60.0, 0.9147626675659616)	(61.0, 1.1466149565803618)	(62.0, 0.7703819239524453)	(63.0, 0.16335047635106428)	(64.0, 0.06744793862237478)	(65.0, 0.0326700952702128)	(66.0, 0.015808110614619092)	(67.0, 0.017915858696568303)	(68.0, 0.012646488491695277)	(69.0, 0.0052693702048730315)	(70.0, 0.006323244245847637)	(71.0, 0.010538740409746063)	(72.0, 0.0052693702048730315)	(73.0, 0.0010538740409746063)	(74.0, 0.0)	(75.0, 0.0010538740409746063)	(76.0, 0.0010538740409746063)	(77.0, 0.0)	(78.0, 0.0031616221229238193)	(79.0, 0.004215496163898425)	(80.0, 0.0010538740409746063)	(81.0, 0.0)	(82.0, 0.0)	(83.0, 0.0)	(84.0, 0.0)	(85.0, 0.0)	(86.0, 0.0)	(87.0, 0.0)	(88.0, 0.0)	(89.0, 0.0)	(90.0, 0.0)	(91.0, 0.0)	(92.0, 0.0)	(93.0, 0.0)	(94.0, 0.0)	(95.0, 0.0)	(96.0, 0.0)	(97.0, 0.0)	(98.0, 0.0)	(99.0, 0.0)	(100.0, 0.0)
SRR29920188_1	(0.0, 0.0)	(1.0, 0.0)	(2.0, 0.0)	(3.0, 0.0)	(4.0, 0.0)	(5.0, 0.0)	(6.0, 0.0)	(7.0, 0.0)	(8.0, 0.0)	(9.0, 0.0)	(10.0, 0.0)	(11.0, 0.0)	(12.0, 0.0)	(13.0, 0.0)	(14.0, 0.0)	(15.0, 0.0)	(16.0, 0.0)	(17.0, 0.0)	(18.0, 0.0)	(19.0, 0.0)	(20.0, 0.0)	(21.0, 0.0)	(22.0, 0.0)	(23.0, 0.0)	(24.0, 0.0)	(25.0, 0.0)	(26.0, 0.0)	(27.0, 0.0)	(28.0, 0.0)	(29.0, 0.0)	(30.0, 0.0)	(31.0, 0.0)	(32.0, 0.0)	(33.0, 0.0021089260294194475)	(34.0, 0.0010544630147097237)	(35.0, 0.0)	(36.0, 0.0010544630147097237)	(37.0, 0.0010544630147097237)	(38.0, 0.0010544630147097237)	(39.0, 0.0021089260294194475)	(40.0, 0.0010544630147097237)	(41.0, 0.0010544630147097237)	(42.0, 0.0021089260294194475)	(43.0, 0.0021089260294194475)	(44.0, 0.0010544630147097237)	(45.0, 0.0021089260294194475)	(46.0, 0.028470501397162534)	(47.0, 0.19085780566246047)	(48.0, 0.42811198397214617)	(49.0, 0.6094796225022238)	(50.0, 2.463225602361973)	(51.0, 5.245953498180566)	(52.0, 12.95513259872602)	(53.0, 36.22291348131775)	(54.0, 26.836083724354715)	(55.0, 6.264564770389927)	(56.0, 2.046712711551585)	(57.0, 2.783782358833766)	(58.0, 3.072705224864263)	(59.0, 0.672747403384809)	(60.0, 0.07381241102968061)	(61.0, 0.03163389044129171)	(62.0, 0.017925871250065298)	(63.0, 0.013708019191226408)	(64.0, 0.007381241102968065)	(65.0, 0.0063267780882583415)	(66.0, 0.0021089260294194475)	(67.0, 0.0021089260294194475)	(68.0, 0.0)	(69.0, 0.0021089260294194475)	(70.0, 0.004217852058838895)	(71.0, 0.0)	(72.0, 0.0)	(73.0, 0.0)	(74.0, 0.0)	(75.0, 0.0)	(76.0, 0.0)	(77.0, 0.0)	(78.0, 0.0)	(79.0, 0.0)	(80.0, 0.0)	(81.0, 0.0)	(82.0, 0.0)	(83.0, 0.0)	(84.0, 0.0)	(85.0, 0.0)	(86.0, 0.0)	(87.0, 0.0)	(88.0, 0.0)	(89.0, 0.0)	(90.0, 0.0)	(91.0, 0.0)	(92.0, 0.0)	(93.0, 0.0)	(94.0, 0.0)	(95.0, 0.0)	(96.0, 0.0)	(97.0, 0.0)	(98.0, 0.0)	(99.0, 0.0)	(100.0, 0.0)
SRR29920188_2	(0.0, 0.0)	(1.0, 0.0)	(2.0, 0.0)	(3.0, 0.0)	(4.0, 0.0)	(5.0, 0.0)	(6.0, 0.0)	(7.0, 0.0)	(8.0, 0.0)	(9.0, 0.0)	(10.0, 0.0)	(11.0, 0.0)	(12.0, 0.0)	(13.0, 0.0)	(14.0, 0.0)	(15.0, 0.0)	(16.0, 0.0)	(17.0, 0.0)	(18.0, 0.0)	(19.0, 0.0)	(20.0, 0.0)	(21.0, 0.0)	(22.0, 0.0)	(23.0, 0.0)	(24.0, 0.0)	(25.0, 0.0)	(26.0, 0.0)	(27.0, 0.0)	(28.0, 0.0)	(29.0, 0.0)	(30.0, 0.0)	(31.0, 0.0)	(32.0, 0.0)	(33.0, 0.0)	(34.0, 0.0)	(35.0, 0.0)	(36.0, 0.0)	(37.0, 0.0)	(38.0, 0.0)	(39.0, 0.0)	(40.0, 0.0)	(41.0, 0.0)	(42.0, 0.0010527313113873338)	(43.0, 0.0010527313113873338)	(44.0, 0.0)	(45.0, 0.0)	(46.0, 0.0021054626227746676)	(47.0, 0.0021054626227746676)	(48.0, 0.010527313113873338)	(49.0, 0.066322072617402)	(50.0, 0.24318093293047408)	(51.0, 0.47372909012429987)	(52.0, 1.4990893874155333)	(53.0, 3.7361434241136804)	(54.0, 15.637270899347353)	(55.0, 38.23730669222382)	(56.0, 23.48538282573279)	(57.0, 4.7804528850096775)	(58.0, 2.5960354138812396)	(59.0, 2.0907243844152616)	(60.0, 3.2466233643186815)	(61.0, 2.2317903801411805)	(62.0, 1.0811550567947854)	(63.0, 0.2979229611226146)	(64.0, 0.11790590687538136)	(65.0, 0.053689296880754044)	(66.0, 0.027371014096070675)	(67.0, 0.023160088850521336)	(68.0, 0.015790969670810003)	(69.0, 0.011580044425260673)	(70.0, 0.00842185049109867)	(71.0, 0.004210925245549335)	(72.0, 0.007369119179711336)	(73.0, 0.0010527313113873338)	(74.0, 0.0010527313113873338)	(75.0, 0.0)	(76.0, 0.0010527313113873338)	(77.0, 0.0021054626227746676)	(78.0, 0.0021054626227746676)	(79.0, 0.0)	(80.0, 0.0)	(81.0, 0.0)	(82.0, 0.0)	(83.0, 0.0)	(84.0, 0.0010527313113873338)	(85.0, 0.0010527313113873338)	(86.0, 0.0010527313113873338)	(87.0, 0.0)	(88.0, 0.0)	(89.0, 0.0)	(90.0, 0.0)	(91.0, 0.0)	(92.0, 0.0)	(93.0, 0.0)	(94.0, 0.0)	(95.0, 0.0)	(96.0, 0.0)	(97.0, 0.0)	(98.0, 0.0)	(99.0, 0.0)	(100.0, 0.0)
SRR29920189_1	(0.0, 0.0)	(1.0, 0.0)	(2.0, 0.0)	(3.0, 0.0)	(4.0, 0.0)	(5.0, 0.0)	(6.0, 0.0)	(7.0, 0.0)	(8.0, 0.0)	(9.0, 0.0)	(10.0, 0.0)	(11.0, 0.0)	(12.0, 0.0)	(13.0, 0.0)	(14.0, 0.0)	(15.0, 0.0)	(16.0, 0.0)	(17.0, 0.0011487254890700663)	(18.0, 0.0011487254890700663)	(19.0, 0.0)	(20.0, 0.0)	(21.0, 0.0)	(22.0, 0.0)	(23.0, 0.0)	(24.0, 0.0)	(25.0, 0.0)	(26.0, 0.0)	(27.0, 0.0)	(28.0, 0.0)	(29.0, 0.0)	(30.0, 0.0)	(31.0, 0.0)	(32.0, 0.0011487254890700663)	(33.0, 0.0011487254890700663)	(34.0, 0.0022974509781401326)	(35.0, 0.0034461764672101994)	(36.0, 0.0011487254890700663)	(37.0, 0.0)	(38.0, 0.0)	(39.0, 0.0)	(40.0, 0.0034461764672101994)	(41.0, 0.0034461764672101994)	(42.0, 0.004594901956280265)	(43.0, 0.004594901956280265)	(44.0, 0.0034461764672101994)	(45.0, 0.0034461764672101994)	(46.0, 0.026420686248611516)	(47.0, 0.08730313716932497)	(48.0, 1.9424948020174624)	(49.0, 4.838431759962982)	(50.0, 4.02283666272342)	(51.0, 4.149196466521099)	(52.0, 8.162843325331751)	(53.0, 27.422374875071093)	(54.0, 23.026202428403945)	(55.0, 6.309949111461402)	(56.0, 2.621391566057949)	(57.0, 7.154262345927775)	(58.0, 8.170884403755247)	(59.0, 1.6541647042608618)	(60.0, 0.21136548998889276)	(61.0, 0.07811333325676446)	(62.0, 0.04365156858466254)	(63.0, 0.014933431357910863)	(64.0, 0.0057436274453503315)	(65.0, 0.004594901956280265)	(66.0, 0.0057436274453503315)	(67.0, 0.0034461764672101994)	(68.0, 0.004594901956280265)	(69.0, 0.0022974509781401326)	(70.0, 0.0022974509781401326)	(71.0, 0.0)	(72.0, 0.0)	(73.0, 0.0)	(74.0, 0.0)	(75.0, 0.0)	(76.0, 0.0)	(77.0, 0.0)	(78.0, 0.0)	(79.0, 0.0)	(80.0, 0.0)	(81.0, 0.0)	(82.0, 0.0)	(83.0, 0.0)	(84.0, 0.0)	(85.0, 0.0)	(86.0, 0.0)	(87.0, 0.0)	(88.0, 0.0)	(89.0, 0.0)	(90.0, 0.0)	(91.0, 0.0)	(92.0, 0.0)	(93.0, 0.0)	(94.0, 0.0)	(95.0, 0.0)	(96.0, 0.0)	(97.0, 0.0)	(98.0, 0.0)	(99.0, 0.0)	(100.0, 0.0)
SRR29920189_2	(0.0, 0.0)	(1.0, 0.0)	(2.0, 0.0)	(3.0, 0.0)	(4.0, 0.0)	(5.0, 0.0)	(6.0, 0.0)	(7.0, 0.0)	(8.0, 0.0)	(9.0, 0.0)	(10.0, 0.0)	(11.0, 0.0)	(12.0, 0.0)	(13.0, 0.0)	(14.0, 0.0)	(15.0, 0.0)	(16.0, 0.0)	(17.0, 0.0)	(18.0, 0.0)	(19.0, 0.0)	(20.0, 0.0)	(21.0, 0.0011472757936281544)	(22.0, 0.0011472757936281544)	(23.0, 0.0)	(24.0, 0.0)	(25.0, 0.0)	(26.0, 0.0)	(27.0, 0.0)	(28.0, 0.0)	(29.0, 0.0)	(30.0, 0.0)	(31.0, 0.0)	(32.0, 0.0)	(33.0, 0.0)	(34.0, 0.0)	(35.0, 0.0)	(36.0, 0.0)	(37.0, 0.0)	(38.0, 0.0011472757936281544)	(39.0, 0.0)	(40.0, 0.0)	(41.0, 0.0)	(42.0, 0.0011472757936281544)	(43.0, 0.0)	(44.0, 0.002294551587256309)	(45.0, 0.003441827380884464)	(46.0, 0.0011472757936281544)	(47.0, 0.002294551587256309)	(48.0, 0.02179824007893493)	(49.0, 0.2397806408682846)	(50.0, 0.6390326170508852)	(51.0, 0.4761194543556826)	(52.0, 1.2207014444203472)	(53.0, 2.6662689443918937)	(54.0, 10.186661771625168)	(55.0, 27.17552172366077)	(56.0, 19.48189025159736)	(57.0, 10.342691279558668)	(58.0, 5.053749870931832)	(59.0, 4.126751029680495)	(60.0, 7.399928868901115)	(61.0, 5.7673554145683825)	(62.0, 3.605887819373431)	(63.0, 0.8524259146657279)	(64.0, 0.3143535674541136)	(65.0, 0.16520771428245448)	(66.0, 0.08948751190299596)	(67.0, 0.04703830753875436)	(68.0, 0.032123722221588324)	(69.0, 0.016061861110794162)	(70.0, 0.011472757936281545)	(71.0, 0.010325482142653391)	(72.0, 0.008030930555397081)	(73.0, 0.005736378968140772)	(74.0, 0.004589103174512618)	(75.0, 0.004589103174512618)	(76.0, 0.002294551587256309)	(77.0, 0.0011472757936281544)	(78.0, 0.0)	(79.0, 0.004589103174512618)	(80.0, 0.003441827380884464)	(81.0, 0.003441827380884464)	(82.0, 0.0011472757936281544)	(83.0, 0.0)	(84.0, 0.002294551587256309)	(85.0, 0.0011472757936281544)	(86.0, 0.0)	(87.0, 0.0011472757936281544)	(88.0, 0.0)	(89.0, 0.0)	(90.0, 0.0)	(91.0, 0.0)	(92.0, 0.0)	(93.0, 0.0)	(94.0, 0.0)	(95.0, 0.0)	(96.0, 0.0)	(97.0, 0.0)	(98.0, 0.0)	(99.0, 0.0)	(100.0, 0.0)
SRR29920190_1	(0.0, 0.0)	(1.0, 0.0)	(2.0, 0.0)	(3.0, 0.0)	(4.0, 0.0)	(5.0, 0.0)	(6.0, 0.0)	(7.0, 0.0)	(8.0, 0.0)	(9.0, 0.0)	(10.0, 0.0)	(11.0, 0.0)	(12.0, 0.0)	(13.0, 0.0)	(14.0, 0.0)	(15.0, 0.0)	(16.0, 0.0)	(17.0, 0.0)	(18.0, 0.0)	(19.0, 0.0)	(20.0, 0.0)	(21.0, 0.0)	(22.0, 0.0)	(23.0, 0.0)	(24.0, 0.0)	(25.0, 0.0)	(26.0, 0.0)	(27.0, 0.0)	(28.0, 0.0)	(29.0, 0.0)	(30.0, 0.0)	(31.0, 0.0)	(32.0, 0.0008626341396084998)	(33.0, 0.0008626341396084998)	(34.0, 0.0008626341396084998)	(35.0, 0.0)	(36.0, 0.0017252682792169996)	(37.0, 0.0)	(38.0, 0.0017252682792169996)	(39.0, 0.0025879024188255)	(40.0, 0.0008626341396084998)	(41.0, 0.0008626341396084998)	(42.0, 0.0008626341396084998)	(43.0, 0.0017252682792169996)	(44.0, 0.0025879024188255)	(45.0, 0.0043131706980424995)	(46.0, 0.012939512094127496)	(47.0, 0.1664883889444409)	(48.0, 1.3836651599320102)	(49.0, 2.315310030709296)	(50.0, 2.1376073979499246)	(51.0, 2.762154515026511)	(52.0, 8.15102998516153)	(53.0, 34.264690659405275)	(54.0, 29.35285186846554)	(55.0, 7.4100272592374905)	(56.0, 2.436941444394108)	(57.0, 4.583175183739641)	(58.0, 4.066457334114267)	(59.0, 0.7254753114107523)	(60.0, 0.11041716986988806)	(61.0, 0.0491701459576845)	(62.0, 0.02242848762982099)	(63.0, 0.007763707256476499)	(64.0, 0.006038438977259499)	(65.0, 0.0017252682792169996)	(66.0, 0.005175804837650999)	(67.0, 0.0008626341396084998)	(68.0, 0.0025879024188255)	(69.0, 0.0008626341396084998)	(70.0, 0.0008626341396084998)	(71.0, 0.0025879024188255)	(72.0, 0.0008626341396084998)	(73.0, 0.0)	(74.0, 0.0)	(75.0, 0.0)	(76.0, 0.0)	(77.0, 0.0)	(78.0, 0.0)	(79.0, 0.0)	(80.0, 0.0)	(81.0, 0.0)	(82.0, 0.0)	(83.0, 0.0)	(84.0, 0.0)	(85.0, 0.0)	(86.0, 0.0)	(87.0, 0.0)	(88.0, 0.0)	(89.0, 0.0)	(90.0, 0.0)	(91.0, 0.0)	(92.0, 0.0)	(93.0, 0.0)	(94.0, 0.0)	(95.0, 0.0)	(96.0, 0.0)	(97.0, 0.0)	(98.0, 0.0)	(99.0, 0.0)	(100.0, 0.0)
SRR29920190_2	(0.0, 0.0)	(1.0, 0.0)	(2.0, 0.0)	(3.0, 0.0)	(4.0, 0.0)	(5.0, 0.0)	(6.0, 0.0)	(7.0, 0.0)	(8.0, 0.0)	(9.0, 0.0)	(10.0, 0.0)	(11.0, 0.0)	(12.0, 0.0)	(13.0, 0.0)	(14.0, 0.0)	(15.0, 0.0)	(16.0, 0.0)	(17.0, 0.0)	(18.0, 0.0)	(19.0, 0.0)	(20.0, 0.0)	(21.0, 0.0)	(22.0, 0.0)	(23.0, 0.0)	(24.0, 0.0)	(25.0, 0.0)	(26.0, 0.0)	(27.0, 0.0)	(28.0, 0.0)	(29.0, 0.0)	(30.0, 0.0)	(31.0, 0.0)	(32.0, 0.0)	(33.0, 0.0)	(34.0, 0.0)	(35.0, 0.0)	(36.0, 0.0)	(37.0, 0.0)	(38.0, 0.0)	(39.0, 0.0)	(40.0, 0.0)	(41.0, 0.0)	(42.0, 0.0008621507211888703)	(43.0, 0.0008621507211888703)	(44.0, 0.0008621507211888703)	(45.0, 0.0008621507211888703)	(46.0, 0.0017243014423777407)	(47.0, 0.0034486028847554814)	(48.0, 0.014656562260210795)	(49.0, 0.18622455577679617)	(50.0, 0.4043486882375804)	(51.0, 0.2776125322228151)	(52.0, 0.7069635913748787)	(53.0, 1.7380958539167795)	(54.0, 9.454344808558561)	(55.0, 34.56103596031486)	(56.0, 28.435455086256795)	(57.0, 7.733491969064793)	(58.0, 3.4779160092758348)	(59.0, 2.2372811214851924)	(60.0, 3.559820327788759)	(61.0, 3.5227478467776456)	(62.0, 2.601970876548126)	(63.0, 0.6017812033898373)	(64.0, 0.2000189673158179)	(65.0, 0.10000948365790896)	(66.0, 0.05345334471370995)	(67.0, 0.040521083895876935)	(68.0, 0.01810516514496627)	(69.0, 0.011207959375455314)	(70.0, 0.006897205769510963)	(71.0, 0.009483657933077577)	(72.0, 0.006897205769510963)	(73.0, 0.0077593564906998334)	(74.0, 0.005172904327133222)	(75.0, 0.006035055048322092)	(76.0, 0.0025864521635666116)	(77.0, 0.0034486028847554814)	(78.0, 0.004310753605944352)	(79.0, 0.0008621507211888703)	(80.0, 0.0008621507211888703)	(81.0, 0.0)	(82.0, 0.0)	(83.0, 0.0)	(84.0, 0.0)	(85.0, 0.0)	(86.0, 0.0)	(87.0, 0.0)	(88.0, 0.0)	(89.0, 0.0)	(90.0, 0.0)	(91.0, 0.0)	(92.0, 0.0)	(93.0, 0.0)	(94.0, 0.0)	(95.0, 0.0)	(96.0, 0.0)	(97.0, 0.0)	(98.0, 0.0)	(99.0, 0.0)	(100.0, 0.0)
SRR29920191_1	(0.0, 0.0)	(1.0, 0.0)	(2.0, 0.0)	(3.0, 0.0)	(4.0, 0.0)	(5.0, 0.0)	(6.0, 0.0)	(7.0, 0.0)	(8.0, 0.0)	(9.0, 0.0)	(10.0, 0.0)	(11.0, 0.0)	(12.0, 0.0)	(13.0, 0.0)	(14.0, 0.0)	(15.0, 0.0)	(16.0, 0.0)	(17.0, 0.0)	(18.0, 0.0)	(19.0, 0.0)	(20.0, 0.0)	(21.0, 0.0)	(22.0, 0.0)	(23.0, 0.0)	(24.0, 0.0)	(25.0, 0.0)	(26.0, 0.0)	(27.0, 0.0)	(28.0, 0.0)	(29.0, 0.0)	(30.0, 0.0)	(31.0, 0.0013993059442518902)	(32.0, 0.0013993059442518902)	(33.0, 0.0)	(34.0, 0.0)	(35.0, 0.0)	(36.0, 0.0)	(37.0, 0.0)	(38.0, 0.0)	(39.0, 0.0)	(40.0, 0.0013993059442518902)	(41.0, 0.0027986118885037804)	(42.0, 0.0013993059442518902)	(43.0, 0.0013993059442518902)	(44.0, 0.005597223777007561)	(45.0, 0.004197917832755671)	(46.0, 0.004197917832755671)	(47.0, 0.05317362588157184)	(48.0, 0.7010522780701985)	(49.0, 1.5924101645586337)	(50.0, 1.4902608306282517)	(51.0, 1.7421359005935773)	(52.0, 8.029217508116693)	(53.0, 38.128288368969784)	(54.0, 31.88318593976909)	(55.0, 7.351953431098932)	(56.0, 2.115750587708811)	(57.0, 3.3681294078143886)	(58.0, 2.7902160528382924)	(59.0, 0.49255569237666286)	(60.0, 0.09935072204188414)	(61.0, 0.0419791783275567)	(62.0, 0.02098958916377835)	(63.0, 0.011194447554015122)	(64.0, 0.00979514160976323)	(65.0, 0.00839583566551134)	(66.0, 0.01959028321952646)	(67.0, 0.012593753498267012)	(68.0, 0.005597223777007561)	(69.0, 0.004197917832755671)	(70.0, 0.004197917832755671)	(71.0, 0.0)	(72.0, 0.0)	(73.0, 0.0)	(74.0, 0.0)	(75.0, 0.0)	(76.0, 0.0)	(77.0, 0.0)	(78.0, 0.0)	(79.0, 0.0)	(80.0, 0.0)	(81.0, 0.0)	(82.0, 0.0)	(83.0, 0.0)	(84.0, 0.0)	(85.0, 0.0)	(86.0, 0.0)	(87.0, 0.0)	(88.0, 0.0)	(89.0, 0.0)	(90.0, 0.0)	(91.0, 0.0)	(92.0, 0.0)	(93.0, 0.0)	(94.0, 0.0)	(95.0, 0.0)	(96.0, 0.0)	(97.0, 0.0)	(98.0, 0.0)	(99.0, 0.0)	(100.0, 0.0)
SRR29920191_2	(0.0, 0.0)	(1.0, 0.0)	(2.0, 0.0)	(3.0, 0.0)	(4.0, 0.0)	(5.0, 0.0)	(6.0, 0.0)	(7.0, 0.0)	(8.0, 0.0)	(9.0, 0.0)	(10.0, 0.0)	(11.0, 0.0)	(12.0, 0.0)	(13.0, 0.0)	(14.0, 0.0)	(15.0, 0.0)	(16.0, 0.0)	(17.0, 0.0)	(18.0, 0.0)	(19.0, 0.0)	(20.0, 0.0)	(21.0, 0.0)	(22.0, 0.0)	(23.0, 0.0)	(24.0, 0.0)	(25.0, 0.0)	(26.0, 0.0)	(27.0, 0.0)	(28.0, 0.0)	(29.0, 0.0)	(30.0, 0.0)	(31.0, 0.0)	(32.0, 0.0)	(33.0, 0.0)	(34.0, 0.0)	(35.0, 0.0)	(36.0, 0.0)	(37.0, 0.0)	(38.0, 0.0013988361683082225)	(39.0, 0.0013988361683082225)	(40.0, 0.0)	(41.0, 0.0)	(42.0, 0.0)	(43.0, 0.0)	(44.0, 0.0013988361683082225)	(45.0, 0.0)	(46.0, 0.0013988361683082225)	(47.0, 0.0013988361683082225)	(48.0, 0.006994180841541112)	(49.0, 0.05035810205909603)	(50.0, 0.13288943598928096)	(51.0, 0.12729409131604807)	(52.0, 0.4280438675023146)	(53.0, 1.1484444941810588)	(54.0, 8.81266786034112)	(55.0, 37.44964189794081)	(56.0, 31.58012533571647)	(57.0, 7.639044315130638)	(58.0, 3.157173231871724)	(59.0, 1.6058639212178216)	(60.0, 2.2031669650854075)	(61.0, 2.5766562220237454)	(62.0, 2.2185541629367997)	(63.0, 0.49239033124449194)	(64.0, 0.1370859444942056)	(65.0, 0.07553715308864405)	(66.0, 0.04196508504924668)	(67.0, 0.02238137869293156)	(68.0, 0.02238137869293156)	(69.0, 0.018184870188006894)	(70.0, 0.01119068934646578)	(71.0, 0.004196508504924668)	(72.0, 0.004196508504924668)	(73.0, 0.00559534467323289)	(74.0, 0.00559534467323289)	(75.0, 0.004196508504924668)	(76.0, 0.004196508504924668)	(77.0, 0.0013988361683082225)	(78.0, 0.0)	(79.0, 0.0)	(80.0, 0.0)	(81.0, 0.0013988361683082225)	(82.0, 0.0013988361683082225)	(83.0, 0.0)	(84.0, 0.0)	(85.0, 0.0)	(86.0, 0.0)	(87.0, 0.0)	(88.0, 0.0)	(89.0, 0.0)	(90.0, 0.0)	(91.0, 0.0)	(92.0, 0.0)	(93.0, 0.0)	(94.0, 0.0)	(95.0, 0.0013988361683082225)	(96.0, 0.0013988361683082225)	(97.0, 0.0)	(98.0, 0.0)	(99.0, 0.0)	(100.0, 0.0)
SRR29920192_1	(0.0, 0.0)	(1.0, 0.0)	(2.0, 0.0)	(3.0, 0.0)	(4.0, 0.0)	(5.0, 0.0)	(6.0, 0.0)	(7.0, 0.0)	(8.0, 0.0)	(9.0, 0.0)	(10.0, 0.0)	(11.0, 0.0)	(12.0, 0.0)	(13.0, 0.0)	(14.0, 0.0)	(15.0, 0.0)	(16.0, 0.0)	(17.0, 0.0)	(18.0, 0.0)	(19.0, 0.0)	(20.0, 0.0)	(21.0, 0.0)	(22.0, 0.0)	(23.0, 0.0)	(24.0, 0.0)	(25.0, 0.0)	(26.0, 0.0)	(27.0, 0.0)	(28.0, 0.0)	(29.0, 0.0)	(30.0, 0.0)	(31.0, 0.0)	(32.0, 0.0)	(33.0, 0.0)	(34.0, 0.0)	(35.0, 0.0)	(36.0, 0.001373796211070288)	(37.0, 0.0)	(38.0, 0.0)	(39.0, 0.0)	(40.0, 0.001373796211070288)	(41.0, 0.001373796211070288)	(42.0, 0.0)	(43.0, 0.0)	(44.0, 0.0)	(45.0, 0.001373796211070288)	(46.0, 0.012364165899632592)	(47.0, 0.013737962110702882)	(48.0, 0.026102128010335464)	(49.0, 0.36680358835576615)	(50.0, 2.3450701322969603)	(51.0, 5.3385720762190765)	(52.0, 11.467076973804302)	(53.0, 33.656633374998805)	(54.0, 26.132351526973675)	(55.0, 7.41163055872367)	(56.0, 2.810787047849841)	(57.0, 4.636562212362319)	(58.0, 4.636562212362319)	(59.0, 0.9190696652060308)	(60.0, 0.13051064005167717)	(61.0, 0.045335274965319514)	(62.0, 0.017859350743913746)	(63.0, 0.004121388633210865)	(64.0, 0.004121388633210865)	(65.0, 0.001373796211070288)	(66.0, 0.001373796211070288)	(67.0, 0.001373796211070288)	(68.0, 0.001373796211070288)	(69.0, 0.005495184844281152)	(70.0, 0.005495184844281152)	(71.0, 0.002747592422140576)	(72.0, 0.0)	(73.0, 0.0)	(74.0, 0.0)	(75.0, 0.0)	(76.0, 0.0)	(77.0, 0.0)	(78.0, 0.0)	(79.0, 0.0)	(80.0, 0.0)	(81.0, 0.0)	(82.0, 0.0)	(83.0, 0.0)	(84.0, 0.0)	(85.0, 0.0)	(86.0, 0.0)	(87.0, 0.0)	(88.0, 0.0)	(89.0, 0.0)	(90.0, 0.0)	(91.0, 0.0)	(92.0, 0.0)	(93.0, 0.0)	(94.0, 0.0)	(95.0, 0.0)	(96.0, 0.0)	(97.0, 0.0)	(98.0, 0.0)	(99.0, 0.0)	(100.0, 0.0)
SRR29920192_2	(0.0, 0.0)	(1.0, 0.0)	(2.0, 0.0)	(3.0, 0.0)	(4.0, 0.0)	(5.0, 0.0)	(6.0, 0.0)	(7.0, 0.0)	(8.0, 0.0)	(9.0, 0.0)	(10.0, 0.0)	(11.0, 0.0)	(12.0, 0.0)	(13.0, 0.0)	(14.0, 0.0)	(15.0, 0.0)	(16.0, 0.0)	(17.0, 0.0)	(18.0, 0.0)	(19.0, 0.0)	(20.0, 0.0)	(21.0, 0.0)	(22.0, 0.0)	(23.0, 0.0)	(24.0, 0.0)	(25.0, 0.0)	(26.0, 0.0)	(27.0, 0.0)	(28.0, 0.0)	(29.0, 0.0)	(30.0, 0.0)	(31.0, 0.0)	(32.0, 0.0)	(33.0, 0.0)	(34.0, 0.0)	(35.0, 0.0)	(36.0, 0.0)	(37.0, 0.0)	(38.0, 0.0)	(39.0, 0.0)	(40.0, 0.0)	(41.0, 0.0)	(42.0, 0.0)	(43.0, 0.0)	(44.0, 0.0013727212826709061)	(45.0, 0.0013727212826709061)	(46.0, 0.0)	(47.0, 0.0068636064133545316)	(48.0, 0.03157258950143083)	(49.0, 0.17982648802988888)	(50.0, 0.39808917197456156)	(51.0, 0.4310344827586629)	(52.0, 0.9581594553043018)	(53.0, 3.7461563804090416)	(54.0, 14.851471557218684)	(55.0, 33.0537557654211)	(56.0, 21.30051614320349)	(57.0, 6.4353173731608955)	(58.0, 4.240336042170615)	(59.0, 2.9829233472439305)	(60.0, 4.536843839227464)	(61.0, 3.6267296288166584)	(62.0, 2.27185372282032)	(63.0, 0.5367340215243216)	(64.0, 0.17296288161653428)	(65.0, 0.07412694926422896)	(66.0, 0.052163408741494464)	(67.0, 0.03294531078410174)	(68.0, 0.024708983088076304)	(69.0, 0.012354491544038157)	(70.0, 0.010981770261367249)	(71.0, 0.009609048978696343)	(72.0, 0.0013727212826709061)	(73.0, 0.0027454425653418123)	(74.0, 0.0013727212826709061)	(75.0, 0.0027454425653418123)	(76.0, 0.004118163848012719)	(77.0, 0.0027454425653418123)	(78.0, 0.0)	(79.0, 0.0013727212826709061)	(80.0, 0.0)	(81.0, 0.0013727212826709061)	(82.0, 0.0)	(83.0, 0.0)	(84.0, 0.0)	(85.0, 0.0)	(86.0, 0.0)	(87.0, 0.0)	(88.0, 0.0)	(89.0, 0.0)	(90.0, 0.0)	(91.0, 0.0)	(92.0, 0.0)	(93.0, 0.0)	(94.0, 0.0)	(95.0, 0.0)	(96.0, 0.0)	(97.0, 0.0)	(98.0, 0.0013727212826709061)	(99.0, 0.0)	(100.0, 0.0)
SRR29920193_1	(0.0, 0.0)	(1.0, 0.0)	(2.0, 0.0)	(3.0, 0.0)	(4.0, 0.0)	(5.0, 0.0)	(6.0, 0.0)	(7.0, 0.0)	(8.0, 0.0)	(9.0, 0.0)	(10.0, 0.0)	(11.0, 0.0)	(12.0, 0.0)	(13.0, 0.0)	(14.0, 0.0)	(15.0, 0.0)	(16.0, 0.0)	(17.0, 0.0)	(18.0, 0.0)	(19.0, 0.0)	(20.0, 0.0)	(21.0, 0.0)	(22.0, 0.0)	(23.0, 0.0)	(24.0, 0.0)	(25.0, 0.0)	(26.0, 0.0)	(27.0, 0.0)	(28.0, 0.0012527717575134994)	(29.0, 0.0012527717575134994)	(30.0, 0.0)	(31.0, 0.0)	(32.0, 0.0)	(33.0, 0.0)	(34.0, 0.0)	(35.0, 0.0)	(36.0, 0.0)	(37.0, 0.0)	(38.0, 0.0)	(39.0, 0.0)	(40.0, 0.0012527717575134994)	(41.0, 0.0025055435150269987)	(42.0, 0.0)	(43.0, 0.0012527717575134994)	(44.0, 0.0025055435150269987)	(45.0, 0.0)	(46.0, 0.012527717575134994)	(47.0, 0.03758315272540498)	(48.0, 0.08894679478345839)	(49.0, 0.890720719592107)	(50.0, 6.4893577039195005)	(51.0, 12.560289640831856)	(52.0, 17.13040101224081)	(53.0, 23.395512571560122)	(54.0, 13.076431604927652)	(55.0, 10.450622001178164)	(56.0, 6.659734662941299)	(57.0, 3.8034150558111537)	(58.0, 4.122871853977038)	(59.0, 0.9182816982574048)	(60.0, 0.18165190483945767)	(61.0, 0.07767184896583694)	(62.0, 0.04134146799794549)	(63.0, 0.015033261090161993)	(64.0, 0.010022174060107995)	(65.0, 0.0050110870300539975)	(66.0, 0.0050110870300539975)	(67.0, 0.006263858787567497)	(68.0, 0.0050110870300539975)	(69.0, 0.0037583152725404983)	(70.0, 0.0012527717575134994)	(71.0, 0.0)	(72.0, 0.0012527717575134994)	(73.0, 0.0)	(74.0, 0.0)	(75.0, 0.0)	(76.0, 0.0)	(77.0, 0.0)	(78.0, 0.0)	(79.0, 0.0)	(80.0, 0.0)	(81.0, 0.0)	(82.0, 0.0)	(83.0, 0.0)	(84.0, 0.0)	(85.0, 0.0)	(86.0, 0.0)	(87.0, 0.0)	(88.0, 0.0)	(89.0, 0.0)	(90.0, 0.0)	(91.0, 0.0)	(92.0, 0.0)	(93.0, 0.0)	(94.0, 0.0)	(95.0, 0.0)	(96.0, 0.0)	(97.0, 0.0)	(98.0, 0.0)	(99.0, 0.0)	(100.0, 0.0)
SRR29920193_2	(0.0, 0.0)	(1.0, 0.0)	(2.0, 0.0)	(3.0, 0.0)	(4.0, 0.0)	(5.0, 0.0)	(6.0, 0.0)	(7.0, 0.0)	(8.0, 0.0)	(9.0, 0.0)	(10.0, 0.0)	(11.0, 0.0)	(12.0, 0.0)	(13.0, 0.0)	(14.0, 0.0)	(15.0, 0.0)	(16.0, 0.0)	(17.0, 0.0)	(18.0, 0.0)	(19.0, 0.0)	(20.0, 0.0)	(21.0, 0.0)	(22.0, 0.0)	(23.0, 0.0)	(24.0, 0.0)	(25.0, 0.0)	(26.0, 0.0)	(27.0, 0.0)	(28.0, 0.0)	(29.0, 0.0)	(30.0, 0.0)	(31.0, 0.0)	(32.0, 0.0)	(33.0, 0.0)	(34.0, 0.0)	(35.0, 0.0)	(36.0, 0.0)	(37.0, 0.0)	(38.0, 0.0)	(39.0, 0.0)	(40.0, 0.0012560841576386803)	(41.0, 0.0)	(42.0, 0.0)	(43.0, 0.0)	(44.0, 0.0)	(45.0, 0.0012560841576386803)	(46.0, 0.006280420788193401)	(47.0, 0.017585178206941523)	(48.0, 0.15073009891664169)	(49.0, 1.6266289841420645)	(50.0, 2.681739676558624)	(51.0, 1.7120427068614898)	(52.0, 3.157795572303738)	(53.0, 12.442769665570214)	(54.0, 26.60009420630699)	(55.0, 22.9700109907345)	(56.0, 9.581409954467999)	(57.0, 3.991835452975871)	(58.0, 2.8789448893079195)	(59.0, 3.2683309781759546)	(60.0, 4.979117600879649)	(61.0, 2.518448736065577)	(62.0, 0.8064060292040394)	(63.0, 0.2549850840006526)	(64.0, 0.13942534149789348)	(65.0, 0.0753650494583208)	(66.0, 0.037682524729160415)	(67.0, 0.028889935625689638)	(68.0, 0.0251216831527736)	(69.0, 0.010048673261109442)	(70.0, 0.007536504945832081)	(71.0, 0.007536504945832081)	(72.0, 0.006280420788193401)	(73.0, 0.0025121683152773606)	(74.0, 0.0025121683152773606)	(75.0, 0.0012560841576386803)	(76.0, 0.0025121683152773606)	(77.0, 0.0)	(78.0, 0.0)	(79.0, 0.0012560841576386803)	(80.0, 0.0)	(81.0, 0.0012560841576386803)	(82.0, 0.0)	(83.0, 0.0)	(84.0, 0.0)	(85.0, 0.0)	(86.0, 0.0)	(87.0, 0.0)	(88.0, 0.0)	(89.0, 0.0)	(90.0, 0.0)	(91.0, 0.0)	(92.0, 0.0)	(93.0, 0.0)	(94.0, 0.0)	(95.0, 0.0)	(96.0, 0.0)	(97.0, 0.0)	(98.0, 0.0)	(99.0, 0.0012560841576386803)	(100.0, 0.0018841262364580208)
SRR29920194_1	(0.0, 0.0)	(1.0, 0.0)	(2.0, 0.0)	(3.0, 0.0)	(4.0, 0.0)	(5.0, 0.0)	(6.0, 0.0)	(7.0, 0.0)	(8.0, 0.0)	(9.0, 0.0)	(10.0, 0.0)	(11.0, 0.0)	(12.0, 0.0)	(13.0, 0.0)	(14.0, 0.0)	(15.0, 0.0)	(16.0, 0.0)	(17.0, 0.0)	(18.0, 0.0)	(19.0, 0.0)	(20.0, 0.0)	(21.0, 0.0)	(22.0, 0.0)	(23.0, 0.0)	(24.0, 0.0)	(25.0, 0.0)	(26.0, 0.0)	(27.0, 0.0)	(28.0, 0.0)	(29.0, 0.0)	(30.0, 0.0)	(31.0, 0.0)	(32.0, 0.0)	(33.0, 0.0011632370560796408)	(34.0, 0.0034897111682389223)	(35.0, 0.0011632370560796408)	(36.0, 0.0011632370560796408)	(37.0, 0.0034897111682389223)	(38.0, 0.0011632370560796408)	(39.0, 0.0011632370560796408)	(40.0, 0.0034897111682389223)	(41.0, 0.0011632370560796408)	(42.0, 0.0011632370560796408)	(43.0, 0.0)	(44.0, 0.0011632370560796408)	(45.0, 0.0023264741121592817)	(46.0, 0.02210150406551317)	(47.0, 0.12446636500052148)	(48.0, 2.7045261553852287)	(49.0, 6.51761722521372)	(50.0, 6.9910547070380265)	(51.0, 10.806472250980876)	(52.0, 13.472611583516624)	(53.0, 17.619551688437895)	(54.0, 16.02010073632984)	(55.0, 7.088766619748695)	(56.0, 2.9848662859004538)	(57.0, 5.934835460117953)	(58.0, 7.811136831574441)	(59.0, 1.6087568485581127)	(60.0, 0.15354729140251272)	(61.0, 0.0476927192992653)	(62.0, 0.031407400514150294)	(63.0, 0.01628531878511497)	(64.0, 0.006979422336477845)	(65.0, 0.0023264741121592817)	(66.0, 0.0023264741121592817)	(67.0, 0.0034897111682389223)	(68.0, 0.0011632370560796408)	(69.0, 0.0023264741121592817)	(70.0, 0.0011632370560796408)	(71.0, 0.0023264741121592817)	(72.0, 0.0)	(73.0, 0.0)	(74.0, 0.0)	(75.0, 0.0)	(76.0, 0.0)	(77.0, 0.0)	(78.0, 0.0)	(79.0, 0.0)	(80.0, 0.0)	(81.0, 0.0)	(82.0, 0.0)	(83.0, 0.0)	(84.0, 0.0)	(85.0, 0.0)	(86.0, 0.0)	(87.0, 0.0)	(88.0, 0.0)	(89.0, 0.0)	(90.0, 0.0)	(91.0, 0.0)	(92.0, 0.0)	(93.0, 0.0)	(94.0, 0.0)	(95.0, 0.0)	(96.0, 0.0)	(97.0, 0.0)	(98.0, 0.0)	(99.0, 0.0)	(100.0, 0.0)
SRR29920194_2	(0.0, 0.0)	(1.0, 0.0)	(2.0, 0.0)	(3.0, 0.0)	(4.0, 0.0)	(5.0, 0.0)	(6.0, 0.0)	(7.0, 0.0)	(8.0, 0.0)	(9.0, 0.0)	(10.0, 0.0)	(11.0, 0.0)	(12.0, 0.0)	(13.0, 0.0)	(14.0, 0.0)	(15.0, 0.0)	(16.0, 0.0)	(17.0, 0.0)	(18.0, 0.0)	(19.0, 0.0)	(20.0, 0.0)	(21.0, 0.0)	(22.0, 0.0)	(23.0, 0.0)	(24.0, 0.0)	(25.0, 0.0)	(26.0, 0.0)	(27.0, 0.0)	(28.0, 0.0)	(29.0, 0.0)	(30.0, 0.0)	(31.0, 0.0)	(32.0, 0.0)	(33.0, 0.0)	(34.0, 0.0)	(35.0, 0.0)	(36.0, 0.0)	(37.0, 0.0)	(38.0, 0.0)	(39.0, 0.0)	(40.0, 0.0)	(41.0, 0.0)	(42.0, 0.0)	(43.0, 0.0)	(44.0, 0.0)	(45.0, 0.0)	(46.0, 0.006975446428571185)	(47.0, 0.01395089285714237)	(48.0, 0.06394159226190255)	(49.0, 1.082356770833295)	(50.0, 2.68089657738092)	(51.0, 1.498558407738019)	(52.0, 3.3889043898809756)	(53.0, 7.34979538690395)	(54.0, 8.911132812499844)	(55.0, 15.301804315477332)	(56.0, 16.601562499999915)	(57.0, 14.17992001488301)	(58.0, 7.223074776784849)	(59.0, 5.51990327380905)	(60.0, 8.582124255952087)	(61.0, 4.577055431547393)	(62.0, 1.7613002232141854)	(63.0, 0.5940755208333143)	(64.0, 0.29645647321427493)	(65.0, 0.15345982142856623)	(66.0, 0.08370535714285417)	(67.0, 0.044177827380950864)	(68.0, 0.0290643601190466)	(69.0, 0.015113467261904236)	(70.0, 0.004650297619047457)	(71.0, 0.0034877232142855926)	(72.0, 0.004650297619047457)	(73.0, 0.00813802083333305)	(74.0, 0.0034877232142855926)	(75.0, 0.0011625744047618642)	(76.0, 0.0023251488095237284)	(77.0, 0.0023251488095237284)	(78.0, 0.0023251488095237284)	(79.0, 0.0023251488095237284)	(80.0, 0.0023251488095237284)	(81.0, 0.0011625744047618642)	(82.0, 0.0)	(83.0, 0.0011625744047618642)	(84.0, 0.0011625744047618642)	(85.0, 0.0)	(86.0, 0.0)	(87.0, 0.0)	(88.0, 0.0)	(89.0, 0.0)	(90.0, 0.0)	(91.0, 0.0)	(92.0, 0.0)	(93.0, 0.0)	(94.0, 0.0)	(95.0, 0.0)	(96.0, 0.0)	(97.0, 0.0)	(98.0, 0.0)	(99.0, 0.0)	(100.0, 0.0)
SRR29920195_1	(0.0, 0.0)	(1.0, 0.0)	(2.0, 0.0)	(3.0, 0.0)	(4.0, 0.0)	(5.0, 0.0)	(6.0, 0.0)	(7.0, 0.0)	(8.0, 0.0)	(9.0, 0.0)	(10.0, 0.0)	(11.0, 0.0)	(12.0, 0.0)	(13.0, 0.0)	(14.0, 0.0)	(15.0, 0.0)	(16.0, 0.0)	(17.0, 0.0)	(18.0, 0.0)	(19.0, 0.0)	(20.0, 0.0)	(21.0, 0.0)	(22.0, 0.0)	(23.0, 0.0)	(24.0, 0.0)	(25.0, 0.0)	(26.0, 0.0009994303247150501)	(27.0, 0.0009994303247150501)	(28.0, 0.0)	(29.0, 0.0)	(30.0, 0.0)	(31.0, 0.0)	(32.0, 0.0)	(33.0, 0.0)	(34.0, 0.0)	(35.0, 0.0)	(36.0, 0.0)	(37.0, 0.0009994303247150501)	(38.0, 0.0009994303247150501)	(39.0, 0.0009994303247150501)	(40.0, 0.0009994303247150501)	(41.0, 0.0009994303247150501)	(42.0, 0.0)	(43.0, 0.0)	(44.0, 0.0039977212988602006)	(45.0, 0.0059965819482903)	(46.0, 0.020988036819016048)	(47.0, 0.1049401840950802)	(48.0, 2.0608253295624586)	(49.0, 5.105090098644153)	(50.0, 4.183615339257086)	(51.0, 4.61536923953389)	(52.0, 8.911920205484805)	(53.0, 24.40009194758445)	(54.0, 21.26088129765733)	(55.0, 7.449753640426021)	(56.0, 3.259142288895875)	(57.0, 7.271855042626661)	(58.0, 9.096814815557172)	(59.0, 1.887923883386735)	(60.0, 0.188892331371145)	(61.0, 0.06596240143119328)	(62.0, 0.023986327793161195)	(63.0, 0.013992024546010702)	(64.0, 0.013992024546010702)	(65.0, 0.006996012273005351)	(66.0, 0.011993163896580603)	(67.0, 0.004997151623575251)	(68.0, 0.0)	(69.0, 0.0019988606494301003)	(70.0, 0.007995442597720401)	(71.0, 0.006996012273005351)	(72.0, 0.004997151623575251)	(73.0, 0.0009994303247150501)	(74.0, 0.0)	(75.0, 0.0)	(76.0, 0.0)	(77.0, 0.0)	(78.0, 0.0)	(79.0, 0.0)	(80.0, 0.0)	(81.0, 0.0)	(82.0, 0.0)	(83.0, 0.0)	(84.0, 0.0)	(85.0, 0.0)	(86.0, 0.0)	(87.0, 0.0)	(88.0, 0.0)	(89.0, 0.0)	(90.0, 0.0)	(91.0, 0.0)	(92.0, 0.0)	(93.0, 0.0)	(94.0, 0.0)	(95.0, 0.0)	(96.0, 0.0)	(97.0, 0.0)	(98.0, 0.0)	(99.0, 0.0)	(100.0, 0.0)
SRR29920195_2	(0.0, 0.0)	(1.0, 0.0)	(2.0, 0.0)	(3.0, 0.0)	(4.0, 0.0)	(5.0, 0.0)	(6.0, 0.0)	(7.0, 0.0)	(8.0, 0.0)	(9.0, 0.0)	(10.0, 0.0)	(11.0, 0.0)	(12.0, 0.0)	(13.0, 0.0)	(14.0, 0.0)	(15.0, 0.0)	(16.0, 0.0)	(17.0, 0.0)	(18.0, 0.0)	(19.0, 0.0)	(20.0, 0.0)	(21.0, 0.0)	(22.0, 0.0)	(23.0, 0.0)	(24.0, 0.0)	(25.0, 0.0)	(26.0, 0.0)	(27.0, 0.0)	(28.0, 0.0)	(29.0, 0.0)	(30.0, 0.0)	(31.0, 0.0009995402115028035)	(32.0, 0.0009995402115028035)	(33.0, 0.0)	(34.0, 0.0)	(35.0, 0.0)	(36.0, 0.0)	(37.0, 0.0)	(38.0, 0.0)	(39.0, 0.0)	(40.0, 0.0)	(41.0, 0.0009995402115028035)	(42.0, 0.0029986206345084102)	(43.0, 0.001999080423005607)	(44.0, 0.0)	(45.0, 0.0029986206345084102)	(46.0, 0.0029986206345084102)	(47.0, 0.00599724126901682)	(48.0, 0.011994482538033641)	(49.0, 0.2358914899146615)	(50.0, 0.5837314835176407)	(51.0, 0.5007696459629057)	(52.0, 1.7431981288608778)	(53.0, 3.821242228575186)	(54.0, 9.617575915080996)	(55.0, 23.382244167677218)	(56.0, 19.212162405291316)	(57.0, 11.058912900068695)	(58.0, 5.632409091817854)	(59.0, 5.236591168062834)	(60.0, 9.444655458490933)	(61.0, 5.597425184415264)	(62.0, 2.535833516582691)	(63.0, 0.6816864242449182)	(64.0, 0.2718749375287619)	(65.0, 0.14993103172542074)	(66.0, 0.09595586030426899)	(67.0, 0.0489774703636374)	(68.0, 0.025988045499072885)	(69.0, 0.01899126401855326)	(70.0, 0.01099494232653084)	(71.0, 0.01099494232653084)	(72.0, 0.006996781480519623)	(73.0, 0.008995861903525231)	(74.0, 0.01099494232653084)	(75.0, 0.004997701057514017)	(76.0, 0.0029986206345084102)	(77.0, 0.0009995402115028035)	(78.0, 0.0029986206345084102)	(79.0, 0.0029986206345084102)	(80.0, 0.0009995402115028035)	(81.0, 0.0)	(82.0, 0.001999080423005607)	(83.0, 0.001999080423005607)	(84.0, 0.0009995402115028035)	(85.0, 0.0)	(86.0, 0.0)	(87.0, 0.0)	(88.0, 0.0009995402115028035)	(89.0, 0.0009995402115028035)	(90.0, 0.0)	(91.0, 0.0)	(92.0, 0.0)	(93.0, 0.0)	(94.0, 0.0)	(95.0, 0.0)	(96.0, 0.0)	(97.0, 0.0)	(98.0, 0.0)	(99.0, 0.0)	(100.0, 0.0)
SRR29920196_1	(0.0, 0.0)	(1.0, 0.0)	(2.0, 0.0)	(3.0, 0.0)	(4.0, 0.0)	(5.0, 0.0)	(6.0, 0.0)	(7.0, 0.0)	(8.0, 0.0)	(9.0, 0.0)	(10.0, 0.0)	(11.0, 0.0)	(12.0, 0.0)	(13.0, 0.0)	(14.0, 0.0)	(15.0, 0.0)	(16.0, 0.0)	(17.0, 0.0)	(18.0, 0.0)	(19.0, 0.0)	(20.0, 0.0)	(21.0, 0.0)	(22.0, 0.0)	(23.0, 0.0)	(24.0, 0.0)	(25.0, 0.0)	(26.0, 0.0)	(27.0, 0.0)	(28.0, 0.0)	(29.0, 0.0)	(30.0, 0.0)	(31.0, 0.0)	(32.0, 0.0)	(33.0, 0.0)	(34.0, 0.0010493509764211352)	(35.0, 0.0010493509764211352)	(36.0, 0.0020987019528422705)	(37.0, 0.0)	(38.0, 0.0020987019528422705)	(39.0, 0.004197403905684541)	(40.0, 0.0010493509764211352)	(41.0, 0.0)	(42.0, 0.0020987019528422705)	(43.0, 0.004197403905684541)	(44.0, 0.004197403905684541)	(45.0, 0.005246754882105675)	(46.0, 0.03567793319831861)	(47.0, 0.18783382477938368)	(48.0, 0.8174444106320727)	(49.0, 1.6831589661794721)	(50.0, 4.686401460696604)	(51.0, 7.692792008143321)	(52.0, 15.518851590292126)	(53.0, 30.821536879441354)	(54.0, 19.30386056223972)	(55.0, 6.247835713610898)	(56.0, 2.0913564960073403)	(57.0, 4.540541674974099)	(58.0, 5.015897667292765)	(59.0, 1.042005519586183)	(60.0, 0.1941299306379105)	(61.0, 0.0440727410096877)	(62.0, 0.017838966599159293)	(63.0, 0.007345456834947945)	(64.0, 0.009444158787790218)	(65.0, 0.007345456834947945)	(66.0, 0.0010493509764211352)	(67.0, 0.0010493509764211352)	(68.0, 0.0010493509764211352)	(69.0, 0.0)	(70.0, 0.0020987019528422705)	(71.0, 0.0020987019528422705)	(72.0, 0.0)	(73.0, 0.0)	(74.0, 0.0)	(75.0, 0.0)	(76.0, 0.0)	(77.0, 0.0)	(78.0, 0.0)	(79.0, 0.0)	(80.0, 0.0)	(81.0, 0.0)	(82.0, 0.0)	(83.0, 0.0)	(84.0, 0.0)	(85.0, 0.0)	(86.0, 0.0)	(87.0, 0.0)	(88.0, 0.0)	(89.0, 0.0)	(90.0, 0.0)	(91.0, 0.0)	(92.0, 0.0)	(93.0, 0.0)	(94.0, 0.0)	(95.0, 0.0)	(96.0, 0.0)	(97.0, 0.0)	(98.0, 0.0)	(99.0, 0.0)	(100.0, 0.0)
SRR29920196_2	(0.0, 0.0)	(1.0, 0.0)	(2.0, 0.0)	(3.0, 0.0)	(4.0, 0.0)	(5.0, 0.0)	(6.0, 0.0)	(7.0, 0.0)	(8.0, 0.0)	(9.0, 0.0)	(10.0, 0.0)	(11.0, 0.0)	(12.0, 0.0)	(13.0, 0.0)	(14.0, 0.0)	(15.0, 0.0)	(16.0, 0.0)	(17.0, 0.0)	(18.0, 0.0)	(19.0, 0.0)	(20.0, 0.0)	(21.0, 0.0)	(22.0, 0.0)	(23.0, 0.0)	(24.0, 0.0)	(25.0, 0.0)	(26.0, 0.0)	(27.0, 0.0)	(28.0, 0.0)	(29.0, 0.0)	(30.0, 0.0)	(31.0, 0.0)	(32.0, 0.0)	(33.0, 0.0)	(34.0, 0.0)	(35.0, 0.0)	(36.0, 0.0)	(37.0, 0.0)	(38.0, 0.0)	(39.0, 0.0)	(40.0, 0.0)	(41.0, 0.0)	(42.0, 0.00104701078421119)	(43.0, 0.0031410323526335697)	(44.0, 0.00104701078421119)	(45.0, 0.00104701078421119)	(46.0, 0.0031410323526335697)	(47.0, 0.00418804313684476)	(48.0, 0.00837608627368952)	(49.0, 0.11726520783165324)	(50.0, 0.5999371793530152)	(51.0, 1.7851533870800622)	(52.0, 4.303214323107889)	(53.0, 8.296513454089732)	(54.0, 18.170872159982718)	(55.0, 25.43503298083335)	(56.0, 13.582870903573454)	(57.0, 6.613967123861585)	(58.0, 4.615223536802753)	(59.0, 3.0290021987230973)	(60.0, 5.5020416710294295)	(61.0, 4.394304261334243)	(62.0, 2.4165008899594818)	(63.0, 0.5894670715109029)	(64.0, 0.2272013401738284)	(65.0, 0.11621819704744205)	(66.0, 0.06386765783688257)	(67.0, 0.029316301957913318)	(68.0, 0.016752172547379037)	(69.0, 0.019893204900012604)	(70.0, 0.014658150978956659)	(71.0, 0.005235053921055949)	(72.0, 0.00418804313684476)	(73.0, 0.00104701078421119)	(74.0, 0.00209402156842238)	(75.0, 0.005235053921055949)	(76.0, 0.006282064705267139)	(77.0, 0.00209402156842238)	(78.0, 0.00209402156842238)	(79.0, 0.00209402156842238)	(80.0, 0.00104701078421119)	(81.0, 0.00209402156842238)	(82.0, 0.00104701078421119)	(83.0, 0.0)	(84.0, 0.0)	(85.0, 0.00104701078421119)	(86.0, 0.00104701078421119)	(87.0, 0.0)	(88.0, 0.0)	(89.0, 0.0)	(90.0, 0.0)	(91.0, 0.0)	(92.0, 0.0)	(93.0, 0.0)	(94.0, 0.0)	(95.0, 0.0)	(96.0, 0.00104701078421119)	(97.0, 0.00104701078421119)	(98.0, 0.0)	(99.0, 0.0)	(100.0, 0.0)
SRR29920197_1	(0.0, 0.0)	(1.0, 0.0)	(2.0, 0.0)	(3.0, 0.0)	(4.0, 0.0)	(5.0, 0.0)	(6.0, 0.0)	(7.0, 0.0)	(8.0, 0.0)	(9.0, 0.0)	(10.0, 0.0)	(11.0, 0.0)	(12.0, 0.0)	(13.0, 0.0)	(14.0, 0.0)	(15.0, 0.0)	(16.0, 0.0)	(17.0, 0.0)	(18.0, 0.0)	(19.0, 0.0)	(20.0, 0.0)	(21.0, 0.0)	(22.0, 0.0)	(23.0, 0.0)	(24.0, 0.0)	(25.0, 0.0010761598312580777)	(26.0, 0.0)	(27.0, 0.0)	(28.0, 0.0010761598312580777)	(29.0, 0.0010761598312580777)	(30.0, 0.0)	(31.0, 0.0)	(32.0, 0.0)	(33.0, 0.0)	(34.0, 0.0)	(35.0, 0.0)	(36.0, 0.0010761598312580777)	(37.0, 0.0021523196625161554)	(38.0, 0.0021523196625161554)	(39.0, 0.0021523196625161554)	(40.0, 0.004304639325032311)	(41.0, 0.0021523196625161554)	(42.0, 0.0010761598312580777)	(43.0, 0.0021523196625161554)	(44.0, 0.006456958987548465)	(45.0, 0.004304639325032311)	(46.0, 0.02690399578145193)	(47.0, 0.10761598312580764)	(48.0, 0.11192062245083999)	(49.0, 0.38096058026535756)	(50.0, 2.1372534248785593)	(51.0, 4.924507387836745)	(52.0, 13.616650344910505)	(53.0, 38.565263712976886)	(54.0, 27.081562153601052)	(55.0, 5.085931362525421)	(56.0, 1.924173778289436)	(57.0, 2.4956146486875403)	(58.0, 2.5720219967068725)	(59.0, 0.6500005380798833)	(60.0, 0.17003325333877659)	(61.0, 0.06564574970674272)	(62.0, 0.015066237637613087)	(63.0, 0.008609278650064622)	(64.0, 0.004304639325032311)	(65.0, 0.005380799156290388)	(66.0, 0.010761598312580778)	(67.0, 0.004304639325032311)	(68.0, 0.0)	(69.0, 0.0)	(70.0, 0.0010761598312580777)	(71.0, 0.0010761598312580777)	(72.0, 0.0)	(73.0, 0.0)	(74.0, 0.0010761598312580777)	(75.0, 0.0010761598312580777)	(76.0, 0.0)	(77.0, 0.0)	(78.0, 0.0)	(79.0, 0.0)	(80.0, 0.0)	(81.0, 0.0)	(82.0, 0.0)	(83.0, 0.0)	(84.0, 0.0)	(85.0, 0.0)	(86.0, 0.0)	(87.0, 0.0)	(88.0, 0.0)	(89.0, 0.0)	(90.0, 0.0)	(91.0, 0.0)	(92.0, 0.0)	(93.0, 0.0)	(94.0, 0.0)	(95.0, 0.0)	(96.0, 0.0)	(97.0, 0.0)	(98.0, 0.0)	(99.0, 0.0)	(100.0, 0.0)
SRR29920197_2	(0.0, 0.0)	(1.0, 0.0)	(2.0, 0.0)	(3.0, 0.0)	(4.0, 0.0)	(5.0, 0.0)	(6.0, 0.0)	(7.0, 0.0)	(8.0, 0.0)	(9.0, 0.0)	(10.0, 0.0)	(11.0, 0.0)	(12.0, 0.0)	(13.0, 0.0)	(14.0, 0.0)	(15.0, 0.0)	(16.0, 0.0)	(17.0, 0.0)	(18.0, 0.0)	(19.0, 0.0)	(20.0, 0.0)	(21.0, 0.0)	(22.0, 0.0)	(23.0, 0.0)	(24.0, 0.0)	(25.0, 0.0)	(26.0, 0.0)	(27.0, 0.0)	(28.0, 0.0)	(29.0, 0.0)	(30.0, 0.0)	(31.0, 0.0)	(32.0, 0.0)	(33.0, 0.0)	(34.0, 0.0)	(35.0, 0.0)	(36.0, 0.0)	(37.0, 0.0)	(38.0, 0.001073185913361721)	(39.0, 0.001073185913361721)	(40.0, 0.0)	(41.0, 0.002146371826723442)	(42.0, 0.002146371826723442)	(43.0, 0.0)	(44.0, 0.0)	(45.0, 0.003219557740085164)	(46.0, 0.003219557740085164)	(47.0, 0.002146371826723442)	(48.0, 0.0053659295668086054)	(49.0, 0.03004920557412819)	(50.0, 0.15346558561072632)	(51.0, 0.6750339395045277)	(52.0, 3.58229457880151)	(53.0, 7.700108928370253)	(54.0, 16.67086997816021)	(55.0, 34.381657106374426)	(56.0, 22.608807636785208)	(57.0, 3.928933628817267)	(58.0, 1.97680845241229)	(59.0, 2.1699819168174215)	(60.0, 3.031750205246982)	(61.0, 1.7804154302670727)	(62.0, 0.7673279280536383)	(63.0, 0.23502771502621708)	(64.0, 0.10302584768272509)	(65.0, 0.07619619984868214)	(66.0, 0.03648832105429853)	(67.0, 0.017170974613787533)	(68.0, 0.011805045046978935)	(69.0, 0.010731859133617213)	(70.0, 0.006439115480170326)	(71.0, 0.002146371826723442)	(72.0, 0.004292743653446884)	(73.0, 0.0053659295668086054)	(74.0, 0.001073185913361721)	(75.0, 0.001073185913361721)	(76.0, 0.001073185913361721)	(77.0, 0.003219557740085164)	(78.0, 0.002146371826723442)	(79.0, 0.0)	(80.0, 0.001073185913361721)	(81.0, 0.0)	(82.0, 0.0)	(83.0, 0.0)	(84.0, 0.0)	(85.0, 0.0)	(86.0, 0.0)	(87.0, 0.0)	(88.0, 0.0)	(89.0, 0.0)	(90.0, 0.0)	(91.0, 0.0)	(92.0, 0.0)	(93.0, 0.0)	(94.0, 0.001073185913361721)	(95.0, 0.001073185913361721)	(96.0, 0.0)	(97.0, 0.0)	(98.0, 0.0)	(99.0, 0.0)	(100.0, 0.001609778870042582)
SRR29920198_1	(0.0, 0.0)	(1.0, 0.0)	(2.0, 0.0)	(3.0, 0.0)	(4.0, 0.0)	(5.0, 0.0)	(6.0, 0.0)	(7.0, 0.0)	(8.0, 0.0)	(9.0, 0.0)	(10.0, 0.0)	(11.0, 0.0)	(12.0, 0.0)	(13.0, 0.0)	(14.0, 0.0)	(15.0, 0.0)	(16.0, 0.0)	(17.0, 0.0)	(18.0, 0.0)	(19.0, 0.0)	(20.0, 0.0)	(21.0, 0.0)	(22.0, 0.0)	(23.0, 0.0)	(24.0, 0.0)	(25.0, 0.0)	(26.0, 0.0)	(27.0, 0.0)	(28.0, 0.0)	(29.0, 0.0)	(30.0, 0.0)	(31.0, 0.0)	(32.0, 0.0)	(33.0, 0.0)	(34.0, 0.001058089091101592)	(35.0, 0.0)	(36.0, 0.0031742672733047765)	(37.0, 0.002116178182203184)	(38.0, 0.001058089091101592)	(39.0, 0.0)	(40.0, 0.0)	(41.0, 0.002116178182203184)	(42.0, 0.002116178182203184)	(43.0, 0.0)	(44.0, 0.004232356364406368)	(45.0, 0.0031742672733047765)	(46.0, 0.028568405459742985)	(47.0, 0.12273833456778468)	(48.0, 0.5713681091948621)	(49.0, 1.7670087821396379)	(50.0, 5.5888265791982255)	(51.0, 10.08253094910811)	(52.0, 21.8558882657888)	(53.0, 28.26155962331817)	(54.0, 16.607766373929678)	(55.0, 5.831128981060435)	(56.0, 2.5415299968260916)	(57.0, 2.591260184107872)	(58.0, 3.118188551476525)	(59.0, 0.7713469474130688)	(60.0, 0.13120304729659749)	(61.0, 0.05184636546397805)	(62.0, 0.03068458364194617)	(63.0, 0.010580890911015923)	(64.0, 0.008464712728812737)	(65.0, 0.002116178182203184)	(66.0, 0.0)	(67.0, 0.001058089091101592)	(68.0, 0.0)	(69.0, 0.002116178182203184)	(70.0, 0.002116178182203184)	(71.0, 0.0)	(72.0, 0.0)	(73.0, 0.0)	(74.0, 0.001058089091101592)	(75.0, 0.0)	(76.0, 0.0)	(77.0, 0.0)	(78.0, 0.0)	(79.0, 0.0)	(80.0, 0.0)	(81.0, 0.0)	(82.0, 0.0)	(83.0, 0.0)	(84.0, 0.0)	(85.0, 0.0)	(86.0, 0.0)	(87.0, 0.0)	(88.0, 0.0)	(89.0, 0.0)	(90.0, 0.0)	(91.0, 0.0)	(92.0, 0.0)	(93.0, 0.0)	(94.0, 0.0)	(95.0, 0.0)	(96.0, 0.0)	(97.0, 0.0)	(98.0, 0.0)	(99.0, 0.0)	(100.0, 0.0)
SRR29920198_2	(0.0, 0.0)	(1.0, 0.0)	(2.0, 0.0)	(3.0, 0.0)	(4.0, 0.0)	(5.0, 0.0)	(6.0, 0.0)	(7.0, 0.0)	(8.0, 0.0)	(9.0, 0.0)	(10.0, 0.0)	(11.0, 0.0)	(12.0, 0.0)	(13.0, 0.0)	(14.0, 0.0)	(15.0, 0.0)	(16.0, 0.0)	(17.0, 0.0)	(18.0, 0.0)	(19.0, 0.0)	(20.0, 0.0)	(21.0, 0.0)	(22.0, 0.0)	(23.0, 0.0)	(24.0, 0.0)	(25.0, 0.0)	(26.0, 0.0)	(27.0, 0.0)	(28.0, 0.0)	(29.0, 0.0)	(30.0, 0.0)	(31.0, 0.0)	(32.0, 0.0)	(33.0, 0.0)	(34.0, 0.0)	(35.0, 0.0)	(36.0, 0.0)	(37.0, 0.0)	(38.0, 0.0)	(39.0, 0.0)	(40.0, 0.0)	(41.0, 0.0010578092769874124)	(42.0, 0.002115618553974825)	(43.0, 0.002115618553974825)	(44.0, 0.0010578092769874124)	(45.0, 0.0010578092769874124)	(46.0, 0.00423123710794965)	(47.0, 0.007404664938911887)	(48.0, 0.021156185539748244)	(49.0, 0.11424340191464051)	(50.0, 0.4834188395832474)	(51.0, 1.1519543026392822)	(52.0, 2.486909610197468)	(53.0, 6.188184270375842)	(54.0, 21.967525255191806)	(55.0, 31.176812820649975)	(56.0, 12.569947638443594)	(57.0, 6.229438832178342)	(58.0, 5.346168085894054)	(59.0, 3.8588882424500897)	(60.0, 4.527423705505982)	(61.0, 2.419209816470266)	(62.0, 0.7743163907547941)	(63.0, 0.30676469032634873)	(64.0, 0.13116835034643923)	(65.0, 0.07722007722008106)	(66.0, 0.045485798910458765)	(67.0, 0.037023324694559455)	(68.0, 0.014809329877823773)	(69.0, 0.0063468556619244755)	(70.0, 0.0063468556619244755)	(71.0, 0.005289046384937063)	(72.0, 0.009520283492886713)	(73.0, 0.0084624742158993)	(74.0, 0.002115618553974825)	(75.0, 0.0031734278309622378)	(76.0, 0.005289046384937063)	(77.0, 0.0)	(78.0, 0.002115618553974825)	(79.0, 0.0010578092769874124)	(80.0, 0.0010578092769874124)	(81.0, 0.0010578092769874124)	(82.0, 0.0)	(83.0, 0.0)	(84.0, 0.0010578092769874124)	(85.0, 0.0)	(86.0, 0.0)	(87.0, 0.0)	(88.0, 0.0)	(89.0, 0.0)	(90.0, 0.0)	(91.0, 0.0)	(92.0, 0.0)	(93.0, 0.0)	(94.0, 0.0)	(95.0, 0.0)	(96.0, 0.0)	(97.0, 0.0)	(98.0, 0.0)	(99.0, 0.0)	(100.0, 0.0)
SRR29920199_1	(0.0, 0.0)	(1.0, 0.0)	(2.0, 0.0)	(3.0, 0.0)	(4.0, 0.0)	(5.0, 0.0)	(6.0, 0.0)	(7.0, 0.0)	(8.0, 0.0)	(9.0, 0.0)	(10.0, 0.0)	(11.0, 0.0)	(12.0, 0.0)	(13.0, 0.0)	(14.0, 0.0)	(15.0, 0.0)	(16.0, 0.0)	(17.0, 0.0)	(18.0, 0.0)	(19.0, 0.0)	(20.0, 0.0)	(21.0, 0.0)	(22.0, 0.0)	(23.0, 0.0)	(24.0, 0.0)	(25.0, 0.0)	(26.0, 0.0)	(27.0, 0.0)	(28.0, 0.0)	(29.0, 0.0)	(30.0, 0.0)	(31.0, 0.0)	(32.0, 0.0)	(33.0, 0.0)	(34.0, 0.0)	(35.0, 0.0)	(36.0, 0.0)	(37.0, 0.0010670536514575959)	(38.0, 0.0021341073029151917)	(39.0, 0.0010670536514575959)	(40.0, 0.0021341073029151917)	(41.0, 0.0021341073029151917)	(42.0, 0.0021341073029151917)	(43.0, 0.0021341073029151917)	(44.0, 0.0042682146058303835)	(45.0, 0.006402321908745574)	(46.0, 0.02134107302915191)	(47.0, 0.05868795083016778)	(48.0, 0.07149259464765889)	(49.0, 0.6530368346920532)	(50.0, 4.5445815015577615)	(51.0, 8.367834734730693)	(52.0, 14.170472491358293)	(53.0, 33.22271543813544)	(54.0, 20.174783388104725)	(55.0, 3.4167057919673387)	(56.0, 2.197063468351216)	(57.0, 6.112083315548613)	(58.0, 5.583891758077223)	(59.0, 1.023304451747832)	(60.0, 0.18886849630799493)	(61.0, 0.08429723846514998)	(62.0, 0.043749199709761454)	(63.0, 0.011737590166033556)	(64.0, 0.009603482863118363)	(65.0, 0.0021341073029151917)	(66.0, 0.0042682146058303835)	(67.0, 0.0021341073029151917)	(68.0, 0.0021341073029151917)	(69.0, 0.0021341073029151917)	(70.0, 0.003201160954372788)	(71.0, 0.0)	(72.0, 0.0)	(73.0, 0.0)	(74.0, 0.0021341073029151917)	(75.0, 0.0010670536514575959)	(76.0, 0.0)	(77.0, 0.0)	(78.0, 0.0)	(79.0, 0.0)	(80.0, 0.0010670536514575959)	(81.0, 0.0)	(82.0, 0.0)	(83.0, 0.0)	(84.0, 0.0)	(85.0, 0.0)	(86.0, 0.0)	(87.0, 0.0)	(88.0, 0.0)	(89.0, 0.0)	(90.0, 0.0)	(91.0, 0.0)	(92.0, 0.0)	(93.0, 0.0)	(94.0, 0.0)	(95.0, 0.0)	(96.0, 0.0)	(97.0, 0.0)	(98.0, 0.0)	(99.0, 0.0)	(100.0, 0.0)
SRR29920199_2	(0.0, 0.0)	(1.0, 0.0)	(2.0, 0.0)	(3.0, 0.0)	(4.0, 0.0)	(5.0, 0.0)	(6.0, 0.0)	(7.0, 0.0)	(8.0, 0.0)	(9.0, 0.0)	(10.0, 0.0)	(11.0, 0.0)	(12.0, 0.0)	(13.0, 0.0)	(14.0, 0.0)	(15.0, 0.0)	(16.0, 0.0)	(17.0, 0.0)	(18.0, 0.0)	(19.0, 0.0)	(20.0, 0.0)	(21.0, 0.0)	(22.0, 0.0)	(23.0, 0.0)	(24.0, 0.0)	(25.0, 0.0)	(26.0, 0.0)	(27.0, 0.0)	(28.0, 0.0)	(29.0, 0.0)	(30.0, 0.0)	(31.0, 0.0)	(32.0, 0.0)	(33.0, 0.0)	(34.0, 0.001065882177384172)	(35.0, 0.0)	(36.0, 0.0)	(37.0, 0.0)	(38.0, 0.0)	(39.0, 0.0)	(40.0, 0.002131764354768344)	(41.0, 0.0)	(42.0, 0.0)	(43.0, 0.0)	(44.0, 0.001065882177384172)	(45.0, 0.001065882177384172)	(46.0, 0.001065882177384172)	(47.0, 0.001065882177384172)	(48.0, 0.006395293064305031)	(49.0, 0.02984470096675681)	(50.0, 0.45406580756565623)	(51.0, 2.240484336861561)	(52.0, 7.566697577250103)	(53.0, 9.64623370532757)	(54.0, 18.038989970047613)	(55.0, 28.20324241357931)	(56.0, 11.996503906460736)	(57.0, 3.9000628870486915)	(58.0, 2.085931421140838)	(59.0, 1.776825589699393)	(60.0, 3.8169240772127444)	(61.0, 4.93290271693372)	(62.0, 3.918182884064218)	(63.0, 0.8196633944084375)	(64.0, 0.24302113644359122)	(65.0, 0.12790586128610065)	(66.0, 0.07247998806212366)	(67.0, 0.03837175838583021)	(68.0, 0.013856468305994235)	(69.0, 0.012790586128610065)	(70.0, 0.01065882177384172)	(71.0, 0.009592939596457548)	(72.0, 0.0031976465321525162)	(73.0, 0.005329410886920859)	(74.0, 0.004263528709536688)	(75.0, 0.002131764354768344)	(76.0, 0.002131764354768344)	(77.0, 0.001065882177384172)	(78.0, 0.001065882177384172)	(79.0, 0.001065882177384172)	(80.0, 0.0031976465321525162)	(81.0, 0.004263528709536688)	(82.0, 0.001065882177384172)	(83.0, 0.0)	(84.0, 0.001065882177384172)	(85.0, 0.001065882177384172)	(86.0, 0.0)	(87.0, 0.0)	(88.0, 0.0)	(89.0, 0.0)	(90.0, 0.0)	(91.0, 0.0)	(92.0, 0.0)	(93.0, 0.0)	(94.0, 0.0)	(95.0, 0.0)	(96.0, 0.0)	(97.0, 0.0)	(98.0, 0.0)	(99.0, 0.0)	(100.0, 0.0)
SRR29920200_1	(0.0, 0.0)	(1.0, 0.0)	(2.0, 0.0)	(3.0, 0.0)	(4.0, 0.0)	(5.0, 0.0)	(6.0, 0.0)	(7.0, 0.0)	(8.0, 0.0)	(9.0, 0.0)	(10.0, 0.0)	(11.0, 0.0)	(12.0, 0.0)	(13.0, 0.0)	(14.0, 0.0)	(15.0, 0.0)	(16.0, 0.0)	(17.0, 0.0)	(18.0, 0.0)	(19.0, 0.0)	(20.0, 0.0)	(21.0, 0.0)	(22.0, 0.0)	(23.0, 0.0)	(24.0, 0.0)	(25.0, 0.0)	(26.0, 0.0)	(27.0, 0.0008085316257144637)	(28.0, 0.0)	(29.0, 0.0)	(30.0, 0.0008085316257144637)	(31.0, 0.0)	(32.0, 0.0)	(33.0, 0.0)	(34.0, 0.0008085316257144637)	(35.0, 0.0008085316257144637)	(36.0, 0.0008085316257144637)	(37.0, 0.0016170632514289273)	(38.0, 0.002425594877143391)	(39.0, 0.002425594877143391)	(40.0, 0.0)	(41.0, 0.0008085316257144637)	(42.0, 0.002425594877143391)	(43.0, 0.0032341265028578547)	(44.0, 0.0032341265028578547)	(45.0, 0.0032341265028578547)	(46.0, 0.012936506011431415)	(47.0, 0.028298606900006233)	(48.0, 0.07195931468858717)	(49.0, 0.5126090507029739)	(50.0, 3.5057931290977944)	(51.0, 6.5030198656216776)	(52.0, 14.428246860872324)	(53.0, 33.93488086288011)	(54.0, 19.87209029680286)	(55.0, 3.736224642426364)	(56.0, 2.6366216314549438)	(57.0, 6.622682546227472)	(58.0, 6.527275814393121)	(59.0, 1.2241168813316707)	(60.0, 0.20213290642861564)	(61.0, 0.07357637794001609)	(62.0, 0.02991567015143516)	(63.0, 0.015362100888574804)	(64.0, 0.013745037637145878)	(65.0, 0.0088938478828591)	(66.0, 0.004851189754286781)	(67.0, 0.002425594877143391)	(68.0, 0.0016170632514289273)	(69.0, 0.002425594877143391)	(70.0, 0.002425594877143391)	(71.0, 0.0)	(72.0, 0.0016170632514289273)	(73.0, 0.0008085316257144637)	(74.0, 0.0)	(75.0, 0.0)	(76.0, 0.0)	(77.0, 0.0)	(78.0, 0.0)	(79.0, 0.0)	(80.0, 0.0)	(81.0, 0.0)	(82.0, 0.0)	(83.0, 0.0)	(84.0, 0.0)	(85.0, 0.0)	(86.0, 0.0)	(87.0, 0.0)	(88.0, 0.0)	(89.0, 0.0)	(90.0, 0.0)	(91.0, 0.0)	(92.0, 0.0)	(93.0, 0.0)	(94.0, 0.0)	(95.0, 0.0)	(96.0, 0.0)	(97.0, 0.0)	(98.0, 0.0)	(99.0, 0.0)	(100.0, 0.0)
SRR29920200_2	(0.0, 0.0)	(1.0, 0.0)	(2.0, 0.0)	(3.0, 0.0)	(4.0, 0.0)	(5.0, 0.0)	(6.0, 0.0)	(7.0, 0.0)	(8.0, 0.0)	(9.0, 0.0)	(10.0, 0.0)	(11.0, 0.0)	(12.0, 0.0)	(13.0, 0.0)	(14.0, 0.0)	(15.0, 0.0)	(16.0, 0.0)	(17.0, 0.0)	(18.0, 0.0)	(19.0, 0.0)	(20.0, 0.0)	(21.0, 0.0)	(22.0, 0.0)	(23.0, 0.0)	(24.0, 0.0)	(25.0, 0.0)	(26.0, 0.0)	(27.0, 0.0)	(28.0, 0.0)	(29.0, 0.0)	(30.0, 0.0)	(31.0, 0.0)	(32.0, 0.0)	(33.0, 0.0)	(34.0, 0.0)	(35.0, 0.0)	(36.0, 0.0008091334989359578)	(37.0, 0.0)	(38.0, 0.0008091334989359578)	(39.0, 0.0)	(40.0, 0.0)	(41.0, 0.0)	(42.0, 0.0)	(43.0, 0.0016182669978719157)	(44.0, 0.0024274004968078736)	(45.0, 0.0032365339957438313)	(46.0, 0.004045667494679789)	(47.0, 0.006473067991487663)	(48.0, 0.004045667494679789)	(49.0, 0.03641100745211812)	(50.0, 0.353591339035013)	(51.0, 2.060053888291013)	(52.0, 8.53474014677765)	(53.0, 10.240393562535019)	(54.0, 17.322739078715017)	(55.0, 27.133482753324355)	(56.0, 10.996933384039451)	(57.0, 3.273754136694819)	(58.0, 1.916837258979332)	(59.0, 2.207316185097374)	(60.0, 5.040901698370597)	(61.0, 5.50696259375792)	(62.0, 3.9299614043317312)	(63.0, 0.8601089093689167)	(64.0, 0.24921311767227408)	(65.0, 0.1254156923350737)	(66.0, 0.07363114840317206)	(67.0, 0.03236533995743833)	(68.0, 0.022655737970206816)	(69.0, 0.012137002484039365)	(70.0, 0.008900468488295536)	(71.0, 0.008900468488295536)	(72.0, 0.0024274004968078736)	(73.0, 0.0024274004968078736)	(74.0, 0.004854800993615746)	(75.0, 0.0032365339957438313)	(76.0, 0.0024274004968078736)	(77.0, 0.0008091334989359578)	(78.0, 0.0024274004968078736)	(79.0, 0.0016182669978719157)	(80.0, 0.0)	(81.0, 0.0024274004968078736)	(82.0, 0.0024274004968078736)	(83.0, 0.0016182669978719157)	(84.0, 0.0008091334989359578)	(85.0, 0.0008091334989359578)	(86.0, 0.0008091334989359578)	(87.0, 0.0)	(88.0, 0.0)	(89.0, 0.0)	(90.0, 0.0)	(91.0, 0.0)	(92.0, 0.0)	(93.0, 0.0)	(94.0, 0.0)	(95.0, 0.0)	(96.0, 0.0)	(97.0, 0.0)	(98.0, 0.0)	(99.0, 0.0)	(100.0, 0.0)
